attribute,description,physical_type,logical_type,attribute_name,provisional_entity_assignment,static_dynamic
woy,Week of the year 2017,int,numeric,woy,Week,none
0009406fd7479715e4bef61dd91f2462,Weekly revenue from sale of attribute 0009406fd7479715e4bef61dd91f2462,float,numeric,0009406fd7479715e4bef61dd91f2462,unassigned,none
00126f27c813603687e6ce486d909d01,Weekly revenue from sale of attribute 00126f27c813603687e6ce486d909d01,float,numeric,00126f27c813603687e6ce486d909d01,Revenue,none
001795ec6f1b187d37335e1c4704762e,Weekly revenue from sale of attribute 001795ec6f1b187d37335e1c4704762e,float,numeric,001795ec6f1b187d37335e1c4704762e,unassigned,none
001b72dfd63e9833e8c02742adf472e3,Weekly revenue from sale of attribute 001b72dfd63e9833e8c02742adf472e3,float,numeric,001b72dfd63e9833e8c02742adf472e3,unassigned,none
003c0b8f6580c850bd2e32044d2ac307,Weekly revenue from sale of attribute 003c0b8f6580c850bd2e32044d2ac307,float,numeric,003c0b8f6580c850bd2e32044d2ac307,unassigned,none
007c63ae4b346920756b5adcad8095de,Weekly revenue from sale of attribute 007c63ae4b346920756b5adcad8095de,float,numeric,007c63ae4b346920756b5adcad8095de,unassigned,none
00ba6d766f0b1d7b78a5ce3e1e033263,Weekly revenue from sale of attribute 00ba6d766f0b1d7b78a5ce3e1e033263,float,numeric,00ba6d766f0b1d7b78a5ce3e1e033263,unassigned,none
00bb62ea3729537a687c3fddcd123662,Weekly revenue from sale of attribute 00bb62ea3729537a687c3fddcd123662,float,numeric,00bb62ea3729537a687c3fddcd123662,unassigned,none
00df6fc5f33cc3f7ceec4ec6337d9cd7,Weekly revenue from sale of attribute 00df6fc5f33cc3f7ceec4ec6337d9cd7,float,numeric,00df6fc5f33cc3f7ceec4ec6337d9cd7,unassigned,none
0110573bc9195aa810a4384f189f48f5,Weekly revenue from sale of attribute 0110573bc9195aa810a4384f189f48f5,float,numeric,0110573bc9195aa810a4384f189f48f5,unassigned,none
011ae9863bd5b15e528a16dd8ceb4772,Weekly revenue from sale of attribute 011ae9863bd5b15e528a16dd8ceb4772,float,numeric,011ae9863bd5b15e528a16dd8ceb4772,unassigned,none
013e6676e0e3529e5909ff54370daddf,Weekly revenue from sale of attribute 013e6676e0e3529e5909ff54370daddf,float,numeric,013e6676e0e3529e5909ff54370daddf,unassigned,none
014a8a503291921f7b004a5215bb3c36,Weekly revenue from sale of attribute 014a8a503291921f7b004a5215bb3c36,float,numeric,014a8a503291921f7b004a5215bb3c36,unassigned,none
0176bf7839ab4e611dc01cdc3ef6f4e4,Weekly revenue from sale of attribute 0176bf7839ab4e611dc01cdc3ef6f4e4,float,numeric,0176bf7839ab4e611dc01cdc3ef6f4e4,unassigned,none
017e3ffa31fcd2f8061fa66a9e486381,Weekly revenue from sale of attribute 017e3ffa31fcd2f8061fa66a9e486381,float,numeric,017e3ffa31fcd2f8061fa66a9e486381,unassigned,none
01c9a70868bec5b748c67fcc26ce5895,Weekly revenue from sale of attribute 01c9a70868bec5b748c67fcc26ce5895,float,numeric,01c9a70868bec5b748c67fcc26ce5895,unassigned,none
01da7f08d8327e0b4fab7edaa0c417a4,Weekly revenue from sale of attribute 01da7f08d8327e0b4fab7edaa0c417a4,float,numeric,01da7f08d8327e0b4fab7edaa0c417a4,unassigned,none
022ff42cced44a2b2cca57061cabb526,Weekly revenue from sale of attribute 022ff42cced44a2b2cca57061cabb526,float,numeric,022ff42cced44a2b2cca57061cabb526,unassigned,none
023a60ac6b3484afe23d788ce2444df0,Weekly revenue from sale of attribute 023a60ac6b3484afe23d788ce2444df0,float,numeric,023a60ac6b3484afe23d788ce2444df0,unassigned,none
025249b91a565601dc1b8f47ee7a230e,Weekly revenue from sale of attribute 025249b91a565601dc1b8f47ee7a230e,float,numeric,025249b91a565601dc1b8f47ee7a230e,unassigned,none
027cdd14a677a5834bc67a9789db5021,Weekly revenue from sale of attribute 027cdd14a677a5834bc67a9789db5021,float,numeric,027cdd14a677a5834bc67a9789db5021,unassigned,none
02965440ee186dd4f7f6e8f962a75c60,Weekly revenue from sale of attribute 02965440ee186dd4f7f6e8f962a75c60,float,numeric,02965440ee186dd4f7f6e8f962a75c60,unassigned,none
0296dd002a346e3bbdda4e0bc48a5073,Weekly revenue from sale of attribute 0296dd002a346e3bbdda4e0bc48a5073,float,numeric,0296dd002a346e3bbdda4e0bc48a5073,unassigned,none
02ce467092b184e71d3967d29110adc1,Weekly revenue from sale of attribute 02ce467092b184e71d3967d29110adc1,float,numeric,02ce467092b184e71d3967d29110adc1,unassigned,none
02fb2d61da1247bf732360ea76b16240,Weekly revenue from sale of attribute 02fb2d61da1247bf732360ea76b16240,float,numeric,02fb2d61da1247bf732360ea76b16240,unassigned,none
0335b2f76fdeed85180abe8c6c444aa4,Weekly revenue from sale of attribute 0335b2f76fdeed85180abe8c6c444aa4,float,numeric,0335b2f76fdeed85180abe8c6c444aa4,unassigned,none
0354c6a8cb8961e29b70e564b93861fe,Weekly revenue from sale of attribute 0354c6a8cb8961e29b70e564b93861fe,float,numeric,0354c6a8cb8961e29b70e564b93861fe,unassigned,none
0364c36f8e845e4d309c0a3accc04b1c,Weekly revenue from sale of attribute 0364c36f8e845e4d309c0a3accc04b1c,float,numeric,0364c36f8e845e4d309c0a3accc04b1c,unassigned,none
036734b5a58d5d4f46b0616ddc047ced,Weekly revenue from sale of attribute 036734b5a58d5d4f46b0616ddc047ced,float,numeric,036734b5a58d5d4f46b0616ddc047ced,unassigned,none
037a23831f142c505b119215d92eaf7e,Weekly revenue from sale of attribute 037a23831f142c505b119215d92eaf7e,float,numeric,037a23831f142c505b119215d92eaf7e,unassigned,none
03a20f79e4c056b48ce29b3e30beb0fb,Weekly revenue from sale of attribute 03a20f79e4c056b48ce29b3e30beb0fb,float,numeric,03a20f79e4c056b48ce29b3e30beb0fb,unassigned,none
03aad9707028422f38b0563410912177,Weekly revenue from sale of attribute 03aad9707028422f38b0563410912177,float,numeric,03aad9707028422f38b0563410912177,unassigned,none
03bb06cda40712fb8473f7962fb7d198,Weekly revenue from sale of attribute 03bb06cda40712fb8473f7962fb7d198,float,numeric,03bb06cda40712fb8473f7962fb7d198,unassigned,none
0432203d03868bfe5fdbb86fb2148474,Weekly revenue from sale of attribute 0432203d03868bfe5fdbb86fb2148474,float,numeric,0432203d03868bfe5fdbb86fb2148474,unassigned,none
0449db5eede617c5fd413071d582f038,Weekly revenue from sale of attribute 0449db5eede617c5fd413071d582f038,float,numeric,0449db5eede617c5fd413071d582f038,unassigned,none
045da764883d50dc071cc70c81226cbc,Weekly revenue from sale of attribute 045da764883d50dc071cc70c81226cbc,float,numeric,045da764883d50dc071cc70c81226cbc,unassigned,none
049469901143a0f4ead566611fda0544,Weekly revenue from sale of attribute 049469901143a0f4ead566611fda0544,float,numeric,049469901143a0f4ead566611fda0544,unassigned,none
04af9f3af5c6afc4eece909c25330934,Weekly revenue from sale of attribute 04af9f3af5c6afc4eece909c25330934,float,numeric,04af9f3af5c6afc4eece909c25330934,unassigned,none
04be6baed9b1c67197a4b2dd2f5b637c,Weekly revenue from sale of attribute 04be6baed9b1c67197a4b2dd2f5b637c,float,numeric,04be6baed9b1c67197a4b2dd2f5b637c,unassigned,none
04c48a5fe31aedc4ef3896c005fd483c,Weekly revenue from sale of attribute 04c48a5fe31aedc4ef3896c005fd483c,float,numeric,04c48a5fe31aedc4ef3896c005fd483c,unassigned,none
05019bc35fc2ed878c0c0f55346b91c6,Weekly revenue from sale of attribute 05019bc35fc2ed878c0c0f55346b91c6,float,numeric,05019bc35fc2ed878c0c0f55346b91c6,unassigned,none
0521fe3eb04940304b489d0fb49a37dd,Weekly revenue from sale of attribute 0521fe3eb04940304b489d0fb49a37dd,float,numeric,0521fe3eb04940304b489d0fb49a37dd,unassigned,none
053bc43c110771a8ade43dd4462c3fa0,Weekly revenue from sale of attribute 053bc43c110771a8ade43dd4462c3fa0,float,numeric,053bc43c110771a8ade43dd4462c3fa0,unassigned,none
05431e0dd637e910dd67d7ad823e8437,Weekly revenue from sale of attribute 05431e0dd637e910dd67d7ad823e8437,float,numeric,05431e0dd637e910dd67d7ad823e8437,unassigned,none
0554df77f3ed2e36e06c60eb65dc357a,Weekly revenue from sale of attribute 0554df77f3ed2e36e06c60eb65dc357a,float,numeric,0554df77f3ed2e36e06c60eb65dc357a,unassigned,none
056063b2634974ef86ccb7da2d3d0dbf,Weekly revenue from sale of attribute 056063b2634974ef86ccb7da2d3d0dbf,float,numeric,056063b2634974ef86ccb7da2d3d0dbf,unassigned,none
056193fc88b3f131fae751356896b168,Weekly revenue from sale of attribute 056193fc88b3f131fae751356896b168,float,numeric,056193fc88b3f131fae751356896b168,unassigned,none
05696da7eee323669666f62228d00f78,Weekly revenue from sale of attribute 05696da7eee323669666f62228d00f78,float,numeric,05696da7eee323669666f62228d00f78,unassigned,none
05928363cd16fb2d20ccad40992105aa,Weekly revenue from sale of attribute 05928363cd16fb2d20ccad40992105aa,float,numeric,05928363cd16fb2d20ccad40992105aa,unassigned,none
059dce566827cd3b3274f2b986d5c0db,Weekly revenue from sale of attribute 059dce566827cd3b3274f2b986d5c0db,float,numeric,059dce566827cd3b3274f2b986d5c0db,unassigned,none
05d80513da078badb81a5f232e489376,Weekly revenue from sale of attribute 05d80513da078badb81a5f232e489376,float,numeric,05d80513da078badb81a5f232e489376,unassigned,none
060cb19345d90064d1015407193c233d,Weekly revenue from sale of attribute 060cb19345d90064d1015407193c233d,float,numeric,060cb19345d90064d1015407193c233d,unassigned,none
060ed45e8d50384910a47c9224931f56,Weekly revenue from sale of attribute 060ed45e8d50384910a47c9224931f56,float,numeric,060ed45e8d50384910a47c9224931f56,unassigned,none
067a7177d086c25f597516184a07f05a,Weekly revenue from sale of attribute 067a7177d086c25f597516184a07f05a,float,numeric,067a7177d086c25f597516184a07f05a,unassigned,none
06976617d8c5e71de4f3c2d93e788fd5,Weekly revenue from sale of attribute 06976617d8c5e71de4f3c2d93e788fd5,float,numeric,06976617d8c5e71de4f3c2d93e788fd5,unassigned,none
06abf4be826ed1d548e8a22a3d75d912,Weekly revenue from sale of attribute 06abf4be826ed1d548e8a22a3d75d912,float,numeric,06abf4be826ed1d548e8a22a3d75d912,unassigned,none
06ad93d66e91d09df5ce746906d9658b,Weekly revenue from sale of attribute 06ad93d66e91d09df5ce746906d9658b,float,numeric,06ad93d66e91d09df5ce746906d9658b,unassigned,none
06c6e01186af8b98ee1fc9e01f9471e9,Weekly revenue from sale of attribute 06c6e01186af8b98ee1fc9e01f9471e9,float,numeric,06c6e01186af8b98ee1fc9e01f9471e9,unassigned,none
06c950c36d589b39b34f5dc1d4a75e29,Weekly revenue from sale of attribute 06c950c36d589b39b34f5dc1d4a75e29,float,numeric,06c950c36d589b39b34f5dc1d4a75e29,unassigned,none
06edb72f1e0c64b14c5b79353f7abea3,Weekly revenue from sale of attribute 06edb72f1e0c64b14c5b79353f7abea3,float,numeric,06edb72f1e0c64b14c5b79353f7abea3,unassigned,none
06f0e85c7892d5df893f332706340af1,Weekly revenue from sale of attribute 06f0e85c7892d5df893f332706340af1,float,numeric,06f0e85c7892d5df893f332706340af1,unassigned,none
06f4fde9ce07b3d2bfab78494343c5da,Weekly revenue from sale of attribute 06f4fde9ce07b3d2bfab78494343c5da,float,numeric,06f4fde9ce07b3d2bfab78494343c5da,unassigned,none
071b82cad6de748755bb587ff3feec2e,Weekly revenue from sale of attribute 071b82cad6de748755bb587ff3feec2e,float,numeric,071b82cad6de748755bb587ff3feec2e,unassigned,none
071f9a2b7591f2e8a2a59a50ecc5a297,Weekly revenue from sale of attribute 071f9a2b7591f2e8a2a59a50ecc5a297,float,numeric,071f9a2b7591f2e8a2a59a50ecc5a297,unassigned,none
073ec95c6cd3b2db5d9dc430dcb524a6,Weekly revenue from sale of attribute 073ec95c6cd3b2db5d9dc430dcb524a6,float,numeric,073ec95c6cd3b2db5d9dc430dcb524a6,unassigned,none
076e4ce53c8914382e7ff3732511b17e,Weekly revenue from sale of attribute 076e4ce53c8914382e7ff3732511b17e,float,numeric,076e4ce53c8914382e7ff3732511b17e,unassigned,none
077599a82ee54960bc4f4c941b0d1359,Weekly revenue from sale of attribute 077599a82ee54960bc4f4c941b0d1359,float,numeric,077599a82ee54960bc4f4c941b0d1359,unassigned,none
078482c5821678267aeb55b8edcdcb29,Weekly revenue from sale of attribute 078482c5821678267aeb55b8edcdcb29,float,numeric,078482c5821678267aeb55b8edcdcb29,unassigned,none
07b6a220c2eaa7e458c5df73daec6e6e,Weekly revenue from sale of attribute 07b6a220c2eaa7e458c5df73daec6e6e,float,numeric,07b6a220c2eaa7e458c5df73daec6e6e,unassigned,none
07c055536ebf10dfbb6c6db6dbfc36e5,Weekly revenue from sale of attribute 07c055536ebf10dfbb6c6db6dbfc36e5,float,numeric,07c055536ebf10dfbb6c6db6dbfc36e5,unassigned,none
07ecfc5bd0d3ca496facedede13afb80,Weekly revenue from sale of attribute 07ecfc5bd0d3ca496facedede13afb80,float,numeric,07ecfc5bd0d3ca496facedede13afb80,unassigned,none
07f381c65e8e66460c07781b9b1b8834,Weekly revenue from sale of attribute 07f381c65e8e66460c07781b9b1b8834,float,numeric,07f381c65e8e66460c07781b9b1b8834,unassigned,none
081088b5ca67de215fa103434690cedc,Weekly revenue from sale of attribute 081088b5ca67de215fa103434690cedc,float,numeric,081088b5ca67de215fa103434690cedc,unassigned,none
081d21aa3dc9b583104a15fc4dfd1160,Weekly revenue from sale of attribute 081d21aa3dc9b583104a15fc4dfd1160,float,numeric,081d21aa3dc9b583104a15fc4dfd1160,unassigned,none
083d6108def7421be9778dd0ecd11fa6,Weekly revenue from sale of attribute 083d6108def7421be9778dd0ecd11fa6,float,numeric,083d6108def7421be9778dd0ecd11fa6,unassigned,none
083ffd30820b592e294de7ed668ff975,Weekly revenue from sale of attribute 083ffd30820b592e294de7ed668ff975,float,numeric,083ffd30820b592e294de7ed668ff975,unassigned,none
084461b396a7e044af9229534fa03b51,Weekly revenue from sale of attribute 084461b396a7e044af9229534fa03b51,float,numeric,084461b396a7e044af9229534fa03b51,unassigned,none
08574b074924071f4e201e151b152b4e,Weekly revenue from sale of attribute 08574b074924071f4e201e151b152b4e,float,numeric,08574b074924071f4e201e151b152b4e,unassigned,none
086351823300e0339f6955b27998c186,Weekly revenue from sale of attribute 086351823300e0339f6955b27998c186,float,numeric,086351823300e0339f6955b27998c186,unassigned,none
08857690e7a14a21b4441f8ee2bcaa14,Weekly revenue from sale of attribute 08857690e7a14a21b4441f8ee2bcaa14,float,numeric,08857690e7a14a21b4441f8ee2bcaa14,unassigned,none
089cc17c8bf2226d13648392e33dabd7,Weekly revenue from sale of attribute 089cc17c8bf2226d13648392e33dabd7,float,numeric,089cc17c8bf2226d13648392e33dabd7,unassigned,none
08a02dac474e64a14808f8078407eff2,Weekly revenue from sale of attribute 08a02dac474e64a14808f8078407eff2,float,numeric,08a02dac474e64a14808f8078407eff2,unassigned,none
08a7edee09bde7cfc9504bc369e64cb1,Weekly revenue from sale of attribute 08a7edee09bde7cfc9504bc369e64cb1,float,numeric,08a7edee09bde7cfc9504bc369e64cb1,unassigned,none
08d94d42353229701a47e7cd5362b450,Weekly revenue from sale of attribute 08d94d42353229701a47e7cd5362b450,float,numeric,08d94d42353229701a47e7cd5362b450,unassigned,none
094db48c531e5ce423c4b908ea96535c,Weekly revenue from sale of attribute 094db48c531e5ce423c4b908ea96535c,float,numeric,094db48c531e5ce423c4b908ea96535c,unassigned,none
095cb863f2b04911455ad33f5177062e,Weekly revenue from sale of attribute 095cb863f2b04911455ad33f5177062e,float,numeric,095cb863f2b04911455ad33f5177062e,unassigned,none
096e14458100c2b6d10f72d69f80cf34,Weekly revenue from sale of attribute 096e14458100c2b6d10f72d69f80cf34,float,numeric,096e14458100c2b6d10f72d69f80cf34,unassigned,none
0992c6cba95a13bfa68ea7d5e22d478b,Weekly revenue from sale of attribute 0992c6cba95a13bfa68ea7d5e22d478b,float,numeric,0992c6cba95a13bfa68ea7d5e22d478b,unassigned,none
09dbbe2c4f26cad4d560aea043f9632c,Weekly revenue from sale of attribute 09dbbe2c4f26cad4d560aea043f9632c,float,numeric,09dbbe2c4f26cad4d560aea043f9632c,unassigned,none
0a27be3536127164b11173c57f14a2da,Weekly revenue from sale of attribute 0a27be3536127164b11173c57f14a2da,float,numeric,0a27be3536127164b11173c57f14a2da,unassigned,none
0a27cbaaeacef635e4aa37885a1e5e93,Weekly revenue from sale of attribute 0a27cbaaeacef635e4aa37885a1e5e93,float,numeric,0a27cbaaeacef635e4aa37885a1e5e93,unassigned,none
0a37e05528984f47c754837344732fbb,Weekly revenue from sale of attribute 0a37e05528984f47c754837344732fbb,float,numeric,0a37e05528984f47c754837344732fbb,unassigned,none
0a45c6bb3a03e8c13228d4200cb964c2,Weekly revenue from sale of attribute 0a45c6bb3a03e8c13228d4200cb964c2,float,numeric,0a45c6bb3a03e8c13228d4200cb964c2,unassigned,none
0a57f7d2c983bcf8188589a5fea4a8da,Weekly revenue from sale of attribute 0a57f7d2c983bcf8188589a5fea4a8da,float,numeric,0a57f7d2c983bcf8188589a5fea4a8da,unassigned,none
0a74b9407eaec9d6c760a1e92c10d96c,Weekly revenue from sale of attribute 0a74b9407eaec9d6c760a1e92c10d96c,float,numeric,0a74b9407eaec9d6c760a1e92c10d96c,unassigned,none
0a783d7ce18a37749c3a059cf829564b,Weekly revenue from sale of attribute 0a783d7ce18a37749c3a059cf829564b,float,numeric,0a783d7ce18a37749c3a059cf829564b,unassigned,none
0a790f2710eab03be4f7793583779874,Weekly revenue from sale of attribute 0a790f2710eab03be4f7793583779874,float,numeric,0a790f2710eab03be4f7793583779874,unassigned,none
0a80f03007af9e2c5ac5065d6742e1b2,Weekly revenue from sale of attribute 0a80f03007af9e2c5ac5065d6742e1b2,float,numeric,0a80f03007af9e2c5ac5065d6742e1b2,unassigned,none
0a997c3c894c98d4e3def0e83124c9ba,Weekly revenue from sale of attribute 0a997c3c894c98d4e3def0e83124c9ba,float,numeric,0a997c3c894c98d4e3def0e83124c9ba,unassigned,none
0aabfb375647d9738ad0f7b4ea3653b1,Weekly revenue from sale of attribute 0aabfb375647d9738ad0f7b4ea3653b1,float,numeric,0aabfb375647d9738ad0f7b4ea3653b1,unassigned,none
0ab20af8197d84bc8831765be67b4cc6,Weekly revenue from sale of attribute 0ab20af8197d84bc8831765be67b4cc6,float,numeric,0ab20af8197d84bc8831765be67b4cc6,unassigned,none
0ac092fcd35bffaeb624017d498172d1,Weekly revenue from sale of attribute 0ac092fcd35bffaeb624017d498172d1,float,numeric,0ac092fcd35bffaeb624017d498172d1,unassigned,none
0b5c0e5478b0b0746d05377b732a13f3,Weekly revenue from sale of attribute 0b5c0e5478b0b0746d05377b732a13f3,float,numeric,0b5c0e5478b0b0746d05377b732a13f3,unassigned,none
0b6a32b32a7dc68b12e8a0e0805c44d5,Weekly revenue from sale of attribute 0b6a32b32a7dc68b12e8a0e0805c44d5,float,numeric,0b6a32b32a7dc68b12e8a0e0805c44d5,unassigned,none
0bb7cb61f1957f79dac582ab66ccdc1f,Weekly revenue from sale of attribute 0bb7cb61f1957f79dac582ab66ccdc1f,float,numeric,0bb7cb61f1957f79dac582ab66ccdc1f,unassigned,none
0bcc3eeca39e1064258aa1e932269894,Weekly revenue from sale of attribute 0bcc3eeca39e1064258aa1e932269894,float,numeric,0bcc3eeca39e1064258aa1e932269894,unassigned,none
0c2ec8ad337c82681af769354356e4c2,Weekly revenue from sale of attribute 0c2ec8ad337c82681af769354356e4c2,float,numeric,0c2ec8ad337c82681af769354356e4c2,unassigned,none
0c3305267c17b542aecbc2385f5f0794,Weekly revenue from sale of attribute 0c3305267c17b542aecbc2385f5f0794,float,numeric,0c3305267c17b542aecbc2385f5f0794,unassigned,none
0c4e43e25f781898363a83f9a7390ebb,Weekly revenue from sale of attribute 0c4e43e25f781898363a83f9a7390ebb,float,numeric,0c4e43e25f781898363a83f9a7390ebb,unassigned,none
0c6fc9b9317a68d1cda098c063914b72,Weekly revenue from sale of attribute 0c6fc9b9317a68d1cda098c063914b72,float,numeric,0c6fc9b9317a68d1cda098c063914b72,unassigned,none
0c9ff9d8ed9b9bdd825487b3a66e05f5,Weekly revenue from sale of attribute 0c9ff9d8ed9b9bdd825487b3a66e05f5,float,numeric,0c9ff9d8ed9b9bdd825487b3a66e05f5,unassigned,none
0cb3a271c0da633b811ac57f0c63d48d,Weekly revenue from sale of attribute 0cb3a271c0da633b811ac57f0c63d48d,float,numeric,0cb3a271c0da633b811ac57f0c63d48d,unassigned,none
0cb9f521598f339ad6e6b41e34a1b169,Weekly revenue from sale of attribute 0cb9f521598f339ad6e6b41e34a1b169,float,numeric,0cb9f521598f339ad6e6b41e34a1b169,unassigned,none
0cc13a424dc207f8c4d3b26ea1cd384c,Weekly revenue from sale of attribute 0cc13a424dc207f8c4d3b26ea1cd384c,float,numeric,0cc13a424dc207f8c4d3b26ea1cd384c,unassigned,none
0cf13ac73dbcf6586ba63b89dd1f780a,Weekly revenue from sale of attribute 0cf13ac73dbcf6586ba63b89dd1f780a,float,numeric,0cf13ac73dbcf6586ba63b89dd1f780a,unassigned,none
0cf573090c66bb30ac5e53c82bdb0403,Weekly revenue from sale of attribute 0cf573090c66bb30ac5e53c82bdb0403,float,numeric,0cf573090c66bb30ac5e53c82bdb0403,unassigned,none
0d009643171aee696f4733340bc2fdd0,Weekly revenue from sale of attribute 0d009643171aee696f4733340bc2fdd0,float,numeric,0d009643171aee696f4733340bc2fdd0,unassigned,none
0d070bdf0c723fab163131a8bed98356,Weekly revenue from sale of attribute 0d070bdf0c723fab163131a8bed98356,float,numeric,0d070bdf0c723fab163131a8bed98356,unassigned,none
0d5837a2580f92e18e2d1b5f7fa70c2d,Weekly revenue from sale of attribute 0d5837a2580f92e18e2d1b5f7fa70c2d,float,numeric,0d5837a2580f92e18e2d1b5f7fa70c2d,unassigned,none
0d735ec0b40c02b6f7175205fb0e2de5,Weekly revenue from sale of attribute 0d735ec0b40c02b6f7175205fb0e2de5,float,numeric,0d735ec0b40c02b6f7175205fb0e2de5,unassigned,none
0db4869ac8a908414823d44d742f5ba3,Weekly revenue from sale of attribute 0db4869ac8a908414823d44d742f5ba3,float,numeric,0db4869ac8a908414823d44d742f5ba3,unassigned,none
0dbda89985ac97cc36d9239d67a1172b,Weekly revenue from sale of attribute 0dbda89985ac97cc36d9239d67a1172b,float,numeric,0dbda89985ac97cc36d9239d67a1172b,unassigned,none
0dc7ffb1ae1ce3ad090cd7c467d09230,Weekly revenue from sale of attribute 0dc7ffb1ae1ce3ad090cd7c467d09230,float,numeric,0dc7ffb1ae1ce3ad090cd7c467d09230,unassigned,none
0dcbc0d012d42719216ea7dff6b90a6f,Weekly revenue from sale of attribute 0dcbc0d012d42719216ea7dff6b90a6f,float,numeric,0dcbc0d012d42719216ea7dff6b90a6f,unassigned,none
0dcd34a72eb2310d44b1e823a4ecc7b7,Weekly revenue from sale of attribute 0dcd34a72eb2310d44b1e823a4ecc7b7,float,numeric,0dcd34a72eb2310d44b1e823a4ecc7b7,unassigned,none
0de1e69dff6f40f9f71be7034a8bb8d2,Weekly revenue from sale of attribute 0de1e69dff6f40f9f71be7034a8bb8d2,float,numeric,0de1e69dff6f40f9f71be7034a8bb8d2,unassigned,none
0df2a7a1ee25a81b032358dbb083319b,Weekly revenue from sale of attribute 0df2a7a1ee25a81b032358dbb083319b,float,numeric,0df2a7a1ee25a81b032358dbb083319b,unassigned,none
0df37da38a30a713453b03053d60d3f7,Weekly revenue from sale of attribute 0df37da38a30a713453b03053d60d3f7,float,numeric,0df37da38a30a713453b03053d60d3f7,unassigned,none
0e089f539eaa543b2d6e4b4b4e128a3b,Weekly revenue from sale of attribute 0e089f539eaa543b2d6e4b4b4e128a3b,float,numeric,0e089f539eaa543b2d6e4b4b4e128a3b,unassigned,none
0e20a07ca1714df21f9b07ca3bf7c682,Weekly revenue from sale of attribute 0e20a07ca1714df21f9b07ca3bf7c682,float,numeric,0e20a07ca1714df21f9b07ca3bf7c682,unassigned,none
0e2d52789a024cfd6f9204778320a8e5,Weekly revenue from sale of attribute 0e2d52789a024cfd6f9204778320a8e5,float,numeric,0e2d52789a024cfd6f9204778320a8e5,unassigned,none
0e52955ca8143bd179b311cc454a6caa,Weekly revenue from sale of attribute 0e52955ca8143bd179b311cc454a6caa,float,numeric,0e52955ca8143bd179b311cc454a6caa,unassigned,none
0e54696a1223698bef52eeff59a10098,Weekly revenue from sale of attribute 0e54696a1223698bef52eeff59a10098,float,numeric,0e54696a1223698bef52eeff59a10098,unassigned,none
0e621085968d9a9585ed3c2c204825e2,Weekly revenue from sale of attribute 0e621085968d9a9585ed3c2c204825e2,float,numeric,0e621085968d9a9585ed3c2c204825e2,unassigned,none
0e687d00ba3214b4aca6397a14d49373,Weekly revenue from sale of attribute 0e687d00ba3214b4aca6397a14d49373,float,numeric,0e687d00ba3214b4aca6397a14d49373,unassigned,none
0e87ff05afa3ddd73b7920ff4587e0a4,Weekly revenue from sale of attribute 0e87ff05afa3ddd73b7920ff4587e0a4,float,numeric,0e87ff05afa3ddd73b7920ff4587e0a4,unassigned,none
0e9923b15d37f33cac70de6648429148,Weekly revenue from sale of attribute 0e9923b15d37f33cac70de6648429148,float,numeric,0e9923b15d37f33cac70de6648429148,unassigned,none
0eb5d1d033dcdd7b9b11658ce84ee8e9,Weekly revenue from sale of attribute 0eb5d1d033dcdd7b9b11658ce84ee8e9,float,numeric,0eb5d1d033dcdd7b9b11658ce84ee8e9,unassigned,none
0ec09d10ef472b982d230612dbd5bd16,Weekly revenue from sale of attribute 0ec09d10ef472b982d230612dbd5bd16,float,numeric,0ec09d10ef472b982d230612dbd5bd16,unassigned,none
0ec5f6f08cf32bc916d0ae089696a44a,Weekly revenue from sale of attribute 0ec5f6f08cf32bc916d0ae089696a44a,float,numeric,0ec5f6f08cf32bc916d0ae089696a44a,unassigned,none
0ed9a84687fad2d921b09b0ebcc4cded,Weekly revenue from sale of attribute 0ed9a84687fad2d921b09b0ebcc4cded,float,numeric,0ed9a84687fad2d921b09b0ebcc4cded,unassigned,none
0eda6e310c91549299a2f97d0354f7fb,Weekly revenue from sale of attribute 0eda6e310c91549299a2f97d0354f7fb,float,numeric,0eda6e310c91549299a2f97d0354f7fb,unassigned,none
0efb0a47500c44e05a5930cae12307d4,Weekly revenue from sale of attribute 0efb0a47500c44e05a5930cae12307d4,float,numeric,0efb0a47500c44e05a5930cae12307d4,unassigned,none
0efc91aa52d1f0669126d3000a94279b,Weekly revenue from sale of attribute 0efc91aa52d1f0669126d3000a94279b,float,numeric,0efc91aa52d1f0669126d3000a94279b,unassigned,none
0f0c4960b05d6145bbb4b348423503ef,Weekly revenue from sale of attribute 0f0c4960b05d6145bbb4b348423503ef,float,numeric,0f0c4960b05d6145bbb4b348423503ef,unassigned,none
0f18dd94b11fed8cecd947decde9d3b1,Weekly revenue from sale of attribute 0f18dd94b11fed8cecd947decde9d3b1,float,numeric,0f18dd94b11fed8cecd947decde9d3b1,unassigned,none
0f2720a22895fc23480cb778e022a50d,Weekly revenue from sale of attribute 0f2720a22895fc23480cb778e022a50d,float,numeric,0f2720a22895fc23480cb778e022a50d,unassigned,none
0f3777229e40207d248acfd6e1f716b6,Weekly revenue from sale of attribute 0f3777229e40207d248acfd6e1f716b6,float,numeric,0f3777229e40207d248acfd6e1f716b6,unassigned,none
0f3de29f8370072525a20385ebbe889a,Weekly revenue from sale of attribute 0f3de29f8370072525a20385ebbe889a,float,numeric,0f3de29f8370072525a20385ebbe889a,unassigned,none
0f67b4ef3dcb82c257f9f14b6f694ccd,Weekly revenue from sale of attribute 0f67b4ef3dcb82c257f9f14b6f694ccd,float,numeric,0f67b4ef3dcb82c257f9f14b6f694ccd,unassigned,none
0fa81e7123fd0ebe03adbbe99d912827,Weekly revenue from sale of attribute 0fa81e7123fd0ebe03adbbe99d912827,float,numeric,0fa81e7123fd0ebe03adbbe99d912827,unassigned,none
0fd34234ad17b2324b58696fb78e6c2e,Weekly revenue from sale of attribute 0fd34234ad17b2324b58696fb78e6c2e,float,numeric,0fd34234ad17b2324b58696fb78e6c2e,unassigned,none
0ff5724c5f19f85ca8e95529a6340c3e,Weekly revenue from sale of attribute 0ff5724c5f19f85ca8e95529a6340c3e,float,numeric,0ff5724c5f19f85ca8e95529a6340c3e,unassigned,none
1015bdc42b2ec0548e728cdc0ad72380,Weekly revenue from sale of attribute 1015bdc42b2ec0548e728cdc0ad72380,float,numeric,1015bdc42b2ec0548e728cdc0ad72380,unassigned,none
1020d163f03db957860905e9bfdfd414,Weekly revenue from sale of attribute 1020d163f03db957860905e9bfdfd414,float,numeric,1020d163f03db957860905e9bfdfd414,unassigned,none
102977ffbec43473f129d2e77b019475,Weekly revenue from sale of attribute 102977ffbec43473f129d2e77b019475,float,numeric,102977ffbec43473f129d2e77b019475,unassigned,none
10558db20f88e2b71f8dff4614f9e3bf,Weekly revenue from sale of attribute 10558db20f88e2b71f8dff4614f9e3bf,float,numeric,10558db20f88e2b71f8dff4614f9e3bf,unassigned,none
10714d6a49c0af9ccdab2d806887c5f5,Weekly revenue from sale of attribute 10714d6a49c0af9ccdab2d806887c5f5,float,numeric,10714d6a49c0af9ccdab2d806887c5f5,unassigned,none
10853770629fe365086f9522cb540549,Weekly revenue from sale of attribute 10853770629fe365086f9522cb540549,float,numeric,10853770629fe365086f9522cb540549,unassigned,none
10c4eaf55e7f131da4a031ab54b62274,Weekly revenue from sale of attribute 10c4eaf55e7f131da4a031ab54b62274,float,numeric,10c4eaf55e7f131da4a031ab54b62274,unassigned,none
10d13c18c631962fdc16cf4bbe67c730,Weekly revenue from sale of attribute 10d13c18c631962fdc16cf4bbe67c730,float,numeric,10d13c18c631962fdc16cf4bbe67c730,unassigned,none
10dfb99fdae9b721c39b7458564397f6,Weekly revenue from sale of attribute 10dfb99fdae9b721c39b7458564397f6,float,numeric,10dfb99fdae9b721c39b7458564397f6,unassigned,none
11250b0d4b709fee92441c5f34122aed,Weekly revenue from sale of attribute 11250b0d4b709fee92441c5f34122aed,float,numeric,11250b0d4b709fee92441c5f34122aed,unassigned,none
1139f00effbb6523b59f6e6ebddc6d44,Weekly revenue from sale of attribute 1139f00effbb6523b59f6e6ebddc6d44,float,numeric,1139f00effbb6523b59f6e6ebddc6d44,unassigned,none
11875b30b49585209e608f40e8082e65,Weekly revenue from sale of attribute 11875b30b49585209e608f40e8082e65,float,numeric,11875b30b49585209e608f40e8082e65,unassigned,none
11bbef4e2a44601d9dd471aa1fb433e6,Weekly revenue from sale of attribute 11bbef4e2a44601d9dd471aa1fb433e6,float,numeric,11bbef4e2a44601d9dd471aa1fb433e6,unassigned,none
11c3ff6555092bf425ea842a023a7809,Weekly revenue from sale of attribute 11c3ff6555092bf425ea842a023a7809,float,numeric,11c3ff6555092bf425ea842a023a7809,unassigned,none
11d5f8f3c96fff33d7e8bcbb54c8c79e,Weekly revenue from sale of attribute 11d5f8f3c96fff33d7e8bcbb54c8c79e,float,numeric,11d5f8f3c96fff33d7e8bcbb54c8c79e,unassigned,none
11dc4053871ff53ff79fb1fc7e6b160f,Weekly revenue from sale of attribute 11dc4053871ff53ff79fb1fc7e6b160f,float,numeric,11dc4053871ff53ff79fb1fc7e6b160f,unassigned,none
11dcc970f7a5581e1bf777b6da3f7096,Weekly revenue from sale of attribute 11dcc970f7a5581e1bf777b6da3f7096,float,numeric,11dcc970f7a5581e1bf777b6da3f7096,unassigned,none
11fd9d7ba552e1d28872e008acf1e050,Weekly revenue from sale of attribute 11fd9d7ba552e1d28872e008acf1e050,float,numeric,11fd9d7ba552e1d28872e008acf1e050,unassigned,none
12087840651e83b48206b82c213b76fd,Weekly revenue from sale of attribute 12087840651e83b48206b82c213b76fd,float,numeric,12087840651e83b48206b82c213b76fd,unassigned,none
121b9686b9929855d823981fc655a6fe,Weekly revenue from sale of attribute 121b9686b9929855d823981fc655a6fe,float,numeric,121b9686b9929855d823981fc655a6fe,unassigned,none
122bedead6e7541d311e6e0ab3cf248f,Weekly revenue from sale of attribute 122bedead6e7541d311e6e0ab3cf248f,float,numeric,122bedead6e7541d311e6e0ab3cf248f,unassigned,none
12485f9cdebb6ca179826ede539554ad,Weekly revenue from sale of attribute 12485f9cdebb6ca179826ede539554ad,float,numeric,12485f9cdebb6ca179826ede539554ad,unassigned,none
12595985a0207bedf6e09ef07e1f98a3,Weekly revenue from sale of attribute 12595985a0207bedf6e09ef07e1f98a3,float,numeric,12595985a0207bedf6e09ef07e1f98a3,unassigned,none
1261bcae25b0000829246aa58e284a2f,Weekly revenue from sale of attribute 1261bcae25b0000829246aa58e284a2f,float,numeric,1261bcae25b0000829246aa58e284a2f,unassigned,none
127b372f0c2ee673b04d38f8a6325a2b,Weekly revenue from sale of attribute 127b372f0c2ee673b04d38f8a6325a2b,float,numeric,127b372f0c2ee673b04d38f8a6325a2b,unassigned,none
12827caf723c4ff8030d64dcffe3cdab,Weekly revenue from sale of attribute 12827caf723c4ff8030d64dcffe3cdab,float,numeric,12827caf723c4ff8030d64dcffe3cdab,unassigned,none
1285c1d5b4365dcc8b7b0c34bca67242,Weekly revenue from sale of attribute 1285c1d5b4365dcc8b7b0c34bca67242,float,numeric,1285c1d5b4365dcc8b7b0c34bca67242,unassigned,none
12b5c284044adc0687a6ffbe84d317e2,Weekly revenue from sale of attribute 12b5c284044adc0687a6ffbe84d317e2,float,numeric,12b5c284044adc0687a6ffbe84d317e2,unassigned,none
12cabe5229bf1f037e257f645f04caa4,Weekly revenue from sale of attribute 12cabe5229bf1f037e257f645f04caa4,float,numeric,12cabe5229bf1f037e257f645f04caa4,unassigned,none
12f749c76f15e9bf5743bebda92da24a,Weekly revenue from sale of attribute 12f749c76f15e9bf5743bebda92da24a,float,numeric,12f749c76f15e9bf5743bebda92da24a,unassigned,none
130482add9fd75ccb6c57ba007694a2d,Weekly revenue from sale of attribute 130482add9fd75ccb6c57ba007694a2d,float,numeric,130482add9fd75ccb6c57ba007694a2d,unassigned,none
1347d4320dcd0acd750e37bb3d94a918,Weekly revenue from sale of attribute 1347d4320dcd0acd750e37bb3d94a918,float,numeric,1347d4320dcd0acd750e37bb3d94a918,unassigned,none
1377fd796465e86c4306ad7afc6a6dfe,Weekly revenue from sale of attribute 1377fd796465e86c4306ad7afc6a6dfe,float,numeric,1377fd796465e86c4306ad7afc6a6dfe,unassigned,none
13c9de60531ce1458551f0632a6c6d56,Weekly revenue from sale of attribute 13c9de60531ce1458551f0632a6c6d56,float,numeric,13c9de60531ce1458551f0632a6c6d56,unassigned,none
14081f2d6a3ce46cfa9d852c9b1b92ba,Weekly revenue from sale of attribute 14081f2d6a3ce46cfa9d852c9b1b92ba,float,numeric,14081f2d6a3ce46cfa9d852c9b1b92ba,unassigned,none
144266e1585320d057797a369596bb8b,Weekly revenue from sale of attribute 144266e1585320d057797a369596bb8b,float,numeric,144266e1585320d057797a369596bb8b,unassigned,none
14555ba663de8689feacf1d0819cc3b3,Weekly revenue from sale of attribute 14555ba663de8689feacf1d0819cc3b3,float,numeric,14555ba663de8689feacf1d0819cc3b3,unassigned,none
1491a8ff192d4b5c369b0eaa2fe33ee5,Weekly revenue from sale of attribute 1491a8ff192d4b5c369b0eaa2fe33ee5,float,numeric,1491a8ff192d4b5c369b0eaa2fe33ee5,unassigned,none
149ab38a09937b9195cbcaa295cf4a44,Weekly revenue from sale of attribute 149ab38a09937b9195cbcaa295cf4a44,float,numeric,149ab38a09937b9195cbcaa295cf4a44,unassigned,none
14dffa241a078aeaebaef48a49e807ca,Weekly revenue from sale of attribute 14dffa241a078aeaebaef48a49e807ca,float,numeric,14dffa241a078aeaebaef48a49e807ca,unassigned,none
150c699262a053229e89213dc9c358d2,Weekly revenue from sale of attribute 150c699262a053229e89213dc9c358d2,float,numeric,150c699262a053229e89213dc9c358d2,unassigned,none
1528d0673079ce2d79d29753b800d76e,Weekly revenue from sale of attribute 1528d0673079ce2d79d29753b800d76e,float,numeric,1528d0673079ce2d79d29753b800d76e,unassigned,none
1529199a7d88ac40cef5b4a508f18f2c,Weekly revenue from sale of attribute 1529199a7d88ac40cef5b4a508f18f2c,float,numeric,1529199a7d88ac40cef5b4a508f18f2c,unassigned,none
15416967b480fca6c3ceac3335e57c36,Weekly revenue from sale of attribute 15416967b480fca6c3ceac3335e57c36,float,numeric,15416967b480fca6c3ceac3335e57c36,unassigned,none
154e7e31ebfa092203795c972e5804a6,Weekly revenue from sale of attribute 154e7e31ebfa092203795c972e5804a6,float,numeric,154e7e31ebfa092203795c972e5804a6,unassigned,none
1585769f68320ec146a93097b0a1ab18,Weekly revenue from sale of attribute 1585769f68320ec146a93097b0a1ab18,float,numeric,1585769f68320ec146a93097b0a1ab18,unassigned,none
15859e3a8aaa3c192c10a91d8722abd5,Weekly revenue from sale of attribute 15859e3a8aaa3c192c10a91d8722abd5,float,numeric,15859e3a8aaa3c192c10a91d8722abd5,unassigned,none
159dc4423e5092c3baa443379a458fa9,Weekly revenue from sale of attribute 159dc4423e5092c3baa443379a458fa9,float,numeric,159dc4423e5092c3baa443379a458fa9,unassigned,none
159e7e73295b609960c0797eb64b3d39,Weekly revenue from sale of attribute 159e7e73295b609960c0797eb64b3d39,float,numeric,159e7e73295b609960c0797eb64b3d39,unassigned,none
15d44826d5399e2de342314886ff0e05,Weekly revenue from sale of attribute 15d44826d5399e2de342314886ff0e05,float,numeric,15d44826d5399e2de342314886ff0e05,unassigned,none
15d8ac236009f0d5e74a5033a53ba460,Weekly revenue from sale of attribute 15d8ac236009f0d5e74a5033a53ba460,float,numeric,15d8ac236009f0d5e74a5033a53ba460,unassigned,none
15fdd6032f35d4add5066fb90be28630,Weekly revenue from sale of attribute 15fdd6032f35d4add5066fb90be28630,float,numeric,15fdd6032f35d4add5066fb90be28630,unassigned,none
16007704980fa90718364a0dd747133e,Weekly revenue from sale of attribute 16007704980fa90718364a0dd747133e,float,numeric,16007704980fa90718364a0dd747133e,unassigned,none
1600dcf1cea8c0c83702e07b577ab231,Weekly revenue from sale of attribute 1600dcf1cea8c0c83702e07b577ab231,float,numeric,1600dcf1cea8c0c83702e07b577ab231,unassigned,none
1612209b0b37fbe80e1e8e1b7d19ca1d,Weekly revenue from sale of attribute 1612209b0b37fbe80e1e8e1b7d19ca1d,float,numeric,1612209b0b37fbe80e1e8e1b7d19ca1d,unassigned,none
163365b4428bf91ee261186233e5f796,Weekly revenue from sale of attribute 163365b4428bf91ee261186233e5f796,float,numeric,163365b4428bf91ee261186233e5f796,unassigned,none
163da86e86f0089de089399c28c3fcbb,Weekly revenue from sale of attribute 163da86e86f0089de089399c28c3fcbb,float,numeric,163da86e86f0089de089399c28c3fcbb,unassigned,none
164a001b8c3c3be1c4c04f158bfafaca,Weekly revenue from sale of attribute 164a001b8c3c3be1c4c04f158bfafaca,float,numeric,164a001b8c3c3be1c4c04f158bfafaca,unassigned,none
164e1fc9dbbb8ec54611e3eaa25ef263,Weekly revenue from sale of attribute 164e1fc9dbbb8ec54611e3eaa25ef263,float,numeric,164e1fc9dbbb8ec54611e3eaa25ef263,unassigned,none
165f86fe8b799a708a20ee4ba125c289,Weekly revenue from sale of attribute 165f86fe8b799a708a20ee4ba125c289,float,numeric,165f86fe8b799a708a20ee4ba125c289,unassigned,none
167b4b8c4bd0c401bea62f5e050d70a4,Weekly revenue from sale of attribute 167b4b8c4bd0c401bea62f5e050d70a4,float,numeric,167b4b8c4bd0c401bea62f5e050d70a4,unassigned,none
167eb9b9fa0dad61a47c00a96bccdf4d,Weekly revenue from sale of attribute 167eb9b9fa0dad61a47c00a96bccdf4d,float,numeric,167eb9b9fa0dad61a47c00a96bccdf4d,unassigned,none
16ed6a6e3fce23b741650437fe58d65b,Weekly revenue from sale of attribute 16ed6a6e3fce23b741650437fe58d65b,float,numeric,16ed6a6e3fce23b741650437fe58d65b,unassigned,none
170db4e7b448ea0a8261aa05fff39ee5,Weekly revenue from sale of attribute 170db4e7b448ea0a8261aa05fff39ee5,float,numeric,170db4e7b448ea0a8261aa05fff39ee5,unassigned,none
171f04960543d71ad6ae0cfd444b369c,Weekly revenue from sale of attribute 171f04960543d71ad6ae0cfd444b369c,float,numeric,171f04960543d71ad6ae0cfd444b369c,unassigned,none
1767ed23966ac4d3539720b11beeacd1,Weekly revenue from sale of attribute 1767ed23966ac4d3539720b11beeacd1,float,numeric,1767ed23966ac4d3539720b11beeacd1,unassigned,none
17704da54fb7512da5a72cc3b227185e,Weekly revenue from sale of attribute 17704da54fb7512da5a72cc3b227185e,float,numeric,17704da54fb7512da5a72cc3b227185e,unassigned,none
1782400950423c9b12600278b8ef65d3,Weekly revenue from sale of attribute 1782400950423c9b12600278b8ef65d3,float,numeric,1782400950423c9b12600278b8ef65d3,unassigned,none
17ad136b7421ea8690fded631b651158,Weekly revenue from sale of attribute 17ad136b7421ea8690fded631b651158,float,numeric,17ad136b7421ea8690fded631b651158,unassigned,none
17ad6786808ab3fedfb261a70a5932d6,Weekly revenue from sale of attribute 17ad6786808ab3fedfb261a70a5932d6,float,numeric,17ad6786808ab3fedfb261a70a5932d6,unassigned,none
17c4bd4269902c84acc14c497f282ddb,Weekly revenue from sale of attribute 17c4bd4269902c84acc14c497f282ddb,float,numeric,17c4bd4269902c84acc14c497f282ddb,unassigned,none
17c9711cb08dc4757841afc6d4a239d4,Weekly revenue from sale of attribute 17c9711cb08dc4757841afc6d4a239d4,float,numeric,17c9711cb08dc4757841afc6d4a239d4,unassigned,none
17d68b6c1ebd7073e3689b9a26004651,Weekly revenue from sale of attribute 17d68b6c1ebd7073e3689b9a26004651,float,numeric,17d68b6c1ebd7073e3689b9a26004651,unassigned,none
18290697e1929309b3195d2931c91b09,Weekly revenue from sale of attribute 18290697e1929309b3195d2931c91b09,float,numeric,18290697e1929309b3195d2931c91b09,unassigned,none
186667995393fd686a25866399b41e68,Weekly revenue from sale of attribute 186667995393fd686a25866399b41e68,float,numeric,186667995393fd686a25866399b41e68,unassigned,none
186fe07c8b8005ec6a498587ffbc1352,Weekly revenue from sale of attribute 186fe07c8b8005ec6a498587ffbc1352,float,numeric,186fe07c8b8005ec6a498587ffbc1352,unassigned,none
1871f846d88e6b0632e1058b61d35964,Weekly revenue from sale of attribute 1871f846d88e6b0632e1058b61d35964,float,numeric,1871f846d88e6b0632e1058b61d35964,unassigned,none
1878fcfa202ce65b4bfaa9d16250ee86,Weekly revenue from sale of attribute 1878fcfa202ce65b4bfaa9d16250ee86,float,numeric,1878fcfa202ce65b4bfaa9d16250ee86,unassigned,none
187e7d92b8168c3661824809d0c5dffb,Weekly revenue from sale of attribute 187e7d92b8168c3661824809d0c5dffb,float,numeric,187e7d92b8168c3661824809d0c5dffb,unassigned,none
18870238fd023ef96e834a59dbd4405f,Weekly revenue from sale of attribute 18870238fd023ef96e834a59dbd4405f,float,numeric,18870238fd023ef96e834a59dbd4405f,unassigned,none
189c49b159a847050e52afe5ec8d42c5,Weekly revenue from sale of attribute 189c49b159a847050e52afe5ec8d42c5,float,numeric,189c49b159a847050e52afe5ec8d42c5,unassigned,none
18d307d967bbf1300aa00b34f34c374c,Weekly revenue from sale of attribute 18d307d967bbf1300aa00b34f34c374c,float,numeric,18d307d967bbf1300aa00b34f34c374c,unassigned,none
18e41d0c2a7cac6a8d53d3fcc13da3c4,Weekly revenue from sale of attribute 18e41d0c2a7cac6a8d53d3fcc13da3c4,float,numeric,18e41d0c2a7cac6a8d53d3fcc13da3c4,unassigned,none
193d170dd2f6849cf0cb92791a6a623b,Weekly revenue from sale of attribute 193d170dd2f6849cf0cb92791a6a623b,float,numeric,193d170dd2f6849cf0cb92791a6a623b,unassigned,none
19421075ae0b585f2dc13ff149e2119d,Weekly revenue from sale of attribute 19421075ae0b585f2dc13ff149e2119d,float,numeric,19421075ae0b585f2dc13ff149e2119d,unassigned,none
194d0a84a60aad8916173c4d611f6450,Weekly revenue from sale of attribute 194d0a84a60aad8916173c4d611f6450,float,numeric,194d0a84a60aad8916173c4d611f6450,unassigned,none
19600534553df3c5578890657d824296,Weekly revenue from sale of attribute 19600534553df3c5578890657d824296,float,numeric,19600534553df3c5578890657d824296,unassigned,none
19629b1460e380638d4b9263bd31547a,Weekly revenue from sale of attribute 19629b1460e380638d4b9263bd31547a,float,numeric,19629b1460e380638d4b9263bd31547a,unassigned,none
196616257eff8bc851dc4fc041cbbbe9,Weekly revenue from sale of attribute 196616257eff8bc851dc4fc041cbbbe9,float,numeric,196616257eff8bc851dc4fc041cbbbe9,unassigned,none
1975ce374d56d707bd8b88065779de72,Weekly revenue from sale of attribute 1975ce374d56d707bd8b88065779de72,float,numeric,1975ce374d56d707bd8b88065779de72,unassigned,none
1978f38f6cbdcaf326ecbb4732f9f748,Weekly revenue from sale of attribute 1978f38f6cbdcaf326ecbb4732f9f748,float,numeric,1978f38f6cbdcaf326ecbb4732f9f748,unassigned,none
199edc405b7080eeba36e77ef66d1ea1,Weekly revenue from sale of attribute 199edc405b7080eeba36e77ef66d1ea1,float,numeric,199edc405b7080eeba36e77ef66d1ea1,unassigned,none
19a5dc57b9f69cff2321395f3c36f9d6,Weekly revenue from sale of attribute 19a5dc57b9f69cff2321395f3c36f9d6,float,numeric,19a5dc57b9f69cff2321395f3c36f9d6,unassigned,none
19de58ea609a59ce31f93672af50c09a,Weekly revenue from sale of attribute 19de58ea609a59ce31f93672af50c09a,float,numeric,19de58ea609a59ce31f93672af50c09a,unassigned,none
19fdf478915162331ece9adfd669b88e,Weekly revenue from sale of attribute 19fdf478915162331ece9adfd669b88e,float,numeric,19fdf478915162331ece9adfd669b88e,unassigned,none
1a06cc924ba852bef5a19bb5aefa4d6c,Weekly revenue from sale of attribute 1a06cc924ba852bef5a19bb5aefa4d6c,float,numeric,1a06cc924ba852bef5a19bb5aefa4d6c,unassigned,none
1a080577618e7fe4d9ddd8fb2b47a964,Weekly revenue from sale of attribute 1a080577618e7fe4d9ddd8fb2b47a964,float,numeric,1a080577618e7fe4d9ddd8fb2b47a964,unassigned,none
1a0910c102a7df46a8d1ffe68b2c3d2e,Weekly revenue from sale of attribute 1a0910c102a7df46a8d1ffe68b2c3d2e,float,numeric,1a0910c102a7df46a8d1ffe68b2c3d2e,unassigned,none
1a0971a6f39f04118207a7308d451e9d,Weekly revenue from sale of attribute 1a0971a6f39f04118207a7308d451e9d,float,numeric,1a0971a6f39f04118207a7308d451e9d,unassigned,none
1a0bed98d47b5923948a6a49612aeb83,Weekly revenue from sale of attribute 1a0bed98d47b5923948a6a49612aeb83,float,numeric,1a0bed98d47b5923948a6a49612aeb83,unassigned,none
1a171b17d64e13187479dc66541e6541,Weekly revenue from sale of attribute 1a171b17d64e13187479dc66541e6541,float,numeric,1a171b17d64e13187479dc66541e6541,unassigned,none
1a2d00b771a438bee7055bbd0086e003,Weekly revenue from sale of attribute 1a2d00b771a438bee7055bbd0086e003,float,numeric,1a2d00b771a438bee7055bbd0086e003,unassigned,none
1a41f6016e828ff1d37f2ecc2f2a0dfd,Weekly revenue from sale of attribute 1a41f6016e828ff1d37f2ecc2f2a0dfd,float,numeric,1a41f6016e828ff1d37f2ecc2f2a0dfd,unassigned,none
1a613b1a2e7f278c6343b763fd880186,Weekly revenue from sale of attribute 1a613b1a2e7f278c6343b763fd880186,float,numeric,1a613b1a2e7f278c6343b763fd880186,unassigned,none
1a7cffdce32ea72085aa94c27b19d01a,Weekly revenue from sale of attribute 1a7cffdce32ea72085aa94c27b19d01a,float,numeric,1a7cffdce32ea72085aa94c27b19d01a,unassigned,none
1a9336bcfd7544237cf44cf3de1f5530,Weekly revenue from sale of attribute 1a9336bcfd7544237cf44cf3de1f5530,float,numeric,1a9336bcfd7544237cf44cf3de1f5530,unassigned,none
1ac8f5283525f67f04345f07c167ba80,Weekly revenue from sale of attribute 1ac8f5283525f67f04345f07c167ba80,float,numeric,1ac8f5283525f67f04345f07c167ba80,unassigned,none
1acb18fc869c5489d5f76abcd681165e,Weekly revenue from sale of attribute 1acb18fc869c5489d5f76abcd681165e,float,numeric,1acb18fc869c5489d5f76abcd681165e,unassigned,none
1b11571a0535a643bb18db34b84b7334,Weekly revenue from sale of attribute 1b11571a0535a643bb18db34b84b7334,float,numeric,1b11571a0535a643bb18db34b84b7334,unassigned,none
1b7b45fba5ad23e8117914f8b36e6772,Weekly revenue from sale of attribute 1b7b45fba5ad23e8117914f8b36e6772,float,numeric,1b7b45fba5ad23e8117914f8b36e6772,unassigned,none
1b8ee158f59c098470fad33f39660964,Weekly revenue from sale of attribute 1b8ee158f59c098470fad33f39660964,float,numeric,1b8ee158f59c098470fad33f39660964,unassigned,none
1b9c9c11fdac157197ea45527ffabae2,Weekly revenue from sale of attribute 1b9c9c11fdac157197ea45527ffabae2,float,numeric,1b9c9c11fdac157197ea45527ffabae2,unassigned,none
1ba74b19c790ee59fb57fa2befa6e885,Weekly revenue from sale of attribute 1ba74b19c790ee59fb57fa2befa6e885,float,numeric,1ba74b19c790ee59fb57fa2befa6e885,unassigned,none
1bad1f17e229af04d11a788ed2b3553f,Weekly revenue from sale of attribute 1bad1f17e229af04d11a788ed2b3553f,float,numeric,1bad1f17e229af04d11a788ed2b3553f,unassigned,none
1bcb50aa4fa11ec2f767d6eea810d8b7,Weekly revenue from sale of attribute 1bcb50aa4fa11ec2f767d6eea810d8b7,float,numeric,1bcb50aa4fa11ec2f767d6eea810d8b7,unassigned,none
1bdf5e6731585cf01aa8169c7028d6ad,Weekly revenue from sale of attribute 1bdf5e6731585cf01aa8169c7028d6ad,float,numeric,1bdf5e6731585cf01aa8169c7028d6ad,unassigned,none
1be9a7b25f7ddfe1dfda88b9b64f595c,Weekly revenue from sale of attribute 1be9a7b25f7ddfe1dfda88b9b64f595c,float,numeric,1be9a7b25f7ddfe1dfda88b9b64f595c,unassigned,none
1bfe62f326ac7bec0f5a83c10cfff228,Weekly revenue from sale of attribute 1bfe62f326ac7bec0f5a83c10cfff228,float,numeric,1bfe62f326ac7bec0f5a83c10cfff228,unassigned,none
1c05e0964302b6cf68ca0d15f326c6ba,Weekly revenue from sale of attribute 1c05e0964302b6cf68ca0d15f326c6ba,float,numeric,1c05e0964302b6cf68ca0d15f326c6ba,unassigned,none
1c185f17bc0cdfba85b49cc9724b1ce4,Weekly revenue from sale of attribute 1c185f17bc0cdfba85b49cc9724b1ce4,float,numeric,1c185f17bc0cdfba85b49cc9724b1ce4,unassigned,none
1c1890ba1779090cd54008a3c3302921,Weekly revenue from sale of attribute 1c1890ba1779090cd54008a3c3302921,float,numeric,1c1890ba1779090cd54008a3c3302921,unassigned,none
1c33c71830d320620439a3236a1c4ae1,Weekly revenue from sale of attribute 1c33c71830d320620439a3236a1c4ae1,float,numeric,1c33c71830d320620439a3236a1c4ae1,unassigned,none
1c57458e824ca3d974ec1831a1a55e72,Weekly revenue from sale of attribute 1c57458e824ca3d974ec1831a1a55e72,float,numeric,1c57458e824ca3d974ec1831a1a55e72,unassigned,none
1c63d0a4d75df524d4605a43285925d7,Weekly revenue from sale of attribute 1c63d0a4d75df524d4605a43285925d7,float,numeric,1c63d0a4d75df524d4605a43285925d7,unassigned,none
1c6b8ed36259a0971b3fd58692b60f9c,Weekly revenue from sale of attribute 1c6b8ed36259a0971b3fd58692b60f9c,float,numeric,1c6b8ed36259a0971b3fd58692b60f9c,unassigned,none
1c756cc8c5e3b4a2fcf83d1690f8084d,Weekly revenue from sale of attribute 1c756cc8c5e3b4a2fcf83d1690f8084d,float,numeric,1c756cc8c5e3b4a2fcf83d1690f8084d,unassigned,none
1c93b38903bf11d9a9bd28f3c65481d6,Weekly revenue from sale of attribute 1c93b38903bf11d9a9bd28f3c65481d6,float,numeric,1c93b38903bf11d9a9bd28f3c65481d6,unassigned,none
1ca99da10c4b800de39096631ed2e773,Weekly revenue from sale of attribute 1ca99da10c4b800de39096631ed2e773,float,numeric,1ca99da10c4b800de39096631ed2e773,unassigned,none
1cc5f038fa8645580602fb2423d3a50a,Weekly revenue from sale of attribute 1cc5f038fa8645580602fb2423d3a50a,float,numeric,1cc5f038fa8645580602fb2423d3a50a,unassigned,none
1cdfaf0cc5abd6063d3a10ae3318f345,Weekly revenue from sale of attribute 1cdfaf0cc5abd6063d3a10ae3318f345,float,numeric,1cdfaf0cc5abd6063d3a10ae3318f345,unassigned,none
1cee940750667f29c969974d268656f8,Weekly revenue from sale of attribute 1cee940750667f29c969974d268656f8,float,numeric,1cee940750667f29c969974d268656f8,unassigned,none
1cf0c9095608952cb1c65c4789946375,Weekly revenue from sale of attribute 1cf0c9095608952cb1c65c4789946375,float,numeric,1cf0c9095608952cb1c65c4789946375,unassigned,none
1d16c0509e7011656e03c6a582ff6667,Weekly revenue from sale of attribute 1d16c0509e7011656e03c6a582ff6667,float,numeric,1d16c0509e7011656e03c6a582ff6667,unassigned,none
1d25200882dc5bcbff689ba2ba117f9f,Weekly revenue from sale of attribute 1d25200882dc5bcbff689ba2ba117f9f,float,numeric,1d25200882dc5bcbff689ba2ba117f9f,unassigned,none
1d3f55c00acdb29bd959f2760abc8b7d,Weekly revenue from sale of attribute 1d3f55c00acdb29bd959f2760abc8b7d,float,numeric,1d3f55c00acdb29bd959f2760abc8b7d,unassigned,none
1d4de03a6141ce2a2ae5a97f51cabb37,Weekly revenue from sale of attribute 1d4de03a6141ce2a2ae5a97f51cabb37,float,numeric,1d4de03a6141ce2a2ae5a97f51cabb37,unassigned,none
1d8cb1d3317a3090bc73ecde425d334c,Weekly revenue from sale of attribute 1d8cb1d3317a3090bc73ecde425d334c,float,numeric,1d8cb1d3317a3090bc73ecde425d334c,unassigned,none
1dc7685f4fdb9622d84ae2ec658d5bbf,Weekly revenue from sale of attribute 1dc7685f4fdb9622d84ae2ec658d5bbf,float,numeric,1dc7685f4fdb9622d84ae2ec658d5bbf,unassigned,none
1dceebcc5f23c02ea23e16d5bedca000,Weekly revenue from sale of attribute 1dceebcc5f23c02ea23e16d5bedca000,float,numeric,1dceebcc5f23c02ea23e16d5bedca000,unassigned,none
1de74e63d630007567726953a4eb2b36,Weekly revenue from sale of attribute 1de74e63d630007567726953a4eb2b36,float,numeric,1de74e63d630007567726953a4eb2b36,unassigned,none
1dec4c88c685d5a07bf01dcb0f8bf9f8,Weekly revenue from sale of attribute 1dec4c88c685d5a07bf01dcb0f8bf9f8,float,numeric,1dec4c88c685d5a07bf01dcb0f8bf9f8,unassigned,none
1e5428c428e0f783acd6e3d94ba4ee2a,Weekly revenue from sale of attribute 1e5428c428e0f783acd6e3d94ba4ee2a,float,numeric,1e5428c428e0f783acd6e3d94ba4ee2a,unassigned,none
1e618d311a1b7f88a9d96ec50aa85582,Weekly revenue from sale of attribute 1e618d311a1b7f88a9d96ec50aa85582,float,numeric,1e618d311a1b7f88a9d96ec50aa85582,unassigned,none
1eb85357e22bf0c8c2a6f10eafad8423,Weekly revenue from sale of attribute 1eb85357e22bf0c8c2a6f10eafad8423,float,numeric,1eb85357e22bf0c8c2a6f10eafad8423,unassigned,none
1ec486885049bbb9b79351d150ed18c4,Weekly revenue from sale of attribute 1ec486885049bbb9b79351d150ed18c4,float,numeric,1ec486885049bbb9b79351d150ed18c4,unassigned,none
1ed724b5e4b638eeb4bd3487d88b8f28,Weekly revenue from sale of attribute 1ed724b5e4b638eeb4bd3487d88b8f28,float,numeric,1ed724b5e4b638eeb4bd3487d88b8f28,unassigned,none
1f180c96859564dd5857185f5914d2c7,Weekly revenue from sale of attribute 1f180c96859564dd5857185f5914d2c7,float,numeric,1f180c96859564dd5857185f5914d2c7,unassigned,none
1f30aacc69904c0d0bf8d05cb2abef72,Weekly revenue from sale of attribute 1f30aacc69904c0d0bf8d05cb2abef72,float,numeric,1f30aacc69904c0d0bf8d05cb2abef72,unassigned,none
1f3b8727459b932736f709be23eef109,Weekly revenue from sale of attribute 1f3b8727459b932736f709be23eef109,float,numeric,1f3b8727459b932736f709be23eef109,unassigned,none
1f85abca5a45544302089b5d442b4370,Weekly revenue from sale of attribute 1f85abca5a45544302089b5d442b4370,float,numeric,1f85abca5a45544302089b5d442b4370,unassigned,none
1f975d7b550d3ba8161a3c77a3d800a4,Weekly revenue from sale of attribute 1f975d7b550d3ba8161a3c77a3d800a4,float,numeric,1f975d7b550d3ba8161a3c77a3d800a4,unassigned,none
1fa784d8744e3ed625d8651ddb15e33b,Weekly revenue from sale of attribute 1fa784d8744e3ed625d8651ddb15e33b,float,numeric,1fa784d8744e3ed625d8651ddb15e33b,unassigned,none
1fb368a1506cced21a07abb6d220c4e1,Weekly revenue from sale of attribute 1fb368a1506cced21a07abb6d220c4e1,float,numeric,1fb368a1506cced21a07abb6d220c4e1,unassigned,none
1fd10191b0bcd5aa4020c0721372510c,Weekly revenue from sale of attribute 1fd10191b0bcd5aa4020c0721372510c,float,numeric,1fd10191b0bcd5aa4020c0721372510c,unassigned,none
1ff03883acc92ad1f4eb8ed40ad25bf9,Weekly revenue from sale of attribute 1ff03883acc92ad1f4eb8ed40ad25bf9,float,numeric,1ff03883acc92ad1f4eb8ed40ad25bf9,unassigned,none
1ff1090afbb3b1a09f61f5e49f0a6cce,Weekly revenue from sale of attribute 1ff1090afbb3b1a09f61f5e49f0a6cce,float,numeric,1ff1090afbb3b1a09f61f5e49f0a6cce,unassigned,none
1ffe365aa7583189e63f2fa4f060b269,Weekly revenue from sale of attribute 1ffe365aa7583189e63f2fa4f060b269,float,numeric,1ffe365aa7583189e63f2fa4f060b269,unassigned,none
2001ae82f374f0f76db97ad0b37231da,Weekly revenue from sale of attribute 2001ae82f374f0f76db97ad0b37231da,float,numeric,2001ae82f374f0f76db97ad0b37231da,unassigned,none
20082386a501cbd8c41765656a115a2f,Weekly revenue from sale of attribute 20082386a501cbd8c41765656a115a2f,float,numeric,20082386a501cbd8c41765656a115a2f,unassigned,none
2009f9265306f26803dd5a243416707f,Weekly revenue from sale of attribute 2009f9265306f26803dd5a243416707f,float,numeric,2009f9265306f26803dd5a243416707f,unassigned,none
2016dc27f7cc30f18815b34170e0ce98,Weekly revenue from sale of attribute 2016dc27f7cc30f18815b34170e0ce98,float,numeric,2016dc27f7cc30f18815b34170e0ce98,unassigned,none
2020db9c389956e879dd05e6250413d8,Weekly revenue from sale of attribute 2020db9c389956e879dd05e6250413d8,float,numeric,2020db9c389956e879dd05e6250413d8,unassigned,none
2028bf1b01cafb2d2b1901fca4083222,Weekly revenue from sale of attribute 2028bf1b01cafb2d2b1901fca4083222,float,numeric,2028bf1b01cafb2d2b1901fca4083222,unassigned,none
2029248294c186017ecfc48cecd47bbd,Weekly revenue from sale of attribute 2029248294c186017ecfc48cecd47bbd,float,numeric,2029248294c186017ecfc48cecd47bbd,unassigned,none
202bd859659a841de892b00c341300ff,Weekly revenue from sale of attribute 202bd859659a841de892b00c341300ff,float,numeric,202bd859659a841de892b00c341300ff,unassigned,none
20518c6950587eb5e8f02dad2fa0d685,Weekly revenue from sale of attribute 20518c6950587eb5e8f02dad2fa0d685,float,numeric,20518c6950587eb5e8f02dad2fa0d685,unassigned,none
2078312a2dcf1fcd8a38eabcf5dd033a,Weekly revenue from sale of attribute 2078312a2dcf1fcd8a38eabcf5dd033a,float,numeric,2078312a2dcf1fcd8a38eabcf5dd033a,unassigned,none
20a56bb6cee7a1b8e02e245e637e1b8b,Weekly revenue from sale of attribute 20a56bb6cee7a1b8e02e245e637e1b8b,float,numeric,20a56bb6cee7a1b8e02e245e637e1b8b,unassigned,none
20d672f52195d2c20168f758a77303d6,Weekly revenue from sale of attribute 20d672f52195d2c20168f758a77303d6,float,numeric,20d672f52195d2c20168f758a77303d6,unassigned,none
20f160a9cf2e856ee5eba259e9ae33f9,Weekly revenue from sale of attribute 20f160a9cf2e856ee5eba259e9ae33f9,float,numeric,20f160a9cf2e856ee5eba259e9ae33f9,unassigned,none
210286fe46a9f587b63ead8d065ad3cd,Weekly revenue from sale of attribute 210286fe46a9f587b63ead8d065ad3cd,float,numeric,210286fe46a9f587b63ead8d065ad3cd,unassigned,none
21191f1db2fabc46b8ae34857a3b130a,Weekly revenue from sale of attribute 21191f1db2fabc46b8ae34857a3b130a,float,numeric,21191f1db2fabc46b8ae34857a3b130a,unassigned,none
2132979d9b6f64e99b8c9bb4da4e0323,Weekly revenue from sale of attribute 2132979d9b6f64e99b8c9bb4da4e0323,float,numeric,2132979d9b6f64e99b8c9bb4da4e0323,unassigned,none
2136c70bbe723d338fab53da3c03e6dc,Weekly revenue from sale of attribute 2136c70bbe723d338fab53da3c03e6dc,float,numeric,2136c70bbe723d338fab53da3c03e6dc,unassigned,none
218f5d32f520df3b8517cdd86da09466,Weekly revenue from sale of attribute 218f5d32f520df3b8517cdd86da09466,float,numeric,218f5d32f520df3b8517cdd86da09466,unassigned,none
2196663031bcde078cede855ac0b5739,Weekly revenue from sale of attribute 2196663031bcde078cede855ac0b5739,float,numeric,2196663031bcde078cede855ac0b5739,unassigned,none
21b4d9c7183dd6f20f584f35c09bd361,Weekly revenue from sale of attribute 21b4d9c7183dd6f20f584f35c09bd361,float,numeric,21b4d9c7183dd6f20f584f35c09bd361,unassigned,none
21fd3b391a97c2fedab9d0efdd183a93,Weekly revenue from sale of attribute 21fd3b391a97c2fedab9d0efdd183a93,float,numeric,21fd3b391a97c2fedab9d0efdd183a93,unassigned,none
22052cf3cf96687b8469406f71bafb62,Weekly revenue from sale of attribute 22052cf3cf96687b8469406f71bafb62,float,numeric,22052cf3cf96687b8469406f71bafb62,unassigned,none
223d34a3d9334039f5ff9511dc044bbb,Weekly revenue from sale of attribute 223d34a3d9334039f5ff9511dc044bbb,float,numeric,223d34a3d9334039f5ff9511dc044bbb,unassigned,none
223d59a37896c34a98384dcbaefc322c,Weekly revenue from sale of attribute 223d59a37896c34a98384dcbaefc322c,float,numeric,223d59a37896c34a98384dcbaefc322c,unassigned,none
22594ba8fd9a72ad95d352929c821560,Weekly revenue from sale of attribute 22594ba8fd9a72ad95d352929c821560,float,numeric,22594ba8fd9a72ad95d352929c821560,unassigned,none
22656f41604127818c5984157e52bda8,Weekly revenue from sale of attribute 22656f41604127818c5984157e52bda8,float,numeric,22656f41604127818c5984157e52bda8,unassigned,none
228f57b1acb5bdce9401c58653c8cc14,Weekly revenue from sale of attribute 228f57b1acb5bdce9401c58653c8cc14,float,numeric,228f57b1acb5bdce9401c58653c8cc14,unassigned,none
2291d090b69f60fc0ffd95ae394daa77,Weekly revenue from sale of attribute 2291d090b69f60fc0ffd95ae394daa77,float,numeric,2291d090b69f60fc0ffd95ae394daa77,unassigned,none
229c012e97328ba74fd0f4a1c29f8e51,Weekly revenue from sale of attribute 229c012e97328ba74fd0f4a1c29f8e51,float,numeric,229c012e97328ba74fd0f4a1c29f8e51,unassigned,none
22a0a4cfaf39559db703230823bdc13a,Weekly revenue from sale of attribute 22a0a4cfaf39559db703230823bdc13a,float,numeric,22a0a4cfaf39559db703230823bdc13a,unassigned,none
22bb87b27484c91c055cca7fd6d0793a,Weekly revenue from sale of attribute 22bb87b27484c91c055cca7fd6d0793a,float,numeric,22bb87b27484c91c055cca7fd6d0793a,unassigned,none
22c5ddc22ea8cae84fc9917def682dc6,Weekly revenue from sale of attribute 22c5ddc22ea8cae84fc9917def682dc6,float,numeric,22c5ddc22ea8cae84fc9917def682dc6,unassigned,none
22f799df8d5495f40f6ed3cc8b18b712,Weekly revenue from sale of attribute 22f799df8d5495f40f6ed3cc8b18b712,float,numeric,22f799df8d5495f40f6ed3cc8b18b712,unassigned,none
232f608487cd2ed6669631eb468f2ed0,Weekly revenue from sale of attribute 232f608487cd2ed6669631eb468f2ed0,float,numeric,232f608487cd2ed6669631eb468f2ed0,unassigned,none
235458528f907463ec55ebb1e16b69f0,Weekly revenue from sale of attribute 235458528f907463ec55ebb1e16b69f0,float,numeric,235458528f907463ec55ebb1e16b69f0,unassigned,none
235e0d56841710b62daf088840a96ba8,Weekly revenue from sale of attribute 235e0d56841710b62daf088840a96ba8,float,numeric,235e0d56841710b62daf088840a96ba8,unassigned,none
2368785994f057897f1ae269bb9743ef,Weekly revenue from sale of attribute 2368785994f057897f1ae269bb9743ef,float,numeric,2368785994f057897f1ae269bb9743ef,unassigned,none
236c8998f9a6e6150cdfb75fed83c15d,Weekly revenue from sale of attribute 236c8998f9a6e6150cdfb75fed83c15d,float,numeric,236c8998f9a6e6150cdfb75fed83c15d,unassigned,none
23bcd6822a33df5534f9b290216eec1f,Weekly revenue from sale of attribute 23bcd6822a33df5534f9b290216eec1f,float,numeric,23bcd6822a33df5534f9b290216eec1f,unassigned,none
23c6236434e58c6519c19e56c2dade45,Weekly revenue from sale of attribute 23c6236434e58c6519c19e56c2dade45,float,numeric,23c6236434e58c6519c19e56c2dade45,unassigned,none
23ed7a10a36c6f88a757a9c83df9ea20,Weekly revenue from sale of attribute 23ed7a10a36c6f88a757a9c83df9ea20,float,numeric,23ed7a10a36c6f88a757a9c83df9ea20,unassigned,none
23f52db82a2a0f55b0a1c1ae5b696013,Weekly revenue from sale of attribute 23f52db82a2a0f55b0a1c1ae5b696013,float,numeric,23f52db82a2a0f55b0a1c1ae5b696013,unassigned,none
241e398aacc909372622952b2ec6f954,Weekly revenue from sale of attribute 241e398aacc909372622952b2ec6f954,float,numeric,241e398aacc909372622952b2ec6f954,unassigned,none
2423252b2432f1803e4f29e0974c6cf7,Weekly revenue from sale of attribute 2423252b2432f1803e4f29e0974c6cf7,float,numeric,2423252b2432f1803e4f29e0974c6cf7,unassigned,none
242edc6b84c00f0d48c664a020a92c52,Weekly revenue from sale of attribute 242edc6b84c00f0d48c664a020a92c52,float,numeric,242edc6b84c00f0d48c664a020a92c52,unassigned,none
243c2fed5e34044dff827373bd65e9b9,Weekly revenue from sale of attribute 243c2fed5e34044dff827373bd65e9b9,float,numeric,243c2fed5e34044dff827373bd65e9b9,unassigned,none
247fa5b4e2f524a22b21ef256ffc23e4,Weekly revenue from sale of attribute 247fa5b4e2f524a22b21ef256ffc23e4,float,numeric,247fa5b4e2f524a22b21ef256ffc23e4,unassigned,none
2481a472d98c582b46bc2dfeae6f539f,Weekly revenue from sale of attribute 2481a472d98c582b46bc2dfeae6f539f,float,numeric,2481a472d98c582b46bc2dfeae6f539f,unassigned,none
2483416c14aa8d93dad96745a9230bfa,Weekly revenue from sale of attribute 2483416c14aa8d93dad96745a9230bfa,float,numeric,2483416c14aa8d93dad96745a9230bfa,unassigned,none
24a014458ccc6e989b4fcef5fa71da58,Weekly revenue from sale of attribute 24a014458ccc6e989b4fcef5fa71da58,float,numeric,24a014458ccc6e989b4fcef5fa71da58,unassigned,none
24c66f106f642621e524291a895c9032,Weekly revenue from sale of attribute 24c66f106f642621e524291a895c9032,float,numeric,24c66f106f642621e524291a895c9032,unassigned,none
24d95adbf4d5909e2353d0256eb3ab4f,Weekly revenue from sale of attribute 24d95adbf4d5909e2353d0256eb3ab4f,float,numeric,24d95adbf4d5909e2353d0256eb3ab4f,unassigned,none
24fffbd0188d2b7ceb351214c514b28c,Weekly revenue from sale of attribute 24fffbd0188d2b7ceb351214c514b28c,float,numeric,24fffbd0188d2b7ceb351214c514b28c,unassigned,none
251876e7ba013b87b7262fb2524e2d60,Weekly revenue from sale of attribute 251876e7ba013b87b7262fb2524e2d60,float,numeric,251876e7ba013b87b7262fb2524e2d60,unassigned,none
25292482a61cb3298df8dbe15ea69daf,Weekly revenue from sale of attribute 25292482a61cb3298df8dbe15ea69daf,float,numeric,25292482a61cb3298df8dbe15ea69daf,unassigned,none
253aede415ef331d1262ffc3a411224d,Weekly revenue from sale of attribute 253aede415ef331d1262ffc3a411224d,float,numeric,253aede415ef331d1262ffc3a411224d,unassigned,none
254104e9110b124bab38acfa269fb764,Weekly revenue from sale of attribute 254104e9110b124bab38acfa269fb764,float,numeric,254104e9110b124bab38acfa269fb764,unassigned,none
25a675783383c8e0aa707b7e9063c925,Weekly revenue from sale of attribute 25a675783383c8e0aa707b7e9063c925,float,numeric,25a675783383c8e0aa707b7e9063c925,unassigned,none
25c38557cf793876c5abdd5931f922db,Weekly revenue from sale of attribute 25c38557cf793876c5abdd5931f922db,float,numeric,25c38557cf793876c5abdd5931f922db,unassigned,none
25d1ff5db102bfeb95fe4fcefdaca422,Weekly revenue from sale of attribute 25d1ff5db102bfeb95fe4fcefdaca422,float,numeric,25d1ff5db102bfeb95fe4fcefdaca422,unassigned,none
25da7af0ae86de644e6410fec1d599d1,Weekly revenue from sale of attribute 25da7af0ae86de644e6410fec1d599d1,float,numeric,25da7af0ae86de644e6410fec1d599d1,unassigned,none
25e2023ed83352bde98dc1490d14c3d8,Weekly revenue from sale of attribute 25e2023ed83352bde98dc1490d14c3d8,float,numeric,25e2023ed83352bde98dc1490d14c3d8,unassigned,none
25f86162fee18735fffdb762dcb10d7c,Weekly revenue from sale of attribute 25f86162fee18735fffdb762dcb10d7c,float,numeric,25f86162fee18735fffdb762dcb10d7c,unassigned,none
2604055d4992311bc72b115b6d5adda9,Weekly revenue from sale of attribute 2604055d4992311bc72b115b6d5adda9,float,numeric,2604055d4992311bc72b115b6d5adda9,unassigned,none
261244fc4d0197d8772346872f5b0f5e,Weekly revenue from sale of attribute 261244fc4d0197d8772346872f5b0f5e,float,numeric,261244fc4d0197d8772346872f5b0f5e,unassigned,none
2629c2e1e3a0b360912763741f1bb7ef,Weekly revenue from sale of attribute 2629c2e1e3a0b360912763741f1bb7ef,float,numeric,2629c2e1e3a0b360912763741f1bb7ef,unassigned,none
264aad5ca689ed34e57633f78c5683b4,Weekly revenue from sale of attribute 264aad5ca689ed34e57633f78c5683b4,float,numeric,264aad5ca689ed34e57633f78c5683b4,unassigned,none
26c574b434aeee44ae054dcb540f2ebe,Weekly revenue from sale of attribute 26c574b434aeee44ae054dcb540f2ebe,float,numeric,26c574b434aeee44ae054dcb540f2ebe,unassigned,none
271ce3fc018562e90257af8cd2af06bd,Weekly revenue from sale of attribute 271ce3fc018562e90257af8cd2af06bd,float,numeric,271ce3fc018562e90257af8cd2af06bd,unassigned,none
272e51f7fc982529466144f8b68ec58e,Weekly revenue from sale of attribute 272e51f7fc982529466144f8b68ec58e,float,numeric,272e51f7fc982529466144f8b68ec58e,unassigned,none
2743c376f40b82b7bda71ad4a1256507,Weekly revenue from sale of attribute 2743c376f40b82b7bda71ad4a1256507,float,numeric,2743c376f40b82b7bda71ad4a1256507,unassigned,none
27535386be7362e36d9e78c2afb8c0e5,Weekly revenue from sale of attribute 27535386be7362e36d9e78c2afb8c0e5,float,numeric,27535386be7362e36d9e78c2afb8c0e5,unassigned,none
275bbd43a9fdb71853216091565522ac,Weekly revenue from sale of attribute 275bbd43a9fdb71853216091565522ac,float,numeric,275bbd43a9fdb71853216091565522ac,unassigned,none
276f08e98f8f7711c2785ce40fc9d4d9,Weekly revenue from sale of attribute 276f08e98f8f7711c2785ce40fc9d4d9,float,numeric,276f08e98f8f7711c2785ce40fc9d4d9,unassigned,none
277a12fc4d8cd5dae85d0071015bb745,Weekly revenue from sale of attribute 277a12fc4d8cd5dae85d0071015bb745,float,numeric,277a12fc4d8cd5dae85d0071015bb745,unassigned,none
27e83703cdd809616f51c1d456314ed7,Weekly revenue from sale of attribute 27e83703cdd809616f51c1d456314ed7,float,numeric,27e83703cdd809616f51c1d456314ed7,unassigned,none
2820a0ee65a765e5dbb7ef1da30d2f4f,Weekly revenue from sale of attribute 2820a0ee65a765e5dbb7ef1da30d2f4f,float,numeric,2820a0ee65a765e5dbb7ef1da30d2f4f,unassigned,none
283dc451ad3918badb976d56ff887289,Weekly revenue from sale of attribute 283dc451ad3918badb976d56ff887289,float,numeric,283dc451ad3918badb976d56ff887289,unassigned,none
2856b9cb722cb91f23867a5345b6e0d5,Weekly revenue from sale of attribute 2856b9cb722cb91f23867a5345b6e0d5,float,numeric,2856b9cb722cb91f23867a5345b6e0d5,unassigned,none
288dbc06591742c5d7fe90fbfb08943e,Weekly revenue from sale of attribute 288dbc06591742c5d7fe90fbfb08943e,float,numeric,288dbc06591742c5d7fe90fbfb08943e,unassigned,none
28a652ff04e43c1bc57937a9f8770f9b,Weekly revenue from sale of attribute 28a652ff04e43c1bc57937a9f8770f9b,float,numeric,28a652ff04e43c1bc57937a9f8770f9b,unassigned,none
28ea12eefe401cceb76c6026abfbcd71,Weekly revenue from sale of attribute 28ea12eefe401cceb76c6026abfbcd71,float,numeric,28ea12eefe401cceb76c6026abfbcd71,unassigned,none
293ee8ac0a45f559cdeba37b938fdb66,Weekly revenue from sale of attribute 293ee8ac0a45f559cdeba37b938fdb66,float,numeric,293ee8ac0a45f559cdeba37b938fdb66,unassigned,none
29427de7f8a9ee983d9dbc51cec569b4,Weekly revenue from sale of attribute 29427de7f8a9ee983d9dbc51cec569b4,float,numeric,29427de7f8a9ee983d9dbc51cec569b4,unassigned,none
2947c2678aab0b7bfc86dd062d9c3318,Weekly revenue from sale of attribute 2947c2678aab0b7bfc86dd062d9c3318,float,numeric,2947c2678aab0b7bfc86dd062d9c3318,unassigned,none
29b18b99ca3c94cea05efa9e11465440,Weekly revenue from sale of attribute 29b18b99ca3c94cea05efa9e11465440,float,numeric,29b18b99ca3c94cea05efa9e11465440,unassigned,none
2a11460730aaa623c8897e343fe38cb3,Weekly revenue from sale of attribute 2a11460730aaa623c8897e343fe38cb3,float,numeric,2a11460730aaa623c8897e343fe38cb3,unassigned,none
2a2d22ae30e026f1893083c8405ca522,Weekly revenue from sale of attribute 2a2d22ae30e026f1893083c8405ca522,float,numeric,2a2d22ae30e026f1893083c8405ca522,unassigned,none
2a33c8929309d51853186bd18ff3e3f2,Weekly revenue from sale of attribute 2a33c8929309d51853186bd18ff3e3f2,float,numeric,2a33c8929309d51853186bd18ff3e3f2,unassigned,none
2a5806f10d0f00e5ad032dd2e3c8806e,Weekly revenue from sale of attribute 2a5806f10d0f00e5ad032dd2e3c8806e,float,numeric,2a5806f10d0f00e5ad032dd2e3c8806e,unassigned,none
2ab7dca60e8a55e3172c3e757111f25a,Weekly revenue from sale of attribute 2ab7dca60e8a55e3172c3e757111f25a,float,numeric,2ab7dca60e8a55e3172c3e757111f25a,unassigned,none
2ac0cca735ca6684053d28a17883b765,Weekly revenue from sale of attribute 2ac0cca735ca6684053d28a17883b765,float,numeric,2ac0cca735ca6684053d28a17883b765,unassigned,none
2ac71e1960d313613f4f4cd468c602cb,Weekly revenue from sale of attribute 2ac71e1960d313613f4f4cd468c602cb,float,numeric,2ac71e1960d313613f4f4cd468c602cb,unassigned,none
2ad2f5e9d792e5c06603614f2f681c26,Weekly revenue from sale of attribute 2ad2f5e9d792e5c06603614f2f681c26,float,numeric,2ad2f5e9d792e5c06603614f2f681c26,unassigned,none
2af3bc8c9414aa21fdcb986aba6fe286,Weekly revenue from sale of attribute 2af3bc8c9414aa21fdcb986aba6fe286,float,numeric,2af3bc8c9414aa21fdcb986aba6fe286,unassigned,none
2b0ee2d07306f7c9ac55a43166e9bb4b,Weekly revenue from sale of attribute 2b0ee2d07306f7c9ac55a43166e9bb4b,float,numeric,2b0ee2d07306f7c9ac55a43166e9bb4b,unassigned,none
2b10e945dae5434075c8bb2be0d17325,Weekly revenue from sale of attribute 2b10e945dae5434075c8bb2be0d17325,float,numeric,2b10e945dae5434075c8bb2be0d17325,unassigned,none
2b2cde418c199f2ad971a7511cac11c0,Weekly revenue from sale of attribute 2b2cde418c199f2ad971a7511cac11c0,float,numeric,2b2cde418c199f2ad971a7511cac11c0,unassigned,none
2b4609f8948be18874494203496bc318,Weekly revenue from sale of attribute 2b4609f8948be18874494203496bc318,float,numeric,2b4609f8948be18874494203496bc318,unassigned,none
2b6726ab177dc4ec000e5fcfc6926cf2,Weekly revenue from sale of attribute 2b6726ab177dc4ec000e5fcfc6926cf2,float,numeric,2b6726ab177dc4ec000e5fcfc6926cf2,unassigned,none
2b80699b25d49f30774b88420a36c55d,Weekly revenue from sale of attribute 2b80699b25d49f30774b88420a36c55d,float,numeric,2b80699b25d49f30774b88420a36c55d,unassigned,none
2b80e83f77008f81ae402882631eba97,Weekly revenue from sale of attribute 2b80e83f77008f81ae402882631eba97,float,numeric,2b80e83f77008f81ae402882631eba97,unassigned,none
2b8ac7ded4ff025f0bd9b02f5c9531ba,Weekly revenue from sale of attribute 2b8ac7ded4ff025f0bd9b02f5c9531ba,float,numeric,2b8ac7ded4ff025f0bd9b02f5c9531ba,unassigned,none
2bb3e85f2a403543fdb64e266e70c792,Weekly revenue from sale of attribute 2bb3e85f2a403543fdb64e266e70c792,float,numeric,2bb3e85f2a403543fdb64e266e70c792,unassigned,none
2be42830d259637be25f3290e0495f5d,Weekly revenue from sale of attribute 2be42830d259637be25f3290e0495f5d,float,numeric,2be42830d259637be25f3290e0495f5d,unassigned,none
2bf5f3d61f1d45798de07f4edf31dbb5,Weekly revenue from sale of attribute 2bf5f3d61f1d45798de07f4edf31dbb5,float,numeric,2bf5f3d61f1d45798de07f4edf31dbb5,unassigned,none
2c715979f8471e42e0daeeb855f04f9c,Weekly revenue from sale of attribute 2c715979f8471e42e0daeeb855f04f9c,float,numeric,2c715979f8471e42e0daeeb855f04f9c,unassigned,none
2ca49532371b32e19b3db0809a52ab25,Weekly revenue from sale of attribute 2ca49532371b32e19b3db0809a52ab25,float,numeric,2ca49532371b32e19b3db0809a52ab25,unassigned,none
2ccd049c8e7ea210e079a1aa8ad92477,Weekly revenue from sale of attribute 2ccd049c8e7ea210e079a1aa8ad92477,float,numeric,2ccd049c8e7ea210e079a1aa8ad92477,unassigned,none
2cd4861a56a6f98288e0281e47f4b1d5,Weekly revenue from sale of attribute 2cd4861a56a6f98288e0281e47f4b1d5,float,numeric,2cd4861a56a6f98288e0281e47f4b1d5,unassigned,none
2ced45a3059cbb128a8b8b6508809746,Weekly revenue from sale of attribute 2ced45a3059cbb128a8b8b6508809746,float,numeric,2ced45a3059cbb128a8b8b6508809746,unassigned,none
2cfd372900c7c65e4c4ed2ccf7a1cfd4,Weekly revenue from sale of attribute 2cfd372900c7c65e4c4ed2ccf7a1cfd4,float,numeric,2cfd372900c7c65e4c4ed2ccf7a1cfd4,unassigned,none
2d00c3b37b984686777190e2e6e0a7b6,Weekly revenue from sale of attribute 2d00c3b37b984686777190e2e6e0a7b6,float,numeric,2d00c3b37b984686777190e2e6e0a7b6,unassigned,none
2d063994ae4667cff3d6841e9d441d1d,Weekly revenue from sale of attribute 2d063994ae4667cff3d6841e9d441d1d,float,numeric,2d063994ae4667cff3d6841e9d441d1d,unassigned,none
2d0756de18a80990e11ec355070dd85a,Weekly revenue from sale of attribute 2d0756de18a80990e11ec355070dd85a,float,numeric,2d0756de18a80990e11ec355070dd85a,unassigned,none
2d07cb5238b8e2ba12a4b2ac8b6f100a,Weekly revenue from sale of attribute 2d07cb5238b8e2ba12a4b2ac8b6f100a,float,numeric,2d07cb5238b8e2ba12a4b2ac8b6f100a,unassigned,none
2d2600c283c0c1af0528fd84c14a2c28,Weekly revenue from sale of attribute 2d2600c283c0c1af0528fd84c14a2c28,float,numeric,2d2600c283c0c1af0528fd84c14a2c28,unassigned,none
2d4a0901f4f1829bd4f4affbb142ce4b,Weekly revenue from sale of attribute 2d4a0901f4f1829bd4f4affbb142ce4b,float,numeric,2d4a0901f4f1829bd4f4affbb142ce4b,unassigned,none
2d4d78eecba060a7127c5f6a21cdb0c7,Weekly revenue from sale of attribute 2d4d78eecba060a7127c5f6a21cdb0c7,float,numeric,2d4d78eecba060a7127c5f6a21cdb0c7,unassigned,none
2d5bb6fc16b9fb75539ddcd93de86aa4,Weekly revenue from sale of attribute 2d5bb6fc16b9fb75539ddcd93de86aa4,float,numeric,2d5bb6fc16b9fb75539ddcd93de86aa4,unassigned,none
2d677673c369b1d62187bc49ab3e9331,Weekly revenue from sale of attribute 2d677673c369b1d62187bc49ab3e9331,float,numeric,2d677673c369b1d62187bc49ab3e9331,unassigned,none
2dbb8a778d6cdc850691e7e18eea06ba,Weekly revenue from sale of attribute 2dbb8a778d6cdc850691e7e18eea06ba,float,numeric,2dbb8a778d6cdc850691e7e18eea06ba,unassigned,none
2dcff90bd6ccaf271aeed159a91f2958,Weekly revenue from sale of attribute 2dcff90bd6ccaf271aeed159a91f2958,float,numeric,2dcff90bd6ccaf271aeed159a91f2958,unassigned,none
2e0d7a0a2e12fb5ff71b53c36e0ccb1a,Weekly revenue from sale of attribute 2e0d7a0a2e12fb5ff71b53c36e0ccb1a,float,numeric,2e0d7a0a2e12fb5ff71b53c36e0ccb1a,unassigned,none
2e1dac7e67aeeeb635f3214858b39184,Weekly revenue from sale of attribute 2e1dac7e67aeeeb635f3214858b39184,float,numeric,2e1dac7e67aeeeb635f3214858b39184,unassigned,none
2e4bf3f09064f2b5f34d12924fc634b3,Weekly revenue from sale of attribute 2e4bf3f09064f2b5f34d12924fc634b3,float,numeric,2e4bf3f09064f2b5f34d12924fc634b3,unassigned,none
2e58d459f2a674ee7b0d3d1336712acb,Weekly revenue from sale of attribute 2e58d459f2a674ee7b0d3d1336712acb,float,numeric,2e58d459f2a674ee7b0d3d1336712acb,unassigned,none
2e690251b259bda3d61476c67d7b70a3,Weekly revenue from sale of attribute 2e690251b259bda3d61476c67d7b70a3,float,numeric,2e690251b259bda3d61476c67d7b70a3,unassigned,none
2ea92fab7565c4fe9f91a5e4e1756258,Weekly revenue from sale of attribute 2ea92fab7565c4fe9f91a5e4e1756258,float,numeric,2ea92fab7565c4fe9f91a5e4e1756258,unassigned,none
2eb9b2ef7c1da3c7b99702452ea4729f,Weekly revenue from sale of attribute 2eb9b2ef7c1da3c7b99702452ea4729f,float,numeric,2eb9b2ef7c1da3c7b99702452ea4729f,unassigned,none
2f02a124a827f65bfcc0baf443dad405,Weekly revenue from sale of attribute 2f02a124a827f65bfcc0baf443dad405,float,numeric,2f02a124a827f65bfcc0baf443dad405,unassigned,none
2f178dc91b792930e1ff40a77a123506,Weekly revenue from sale of attribute 2f178dc91b792930e1ff40a77a123506,float,numeric,2f178dc91b792930e1ff40a77a123506,unassigned,none
2fa5da96109ea94cc9fb50cc589ed65e,Weekly revenue from sale of attribute 2fa5da96109ea94cc9fb50cc589ed65e,float,numeric,2fa5da96109ea94cc9fb50cc589ed65e,unassigned,none
2fd91ba79b5f4f8342b67bd79cb54b3f,Weekly revenue from sale of attribute 2fd91ba79b5f4f8342b67bd79cb54b3f,float,numeric,2fd91ba79b5f4f8342b67bd79cb54b3f,unassigned,none
2ffb8b836bb62d53a77a69a67814fffa,Weekly revenue from sale of attribute 2ffb8b836bb62d53a77a69a67814fffa,float,numeric,2ffb8b836bb62d53a77a69a67814fffa,unassigned,none
2ffdf10e724b958c0f7ea69e97d32f64,Weekly revenue from sale of attribute 2ffdf10e724b958c0f7ea69e97d32f64,float,numeric,2ffdf10e724b958c0f7ea69e97d32f64,unassigned,none
30048c2138eb22aebd13d31c07ba226b,Weekly revenue from sale of attribute 30048c2138eb22aebd13d31c07ba226b,float,numeric,30048c2138eb22aebd13d31c07ba226b,unassigned,none
3006b8f5b476750a03137c1b2755cea1,Weekly revenue from sale of attribute 3006b8f5b476750a03137c1b2755cea1,float,numeric,3006b8f5b476750a03137c1b2755cea1,unassigned,none
304104a478e3a605db6072a22e4ee228,Weekly revenue from sale of attribute 304104a478e3a605db6072a22e4ee228,float,numeric,304104a478e3a605db6072a22e4ee228,unassigned,none
30469bb5ea377eae7121981e2f0778e4,Weekly revenue from sale of attribute 30469bb5ea377eae7121981e2f0778e4,float,numeric,30469bb5ea377eae7121981e2f0778e4,unassigned,none
305edcc7b46afd87ca6979ed0409fb09,Weekly revenue from sale of attribute 305edcc7b46afd87ca6979ed0409fb09,float,numeric,305edcc7b46afd87ca6979ed0409fb09,unassigned,none
30a70759c34dd4a29c5596778a0eb116,Weekly revenue from sale of attribute 30a70759c34dd4a29c5596778a0eb116,float,numeric,30a70759c34dd4a29c5596778a0eb116,unassigned,none
30ccf4724f5227265f837e9ba0246278,Weekly revenue from sale of attribute 30ccf4724f5227265f837e9ba0246278,float,numeric,30ccf4724f5227265f837e9ba0246278,unassigned,none
30de9bc2bc110c6a584cacba9c17d88a,Weekly revenue from sale of attribute 30de9bc2bc110c6a584cacba9c17d88a,float,numeric,30de9bc2bc110c6a584cacba9c17d88a,unassigned,none
30fe9c818bb5746a839886f256329d5e,Weekly revenue from sale of attribute 30fe9c818bb5746a839886f256329d5e,float,numeric,30fe9c818bb5746a839886f256329d5e,unassigned,none
31639956e7fac87ecfd9d608040638bd,Weekly revenue from sale of attribute 31639956e7fac87ecfd9d608040638bd,float,numeric,31639956e7fac87ecfd9d608040638bd,unassigned,none
31993e6d68c0849b3547d2ca6b573a94,Weekly revenue from sale of attribute 31993e6d68c0849b3547d2ca6b573a94,float,numeric,31993e6d68c0849b3547d2ca6b573a94,unassigned,none
31a2f42a87890f87d77daebdfabc182e,Weekly revenue from sale of attribute 31a2f42a87890f87d77daebdfabc182e,float,numeric,31a2f42a87890f87d77daebdfabc182e,unassigned,none
31a3ac2bdbd4af5074e25c5e92ca71ab,Weekly revenue from sale of attribute 31a3ac2bdbd4af5074e25c5e92ca71ab,float,numeric,31a3ac2bdbd4af5074e25c5e92ca71ab,unassigned,none
31a4e43f70b04f64268d63fd9193a8d5,Weekly revenue from sale of attribute 31a4e43f70b04f64268d63fd9193a8d5,float,numeric,31a4e43f70b04f64268d63fd9193a8d5,unassigned,none
31a550e5405c2f75ecd052b2106f1330,Weekly revenue from sale of attribute 31a550e5405c2f75ecd052b2106f1330,float,numeric,31a550e5405c2f75ecd052b2106f1330,unassigned,none
31a7ed5ff9d9645208e0f84d92f82581,Weekly revenue from sale of attribute 31a7ed5ff9d9645208e0f84d92f82581,float,numeric,31a7ed5ff9d9645208e0f84d92f82581,unassigned,none
31b69c5458a15ce93c1f3b25276514d9,Weekly revenue from sale of attribute 31b69c5458a15ce93c1f3b25276514d9,float,numeric,31b69c5458a15ce93c1f3b25276514d9,unassigned,none
31d976f5306d3408e3d41d670343495f,Weekly revenue from sale of attribute 31d976f5306d3408e3d41d670343495f,float,numeric,31d976f5306d3408e3d41d670343495f,unassigned,none
31fa8a1e88207a7ca942495d88e590c2,Weekly revenue from sale of attribute 31fa8a1e88207a7ca942495d88e590c2,float,numeric,31fa8a1e88207a7ca942495d88e590c2,unassigned,none
321c788deb64e03c83312213e1ddc6f4,Weekly revenue from sale of attribute 321c788deb64e03c83312213e1ddc6f4,float,numeric,321c788deb64e03c83312213e1ddc6f4,unassigned,none
32252579a719da7dd2ee115f07dfd03b,Weekly revenue from sale of attribute 32252579a719da7dd2ee115f07dfd03b,float,numeric,32252579a719da7dd2ee115f07dfd03b,unassigned,none
3225c54bb2785c33f49f50398fcdb88c,Weekly revenue from sale of attribute 3225c54bb2785c33f49f50398fcdb88c,float,numeric,3225c54bb2785c33f49f50398fcdb88c,unassigned,none
32aeecc02aa5adcb7f75155a80a47836,Weekly revenue from sale of attribute 32aeecc02aa5adcb7f75155a80a47836,float,numeric,32aeecc02aa5adcb7f75155a80a47836,unassigned,none
32b2a45c7698faf599ad250c65f6f633,Weekly revenue from sale of attribute 32b2a45c7698faf599ad250c65f6f633,float,numeric,32b2a45c7698faf599ad250c65f6f633,unassigned,none
32e390b4e48d09326cac6e93679160aa,Weekly revenue from sale of attribute 32e390b4e48d09326cac6e93679160aa,float,numeric,32e390b4e48d09326cac6e93679160aa,unassigned,none
3311083d8969d344413da8ed6f8e0195,Weekly revenue from sale of attribute 3311083d8969d344413da8ed6f8e0195,float,numeric,3311083d8969d344413da8ed6f8e0195,unassigned,none
33202a8e7a645388c41ed714203d7131,Weekly revenue from sale of attribute 33202a8e7a645388c41ed714203d7131,float,numeric,33202a8e7a645388c41ed714203d7131,unassigned,none
3321ad579f19476d0d668f726f8dffec,Weekly revenue from sale of attribute 3321ad579f19476d0d668f726f8dffec,float,numeric,3321ad579f19476d0d668f726f8dffec,unassigned,none
3344f3ccc35b04b81d8cc2aefabcbcdd,Weekly revenue from sale of attribute 3344f3ccc35b04b81d8cc2aefabcbcdd,float,numeric,3344f3ccc35b04b81d8cc2aefabcbcdd,unassigned,none
33506b5bbfffb69d787a9ecaa1222a5a,Weekly revenue from sale of attribute 33506b5bbfffb69d787a9ecaa1222a5a,float,numeric,33506b5bbfffb69d787a9ecaa1222a5a,unassigned,none
335869ee35680c410f30db87ecdc83a3,Weekly revenue from sale of attribute 335869ee35680c410f30db87ecdc83a3,float,numeric,335869ee35680c410f30db87ecdc83a3,unassigned,none
336cfb12a5468070795ae4c964f4ce47,Weekly revenue from sale of attribute 336cfb12a5468070795ae4c964f4ce47,float,numeric,336cfb12a5468070795ae4c964f4ce47,unassigned,none
338925450cde31710e3fd65b8bac0b1f,Weekly revenue from sale of attribute 338925450cde31710e3fd65b8bac0b1f,float,numeric,338925450cde31710e3fd65b8bac0b1f,unassigned,none
33fac76e7f17367dedaef7954bbb33b4,Weekly revenue from sale of attribute 33fac76e7f17367dedaef7954bbb33b4,float,numeric,33fac76e7f17367dedaef7954bbb33b4,unassigned,none
33fca9d59532dd4c191217a979346ab9,Weekly revenue from sale of attribute 33fca9d59532dd4c191217a979346ab9,float,numeric,33fca9d59532dd4c191217a979346ab9,unassigned,none
3429d7e4892a2df967fae671f4c98deb,Weekly revenue from sale of attribute 3429d7e4892a2df967fae671f4c98deb,float,numeric,3429d7e4892a2df967fae671f4c98deb,unassigned,none
3458b4c1fcbe46e2eedb48e00960a60e,Weekly revenue from sale of attribute 3458b4c1fcbe46e2eedb48e00960a60e,float,numeric,3458b4c1fcbe46e2eedb48e00960a60e,unassigned,none
34742604f6cd1e891726b849b6890f81,Weekly revenue from sale of attribute 34742604f6cd1e891726b849b6890f81,float,numeric,34742604f6cd1e891726b849b6890f81,unassigned,none
34b61264ecf24043cc09e6f4dbf6c0f4,Weekly revenue from sale of attribute 34b61264ecf24043cc09e6f4dbf6c0f4,float,numeric,34b61264ecf24043cc09e6f4dbf6c0f4,unassigned,none
34d6306314a47fe15c1efdbc23302020,Weekly revenue from sale of attribute 34d6306314a47fe15c1efdbc23302020,float,numeric,34d6306314a47fe15c1efdbc23302020,unassigned,none
34dabb8af33b3756cf72df05fb327011,Weekly revenue from sale of attribute 34dabb8af33b3756cf72df05fb327011,float,numeric,34dabb8af33b3756cf72df05fb327011,unassigned,none
34f1d812e50cac90f35094208c67cc8b,Weekly revenue from sale of attribute 34f1d812e50cac90f35094208c67cc8b,float,numeric,34f1d812e50cac90f35094208c67cc8b,unassigned,none
351358ab05b8025c4314bcf20f851701,Weekly revenue from sale of attribute 351358ab05b8025c4314bcf20f851701,float,numeric,351358ab05b8025c4314bcf20f851701,unassigned,none
3516632e8f52b679ff83d1665ecc990e,Weekly revenue from sale of attribute 3516632e8f52b679ff83d1665ecc990e,float,numeric,3516632e8f52b679ff83d1665ecc990e,unassigned,none
35559c3265789453c74498644a9f8d6b,Weekly revenue from sale of attribute 35559c3265789453c74498644a9f8d6b,float,numeric,35559c3265789453c74498644a9f8d6b,unassigned,none
35afc973633aaeb6b877ff57b2793310,Weekly revenue from sale of attribute 35afc973633aaeb6b877ff57b2793310,float,numeric,35afc973633aaeb6b877ff57b2793310,unassigned,none
35b265fd684b08f6f780239bf05a390b,Weekly revenue from sale of attribute 35b265fd684b08f6f780239bf05a390b,float,numeric,35b265fd684b08f6f780239bf05a390b,unassigned,none
35bc6c77029697004675d3a2ce505916,Weekly revenue from sale of attribute 35bc6c77029697004675d3a2ce505916,float,numeric,35bc6c77029697004675d3a2ce505916,unassigned,none
35f2f253dd0f52362515bb0394741a84,Weekly revenue from sale of attribute 35f2f253dd0f52362515bb0394741a84,float,numeric,35f2f253dd0f52362515bb0394741a84,unassigned,none
360b0e7b004a03e0e766981afc68c069,Weekly revenue from sale of attribute 360b0e7b004a03e0e766981afc68c069,float,numeric,360b0e7b004a03e0e766981afc68c069,unassigned,none
36174802c8879b643cefc0511e7f06ed,Weekly revenue from sale of attribute 36174802c8879b643cefc0511e7f06ed,float,numeric,36174802c8879b643cefc0511e7f06ed,unassigned,none
362052fcdf7c9e3596a0a6c97536cdc3,Weekly revenue from sale of attribute 362052fcdf7c9e3596a0a6c97536cdc3,float,numeric,362052fcdf7c9e3596a0a6c97536cdc3,unassigned,none
362b773250263786dd58670d2df42c3b,Weekly revenue from sale of attribute 362b773250263786dd58670d2df42c3b,float,numeric,362b773250263786dd58670d2df42c3b,unassigned,none
362fe881d98a8832ec0152f279f8577c,Weekly revenue from sale of attribute 362fe881d98a8832ec0152f279f8577c,float,numeric,362fe881d98a8832ec0152f279f8577c,unassigned,none
363218ba55c610b750224f90bdd34be1,Weekly revenue from sale of attribute 363218ba55c610b750224f90bdd34be1,float,numeric,363218ba55c610b750224f90bdd34be1,unassigned,none
365ddcacd1174891f2b0b6820a7a4fae,Weekly revenue from sale of attribute 365ddcacd1174891f2b0b6820a7a4fae,float,numeric,365ddcacd1174891f2b0b6820a7a4fae,unassigned,none
368c6c730842d78016ad823897a372db,Weekly revenue from sale of attribute 368c6c730842d78016ad823897a372db,float,numeric,368c6c730842d78016ad823897a372db,unassigned,none
36908dfc3aabeafc9039dc2365586c0e,Weekly revenue from sale of attribute 36908dfc3aabeafc9039dc2365586c0e,float,numeric,36908dfc3aabeafc9039dc2365586c0e,unassigned,none
36c2fb4fa746273709c373f6d6ec6796,Weekly revenue from sale of attribute 36c2fb4fa746273709c373f6d6ec6796,float,numeric,36c2fb4fa746273709c373f6d6ec6796,unassigned,none
36f60d45225e60c7da4558b070ce4b60,Weekly revenue from sale of attribute 36f60d45225e60c7da4558b070ce4b60,float,numeric,36f60d45225e60c7da4558b070ce4b60,unassigned,none
3713f19c71c4be21ced80738e2fa49bc,Weekly revenue from sale of attribute 3713f19c71c4be21ced80738e2fa49bc,float,numeric,3713f19c71c4be21ced80738e2fa49bc,unassigned,none
37246960437c4a40a03c40f0ea2e957c,Weekly revenue from sale of attribute 37246960437c4a40a03c40f0ea2e957c,float,numeric,37246960437c4a40a03c40f0ea2e957c,unassigned,none
372645c7439f9661fbbacfd129aa92ec,Weekly revenue from sale of attribute 372645c7439f9661fbbacfd129aa92ec,float,numeric,372645c7439f9661fbbacfd129aa92ec,unassigned,none
3758055ab2434bd36ac78e00b15b5cf6,Weekly revenue from sale of attribute 3758055ab2434bd36ac78e00b15b5cf6,float,numeric,3758055ab2434bd36ac78e00b15b5cf6,unassigned,none
37b99aa22bbac19b2a4afc4b2a958a53,Weekly revenue from sale of attribute 37b99aa22bbac19b2a4afc4b2a958a53,float,numeric,37b99aa22bbac19b2a4afc4b2a958a53,unassigned,none
37ca4ae4320cdda8a0ef625049f4cb88,Weekly revenue from sale of attribute 37ca4ae4320cdda8a0ef625049f4cb88,float,numeric,37ca4ae4320cdda8a0ef625049f4cb88,unassigned,none
380b4664ba5bb18cc9db78ee6bac3558,Weekly revenue from sale of attribute 380b4664ba5bb18cc9db78ee6bac3558,float,numeric,380b4664ba5bb18cc9db78ee6bac3558,unassigned,none
382132cf96c88a277a65226833af5f61,Weekly revenue from sale of attribute 382132cf96c88a277a65226833af5f61,float,numeric,382132cf96c88a277a65226833af5f61,unassigned,none
382db2ed3015c04d4b844d2a0712494c,Weekly revenue from sale of attribute 382db2ed3015c04d4b844d2a0712494c,float,numeric,382db2ed3015c04d4b844d2a0712494c,unassigned,none
3831462c36ead78cff9e8fb704dbb879,Weekly revenue from sale of attribute 3831462c36ead78cff9e8fb704dbb879,float,numeric,3831462c36ead78cff9e8fb704dbb879,unassigned,none
38327e062df5eb11f9ff87b586df0fd4,Weekly revenue from sale of attribute 38327e062df5eb11f9ff87b586df0fd4,float,numeric,38327e062df5eb11f9ff87b586df0fd4,unassigned,none
386486367c1f9d4f587a8864ccb6902b,Weekly revenue from sale of attribute 386486367c1f9d4f587a8864ccb6902b,float,numeric,386486367c1f9d4f587a8864ccb6902b,unassigned,none
386eebb43722ab502f04f7900bd2451b,Weekly revenue from sale of attribute 386eebb43722ab502f04f7900bd2451b,float,numeric,386eebb43722ab502f04f7900bd2451b,unassigned,none
3879913e3a462abe3be99c14310898b5,Weekly revenue from sale of attribute 3879913e3a462abe3be99c14310898b5,float,numeric,3879913e3a462abe3be99c14310898b5,unassigned,none
3880d25d502b15b1de6fddc42ad1d67a,Weekly revenue from sale of attribute 3880d25d502b15b1de6fddc42ad1d67a,float,numeric,3880d25d502b15b1de6fddc42ad1d67a,unassigned,none
388404eabf1c32aa6fc51105ce5220d7,Weekly revenue from sale of attribute 388404eabf1c32aa6fc51105ce5220d7,float,numeric,388404eabf1c32aa6fc51105ce5220d7,unassigned,none
38947803f4effe2c45539bd71b509529,Weekly revenue from sale of attribute 38947803f4effe2c45539bd71b509529,float,numeric,38947803f4effe2c45539bd71b509529,unassigned,none
389d119b48cf3043d311335e499d9c6b,Weekly revenue from sale of attribute 389d119b48cf3043d311335e499d9c6b,float,numeric,389d119b48cf3043d311335e499d9c6b,unassigned,none
38afdf723b95d455b418a0f57d623c6b,Weekly revenue from sale of attribute 38afdf723b95d455b418a0f57d623c6b,float,numeric,38afdf723b95d455b418a0f57d623c6b,unassigned,none
38c56c5c5b16958d95bf8254498ad555,Weekly revenue from sale of attribute 38c56c5c5b16958d95bf8254498ad555,float,numeric,38c56c5c5b16958d95bf8254498ad555,unassigned,none
38dcb9ae53c258cfba73583f9454d721,Weekly revenue from sale of attribute 38dcb9ae53c258cfba73583f9454d721,float,numeric,38dcb9ae53c258cfba73583f9454d721,unassigned,none
38ebfc282f610c4b8c8950b634db74e2,Weekly revenue from sale of attribute 38ebfc282f610c4b8c8950b634db74e2,float,numeric,38ebfc282f610c4b8c8950b634db74e2,unassigned,none
38f3677364ecf032090b33915b155161,Weekly revenue from sale of attribute 38f3677364ecf032090b33915b155161,float,numeric,38f3677364ecf032090b33915b155161,unassigned,none
38faaf77a4cd4dfb50ea8512e66285b0,Weekly revenue from sale of attribute 38faaf77a4cd4dfb50ea8512e66285b0,float,numeric,38faaf77a4cd4dfb50ea8512e66285b0,unassigned,none
391a014a66920fa0ce468319264e0232,Weekly revenue from sale of attribute 391a014a66920fa0ce468319264e0232,float,numeric,391a014a66920fa0ce468319264e0232,unassigned,none
392751de4e1e7a915ac4d838c3124f6d,Weekly revenue from sale of attribute 392751de4e1e7a915ac4d838c3124f6d,float,numeric,392751de4e1e7a915ac4d838c3124f6d,unassigned,none
39342c8e5e512bb1757779a3821a450f,Weekly revenue from sale of attribute 39342c8e5e512bb1757779a3821a450f,float,numeric,39342c8e5e512bb1757779a3821a450f,unassigned,none
39b5afc4814b4e72b2bfe4f4806aac25,Weekly revenue from sale of attribute 39b5afc4814b4e72b2bfe4f4806aac25,float,numeric,39b5afc4814b4e72b2bfe4f4806aac25,unassigned,none
3a0016b5206c460ba3c5987018fea822,Weekly revenue from sale of attribute 3a0016b5206c460ba3c5987018fea822,float,numeric,3a0016b5206c460ba3c5987018fea822,unassigned,none
3a05a947f28cf46d789adedc107d7595,Weekly revenue from sale of attribute 3a05a947f28cf46d789adedc107d7595,float,numeric,3a05a947f28cf46d789adedc107d7595,unassigned,none
3a135477bf41350a0b1d8afdf616d446,Weekly revenue from sale of attribute 3a135477bf41350a0b1d8afdf616d446,float,numeric,3a135477bf41350a0b1d8afdf616d446,unassigned,none
3a264b078bf20e98f315ff65c23fa263,Weekly revenue from sale of attribute 3a264b078bf20e98f315ff65c23fa263,float,numeric,3a264b078bf20e98f315ff65c23fa263,unassigned,none
3a7553224e54d216c4a65c85f2d04deb,Weekly revenue from sale of attribute 3a7553224e54d216c4a65c85f2d04deb,float,numeric,3a7553224e54d216c4a65c85f2d04deb,unassigned,none
3a7c9b0413d7b9cc7f4a18318fc5afb3,Weekly revenue from sale of attribute 3a7c9b0413d7b9cc7f4a18318fc5afb3,float,numeric,3a7c9b0413d7b9cc7f4a18318fc5afb3,unassigned,none
3aa3fb2fdb16c7383879e48a574fc8ab,Weekly revenue from sale of attribute 3aa3fb2fdb16c7383879e48a574fc8ab,float,numeric,3aa3fb2fdb16c7383879e48a574fc8ab,unassigned,none
3ab181ea2f9cc4be74bad27ef8a03492,Weekly revenue from sale of attribute 3ab181ea2f9cc4be74bad27ef8a03492,float,numeric,3ab181ea2f9cc4be74bad27ef8a03492,unassigned,none
3ae28b124972bb81eddcb644cd284be9,Weekly revenue from sale of attribute 3ae28b124972bb81eddcb644cd284be9,float,numeric,3ae28b124972bb81eddcb644cd284be9,unassigned,none
3b04dbc12a3fcaa8402b8dd2b3a909d7,Weekly revenue from sale of attribute 3b04dbc12a3fcaa8402b8dd2b3a909d7,float,numeric,3b04dbc12a3fcaa8402b8dd2b3a909d7,unassigned,none
3b3c3503539e7f917eb57a8d4bfa69f0,Weekly revenue from sale of attribute 3b3c3503539e7f917eb57a8d4bfa69f0,float,numeric,3b3c3503539e7f917eb57a8d4bfa69f0,unassigned,none
3b473a6b1c280e0345e876648a61a032,Weekly revenue from sale of attribute 3b473a6b1c280e0345e876648a61a032,float,numeric,3b473a6b1c280e0345e876648a61a032,unassigned,none
3b7929cc079c14493fb6fb3373dbc1e1,Weekly revenue from sale of attribute 3b7929cc079c14493fb6fb3373dbc1e1,float,numeric,3b7929cc079c14493fb6fb3373dbc1e1,unassigned,none
3ba2b0de14984ce8f072c58be8d701dd,Weekly revenue from sale of attribute 3ba2b0de14984ce8f072c58be8d701dd,float,numeric,3ba2b0de14984ce8f072c58be8d701dd,unassigned,none
3bbacbe586e957acbf26c63b3ed532a3,Weekly revenue from sale of attribute 3bbacbe586e957acbf26c63b3ed532a3,float,numeric,3bbacbe586e957acbf26c63b3ed532a3,unassigned,none
3bdc89e963c6651b8af38ede485cc82b,Weekly revenue from sale of attribute 3bdc89e963c6651b8af38ede485cc82b,float,numeric,3bdc89e963c6651b8af38ede485cc82b,unassigned,none
3bf87d2001b8176e6a3ad804b80774b4,Weekly revenue from sale of attribute 3bf87d2001b8176e6a3ad804b80774b4,float,numeric,3bf87d2001b8176e6a3ad804b80774b4,unassigned,none
3bf95cf337a8c87435a2949c48350fc7,Weekly revenue from sale of attribute 3bf95cf337a8c87435a2949c48350fc7,float,numeric,3bf95cf337a8c87435a2949c48350fc7,unassigned,none
3c0c5eee30aef7a844410f1d1397b620,Weekly revenue from sale of attribute 3c0c5eee30aef7a844410f1d1397b620,float,numeric,3c0c5eee30aef7a844410f1d1397b620,unassigned,none
3c169334e3cd4e710ef729a014d38b2a,Weekly revenue from sale of attribute 3c169334e3cd4e710ef729a014d38b2a,float,numeric,3c169334e3cd4e710ef729a014d38b2a,unassigned,none
3c79a7c125a368407bd03f3d8b0c4d25,Weekly revenue from sale of attribute 3c79a7c125a368407bd03f3d8b0c4d25,float,numeric,3c79a7c125a368407bd03f3d8b0c4d25,unassigned,none
3cb3bb626c59ddde2c270b33131b356e,Weekly revenue from sale of attribute 3cb3bb626c59ddde2c270b33131b356e,float,numeric,3cb3bb626c59ddde2c270b33131b356e,unassigned,none
3cc52e01a315aba7f650574a3a256b1a,Weekly revenue from sale of attribute 3cc52e01a315aba7f650574a3a256b1a,float,numeric,3cc52e01a315aba7f650574a3a256b1a,unassigned,none
3cce0d166c3fb2507956c630c1d0f87c,Weekly revenue from sale of attribute 3cce0d166c3fb2507956c630c1d0f87c,float,numeric,3cce0d166c3fb2507956c630c1d0f87c,unassigned,none
3ce21e38e6a3060c20f4e74bdab770c8,Weekly revenue from sale of attribute 3ce21e38e6a3060c20f4e74bdab770c8,float,numeric,3ce21e38e6a3060c20f4e74bdab770c8,unassigned,none
3ce7358fb633d033a700464c6a82e0bb,Weekly revenue from sale of attribute 3ce7358fb633d033a700464c6a82e0bb,float,numeric,3ce7358fb633d033a700464c6a82e0bb,unassigned,none
3ce943997ff85cad84ec6770b35d6bcd,Weekly revenue from sale of attribute 3ce943997ff85cad84ec6770b35d6bcd,float,numeric,3ce943997ff85cad84ec6770b35d6bcd,unassigned,none
3cebb9158a3aa0b3f78ee0f934c9f032,Weekly revenue from sale of attribute 3cebb9158a3aa0b3f78ee0f934c9f032,float,numeric,3cebb9158a3aa0b3f78ee0f934c9f032,unassigned,none
3cf8d433fe3db3e76fcbf8197ad40b5b,Weekly revenue from sale of attribute 3cf8d433fe3db3e76fcbf8197ad40b5b,float,numeric,3cf8d433fe3db3e76fcbf8197ad40b5b,unassigned,none
3d0552899dbe2f89cff6197aab33fe99,Weekly revenue from sale of attribute 3d0552899dbe2f89cff6197aab33fe99,float,numeric,3d0552899dbe2f89cff6197aab33fe99,unassigned,none
3d36ef6c6d553500f4240920658689e3,Weekly revenue from sale of attribute 3d36ef6c6d553500f4240920658689e3,float,numeric,3d36ef6c6d553500f4240920658689e3,unassigned,none
3d77287739b6bf1ac163ce2d77570ada,Weekly revenue from sale of attribute 3d77287739b6bf1ac163ce2d77570ada,float,numeric,3d77287739b6bf1ac163ce2d77570ada,unassigned,none
3dacb3ae011b40803a508b23392e15a0,Weekly revenue from sale of attribute 3dacb3ae011b40803a508b23392e15a0,float,numeric,3dacb3ae011b40803a508b23392e15a0,unassigned,none
3db5b7214a98ceddbe12ed6c0d3d04b2,Weekly revenue from sale of attribute 3db5b7214a98ceddbe12ed6c0d3d04b2,float,numeric,3db5b7214a98ceddbe12ed6c0d3d04b2,unassigned,none
3db75f31b76375c502f64d550dcd1166,Weekly revenue from sale of attribute 3db75f31b76375c502f64d550dcd1166,float,numeric,3db75f31b76375c502f64d550dcd1166,unassigned,none
3dbb89b55f4afdbd3e4230295a4cdfd1,Weekly revenue from sale of attribute 3dbb89b55f4afdbd3e4230295a4cdfd1,float,numeric,3dbb89b55f4afdbd3e4230295a4cdfd1,unassigned,none
3de88091a3ed3699a8e32f77898c6368,Weekly revenue from sale of attribute 3de88091a3ed3699a8e32f77898c6368,float,numeric,3de88091a3ed3699a8e32f77898c6368,unassigned,none
3e0bc37e01b5c85e125dbaef7cc3f0ad,Weekly revenue from sale of attribute 3e0bc37e01b5c85e125dbaef7cc3f0ad,float,numeric,3e0bc37e01b5c85e125dbaef7cc3f0ad,unassigned,none
3e0da944edda889e1287894ad28d9ed0,Weekly revenue from sale of attribute 3e0da944edda889e1287894ad28d9ed0,float,numeric,3e0da944edda889e1287894ad28d9ed0,unassigned,none
3e224d87f9ed6e9ac1b36889371dfe49,Weekly revenue from sale of attribute 3e224d87f9ed6e9ac1b36889371dfe49,float,numeric,3e224d87f9ed6e9ac1b36889371dfe49,unassigned,none
3e4176d545618ed02f382a3057de32b4,Weekly revenue from sale of attribute 3e4176d545618ed02f382a3057de32b4,float,numeric,3e4176d545618ed02f382a3057de32b4,unassigned,none
3e442d09f9dfef002aadf31960869f65,Weekly revenue from sale of attribute 3e442d09f9dfef002aadf31960869f65,float,numeric,3e442d09f9dfef002aadf31960869f65,unassigned,none
3e49ed0eb3b0fd7c15032a2e250d43d5,Weekly revenue from sale of attribute 3e49ed0eb3b0fd7c15032a2e250d43d5,float,numeric,3e49ed0eb3b0fd7c15032a2e250d43d5,unassigned,none
3e5201fe0d1ba474d9b90152c83c706c,Weekly revenue from sale of attribute 3e5201fe0d1ba474d9b90152c83c706c,float,numeric,3e5201fe0d1ba474d9b90152c83c706c,unassigned,none
3ec2984cb2de1675a0306bfc60dbe5a5,Weekly revenue from sale of attribute 3ec2984cb2de1675a0306bfc60dbe5a5,float,numeric,3ec2984cb2de1675a0306bfc60dbe5a5,unassigned,none
3ece0f08943c87ee3e0f6bfb045250f3,Weekly revenue from sale of attribute 3ece0f08943c87ee3e0f6bfb045250f3,float,numeric,3ece0f08943c87ee3e0f6bfb045250f3,unassigned,none
3ecf69ee1fe21cfd40b30cbea549e563,Weekly revenue from sale of attribute 3ecf69ee1fe21cfd40b30cbea549e563,float,numeric,3ecf69ee1fe21cfd40b30cbea549e563,unassigned,none
3eee0fd6b877331481b1ca94b2c77319,Weekly revenue from sale of attribute 3eee0fd6b877331481b1ca94b2c77319,float,numeric,3eee0fd6b877331481b1ca94b2c77319,unassigned,none
3efd399c5d016b9e6a5ad3196eade44f,Weekly revenue from sale of attribute 3efd399c5d016b9e6a5ad3196eade44f,float,numeric,3efd399c5d016b9e6a5ad3196eade44f,unassigned,none
3efe696e322f9139e3d2b894cb1f7a09,Weekly revenue from sale of attribute 3efe696e322f9139e3d2b894cb1f7a09,float,numeric,3efe696e322f9139e3d2b894cb1f7a09,unassigned,none
3f246bac2dc05206d0d5b6c637c7008f,Weekly revenue from sale of attribute 3f246bac2dc05206d0d5b6c637c7008f,float,numeric,3f246bac2dc05206d0d5b6c637c7008f,unassigned,none
3f3bb9a9009cafb307bc91e3d8a507b9,Weekly revenue from sale of attribute 3f3bb9a9009cafb307bc91e3d8a507b9,float,numeric,3f3bb9a9009cafb307bc91e3d8a507b9,unassigned,none
3fadfe202fc3ad333cdd51870f1ddb03,Weekly revenue from sale of attribute 3fadfe202fc3ad333cdd51870f1ddb03,float,numeric,3fadfe202fc3ad333cdd51870f1ddb03,unassigned,none
3fc18e3aefe7b9346bd15de863fa0365,Weekly revenue from sale of attribute 3fc18e3aefe7b9346bd15de863fa0365,float,numeric,3fc18e3aefe7b9346bd15de863fa0365,unassigned,none
3fe46d73f7527ad59e36c21c3e783041,Weekly revenue from sale of attribute 3fe46d73f7527ad59e36c21c3e783041,float,numeric,3fe46d73f7527ad59e36c21c3e783041,unassigned,none
401b5632c06c51319df083f1245a96ca,Weekly revenue from sale of attribute 401b5632c06c51319df083f1245a96ca,float,numeric,401b5632c06c51319df083f1245a96ca,unassigned,none
4039be757013ccb66cb41d683261dece,Weekly revenue from sale of attribute 4039be757013ccb66cb41d683261dece,float,numeric,4039be757013ccb66cb41d683261dece,unassigned,none
404a57563d487aecbc2b1a01d9b89aab,Weekly revenue from sale of attribute 404a57563d487aecbc2b1a01d9b89aab,float,numeric,404a57563d487aecbc2b1a01d9b89aab,unassigned,none
40502372bedb2460eeac40ba20739e9e,Weekly revenue from sale of attribute 40502372bedb2460eeac40ba20739e9e,float,numeric,40502372bedb2460eeac40ba20739e9e,unassigned,none
4052517cac9e78357d895976124f6972,Weekly revenue from sale of attribute 4052517cac9e78357d895976124f6972,float,numeric,4052517cac9e78357d895976124f6972,unassigned,none
40c983ea11646454847fd43d5c817ffb,Weekly revenue from sale of attribute 40c983ea11646454847fd43d5c817ffb,float,numeric,40c983ea11646454847fd43d5c817ffb,unassigned,none
41347179516c8b9380040cf54274ff80,Weekly revenue from sale of attribute 41347179516c8b9380040cf54274ff80,float,numeric,41347179516c8b9380040cf54274ff80,unassigned,none
4148d4f36653927e8641a9d6afbfc5e2,Weekly revenue from sale of attribute 4148d4f36653927e8641a9d6afbfc5e2,float,numeric,4148d4f36653927e8641a9d6afbfc5e2,unassigned,none
4153a770f99ff52971af9c1d6beb422e,Weekly revenue from sale of attribute 4153a770f99ff52971af9c1d6beb422e,float,numeric,4153a770f99ff52971af9c1d6beb422e,unassigned,none
418d480693f2f01e9cf4568db0346d28,Weekly revenue from sale of attribute 418d480693f2f01e9cf4568db0346d28,float,numeric,418d480693f2f01e9cf4568db0346d28,unassigned,none
419538c5c0c21d892928586bee1ea16a,Weekly revenue from sale of attribute 419538c5c0c21d892928586bee1ea16a,float,numeric,419538c5c0c21d892928586bee1ea16a,unassigned,none
41cd333a4af5e36df81fc0b83ccf8e2d,Weekly revenue from sale of attribute 41cd333a4af5e36df81fc0b83ccf8e2d,float,numeric,41cd333a4af5e36df81fc0b83ccf8e2d,unassigned,none
41fe836a60674d3d25645e3698651f6b,Weekly revenue from sale of attribute 41fe836a60674d3d25645e3698651f6b,float,numeric,41fe836a60674d3d25645e3698651f6b,unassigned,none
420921e97463577fd5cc62c687d90bca,Weekly revenue from sale of attribute 420921e97463577fd5cc62c687d90bca,float,numeric,420921e97463577fd5cc62c687d90bca,unassigned,none
422879e10f46682990de24d770e7f83d,Weekly revenue from sale of attribute 422879e10f46682990de24d770e7f83d,float,numeric,422879e10f46682990de24d770e7f83d,unassigned,none
423a6644f0aa529e8828ff1f91003690,Weekly revenue from sale of attribute 423a6644f0aa529e8828ff1f91003690,float,numeric,423a6644f0aa529e8828ff1f91003690,unassigned,none
4256cf575577f02e6c98d452ad40fa63,Weekly revenue from sale of attribute 4256cf575577f02e6c98d452ad40fa63,float,numeric,4256cf575577f02e6c98d452ad40fa63,unassigned,none
425ca58a47a3eeb10c21c05ddf8d7a52,Weekly revenue from sale of attribute 425ca58a47a3eeb10c21c05ddf8d7a52,float,numeric,425ca58a47a3eeb10c21c05ddf8d7a52,unassigned,none
42749c525c90994bd3d4c74edf047172,Weekly revenue from sale of attribute 42749c525c90994bd3d4c74edf047172,float,numeric,42749c525c90994bd3d4c74edf047172,unassigned,none
4293865e4ead3d446609086b4cfedb4f,Weekly revenue from sale of attribute 4293865e4ead3d446609086b4cfedb4f,float,numeric,4293865e4ead3d446609086b4cfedb4f,unassigned,none
4298b7e67dc399c200662b569563a2b2,Weekly revenue from sale of attribute 4298b7e67dc399c200662b569563a2b2,float,numeric,4298b7e67dc399c200662b569563a2b2,unassigned,none
429e7401fafb76436f15e86498bd7364,Weekly revenue from sale of attribute 429e7401fafb76436f15e86498bd7364,float,numeric,429e7401fafb76436f15e86498bd7364,unassigned,none
42a2bd596fda1baef5719cb74f73030c,Weekly revenue from sale of attribute 42a2bd596fda1baef5719cb74f73030c,float,numeric,42a2bd596fda1baef5719cb74f73030c,unassigned,none
42a2c92a0979a949ca4ea89ec5c7b934,Weekly revenue from sale of attribute 42a2c92a0979a949ca4ea89ec5c7b934,float,numeric,42a2c92a0979a949ca4ea89ec5c7b934,unassigned,none
42b3cf00e662d57725bd2425b106563f,Weekly revenue from sale of attribute 42b3cf00e662d57725bd2425b106563f,float,numeric,42b3cf00e662d57725bd2425b106563f,unassigned,none
42c0e34ecbd01632df00dc96670c92a0,Weekly revenue from sale of attribute 42c0e34ecbd01632df00dc96670c92a0,float,numeric,42c0e34ecbd01632df00dc96670c92a0,unassigned,none
42e3fe954b8179e5a4fb431d40662419,Weekly revenue from sale of attribute 42e3fe954b8179e5a4fb431d40662419,float,numeric,42e3fe954b8179e5a4fb431d40662419,unassigned,none
42f25a7251d847a86c1849731bf166ff,Weekly revenue from sale of attribute 42f25a7251d847a86c1849731bf166ff,float,numeric,42f25a7251d847a86c1849731bf166ff,unassigned,none
4308439e0d80d5fe03f17ba83b57c493,Weekly revenue from sale of attribute 4308439e0d80d5fe03f17ba83b57c493,float,numeric,4308439e0d80d5fe03f17ba83b57c493,unassigned,none
430d215740da7fdda91cc938f8fd92f6,Weekly revenue from sale of attribute 430d215740da7fdda91cc938f8fd92f6,float,numeric,430d215740da7fdda91cc938f8fd92f6,unassigned,none
431d674f9a4fbd0957ecf6ba3fcb6899,Weekly revenue from sale of attribute 431d674f9a4fbd0957ecf6ba3fcb6899,float,numeric,431d674f9a4fbd0957ecf6ba3fcb6899,unassigned,none
431dc11c26a67c6a49e81cee84f35b28,Weekly revenue from sale of attribute 431dc11c26a67c6a49e81cee84f35b28,float,numeric,431dc11c26a67c6a49e81cee84f35b28,unassigned,none
43267ceb81c34b7d49decd624671ccfa,Weekly revenue from sale of attribute 43267ceb81c34b7d49decd624671ccfa,float,numeric,43267ceb81c34b7d49decd624671ccfa,unassigned,none
43423cdffde7fda63d0414ed38c11a73,Weekly revenue from sale of attribute 43423cdffde7fda63d0414ed38c11a73,float,numeric,43423cdffde7fda63d0414ed38c11a73,unassigned,none
437ae72c066abf24996b52549bbb6432,Weekly revenue from sale of attribute 437ae72c066abf24996b52549bbb6432,float,numeric,437ae72c066abf24996b52549bbb6432,unassigned,none
43944a8f8f0b7ae86b6c3d3c2f257375,Weekly revenue from sale of attribute 43944a8f8f0b7ae86b6c3d3c2f257375,float,numeric,43944a8f8f0b7ae86b6c3d3c2f257375,unassigned,none
43a24e051b37c8e88accdfdeecddb71b,Weekly revenue from sale of attribute 43a24e051b37c8e88accdfdeecddb71b,float,numeric,43a24e051b37c8e88accdfdeecddb71b,unassigned,none
43bce2c11df17f5e6e50fbb914fd13ea,Weekly revenue from sale of attribute 43bce2c11df17f5e6e50fbb914fd13ea,float,numeric,43bce2c11df17f5e6e50fbb914fd13ea,unassigned,none
43f88c8353708451babf9bcdd1fda92a,Weekly revenue from sale of attribute 43f88c8353708451babf9bcdd1fda92a,float,numeric,43f88c8353708451babf9bcdd1fda92a,unassigned,none
44053ed0088d0655ed338810cd2d4d51,Weekly revenue from sale of attribute 44053ed0088d0655ed338810cd2d4d51,float,numeric,44053ed0088d0655ed338810cd2d4d51,unassigned,none
440f5b159d6123c0f65eb1abb5373b99,Weekly revenue from sale of attribute 440f5b159d6123c0f65eb1abb5373b99,float,numeric,440f5b159d6123c0f65eb1abb5373b99,unassigned,none
4413a608a42bd21bbf9d5abbd58c249a,Weekly revenue from sale of attribute 4413a608a42bd21bbf9d5abbd58c249a,float,numeric,4413a608a42bd21bbf9d5abbd58c249a,unassigned,none
4419a003d42a243227478f2a949722d8,Weekly revenue from sale of attribute 4419a003d42a243227478f2a949722d8,float,numeric,4419a003d42a243227478f2a949722d8,unassigned,none
44414d55ce2808a7b8f3568a92d1484f,Weekly revenue from sale of attribute 44414d55ce2808a7b8f3568a92d1484f,float,numeric,44414d55ce2808a7b8f3568a92d1484f,unassigned,none
448f0791c4d2fc5d250a401edfc208d4,Weekly revenue from sale of attribute 448f0791c4d2fc5d250a401edfc208d4,float,numeric,448f0791c4d2fc5d250a401edfc208d4,unassigned,none
44a34214a57dc373dcd80f54c919d006,Weekly revenue from sale of attribute 44a34214a57dc373dcd80f54c919d006,float,numeric,44a34214a57dc373dcd80f54c919d006,unassigned,none
44a879f6d43c4750534a30dea1f6d804,Weekly revenue from sale of attribute 44a879f6d43c4750534a30dea1f6d804,float,numeric,44a879f6d43c4750534a30dea1f6d804,unassigned,none
44afebe5ba695261a126f43a4b29d814,Weekly revenue from sale of attribute 44afebe5ba695261a126f43a4b29d814,float,numeric,44afebe5ba695261a126f43a4b29d814,unassigned,none
44d097d59e8430f88a67517cd0c4f865,Weekly revenue from sale of attribute 44d097d59e8430f88a67517cd0c4f865,float,numeric,44d097d59e8430f88a67517cd0c4f865,unassigned,none
450d88168733816b7f90ea045067d072,Weekly revenue from sale of attribute 450d88168733816b7f90ea045067d072,float,numeric,450d88168733816b7f90ea045067d072,unassigned,none
4520766ec412348b8d4caa5e8a18c464,Weekly revenue from sale of attribute 4520766ec412348b8d4caa5e8a18c464,float,numeric,4520766ec412348b8d4caa5e8a18c464,unassigned,none
453b0d78c257bdb2b47099a6a1c22040,Weekly revenue from sale of attribute 453b0d78c257bdb2b47099a6a1c22040,float,numeric,453b0d78c257bdb2b47099a6a1c22040,unassigned,none
45448d98662daee2e5ee969475a90826,Weekly revenue from sale of attribute 45448d98662daee2e5ee969475a90826,float,numeric,45448d98662daee2e5ee969475a90826,unassigned,none
4583e308182e4e78d5b71b5af1804def,Weekly revenue from sale of attribute 4583e308182e4e78d5b71b5af1804def,float,numeric,4583e308182e4e78d5b71b5af1804def,unassigned,none
45986044725e448e85eb0d81251a8892,Weekly revenue from sale of attribute 45986044725e448e85eb0d81251a8892,float,numeric,45986044725e448e85eb0d81251a8892,unassigned,none
45af706a261242e1f74e90aee7b49a5b,Weekly revenue from sale of attribute 45af706a261242e1f74e90aee7b49a5b,float,numeric,45af706a261242e1f74e90aee7b49a5b,unassigned,none
45af837344fa95e1fb3a840e9ffd8bf4,Weekly revenue from sale of attribute 45af837344fa95e1fb3a840e9ffd8bf4,float,numeric,45af837344fa95e1fb3a840e9ffd8bf4,unassigned,none
45ba26803dbbdb26ec5757546929ac89,Weekly revenue from sale of attribute 45ba26803dbbdb26ec5757546929ac89,float,numeric,45ba26803dbbdb26ec5757546929ac89,unassigned,none
45c4df3befb383b0102121f980c20f82,Weekly revenue from sale of attribute 45c4df3befb383b0102121f980c20f82,float,numeric,45c4df3befb383b0102121f980c20f82,unassigned,none
45d7d0595f83b5260d6b0328393c1686,Weekly revenue from sale of attribute 45d7d0595f83b5260d6b0328393c1686,float,numeric,45d7d0595f83b5260d6b0328393c1686,unassigned,none
45df8892a1d74d2e8f960dc06625fdab,Weekly revenue from sale of attribute 45df8892a1d74d2e8f960dc06625fdab,float,numeric,45df8892a1d74d2e8f960dc06625fdab,unassigned,none
45f7c48e7ead07eb1afd9aebfe6de326,Weekly revenue from sale of attribute 45f7c48e7ead07eb1afd9aebfe6de326,float,numeric,45f7c48e7ead07eb1afd9aebfe6de326,unassigned,none
45fc964dc03d16147f82dbe844e2cdf1,Weekly revenue from sale of attribute 45fc964dc03d16147f82dbe844e2cdf1,float,numeric,45fc964dc03d16147f82dbe844e2cdf1,unassigned,none
461a85909a0075c82f74d0221f6991c9,Weekly revenue from sale of attribute 461a85909a0075c82f74d0221f6991c9,float,numeric,461a85909a0075c82f74d0221f6991c9,unassigned,none
461c7fdbb5a6a7fe3bc51bf7f4e3677d,Weekly revenue from sale of attribute 461c7fdbb5a6a7fe3bc51bf7f4e3677d,float,numeric,461c7fdbb5a6a7fe3bc51bf7f4e3677d,unassigned,none
461f43be3bdf8844e65b62d9ac2c7a5a,Weekly revenue from sale of attribute 461f43be3bdf8844e65b62d9ac2c7a5a,float,numeric,461f43be3bdf8844e65b62d9ac2c7a5a,unassigned,none
46292acbc08d49b95138891146f7287b,Weekly revenue from sale of attribute 46292acbc08d49b95138891146f7287b,float,numeric,46292acbc08d49b95138891146f7287b,unassigned,none
462c87a3fc71bedec932e8fbadf1a9d5,Weekly revenue from sale of attribute 462c87a3fc71bedec932e8fbadf1a9d5,float,numeric,462c87a3fc71bedec932e8fbadf1a9d5,unassigned,none
4638e41e1c53018897e12edbb2815807,Weekly revenue from sale of attribute 4638e41e1c53018897e12edbb2815807,float,numeric,4638e41e1c53018897e12edbb2815807,unassigned,none
4652e11aee23d86203400f6094fbe8bf,Weekly revenue from sale of attribute 4652e11aee23d86203400f6094fbe8bf,float,numeric,4652e11aee23d86203400f6094fbe8bf,unassigned,none
465af64ab23573e4e48c31bcc099b801,Weekly revenue from sale of attribute 465af64ab23573e4e48c31bcc099b801,float,numeric,465af64ab23573e4e48c31bcc099b801,unassigned,none
468a848eeaf1472183a23c05e53ac177,Weekly revenue from sale of attribute 468a848eeaf1472183a23c05e53ac177,float,numeric,468a848eeaf1472183a23c05e53ac177,unassigned,none
469d5c6b5dfef236029c4bfec6b4fe0f,Weekly revenue from sale of attribute 469d5c6b5dfef236029c4bfec6b4fe0f,float,numeric,469d5c6b5dfef236029c4bfec6b4fe0f,unassigned,none
46b173c179c7e6904a5728959bee5b3a,Weekly revenue from sale of attribute 46b173c179c7e6904a5728959bee5b3a,float,numeric,46b173c179c7e6904a5728959bee5b3a,unassigned,none
46f739c1cd676603026c0af4d29ef7a5,Weekly revenue from sale of attribute 46f739c1cd676603026c0af4d29ef7a5,float,numeric,46f739c1cd676603026c0af4d29ef7a5,unassigned,none
470433f95ba906e17efac3fce39e9ffd,Weekly revenue from sale of attribute 470433f95ba906e17efac3fce39e9ffd,float,numeric,470433f95ba906e17efac3fce39e9ffd,unassigned,none
472a528b441c91f23491342237364565,Weekly revenue from sale of attribute 472a528b441c91f23491342237364565,float,numeric,472a528b441c91f23491342237364565,unassigned,none
473795a355d29305c3ea6b156833adf5,Weekly revenue from sale of attribute 473795a355d29305c3ea6b156833adf5,float,numeric,473795a355d29305c3ea6b156833adf5,unassigned,none
475e8a9ddbebf13af503d1c7eccadb1a,Weekly revenue from sale of attribute 475e8a9ddbebf13af503d1c7eccadb1a,float,numeric,475e8a9ddbebf13af503d1c7eccadb1a,unassigned,none
47920da896bbd89e851429c78a7a7a8b,Weekly revenue from sale of attribute 47920da896bbd89e851429c78a7a7a8b,float,numeric,47920da896bbd89e851429c78a7a7a8b,unassigned,none
47cd48073d67f91f09cb5ef9496c920b,Weekly revenue from sale of attribute 47cd48073d67f91f09cb5ef9496c920b,float,numeric,47cd48073d67f91f09cb5ef9496c920b,unassigned,none
47d52bb24ef8a3aa09724f00604be3ba,Weekly revenue from sale of attribute 47d52bb24ef8a3aa09724f00604be3ba,float,numeric,47d52bb24ef8a3aa09724f00604be3ba,unassigned,none
47de5f36ace720b578ca1b30d0b45b8d,Weekly revenue from sale of attribute 47de5f36ace720b578ca1b30d0b45b8d,float,numeric,47de5f36ace720b578ca1b30d0b45b8d,unassigned,none
48401d4a555fd20aa93a202a4ed3b598,Weekly revenue from sale of attribute 48401d4a555fd20aa93a202a4ed3b598,float,numeric,48401d4a555fd20aa93a202a4ed3b598,unassigned,none
4845d1421cd53de09a405f5f869add3c,Weekly revenue from sale of attribute 4845d1421cd53de09a405f5f869add3c,float,numeric,4845d1421cd53de09a405f5f869add3c,unassigned,none
48640118918b5bd6454e3fee20ad637b,Weekly revenue from sale of attribute 48640118918b5bd6454e3fee20ad637b,float,numeric,48640118918b5bd6454e3fee20ad637b,unassigned,none
4877b4c3caeccd2568f623a099d1d1f4,Weekly revenue from sale of attribute 4877b4c3caeccd2568f623a099d1d1f4,float,numeric,4877b4c3caeccd2568f623a099d1d1f4,unassigned,none
4901f0f8eba79934ba3cdfa1fbc02893,Weekly revenue from sale of attribute 4901f0f8eba79934ba3cdfa1fbc02893,float,numeric,4901f0f8eba79934ba3cdfa1fbc02893,unassigned,none
49196a215bd6514843cebf65ebbe52c0,Weekly revenue from sale of attribute 49196a215bd6514843cebf65ebbe52c0,float,numeric,49196a215bd6514843cebf65ebbe52c0,unassigned,none
492bcf01a7a40c8fe5c720574dc786b3,Weekly revenue from sale of attribute 492bcf01a7a40c8fe5c720574dc786b3,float,numeric,492bcf01a7a40c8fe5c720574dc786b3,unassigned,none
49770e2e1a22b61e15a13c2cbfbfcbbd,Weekly revenue from sale of attribute 49770e2e1a22b61e15a13c2cbfbfcbbd,float,numeric,49770e2e1a22b61e15a13c2cbfbfcbbd,unassigned,none
4a0c2a56e65c941a0bb9874c47dd66d8,Weekly revenue from sale of attribute 4a0c2a56e65c941a0bb9874c47dd66d8,float,numeric,4a0c2a56e65c941a0bb9874c47dd66d8,unassigned,none
4a25fe90f6685b9fc991af9a796f74c3,Weekly revenue from sale of attribute 4a25fe90f6685b9fc991af9a796f74c3,float,numeric,4a25fe90f6685b9fc991af9a796f74c3,unassigned,none
4a300735bc293723103db0d0c1bc1585,Weekly revenue from sale of attribute 4a300735bc293723103db0d0c1bc1585,float,numeric,4a300735bc293723103db0d0c1bc1585,unassigned,none
4a3b0111d9c112251e4732b44d1d118b,Weekly revenue from sale of attribute 4a3b0111d9c112251e4732b44d1d118b,float,numeric,4a3b0111d9c112251e4732b44d1d118b,unassigned,none
4a523a9f00bf299d2496151b0e2a3238,Weekly revenue from sale of attribute 4a523a9f00bf299d2496151b0e2a3238,float,numeric,4a523a9f00bf299d2496151b0e2a3238,unassigned,none
4a5cc900bb2910a2b8dec20cebf1c0fb,Weekly revenue from sale of attribute 4a5cc900bb2910a2b8dec20cebf1c0fb,float,numeric,4a5cc900bb2910a2b8dec20cebf1c0fb,unassigned,none
4a69bf67fa5c94b8e301ef9c94950755,Weekly revenue from sale of attribute 4a69bf67fa5c94b8e301ef9c94950755,float,numeric,4a69bf67fa5c94b8e301ef9c94950755,unassigned,none
4a8a91cb75042e2b6496f1a6d2d1cdd6,Weekly revenue from sale of attribute 4a8a91cb75042e2b6496f1a6d2d1cdd6,float,numeric,4a8a91cb75042e2b6496f1a6d2d1cdd6,unassigned,none
4a90b44b456e79e7a33435fdd36e551f,Weekly revenue from sale of attribute 4a90b44b456e79e7a33435fdd36e551f,float,numeric,4a90b44b456e79e7a33435fdd36e551f,unassigned,none
4a96de21ccfb22ebe1c56992acbbd7fc,Weekly revenue from sale of attribute 4a96de21ccfb22ebe1c56992acbbd7fc,float,numeric,4a96de21ccfb22ebe1c56992acbbd7fc,unassigned,none
4aa6014eceb682077f9dc4bffebc05b0,Weekly revenue from sale of attribute 4aa6014eceb682077f9dc4bffebc05b0,float,numeric,4aa6014eceb682077f9dc4bffebc05b0,unassigned,none
4aab09f985ad828b2733c0c0defc7911,Weekly revenue from sale of attribute 4aab09f985ad828b2733c0c0defc7911,float,numeric,4aab09f985ad828b2733c0c0defc7911,unassigned,none
4ac218f276a40201c282dd01401e9bd8,Weekly revenue from sale of attribute 4ac218f276a40201c282dd01401e9bd8,float,numeric,4ac218f276a40201c282dd01401e9bd8,unassigned,none
4ac50dbde931c0a5ed8c33d3dc047351,Weekly revenue from sale of attribute 4ac50dbde931c0a5ed8c33d3dc047351,float,numeric,4ac50dbde931c0a5ed8c33d3dc047351,unassigned,none
4af813a3e5bc89370ef80fe126542076,Weekly revenue from sale of attribute 4af813a3e5bc89370ef80fe126542076,float,numeric,4af813a3e5bc89370ef80fe126542076,unassigned,none
4af81c9413dcb40e03e2a1bc15a6448b,Weekly revenue from sale of attribute 4af81c9413dcb40e03e2a1bc15a6448b,float,numeric,4af81c9413dcb40e03e2a1bc15a6448b,unassigned,none
4b397ec5dfbf6faba2d7d99322f20146,Weekly revenue from sale of attribute 4b397ec5dfbf6faba2d7d99322f20146,float,numeric,4b397ec5dfbf6faba2d7d99322f20146,unassigned,none
4b7690d7352318e41ae9594241ac4789,Weekly revenue from sale of attribute 4b7690d7352318e41ae9594241ac4789,float,numeric,4b7690d7352318e41ae9594241ac4789,unassigned,none
4b7de4748108b5353b211255e867cf6a,Weekly revenue from sale of attribute 4b7de4748108b5353b211255e867cf6a,float,numeric,4b7de4748108b5353b211255e867cf6a,unassigned,none
4b96786612ebe7463132fce2c4dca136,Weekly revenue from sale of attribute 4b96786612ebe7463132fce2c4dca136,float,numeric,4b96786612ebe7463132fce2c4dca136,unassigned,none
4bb4fb9c85785b75ab4f6559900c7ca1,Weekly revenue from sale of attribute 4bb4fb9c85785b75ab4f6559900c7ca1,float,numeric,4bb4fb9c85785b75ab4f6559900c7ca1,unassigned,none
4be566f7ce6887d7ba428bccab9db80d,Weekly revenue from sale of attribute 4be566f7ce6887d7ba428bccab9db80d,float,numeric,4be566f7ce6887d7ba428bccab9db80d,unassigned,none
4befae07dba4384f6d8237ad1e7f8294,Weekly revenue from sale of attribute 4befae07dba4384f6d8237ad1e7f8294,float,numeric,4befae07dba4384f6d8237ad1e7f8294,unassigned,none
4c05be00027392c898ab59a94fad2151,Weekly revenue from sale of attribute 4c05be00027392c898ab59a94fad2151,float,numeric,4c05be00027392c898ab59a94fad2151,unassigned,none
4c1bbc12438daec98a77243c2bf7a3ba,Weekly revenue from sale of attribute 4c1bbc12438daec98a77243c2bf7a3ba,float,numeric,4c1bbc12438daec98a77243c2bf7a3ba,unassigned,none
4c1e109ecdf58453de365d217cefa64c,Weekly revenue from sale of attribute 4c1e109ecdf58453de365d217cefa64c,float,numeric,4c1e109ecdf58453de365d217cefa64c,unassigned,none
4c1fdadeda244374699fdc31917e5b34,Weekly revenue from sale of attribute 4c1fdadeda244374699fdc31917e5b34,float,numeric,4c1fdadeda244374699fdc31917e5b34,unassigned,none
4c2394abfbac7ff59ec7a420918562fa,Weekly revenue from sale of attribute 4c2394abfbac7ff59ec7a420918562fa,float,numeric,4c2394abfbac7ff59ec7a420918562fa,unassigned,none
4c27931f2ba16e902f287a9f89ed0723,Weekly revenue from sale of attribute 4c27931f2ba16e902f287a9f89ed0723,float,numeric,4c27931f2ba16e902f287a9f89ed0723,unassigned,none
4c283386efa95fcc42ce7a7000afb0df,Weekly revenue from sale of attribute 4c283386efa95fcc42ce7a7000afb0df,float,numeric,4c283386efa95fcc42ce7a7000afb0df,unassigned,none
4c36e30350c41feb82b1a47b0712c9b3,Weekly revenue from sale of attribute 4c36e30350c41feb82b1a47b0712c9b3,float,numeric,4c36e30350c41feb82b1a47b0712c9b3,unassigned,none
4c3867e5fe6e42a0c2a5d37efa2a0608,Weekly revenue from sale of attribute 4c3867e5fe6e42a0c2a5d37efa2a0608,float,numeric,4c3867e5fe6e42a0c2a5d37efa2a0608,unassigned,none
4c65515115c33a1c4c21e9b40f85942d,Weekly revenue from sale of attribute 4c65515115c33a1c4c21e9b40f85942d,float,numeric,4c65515115c33a1c4c21e9b40f85942d,unassigned,none
4c7d44dccef81ce2476b4bd0716d34e9,Weekly revenue from sale of attribute 4c7d44dccef81ce2476b4bd0716d34e9,float,numeric,4c7d44dccef81ce2476b4bd0716d34e9,unassigned,none
4c8b28305f570899b6ded964ddd234a9,Weekly revenue from sale of attribute 4c8b28305f570899b6ded964ddd234a9,float,numeric,4c8b28305f570899b6ded964ddd234a9,unassigned,none
4cac1a12a6fe9ffba4a9556dbe582e28,Weekly revenue from sale of attribute 4cac1a12a6fe9ffba4a9556dbe582e28,float,numeric,4cac1a12a6fe9ffba4a9556dbe582e28,unassigned,none
4cafc445fc7535c3b41b8978c0ce68dc,Weekly revenue from sale of attribute 4cafc445fc7535c3b41b8978c0ce68dc,float,numeric,4cafc445fc7535c3b41b8978c0ce68dc,unassigned,none
4cb6e86e1328e77e20b5f90771683cbe,Weekly revenue from sale of attribute 4cb6e86e1328e77e20b5f90771683cbe,float,numeric,4cb6e86e1328e77e20b5f90771683cbe,unassigned,none
4cc8bfa581f41841ce5e24aba773a44a,Weekly revenue from sale of attribute 4cc8bfa581f41841ce5e24aba773a44a,float,numeric,4cc8bfa581f41841ce5e24aba773a44a,unassigned,none
4cce2fad3d2dec6f82510d2521aebdd3,Weekly revenue from sale of attribute 4cce2fad3d2dec6f82510d2521aebdd3,float,numeric,4cce2fad3d2dec6f82510d2521aebdd3,unassigned,none
4cd6ba4ea3112de8fc238307c4dc6307,Weekly revenue from sale of attribute 4cd6ba4ea3112de8fc238307c4dc6307,float,numeric,4cd6ba4ea3112de8fc238307c4dc6307,unassigned,none
4d0322b5ddf89ce6a3564aca2e261a3a,Weekly revenue from sale of attribute 4d0322b5ddf89ce6a3564aca2e261a3a,float,numeric,4d0322b5ddf89ce6a3564aca2e261a3a,unassigned,none
4d272fe20c57c64dc74b3db191fc31ef,Weekly revenue from sale of attribute 4d272fe20c57c64dc74b3db191fc31ef,float,numeric,4d272fe20c57c64dc74b3db191fc31ef,unassigned,none
4d38a4daf13a87012b73156f834afec0,Weekly revenue from sale of attribute 4d38a4daf13a87012b73156f834afec0,float,numeric,4d38a4daf13a87012b73156f834afec0,unassigned,none
4d4321549f8f978a19a4d17588b1e770,Weekly revenue from sale of attribute 4d4321549f8f978a19a4d17588b1e770,float,numeric,4d4321549f8f978a19a4d17588b1e770,unassigned,none
4d63072ea1d6b58c3202ddfabda20b16,Weekly revenue from sale of attribute 4d63072ea1d6b58c3202ddfabda20b16,float,numeric,4d63072ea1d6b58c3202ddfabda20b16,unassigned,none
4d687600c495f2049542171633cf1f77,Weekly revenue from sale of attribute 4d687600c495f2049542171633cf1f77,float,numeric,4d687600c495f2049542171633cf1f77,unassigned,none
4d68f0bb076a44142f1d1725ba3b3bc8,Weekly revenue from sale of attribute 4d68f0bb076a44142f1d1725ba3b3bc8,float,numeric,4d68f0bb076a44142f1d1725ba3b3bc8,unassigned,none
4d94f51353a058d28468a03ebe1aae33,Weekly revenue from sale of attribute 4d94f51353a058d28468a03ebe1aae33,float,numeric,4d94f51353a058d28468a03ebe1aae33,unassigned,none
4d9e8a6d8d07e4f47e093b8c2999ae01,Weekly revenue from sale of attribute 4d9e8a6d8d07e4f47e093b8c2999ae01,float,numeric,4d9e8a6d8d07e4f47e093b8c2999ae01,unassigned,none
4da918a160c19da9bfdf9945d18006ec,Weekly revenue from sale of attribute 4da918a160c19da9bfdf9945d18006ec,float,numeric,4da918a160c19da9bfdf9945d18006ec,unassigned,none
4dabded3e0b44fde3b0f70219dc6b775,Weekly revenue from sale of attribute 4dabded3e0b44fde3b0f70219dc6b775,float,numeric,4dabded3e0b44fde3b0f70219dc6b775,unassigned,none
4db04f1ae830079ac83e0fc9c63216a3,Weekly revenue from sale of attribute 4db04f1ae830079ac83e0fc9c63216a3,float,numeric,4db04f1ae830079ac83e0fc9c63216a3,unassigned,none
4dbd164e17f931f99e7553c97000a4d8,Weekly revenue from sale of attribute 4dbd164e17f931f99e7553c97000a4d8,float,numeric,4dbd164e17f931f99e7553c97000a4d8,unassigned,none
4dc3f43b20eeebc284b7ec6f5dc9b792,Weekly revenue from sale of attribute 4dc3f43b20eeebc284b7ec6f5dc9b792,float,numeric,4dc3f43b20eeebc284b7ec6f5dc9b792,unassigned,none
4de0f4caa802cd42528a25232c915283,Weekly revenue from sale of attribute 4de0f4caa802cd42528a25232c915283,float,numeric,4de0f4caa802cd42528a25232c915283,unassigned,none
4dfbe01419f983d397ed0439f090541d,Weekly revenue from sale of attribute 4dfbe01419f983d397ed0439f090541d,float,numeric,4dfbe01419f983d397ed0439f090541d,unassigned,none
4e0f5e97804431100c5bded078a48df9,Weekly revenue from sale of attribute 4e0f5e97804431100c5bded078a48df9,float,numeric,4e0f5e97804431100c5bded078a48df9,unassigned,none
4e5e41fb7d296a6f776c63fee5cb9fac,Weekly revenue from sale of attribute 4e5e41fb7d296a6f776c63fee5cb9fac,float,numeric,4e5e41fb7d296a6f776c63fee5cb9fac,unassigned,none
4ea626d476d64c8230844ea3ae17c3b9,Weekly revenue from sale of attribute 4ea626d476d64c8230844ea3ae17c3b9,float,numeric,4ea626d476d64c8230844ea3ae17c3b9,unassigned,none
4ebb87ba41ca446326804d0e7f8dcc93,Weekly revenue from sale of attribute 4ebb87ba41ca446326804d0e7f8dcc93,float,numeric,4ebb87ba41ca446326804d0e7f8dcc93,unassigned,none
4f2fc8cdef58f68813e6c93a314b6ec3,Weekly revenue from sale of attribute 4f2fc8cdef58f68813e6c93a314b6ec3,float,numeric,4f2fc8cdef58f68813e6c93a314b6ec3,unassigned,none
4f3192a28c9da057319996e1502dc216,Weekly revenue from sale of attribute 4f3192a28c9da057319996e1502dc216,float,numeric,4f3192a28c9da057319996e1502dc216,unassigned,none
4f47791b7d4e127b53fdfceea592e926,Weekly revenue from sale of attribute 4f47791b7d4e127b53fdfceea592e926,float,numeric,4f47791b7d4e127b53fdfceea592e926,unassigned,none
4f4c375e79a2f5b62000807e99d85407,Weekly revenue from sale of attribute 4f4c375e79a2f5b62000807e99d85407,float,numeric,4f4c375e79a2f5b62000807e99d85407,unassigned,none
4f5cad4934c20d6fb8dab728ffdea29e,Weekly revenue from sale of attribute 4f5cad4934c20d6fb8dab728ffdea29e,float,numeric,4f5cad4934c20d6fb8dab728ffdea29e,unassigned,none
4f88323d03ffaf090b8fb0116b33c95e,Weekly revenue from sale of attribute 4f88323d03ffaf090b8fb0116b33c95e,float,numeric,4f88323d03ffaf090b8fb0116b33c95e,unassigned,none
4fb651ace30be388c0e95f48f3308e5a,Weekly revenue from sale of attribute 4fb651ace30be388c0e95f48f3308e5a,float,numeric,4fb651ace30be388c0e95f48f3308e5a,unassigned,none
4fcac8e09620cd87a5e5283e6748da67,Weekly revenue from sale of attribute 4fcac8e09620cd87a5e5283e6748da67,float,numeric,4fcac8e09620cd87a5e5283e6748da67,unassigned,none
4fcb3d9a5f4871e8362dfedbdb02b064,Weekly revenue from sale of attribute 4fcb3d9a5f4871e8362dfedbdb02b064,float,numeric,4fcb3d9a5f4871e8362dfedbdb02b064,unassigned,none
4fcc9ea45483a04bc0b5d63622108272,Weekly revenue from sale of attribute 4fcc9ea45483a04bc0b5d63622108272,float,numeric,4fcc9ea45483a04bc0b5d63622108272,unassigned,none
500cf2c2853136c4782d885f61945b98,Weekly revenue from sale of attribute 500cf2c2853136c4782d885f61945b98,float,numeric,500cf2c2853136c4782d885f61945b98,unassigned,none
50147c350ddbaff0646aeac455c7473e,Weekly revenue from sale of attribute 50147c350ddbaff0646aeac455c7473e,float,numeric,50147c350ddbaff0646aeac455c7473e,unassigned,none
50627d7c3dd43902d64134574befe12f,Weekly revenue from sale of attribute 50627d7c3dd43902d64134574befe12f,float,numeric,50627d7c3dd43902d64134574befe12f,unassigned,none
50f1880f1989251727fbbfe8c0a346a6,Weekly revenue from sale of attribute 50f1880f1989251727fbbfe8c0a346a6,float,numeric,50f1880f1989251727fbbfe8c0a346a6,unassigned,none
5113c9a5037013b0a750444df6dec60f,Weekly revenue from sale of attribute 5113c9a5037013b0a750444df6dec60f,float,numeric,5113c9a5037013b0a750444df6dec60f,unassigned,none
5115d8cd6438c0c4d8abdf38d5d41ebd,Weekly revenue from sale of attribute 5115d8cd6438c0c4d8abdf38d5d41ebd,float,numeric,5115d8cd6438c0c4d8abdf38d5d41ebd,unassigned,none
513721dadfd93bcbce9da4d3bd67c06d,Weekly revenue from sale of attribute 513721dadfd93bcbce9da4d3bd67c06d,float,numeric,513721dadfd93bcbce9da4d3bd67c06d,unassigned,none
5145cef9f9e1293cf8cba2c924eb94e9,Weekly revenue from sale of attribute 5145cef9f9e1293cf8cba2c924eb94e9,float,numeric,5145cef9f9e1293cf8cba2c924eb94e9,unassigned,none
516ccdc0667fe7e260156d1998ef9546,Weekly revenue from sale of attribute 516ccdc0667fe7e260156d1998ef9546,float,numeric,516ccdc0667fe7e260156d1998ef9546,unassigned,none
517dd1c1cda3892f83d386dcf9a4e9b7,Weekly revenue from sale of attribute 517dd1c1cda3892f83d386dcf9a4e9b7,float,numeric,517dd1c1cda3892f83d386dcf9a4e9b7,unassigned,none
5183344b5357029cfd88c7f511ed876d,Weekly revenue from sale of attribute 5183344b5357029cfd88c7f511ed876d,float,numeric,5183344b5357029cfd88c7f511ed876d,unassigned,none
51914323cc52a90e910d8e833d468a6d,Weekly revenue from sale of attribute 51914323cc52a90e910d8e833d468a6d,float,numeric,51914323cc52a90e910d8e833d468a6d,unassigned,none
51b10a13b460cebc64e1325e7f228ae8,Weekly revenue from sale of attribute 51b10a13b460cebc64e1325e7f228ae8,float,numeric,51b10a13b460cebc64e1325e7f228ae8,unassigned,none
51d683bed105788944d57dcbba5aa518,Weekly revenue from sale of attribute 51d683bed105788944d57dcbba5aa518,float,numeric,51d683bed105788944d57dcbba5aa518,unassigned,none
51e8cb2e53573210345e6b2f0168206c,Weekly revenue from sale of attribute 51e8cb2e53573210345e6b2f0168206c,float,numeric,51e8cb2e53573210345e6b2f0168206c,unassigned,none
521a361808bedd9fffb32181e501e09b,Weekly revenue from sale of attribute 521a361808bedd9fffb32181e501e09b,float,numeric,521a361808bedd9fffb32181e501e09b,unassigned,none
525947dbe3304ac32bf51602f9557c12,Weekly revenue from sale of attribute 525947dbe3304ac32bf51602f9557c12,float,numeric,525947dbe3304ac32bf51602f9557c12,unassigned,none
5263b67de8e3edbade45ea923f6c4e79,Weekly revenue from sale of attribute 5263b67de8e3edbade45ea923f6c4e79,float,numeric,5263b67de8e3edbade45ea923f6c4e79,unassigned,none
52690beab08122aee391378fbf246a58,Weekly revenue from sale of attribute 52690beab08122aee391378fbf246a58,float,numeric,52690beab08122aee391378fbf246a58,unassigned,none
526f833e1eb0a32ad9351145a761b9ab,Weekly revenue from sale of attribute 526f833e1eb0a32ad9351145a761b9ab,float,numeric,526f833e1eb0a32ad9351145a761b9ab,unassigned,none
529deff9c151e0db37c88a43952868bb,Weekly revenue from sale of attribute 529deff9c151e0db37c88a43952868bb,float,numeric,529deff9c151e0db37c88a43952868bb,unassigned,none
52b3af7304d611855714d9b3d1724ea7,Weekly revenue from sale of attribute 52b3af7304d611855714d9b3d1724ea7,float,numeric,52b3af7304d611855714d9b3d1724ea7,unassigned,none
52c80cedd4e90108bf4fa6a206ef6b03,Weekly revenue from sale of attribute 52c80cedd4e90108bf4fa6a206ef6b03,float,numeric,52c80cedd4e90108bf4fa6a206ef6b03,unassigned,none
52d5dde0ddeb4e7544b584c92a38fef8,Weekly revenue from sale of attribute 52d5dde0ddeb4e7544b584c92a38fef8,float,numeric,52d5dde0ddeb4e7544b584c92a38fef8,unassigned,none
52d828eb9a52d8cfcc750bd79254b9ec,Weekly revenue from sale of attribute 52d828eb9a52d8cfcc750bd79254b9ec,float,numeric,52d828eb9a52d8cfcc750bd79254b9ec,unassigned,none
52e9413ed0d3e64b796aac2bc2291d50,Weekly revenue from sale of attribute 52e9413ed0d3e64b796aac2bc2291d50,float,numeric,52e9413ed0d3e64b796aac2bc2291d50,unassigned,none
531e80cf1d0a71c020c1814e474a2045,Weekly revenue from sale of attribute 531e80cf1d0a71c020c1814e474a2045,float,numeric,531e80cf1d0a71c020c1814e474a2045,unassigned,none
5328338cfaa16ba10561cd970c73ca11,Weekly revenue from sale of attribute 5328338cfaa16ba10561cd970c73ca11,float,numeric,5328338cfaa16ba10561cd970c73ca11,unassigned,none
534b02311d6e4647c43e97e8d479dab5,Weekly revenue from sale of attribute 534b02311d6e4647c43e97e8d479dab5,float,numeric,534b02311d6e4647c43e97e8d479dab5,unassigned,none
53759a2ecddad2bb87a079a1f1519f73,Weekly revenue from sale of attribute 53759a2ecddad2bb87a079a1f1519f73,float,numeric,53759a2ecddad2bb87a079a1f1519f73,unassigned,none
53b36df67ebb7c41585e8d54d6772e08,Weekly revenue from sale of attribute 53b36df67ebb7c41585e8d54d6772e08,float,numeric,53b36df67ebb7c41585e8d54d6772e08,unassigned,none
53ea9da485f6aed8a6f03a85831fe021,Weekly revenue from sale of attribute 53ea9da485f6aed8a6f03a85831fe021,float,numeric,53ea9da485f6aed8a6f03a85831fe021,unassigned,none
540a93038cc8b4c42ef0821b2cf067d3,Weekly revenue from sale of attribute 540a93038cc8b4c42ef0821b2cf067d3,float,numeric,540a93038cc8b4c42ef0821b2cf067d3,unassigned,none
5411e9269501a870cabf632f05655131,Weekly revenue from sale of attribute 5411e9269501a870cabf632f05655131,float,numeric,5411e9269501a870cabf632f05655131,unassigned,none
542b3d80712d51eefe3a3cd1c5f4e8fe,Weekly revenue from sale of attribute 542b3d80712d51eefe3a3cd1c5f4e8fe,float,numeric,542b3d80712d51eefe3a3cd1c5f4e8fe,unassigned,none
5440e1ed49a1153d573b1543dd10d95e,Weekly revenue from sale of attribute 5440e1ed49a1153d573b1543dd10d95e,float,numeric,5440e1ed49a1153d573b1543dd10d95e,unassigned,none
544ffb995c65fbbe68f36f36e388dede,Weekly revenue from sale of attribute 544ffb995c65fbbe68f36f36e388dede,float,numeric,544ffb995c65fbbe68f36f36e388dede,unassigned,none
5457c026a643626249213e1e39c31d10,Weekly revenue from sale of attribute 5457c026a643626249213e1e39c31d10,float,numeric,5457c026a643626249213e1e39c31d10,unassigned,none
547b95702aec86f05ac37e61d164891c,Weekly revenue from sale of attribute 547b95702aec86f05ac37e61d164891c,float,numeric,547b95702aec86f05ac37e61d164891c,unassigned,none
5483dc3f61a1d385ccc49cec3a560617,Weekly revenue from sale of attribute 5483dc3f61a1d385ccc49cec3a560617,float,numeric,5483dc3f61a1d385ccc49cec3a560617,unassigned,none
549356446db225e7f67b22ceaf66d159,Weekly revenue from sale of attribute 549356446db225e7f67b22ceaf66d159,float,numeric,549356446db225e7f67b22ceaf66d159,unassigned,none
5496a07083e7727282eb3d1c97d5c054,Weekly revenue from sale of attribute 5496a07083e7727282eb3d1c97d5c054,float,numeric,5496a07083e7727282eb3d1c97d5c054,unassigned,none
5496efb86aea6e3862b6cb394dc020f8,Weekly revenue from sale of attribute 5496efb86aea6e3862b6cb394dc020f8,float,numeric,5496efb86aea6e3862b6cb394dc020f8,unassigned,none
54af11c815f92135fb554bd9c97dd418,Weekly revenue from sale of attribute 54af11c815f92135fb554bd9c97dd418,float,numeric,54af11c815f92135fb554bd9c97dd418,unassigned,none
54d7ad85b648d3cb2b7069ed446d7f35,Weekly revenue from sale of attribute 54d7ad85b648d3cb2b7069ed446d7f35,float,numeric,54d7ad85b648d3cb2b7069ed446d7f35,unassigned,none
54df09a5996302d51d8c0d81cbcdce39,Weekly revenue from sale of attribute 54df09a5996302d51d8c0d81cbcdce39,float,numeric,54df09a5996302d51d8c0d81cbcdce39,unassigned,none
54e5939fcd9ae70ad0f59f612d6d29bd,Weekly revenue from sale of attribute 54e5939fcd9ae70ad0f59f612d6d29bd,float,numeric,54e5939fcd9ae70ad0f59f612d6d29bd,unassigned,none
550dc4417c636abc04c71404342de695,Weekly revenue from sale of attribute 550dc4417c636abc04c71404342de695,float,numeric,550dc4417c636abc04c71404342de695,unassigned,none
551ae6a7d21ef0eea7b844dac0cc9de8,Weekly revenue from sale of attribute 551ae6a7d21ef0eea7b844dac0cc9de8,float,numeric,551ae6a7d21ef0eea7b844dac0cc9de8,unassigned,none
553e0e7590d3116a072507a3635d2877,Weekly revenue from sale of attribute 553e0e7590d3116a072507a3635d2877,float,numeric,553e0e7590d3116a072507a3635d2877,unassigned,none
55403fdc84a027ae6565b360af50e1ee,Weekly revenue from sale of attribute 55403fdc84a027ae6565b360af50e1ee,float,numeric,55403fdc84a027ae6565b360af50e1ee,unassigned,none
5570e58fb62fc2a83e5bda3974e35be5,Weekly revenue from sale of attribute 5570e58fb62fc2a83e5bda3974e35be5,float,numeric,5570e58fb62fc2a83e5bda3974e35be5,unassigned,none
55782cb82e0efe052da0a3da237da3b2,Weekly revenue from sale of attribute 55782cb82e0efe052da0a3da237da3b2,float,numeric,55782cb82e0efe052da0a3da237da3b2,unassigned,none
5594eb45b3ced02488aaf71edfb32d92,Weekly revenue from sale of attribute 5594eb45b3ced02488aaf71edfb32d92,float,numeric,5594eb45b3ced02488aaf71edfb32d92,unassigned,none
55aefe286a63b5e07f42a63c10371020,Weekly revenue from sale of attribute 55aefe286a63b5e07f42a63c10371020,float,numeric,55aefe286a63b5e07f42a63c10371020,unassigned,none
560ed840b584c6aef5c8959366dfd41e,Weekly revenue from sale of attribute 560ed840b584c6aef5c8959366dfd41e,float,numeric,560ed840b584c6aef5c8959366dfd41e,unassigned,none
5612648da3c29f5f0236f13c99bed154,Weekly revenue from sale of attribute 5612648da3c29f5f0236f13c99bed154,float,numeric,5612648da3c29f5f0236f13c99bed154,unassigned,none
561bea95142a07c5a363216f47879cbe,Weekly revenue from sale of attribute 561bea95142a07c5a363216f47879cbe,float,numeric,561bea95142a07c5a363216f47879cbe,unassigned,none
562cc921a8887a6be5832fc2db1c3dc8,Weekly revenue from sale of attribute 562cc921a8887a6be5832fc2db1c3dc8,float,numeric,562cc921a8887a6be5832fc2db1c3dc8,unassigned,none
564f6ff7ae760d6eda6d32c551724036,Weekly revenue from sale of attribute 564f6ff7ae760d6eda6d32c551724036,float,numeric,564f6ff7ae760d6eda6d32c551724036,unassigned,none
56568aac139eb6a4adcbabb5fbbf8e6c,Weekly revenue from sale of attribute 56568aac139eb6a4adcbabb5fbbf8e6c,float,numeric,56568aac139eb6a4adcbabb5fbbf8e6c,unassigned,none
568b50dd27d5d76c97dc2f871cb93e9a,Weekly revenue from sale of attribute 568b50dd27d5d76c97dc2f871cb93e9a,float,numeric,568b50dd27d5d76c97dc2f871cb93e9a,unassigned,none
568c923625669145cc9a644856fccd14,Weekly revenue from sale of attribute 568c923625669145cc9a644856fccd14,float,numeric,568c923625669145cc9a644856fccd14,unassigned,none
569ffd16f8032478cbeb9800f2e94ba0,Weekly revenue from sale of attribute 569ffd16f8032478cbeb9800f2e94ba0,float,numeric,569ffd16f8032478cbeb9800f2e94ba0,unassigned,none
56a2556592a309ac9f087be6ca82fbf0,Weekly revenue from sale of attribute 56a2556592a309ac9f087be6ca82fbf0,float,numeric,56a2556592a309ac9f087be6ca82fbf0,unassigned,none
56a59e73563d9b8d536af8b0dc9e0995,Weekly revenue from sale of attribute 56a59e73563d9b8d536af8b0dc9e0995,float,numeric,56a59e73563d9b8d536af8b0dc9e0995,unassigned,none
56d45b2c27871322801134f57d1b9dfb,Weekly revenue from sale of attribute 56d45b2c27871322801134f57d1b9dfb,float,numeric,56d45b2c27871322801134f57d1b9dfb,unassigned,none
56d7faef0f7d847eea91b3302698bcc4,Weekly revenue from sale of attribute 56d7faef0f7d847eea91b3302698bcc4,float,numeric,56d7faef0f7d847eea91b3302698bcc4,unassigned,none
574597aaf385996112490308e37399ce,Weekly revenue from sale of attribute 574597aaf385996112490308e37399ce,float,numeric,574597aaf385996112490308e37399ce,unassigned,none
57aae7271c7c24614b0d663c6df83f35,Weekly revenue from sale of attribute 57aae7271c7c24614b0d663c6df83f35,float,numeric,57aae7271c7c24614b0d663c6df83f35,unassigned,none
57c580a8fbf3d8374b06bee7b6f4ce31,Weekly revenue from sale of attribute 57c580a8fbf3d8374b06bee7b6f4ce31,float,numeric,57c580a8fbf3d8374b06bee7b6f4ce31,unassigned,none
57d87687241f1aeb1a202f93ceccb0f3,Weekly revenue from sale of attribute 57d87687241f1aeb1a202f93ceccb0f3,float,numeric,57d87687241f1aeb1a202f93ceccb0f3,unassigned,none
57e089e3103f5cda6a4ce23b77399bdb,Weekly revenue from sale of attribute 57e089e3103f5cda6a4ce23b77399bdb,float,numeric,57e089e3103f5cda6a4ce23b77399bdb,unassigned,none
57f90b6fc66c06410e02e8bacfba79b5,Weekly revenue from sale of attribute 57f90b6fc66c06410e02e8bacfba79b5,float,numeric,57f90b6fc66c06410e02e8bacfba79b5,unassigned,none
57fb124210d7dd98867b5b798c668eca,Weekly revenue from sale of attribute 57fb124210d7dd98867b5b798c668eca,float,numeric,57fb124210d7dd98867b5b798c668eca,unassigned,none
57fd9b6a2704d7c8c9c82380c2e60f83,Weekly revenue from sale of attribute 57fd9b6a2704d7c8c9c82380c2e60f83,float,numeric,57fd9b6a2704d7c8c9c82380c2e60f83,unassigned,none
5804729aafca1ebee7b26895d830586e,Weekly revenue from sale of attribute 5804729aafca1ebee7b26895d830586e,float,numeric,5804729aafca1ebee7b26895d830586e,unassigned,none
58327c5dd67068015c5a9c5eeb51d848,Weekly revenue from sale of attribute 58327c5dd67068015c5a9c5eeb51d848,float,numeric,58327c5dd67068015c5a9c5eeb51d848,unassigned,none
586328f570ac0b651d452f1227db4d1c,Weekly revenue from sale of attribute 586328f570ac0b651d452f1227db4d1c,float,numeric,586328f570ac0b651d452f1227db4d1c,unassigned,none
588531f8ec37e7d5ff5b7b22ea0488f8,Weekly revenue from sale of attribute 588531f8ec37e7d5ff5b7b22ea0488f8,float,numeric,588531f8ec37e7d5ff5b7b22ea0488f8,unassigned,none
58a96ae04b90563cde5becdf0ee2e823,Weekly revenue from sale of attribute 58a96ae04b90563cde5becdf0ee2e823,float,numeric,58a96ae04b90563cde5becdf0ee2e823,unassigned,none
58b0b0b3e6b7f8ecd3874db9c141250d,Weekly revenue from sale of attribute 58b0b0b3e6b7f8ecd3874db9c141250d,float,numeric,58b0b0b3e6b7f8ecd3874db9c141250d,unassigned,none
58efb9b638561ce132216a9a612513e2,Weekly revenue from sale of attribute 58efb9b638561ce132216a9a612513e2,float,numeric,58efb9b638561ce132216a9a612513e2,unassigned,none
591c08a1d9290193bd96d8c9e6e607ac,Weekly revenue from sale of attribute 591c08a1d9290193bd96d8c9e6e607ac,float,numeric,591c08a1d9290193bd96d8c9e6e607ac,unassigned,none
592962829d5a715304344e656e39108a,Weekly revenue from sale of attribute 592962829d5a715304344e656e39108a,float,numeric,592962829d5a715304344e656e39108a,unassigned,none
595fac2a385ac33a80bd5114aec74eb8,Weekly revenue from sale of attribute 595fac2a385ac33a80bd5114aec74eb8,float,numeric,595fac2a385ac33a80bd5114aec74eb8,unassigned,none
59617a7c706291d0b7df5b380aa3e583,Weekly revenue from sale of attribute 59617a7c706291d0b7df5b380aa3e583,float,numeric,59617a7c706291d0b7df5b380aa3e583,unassigned,none
59b47581b7ba51a62bf9c3dd4fef36fd,Weekly revenue from sale of attribute 59b47581b7ba51a62bf9c3dd4fef36fd,float,numeric,59b47581b7ba51a62bf9c3dd4fef36fd,unassigned,none
59c5e6e108b88212fb98525c9000ecfb,Weekly revenue from sale of attribute 59c5e6e108b88212fb98525c9000ecfb,float,numeric,59c5e6e108b88212fb98525c9000ecfb,unassigned,none
59d9b72d6d54d0817f5614d78eeea90e,Weekly revenue from sale of attribute 59d9b72d6d54d0817f5614d78eeea90e,float,numeric,59d9b72d6d54d0817f5614d78eeea90e,unassigned,none
59f09deeea7c839a9212a19f3416b892,Weekly revenue from sale of attribute 59f09deeea7c839a9212a19f3416b892,float,numeric,59f09deeea7c839a9212a19f3416b892,unassigned,none
59f42de833f91d27e377bf831fa9c1e0,Weekly revenue from sale of attribute 59f42de833f91d27e377bf831fa9c1e0,float,numeric,59f42de833f91d27e377bf831fa9c1e0,unassigned,none
5a3320037d5922a7708647c81ecc1f15,Weekly revenue from sale of attribute 5a3320037d5922a7708647c81ecc1f15,float,numeric,5a3320037d5922a7708647c81ecc1f15,unassigned,none
5a3a4cd70e21a907b71825c5ff83ddba,Weekly revenue from sale of attribute 5a3a4cd70e21a907b71825c5ff83ddba,float,numeric,5a3a4cd70e21a907b71825c5ff83ddba,unassigned,none
5a419dbf24a8c9718fe522b81c69f61a,Weekly revenue from sale of attribute 5a419dbf24a8c9718fe522b81c69f61a,float,numeric,5a419dbf24a8c9718fe522b81c69f61a,unassigned,none
5a47c5b5c3866f29177d497727f22f38,Weekly revenue from sale of attribute 5a47c5b5c3866f29177d497727f22f38,float,numeric,5a47c5b5c3866f29177d497727f22f38,unassigned,none
5a6e53c3b4e8684b13388d6aa4afdf12,Weekly revenue from sale of attribute 5a6e53c3b4e8684b13388d6aa4afdf12,float,numeric,5a6e53c3b4e8684b13388d6aa4afdf12,unassigned,none
5aa8137e4896e7f017ab4d84c42cb784,Weekly revenue from sale of attribute 5aa8137e4896e7f017ab4d84c42cb784,float,numeric,5aa8137e4896e7f017ab4d84c42cb784,unassigned,none
5abf8ac7fdb8291904445c4bd64ac917,Weekly revenue from sale of attribute 5abf8ac7fdb8291904445c4bd64ac917,float,numeric,5abf8ac7fdb8291904445c4bd64ac917,unassigned,none
5ad2c4859aad6ecebd816a300d34f326,Weekly revenue from sale of attribute 5ad2c4859aad6ecebd816a300d34f326,float,numeric,5ad2c4859aad6ecebd816a300d34f326,unassigned,none
5aeece828f56fe1d486e1c5e6a7cb61c,Weekly revenue from sale of attribute 5aeece828f56fe1d486e1c5e6a7cb61c,float,numeric,5aeece828f56fe1d486e1c5e6a7cb61c,unassigned,none
5af8eddd880e2463740be6828d2b51dd,Weekly revenue from sale of attribute 5af8eddd880e2463740be6828d2b51dd,float,numeric,5af8eddd880e2463740be6828d2b51dd,unassigned,none
5b226d7c52f86ac72457617f78cff95d,Weekly revenue from sale of attribute 5b226d7c52f86ac72457617f78cff95d,float,numeric,5b226d7c52f86ac72457617f78cff95d,unassigned,none
5b22ee51ed70519e97ac231091d12a51,Weekly revenue from sale of attribute 5b22ee51ed70519e97ac231091d12a51,float,numeric,5b22ee51ed70519e97ac231091d12a51,unassigned,none
5b2b72f58d212a6e4733884ef0ece564,Weekly revenue from sale of attribute 5b2b72f58d212a6e4733884ef0ece564,float,numeric,5b2b72f58d212a6e4733884ef0ece564,unassigned,none
5b3242867b3c1f86ebe790699c88b901,Weekly revenue from sale of attribute 5b3242867b3c1f86ebe790699c88b901,float,numeric,5b3242867b3c1f86ebe790699c88b901,unassigned,none
5b3b5f9ae84ca9ead3138b199420cc94,Weekly revenue from sale of attribute 5b3b5f9ae84ca9ead3138b199420cc94,float,numeric,5b3b5f9ae84ca9ead3138b199420cc94,unassigned,none
5b3c2a0b39f0a99d946e2055617d11f2,Weekly revenue from sale of attribute 5b3c2a0b39f0a99d946e2055617d11f2,float,numeric,5b3c2a0b39f0a99d946e2055617d11f2,unassigned,none
5b488b474a4f2519b7826390b1873a58,Weekly revenue from sale of attribute 5b488b474a4f2519b7826390b1873a58,float,numeric,5b488b474a4f2519b7826390b1873a58,unassigned,none
5b8423dc7f23089c9c59c5d140eb5a1c,Weekly revenue from sale of attribute 5b8423dc7f23089c9c59c5d140eb5a1c,float,numeric,5b8423dc7f23089c9c59c5d140eb5a1c,unassigned,none
5bd3ba44eb990450377a2cd863821cca,Weekly revenue from sale of attribute 5bd3ba44eb990450377a2cd863821cca,float,numeric,5bd3ba44eb990450377a2cd863821cca,unassigned,none
5bfc7506459ae2a7b4b573fe557a58e1,Weekly revenue from sale of attribute 5bfc7506459ae2a7b4b573fe557a58e1,float,numeric,5bfc7506459ae2a7b4b573fe557a58e1,unassigned,none
5bfcd193eb29c1c8332e2d4ca804d54f,Weekly revenue from sale of attribute 5bfcd193eb29c1c8332e2d4ca804d54f,float,numeric,5bfcd193eb29c1c8332e2d4ca804d54f,unassigned,none
5c04d019c44f9f7da2d2b9508871a243,Weekly revenue from sale of attribute 5c04d019c44f9f7da2d2b9508871a243,float,numeric,5c04d019c44f9f7da2d2b9508871a243,unassigned,none
5c464bee255064e53a68796590864694,Weekly revenue from sale of attribute 5c464bee255064e53a68796590864694,float,numeric,5c464bee255064e53a68796590864694,unassigned,none
5c688aca24c45ff04fe5b6d6ee438e60,Weekly revenue from sale of attribute 5c688aca24c45ff04fe5b6d6ee438e60,float,numeric,5c688aca24c45ff04fe5b6d6ee438e60,unassigned,none
5c692818d313aa12864b48ac0c2472c2,Weekly revenue from sale of attribute 5c692818d313aa12864b48ac0c2472c2,float,numeric,5c692818d313aa12864b48ac0c2472c2,unassigned,none
5ccdfc35d9cff8db4fa46b83d5712899,Weekly revenue from sale of attribute 5ccdfc35d9cff8db4fa46b83d5712899,float,numeric,5ccdfc35d9cff8db4fa46b83d5712899,unassigned,none
5cde85235c4ae7747e9b48de95178a14,Weekly revenue from sale of attribute 5cde85235c4ae7747e9b48de95178a14,float,numeric,5cde85235c4ae7747e9b48de95178a14,unassigned,none
5ce6a6914bbb228f4cb4ee93c1cd0d15,Weekly revenue from sale of attribute 5ce6a6914bbb228f4cb4ee93c1cd0d15,float,numeric,5ce6a6914bbb228f4cb4ee93c1cd0d15,unassigned,none
5d0a7cb413c5b59233c57177fe2f20b0,Weekly revenue from sale of attribute 5d0a7cb413c5b59233c57177fe2f20b0,float,numeric,5d0a7cb413c5b59233c57177fe2f20b0,unassigned,none
5d10b3779b68d58be0fcc46a1ee79689,Weekly revenue from sale of attribute 5d10b3779b68d58be0fcc46a1ee79689,float,numeric,5d10b3779b68d58be0fcc46a1ee79689,unassigned,none
5d790355cbeded0cd60e25cbc4c527a2,Weekly revenue from sale of attribute 5d790355cbeded0cd60e25cbc4c527a2,float,numeric,5d790355cbeded0cd60e25cbc4c527a2,unassigned,none
5d8ad55d3f8971622b53ef88f1229af9,Weekly revenue from sale of attribute 5d8ad55d3f8971622b53ef88f1229af9,float,numeric,5d8ad55d3f8971622b53ef88f1229af9,unassigned,none
5de871daae99423d3fcb04edcb6dd1aa,Weekly revenue from sale of attribute 5de871daae99423d3fcb04edcb6dd1aa,float,numeric,5de871daae99423d3fcb04edcb6dd1aa,unassigned,none
5e015730deea7dfbee442adfb1e29b27,Weekly revenue from sale of attribute 5e015730deea7dfbee442adfb1e29b27,float,numeric,5e015730deea7dfbee442adfb1e29b27,unassigned,none
5e434712653feed8cd837cbd10ea9b18,Weekly revenue from sale of attribute 5e434712653feed8cd837cbd10ea9b18,float,numeric,5e434712653feed8cd837cbd10ea9b18,unassigned,none
5e57a146ccdca976190821a00a059ebf,Weekly revenue from sale of attribute 5e57a146ccdca976190821a00a059ebf,float,numeric,5e57a146ccdca976190821a00a059ebf,unassigned,none
5e7f8e7aeb1f57dd83aae171dec38a73,Weekly revenue from sale of attribute 5e7f8e7aeb1f57dd83aae171dec38a73,float,numeric,5e7f8e7aeb1f57dd83aae171dec38a73,unassigned,none
5e864d9858dc9a7b55f937ed8998ffe8,Weekly revenue from sale of attribute 5e864d9858dc9a7b55f937ed8998ffe8,float,numeric,5e864d9858dc9a7b55f937ed8998ffe8,unassigned,none
5e9a6c707458f23644bb74a8b9c53222,Weekly revenue from sale of attribute 5e9a6c707458f23644bb74a8b9c53222,float,numeric,5e9a6c707458f23644bb74a8b9c53222,unassigned,none
5eda929e3621fe903d57208a6939acf5,Weekly revenue from sale of attribute 5eda929e3621fe903d57208a6939acf5,float,numeric,5eda929e3621fe903d57208a6939acf5,unassigned,none
5edb58b97a719cf98b2a76f48e723f05,Weekly revenue from sale of attribute 5edb58b97a719cf98b2a76f48e723f05,float,numeric,5edb58b97a719cf98b2a76f48e723f05,unassigned,none
5ef700515181623872771a16d1371cd4,Weekly revenue from sale of attribute 5ef700515181623872771a16d1371cd4,float,numeric,5ef700515181623872771a16d1371cd4,unassigned,none
5f19455f0c3902e89f16a6042bd4221d,Weekly revenue from sale of attribute 5f19455f0c3902e89f16a6042bd4221d,float,numeric,5f19455f0c3902e89f16a6042bd4221d,unassigned,none
5f1d10ccc8198967ca0278fdfd474a51,Weekly revenue from sale of attribute 5f1d10ccc8198967ca0278fdfd474a51,float,numeric,5f1d10ccc8198967ca0278fdfd474a51,unassigned,none
5f21301936c11698db6aee5444190da0,Weekly revenue from sale of attribute 5f21301936c11698db6aee5444190da0,float,numeric,5f21301936c11698db6aee5444190da0,unassigned,none
5f315c482ee138f3766f5a9169f16ba6,Weekly revenue from sale of attribute 5f315c482ee138f3766f5a9169f16ba6,float,numeric,5f315c482ee138f3766f5a9169f16ba6,unassigned,none
5f348c2c79eb5d1eea867e7903fce1ee,Weekly revenue from sale of attribute 5f348c2c79eb5d1eea867e7903fce1ee,float,numeric,5f348c2c79eb5d1eea867e7903fce1ee,unassigned,none
5f3e86b7e537b8d2d993596c969b69a6,Weekly revenue from sale of attribute 5f3e86b7e537b8d2d993596c969b69a6,float,numeric,5f3e86b7e537b8d2d993596c969b69a6,unassigned,none
5f504b3a1c75b73d6151be81eb05bdc9,Weekly revenue from sale of attribute 5f504b3a1c75b73d6151be81eb05bdc9,float,numeric,5f504b3a1c75b73d6151be81eb05bdc9,unassigned,none
5fb1e24560c31b0eaa1911d4247187ed,Weekly revenue from sale of attribute 5fb1e24560c31b0eaa1911d4247187ed,float,numeric,5fb1e24560c31b0eaa1911d4247187ed,unassigned,none
5fbfa85126d6e59188d7da79f21e9687,Weekly revenue from sale of attribute 5fbfa85126d6e59188d7da79f21e9687,float,numeric,5fbfa85126d6e59188d7da79f21e9687,unassigned,none
5fc3e6a4b52b0c414458104ed4037f1c,Weekly revenue from sale of attribute 5fc3e6a4b52b0c414458104ed4037f1c,float,numeric,5fc3e6a4b52b0c414458104ed4037f1c,unassigned,none
5fc9976b2e864ae065866725645c716e,Weekly revenue from sale of attribute 5fc9976b2e864ae065866725645c716e,float,numeric,5fc9976b2e864ae065866725645c716e,unassigned,none
5fda5f5969ed8a446022953a89e1c81a,Weekly revenue from sale of attribute 5fda5f5969ed8a446022953a89e1c81a,float,numeric,5fda5f5969ed8a446022953a89e1c81a,unassigned,none
5fdf539153cefe3f3fd8589c6c22f191,Weekly revenue from sale of attribute 5fdf539153cefe3f3fd8589c6c22f191,float,numeric,5fdf539153cefe3f3fd8589c6c22f191,unassigned,none
6002665d65ee348dcd357c7bb2f080bd,Weekly revenue from sale of attribute 6002665d65ee348dcd357c7bb2f080bd,float,numeric,6002665d65ee348dcd357c7bb2f080bd,unassigned,none
6004f0ea115c80b51e2f0e434233c0ca,Weekly revenue from sale of attribute 6004f0ea115c80b51e2f0e434233c0ca,float,numeric,6004f0ea115c80b51e2f0e434233c0ca,unassigned,none
600add16084eeeead5c56279ccef0d7e,Weekly revenue from sale of attribute 600add16084eeeead5c56279ccef0d7e,float,numeric,600add16084eeeead5c56279ccef0d7e,unassigned,none
60184212dae4e6b0da32bf54271a8c4a,Weekly revenue from sale of attribute 60184212dae4e6b0da32bf54271a8c4a,float,numeric,60184212dae4e6b0da32bf54271a8c4a,unassigned,none
601a360bd2a916ecef0e88de72a6531a,Weekly revenue from sale of attribute 601a360bd2a916ecef0e88de72a6531a,float,numeric,601a360bd2a916ecef0e88de72a6531a,unassigned,none
60495adb1f1a49c8aea75e5e56a47a48,Weekly revenue from sale of attribute 60495adb1f1a49c8aea75e5e56a47a48,float,numeric,60495adb1f1a49c8aea75e5e56a47a48,unassigned,none
607ef4aa416b93fdeb2a811c2c73ad81,Weekly revenue from sale of attribute 607ef4aa416b93fdeb2a811c2c73ad81,float,numeric,607ef4aa416b93fdeb2a811c2c73ad81,unassigned,none
6085250f7b172d15b2fd69b85ca4808e,Weekly revenue from sale of attribute 6085250f7b172d15b2fd69b85ca4808e,float,numeric,6085250f7b172d15b2fd69b85ca4808e,unassigned,none
60e47589d616c8d62f908800260e102c,Weekly revenue from sale of attribute 60e47589d616c8d62f908800260e102c,float,numeric,60e47589d616c8d62f908800260e102c,unassigned,none
6109d0cae3bcb57d579bc0fab6e61814,Weekly revenue from sale of attribute 6109d0cae3bcb57d579bc0fab6e61814,float,numeric,6109d0cae3bcb57d579bc0fab6e61814,unassigned,none
61472ba502ffe30e46fd1b0565087f95,Weekly revenue from sale of attribute 61472ba502ffe30e46fd1b0565087f95,float,numeric,61472ba502ffe30e46fd1b0565087f95,unassigned,none
6156141755987eaf93bc9b959601db45,Weekly revenue from sale of attribute 6156141755987eaf93bc9b959601db45,float,numeric,6156141755987eaf93bc9b959601db45,unassigned,none
617186c3d97ea56c9c683a8a3974e8c1,Weekly revenue from sale of attribute 617186c3d97ea56c9c683a8a3974e8c1,float,numeric,617186c3d97ea56c9c683a8a3974e8c1,unassigned,none
61937887eb6ee0b405a5759756426486,Weekly revenue from sale of attribute 61937887eb6ee0b405a5759756426486,float,numeric,61937887eb6ee0b405a5759756426486,unassigned,none
61963c77fd2c3db173915d9dc837ee12,Weekly revenue from sale of attribute 61963c77fd2c3db173915d9dc837ee12,float,numeric,61963c77fd2c3db173915d9dc837ee12,unassigned,none
619d72a5e53d41d7646274a3fa20c2c4,Weekly revenue from sale of attribute 619d72a5e53d41d7646274a3fa20c2c4,float,numeric,619d72a5e53d41d7646274a3fa20c2c4,unassigned,none
61a4100ccd6d9c4c808a1fd954ddb8ad,Weekly revenue from sale of attribute 61a4100ccd6d9c4c808a1fd954ddb8ad,float,numeric,61a4100ccd6d9c4c808a1fd954ddb8ad,unassigned,none
61c9ce380f22395eecde18d76d118c47,Weekly revenue from sale of attribute 61c9ce380f22395eecde18d76d118c47,float,numeric,61c9ce380f22395eecde18d76d118c47,unassigned,none
61eee7a9f1884caed59c316047c5832f,Weekly revenue from sale of attribute 61eee7a9f1884caed59c316047c5832f,float,numeric,61eee7a9f1884caed59c316047c5832f,unassigned,none
620b45f968a49556658d15ef8560a30d,Weekly revenue from sale of attribute 620b45f968a49556658d15ef8560a30d,float,numeric,620b45f968a49556658d15ef8560a30d,unassigned,none
62224b433a431310bf27129938ad9f64,Weekly revenue from sale of attribute 62224b433a431310bf27129938ad9f64,float,numeric,62224b433a431310bf27129938ad9f64,unassigned,none
622bad99b4296aade0783ebecdd3fa15,Weekly revenue from sale of attribute 622bad99b4296aade0783ebecdd3fa15,float,numeric,622bad99b4296aade0783ebecdd3fa15,unassigned,none
62410fbefbe7df2abf7e6b23e64255ee,Weekly revenue from sale of attribute 62410fbefbe7df2abf7e6b23e64255ee,float,numeric,62410fbefbe7df2abf7e6b23e64255ee,unassigned,none
62644f19deb898e43ebdcd29ff3d9361,Weekly revenue from sale of attribute 62644f19deb898e43ebdcd29ff3d9361,float,numeric,62644f19deb898e43ebdcd29ff3d9361,unassigned,none
627025506c84c8b1d34791a89aa3a8dd,Weekly revenue from sale of attribute 627025506c84c8b1d34791a89aa3a8dd,float,numeric,627025506c84c8b1d34791a89aa3a8dd,unassigned,none
62953ad36e6c894ce69fc72d9a5246f3,Weekly revenue from sale of attribute 62953ad36e6c894ce69fc72d9a5246f3,float,numeric,62953ad36e6c894ce69fc72d9a5246f3,unassigned,none
629e019a6f298a83aeecc7877964f935,Weekly revenue from sale of attribute 629e019a6f298a83aeecc7877964f935,float,numeric,629e019a6f298a83aeecc7877964f935,unassigned,none
62c89abe1afe3a23c17765d462718a4c,Weekly revenue from sale of attribute 62c89abe1afe3a23c17765d462718a4c,float,numeric,62c89abe1afe3a23c17765d462718a4c,unassigned,none
62d41a80c366aa2d8644e3270adf8440,Weekly revenue from sale of attribute 62d41a80c366aa2d8644e3270adf8440,float,numeric,62d41a80c366aa2d8644e3270adf8440,unassigned,none
62d8daeee0db3a60c234c2d1bfd10651,Weekly revenue from sale of attribute 62d8daeee0db3a60c234c2d1bfd10651,float,numeric,62d8daeee0db3a60c234c2d1bfd10651,unassigned,none
62dbbad1385feb9b27edf72b31bc46e1,Weekly revenue from sale of attribute 62dbbad1385feb9b27edf72b31bc46e1,float,numeric,62dbbad1385feb9b27edf72b31bc46e1,unassigned,none
63085bb4366ded27bcb63cbb59b4103a,Weekly revenue from sale of attribute 63085bb4366ded27bcb63cbb59b4103a,float,numeric,63085bb4366ded27bcb63cbb59b4103a,unassigned,none
63094ac128b54dd72d511043411df079,Weekly revenue from sale of attribute 63094ac128b54dd72d511043411df079,float,numeric,63094ac128b54dd72d511043411df079,unassigned,none
63a8fa4ae2d10ffc0daa5db78ad4ea4f,Weekly revenue from sale of attribute 63a8fa4ae2d10ffc0daa5db78ad4ea4f,float,numeric,63a8fa4ae2d10ffc0daa5db78ad4ea4f,unassigned,none
63acd71fee320fca91e3740e7f49f19e,Weekly revenue from sale of attribute 63acd71fee320fca91e3740e7f49f19e,float,numeric,63acd71fee320fca91e3740e7f49f19e,unassigned,none
63d117fa87d2dff89156e2c9d885dba7,Weekly revenue from sale of attribute 63d117fa87d2dff89156e2c9d885dba7,float,numeric,63d117fa87d2dff89156e2c9d885dba7,unassigned,none
63d6e7ab30f482382c9dfbbccae7da54,Weekly revenue from sale of attribute 63d6e7ab30f482382c9dfbbccae7da54,float,numeric,63d6e7ab30f482382c9dfbbccae7da54,unassigned,none
63de2743d05ab59d85caa49e49459ac1,Weekly revenue from sale of attribute 63de2743d05ab59d85caa49e49459ac1,float,numeric,63de2743d05ab59d85caa49e49459ac1,unassigned,none
63dee6756e0e8bbf04e52803409d4673,Weekly revenue from sale of attribute 63dee6756e0e8bbf04e52803409d4673,float,numeric,63dee6756e0e8bbf04e52803409d4673,unassigned,none
63f7a4366da7b3a3cb5bd2336ca15f7e,Weekly revenue from sale of attribute 63f7a4366da7b3a3cb5bd2336ca15f7e,float,numeric,63f7a4366da7b3a3cb5bd2336ca15f7e,unassigned,none
6405e17a3e8718d5316c5d644320f253,Weekly revenue from sale of attribute 6405e17a3e8718d5316c5d644320f253,float,numeric,6405e17a3e8718d5316c5d644320f253,unassigned,none
64090c2cdb0259629a3584edeb23181e,Weekly revenue from sale of attribute 64090c2cdb0259629a3584edeb23181e,float,numeric,64090c2cdb0259629a3584edeb23181e,unassigned,none
6413f7a28e149a324c4a914000399fb2,Weekly revenue from sale of attribute 6413f7a28e149a324c4a914000399fb2,float,numeric,6413f7a28e149a324c4a914000399fb2,unassigned,none
641444946fe3a839d726c32804cd1aff,Weekly revenue from sale of attribute 641444946fe3a839d726c32804cd1aff,float,numeric,641444946fe3a839d726c32804cd1aff,unassigned,none
64315bd8c0c47303179dd2e25b579d00,Weekly revenue from sale of attribute 64315bd8c0c47303179dd2e25b579d00,float,numeric,64315bd8c0c47303179dd2e25b579d00,unassigned,none
6480f3f31b23d41c1b8ad051c201b244,Weekly revenue from sale of attribute 6480f3f31b23d41c1b8ad051c201b244,float,numeric,6480f3f31b23d41c1b8ad051c201b244,unassigned,none
64874a0d6c1ec460c2f59886c51b9711,Weekly revenue from sale of attribute 64874a0d6c1ec460c2f59886c51b9711,float,numeric,64874a0d6c1ec460c2f59886c51b9711,unassigned,none
6490b9f63b0b595e1c1402b46b0f50ad,Weekly revenue from sale of attribute 6490b9f63b0b595e1c1402b46b0f50ad,float,numeric,6490b9f63b0b595e1c1402b46b0f50ad,unassigned,none
64b488de448a5324c4134ea39c28a34b,Weekly revenue from sale of attribute 64b488de448a5324c4134ea39c28a34b,float,numeric,64b488de448a5324c4134ea39c28a34b,unassigned,none
64b99eed898c1b99a94d93cbf5873690,Weekly revenue from sale of attribute 64b99eed898c1b99a94d93cbf5873690,float,numeric,64b99eed898c1b99a94d93cbf5873690,unassigned,none
64c8ed0f7f4b571f9aa5f2488999d316,Weekly revenue from sale of attribute 64c8ed0f7f4b571f9aa5f2488999d316,float,numeric,64c8ed0f7f4b571f9aa5f2488999d316,unassigned,none
64d0feb1bcf9c7fe7b5dad3271c10910,Weekly revenue from sale of attribute 64d0feb1bcf9c7fe7b5dad3271c10910,float,numeric,64d0feb1bcf9c7fe7b5dad3271c10910,unassigned,none
64fb265487de2238627ce43fe8a67efc,Weekly revenue from sale of attribute 64fb265487de2238627ce43fe8a67efc,float,numeric,64fb265487de2238627ce43fe8a67efc,unassigned,none
652698dafbccac29d78c7ba70dceef10,Weekly revenue from sale of attribute 652698dafbccac29d78c7ba70dceef10,float,numeric,652698dafbccac29d78c7ba70dceef10,unassigned,none
653b6b1217fba117599afcc015ffd50a,Weekly revenue from sale of attribute 653b6b1217fba117599afcc015ffd50a,float,numeric,653b6b1217fba117599afcc015ffd50a,unassigned,none
655110abedc57d73d3b2150d8ba2092a,Weekly revenue from sale of attribute 655110abedc57d73d3b2150d8ba2092a,float,numeric,655110abedc57d73d3b2150d8ba2092a,unassigned,none
656e0eca68dcecf6a31b8ececfabe3e8,Weekly revenue from sale of attribute 656e0eca68dcecf6a31b8ececfabe3e8,float,numeric,656e0eca68dcecf6a31b8ececfabe3e8,unassigned,none
657247f6f60543b93e3cc708a8e6329c,Weekly revenue from sale of attribute 657247f6f60543b93e3cc708a8e6329c,float,numeric,657247f6f60543b93e3cc708a8e6329c,unassigned,none
657aa59c6c58816ddc4f86c51a2759c9,Weekly revenue from sale of attribute 657aa59c6c58816ddc4f86c51a2759c9,float,numeric,657aa59c6c58816ddc4f86c51a2759c9,unassigned,none
65841ad29fc48cd40902e03da7511e05,Weekly revenue from sale of attribute 65841ad29fc48cd40902e03da7511e05,float,numeric,65841ad29fc48cd40902e03da7511e05,unassigned,none
65ce839c7967ed73e05471cbd4cb2ec1,Weekly revenue from sale of attribute 65ce839c7967ed73e05471cbd4cb2ec1,float,numeric,65ce839c7967ed73e05471cbd4cb2ec1,unassigned,none
65dcea9092da1362310088f4a84db93e,Weekly revenue from sale of attribute 65dcea9092da1362310088f4a84db93e,float,numeric,65dcea9092da1362310088f4a84db93e,unassigned,none
6611f79f541df026cb3828e97548f79b,Weekly revenue from sale of attribute 6611f79f541df026cb3828e97548f79b,float,numeric,6611f79f541df026cb3828e97548f79b,unassigned,none
662276c22ed1b925786d19da6677e19d,Weekly revenue from sale of attribute 662276c22ed1b925786d19da6677e19d,float,numeric,662276c22ed1b925786d19da6677e19d,unassigned,none
6630485063578b527549697547ed3ed5,Weekly revenue from sale of attribute 6630485063578b527549697547ed3ed5,float,numeric,6630485063578b527549697547ed3ed5,unassigned,none
663d6ef343ce527b3548d6a255f89eb8,Weekly revenue from sale of attribute 663d6ef343ce527b3548d6a255f89eb8,float,numeric,663d6ef343ce527b3548d6a255f89eb8,unassigned,none
66484d3ad6c8fcd55265bfdb060fc8cc,Weekly revenue from sale of attribute 66484d3ad6c8fcd55265bfdb060fc8cc,float,numeric,66484d3ad6c8fcd55265bfdb060fc8cc,unassigned,none
665aa1d687284a4d2d2b74c0c6724625,Weekly revenue from sale of attribute 665aa1d687284a4d2d2b74c0c6724625,float,numeric,665aa1d687284a4d2d2b74c0c6724625,unassigned,none
668c1d83312f239e50994fbb06aeb4dd,Weekly revenue from sale of attribute 668c1d83312f239e50994fbb06aeb4dd,float,numeric,668c1d83312f239e50994fbb06aeb4dd,unassigned,none
6698f23d5d6f5815239e55660f30a0b1,Weekly revenue from sale of attribute 6698f23d5d6f5815239e55660f30a0b1,float,numeric,6698f23d5d6f5815239e55660f30a0b1,unassigned,none
669998ba8fa6ff5fe25cd38c8f77b368,Weekly revenue from sale of attribute 669998ba8fa6ff5fe25cd38c8f77b368,float,numeric,669998ba8fa6ff5fe25cd38c8f77b368,unassigned,none
66a0a6e02b7f543e5b021ce361f267d4,Weekly revenue from sale of attribute 66a0a6e02b7f543e5b021ce361f267d4,float,numeric,66a0a6e02b7f543e5b021ce361f267d4,unassigned,none
66b5c5aebf9e74e8311c2c1955e04322,Weekly revenue from sale of attribute 66b5c5aebf9e74e8311c2c1955e04322,float,numeric,66b5c5aebf9e74e8311c2c1955e04322,unassigned,none
66d92b0c49af34728904a73c26e9e59a,Weekly revenue from sale of attribute 66d92b0c49af34728904a73c26e9e59a,float,numeric,66d92b0c49af34728904a73c26e9e59a,unassigned,none
66ef20ad226145a624f8d7b7821d8d5a,Weekly revenue from sale of attribute 66ef20ad226145a624f8d7b7821d8d5a,float,numeric,66ef20ad226145a624f8d7b7821d8d5a,unassigned,none
66f01f544ba693e1a1a7428caec79279,Weekly revenue from sale of attribute 66f01f544ba693e1a1a7428caec79279,float,numeric,66f01f544ba693e1a1a7428caec79279,unassigned,none
66f1a8d90992af09e58ab4e0496054ea,Weekly revenue from sale of attribute 66f1a8d90992af09e58ab4e0496054ea,float,numeric,66f1a8d90992af09e58ab4e0496054ea,unassigned,none
66fb55e3750680af350c489f504762e2,Weekly revenue from sale of attribute 66fb55e3750680af350c489f504762e2,float,numeric,66fb55e3750680af350c489f504762e2,unassigned,none
672e757f331900b9deea127a2a7b79fd,Weekly revenue from sale of attribute 672e757f331900b9deea127a2a7b79fd,float,numeric,672e757f331900b9deea127a2a7b79fd,unassigned,none
674882c56b0e1ef7ce973f10a6c02b1b,Weekly revenue from sale of attribute 674882c56b0e1ef7ce973f10a6c02b1b,float,numeric,674882c56b0e1ef7ce973f10a6c02b1b,unassigned,none
67583cf9d65f2b9a1f26c158bd85257f,Weekly revenue from sale of attribute 67583cf9d65f2b9a1f26c158bd85257f,float,numeric,67583cf9d65f2b9a1f26c158bd85257f,unassigned,none
677883eb52acde220f6d79fe67bba70a,Weekly revenue from sale of attribute 677883eb52acde220f6d79fe67bba70a,float,numeric,677883eb52acde220f6d79fe67bba70a,unassigned,none
677c80cd5ba8c0099fac5606e53648ae,Weekly revenue from sale of attribute 677c80cd5ba8c0099fac5606e53648ae,float,numeric,677c80cd5ba8c0099fac5606e53648ae,unassigned,none
677d8ace413e0060fa8686cde56eaf10,Weekly revenue from sale of attribute 677d8ace413e0060fa8686cde56eaf10,float,numeric,677d8ace413e0060fa8686cde56eaf10,unassigned,none
679c97b6819e657c506237438cacf60f,Weekly revenue from sale of attribute 679c97b6819e657c506237438cacf60f,float,numeric,679c97b6819e657c506237438cacf60f,unassigned,none
67a71eecac8e56b0cd270f0df2b91698,Weekly revenue from sale of attribute 67a71eecac8e56b0cd270f0df2b91698,float,numeric,67a71eecac8e56b0cd270f0df2b91698,unassigned,none
67aff847e5cccbb062dde92b68122879,Weekly revenue from sale of attribute 67aff847e5cccbb062dde92b68122879,float,numeric,67aff847e5cccbb062dde92b68122879,unassigned,none
67c3a22492bcb6677d6ee56b8516f537,Weekly revenue from sale of attribute 67c3a22492bcb6677d6ee56b8516f537,float,numeric,67c3a22492bcb6677d6ee56b8516f537,unassigned,none
67d9cf5b0dc7a0b9fb091efc68b14140,Weekly revenue from sale of attribute 67d9cf5b0dc7a0b9fb091efc68b14140,float,numeric,67d9cf5b0dc7a0b9fb091efc68b14140,unassigned,none
683cfdf77dfc3c305e4769968a854e10,Weekly revenue from sale of attribute 683cfdf77dfc3c305e4769968a854e10,float,numeric,683cfdf77dfc3c305e4769968a854e10,unassigned,none
687a2683f42fcf1b80098d2e38e23c6e,Weekly revenue from sale of attribute 687a2683f42fcf1b80098d2e38e23c6e,float,numeric,687a2683f42fcf1b80098d2e38e23c6e,unassigned,none
68a058d125ba1544e726898f0b8c0523,Weekly revenue from sale of attribute 68a058d125ba1544e726898f0b8c0523,float,numeric,68a058d125ba1544e726898f0b8c0523,unassigned,none
68b7fda28d528d3fc87e60fcafc5830f,Weekly revenue from sale of attribute 68b7fda28d528d3fc87e60fcafc5830f,float,numeric,68b7fda28d528d3fc87e60fcafc5830f,unassigned,none
68bf2e76db1d8e846042e54da87399ca,Weekly revenue from sale of attribute 68bf2e76db1d8e846042e54da87399ca,float,numeric,68bf2e76db1d8e846042e54da87399ca,unassigned,none
68bf40b3abd5ffc25981c25df9ed9087,Weekly revenue from sale of attribute 68bf40b3abd5ffc25981c25df9ed9087,float,numeric,68bf40b3abd5ffc25981c25df9ed9087,unassigned,none
68c923fddf7f83316b53252eaf830724,Weekly revenue from sale of attribute 68c923fddf7f83316b53252eaf830724,float,numeric,68c923fddf7f83316b53252eaf830724,unassigned,none
68ea0193be80f4865155be5c96c58f43,Weekly revenue from sale of attribute 68ea0193be80f4865155be5c96c58f43,float,numeric,68ea0193be80f4865155be5c96c58f43,unassigned,none
68f3adaef1620e7b0c4c7cd9f78d7ed0,Weekly revenue from sale of attribute 68f3adaef1620e7b0c4c7cd9f78d7ed0,float,numeric,68f3adaef1620e7b0c4c7cd9f78d7ed0,unassigned,none
68f6a731b70b2042da9f202d75f7ab2f,Weekly revenue from sale of attribute 68f6a731b70b2042da9f202d75f7ab2f,float,numeric,68f6a731b70b2042da9f202d75f7ab2f,unassigned,none
68fe8893052a044100e60cd0c8c6b274,Weekly revenue from sale of attribute 68fe8893052a044100e60cd0c8c6b274,float,numeric,68fe8893052a044100e60cd0c8c6b274,unassigned,none
6902c1962dd19d540807d0ab8fade5c6,Weekly revenue from sale of attribute 6902c1962dd19d540807d0ab8fade5c6,float,numeric,6902c1962dd19d540807d0ab8fade5c6,unassigned,none
69428fb5c0da1fac708bdb33868b42d8,Weekly revenue from sale of attribute 69428fb5c0da1fac708bdb33868b42d8,float,numeric,69428fb5c0da1fac708bdb33868b42d8,unassigned,none
694ef7517a535b054fddea9154d3e627,Weekly revenue from sale of attribute 694ef7517a535b054fddea9154d3e627,float,numeric,694ef7517a535b054fddea9154d3e627,unassigned,none
6987398dff454a3138231540e2a6ec61,Weekly revenue from sale of attribute 6987398dff454a3138231540e2a6ec61,float,numeric,6987398dff454a3138231540e2a6ec61,unassigned,none
69d3ff4f45d52d69e4b06760e0e154e2,Weekly revenue from sale of attribute 69d3ff4f45d52d69e4b06760e0e154e2,float,numeric,69d3ff4f45d52d69e4b06760e0e154e2,unassigned,none
69eeb1281add8e5d8b916637f9f11a1b,Weekly revenue from sale of attribute 69eeb1281add8e5d8b916637f9f11a1b,float,numeric,69eeb1281add8e5d8b916637f9f11a1b,unassigned,none
69f07c49379a0c4bd660dd794a72f02a,Weekly revenue from sale of attribute 69f07c49379a0c4bd660dd794a72f02a,float,numeric,69f07c49379a0c4bd660dd794a72f02a,unassigned,none
6a057a401eab3b3cb8083d9e42972233,Weekly revenue from sale of attribute 6a057a401eab3b3cb8083d9e42972233,float,numeric,6a057a401eab3b3cb8083d9e42972233,unassigned,none
6a0713a63e990052795623e76cc2995e,Weekly revenue from sale of attribute 6a0713a63e990052795623e76cc2995e,float,numeric,6a0713a63e990052795623e76cc2995e,unassigned,none
6a09d996beaebffe169f70c614ac2485,Weekly revenue from sale of attribute 6a09d996beaebffe169f70c614ac2485,float,numeric,6a09d996beaebffe169f70c614ac2485,unassigned,none
6a1a04054158fe995e1688d8f79605b2,Weekly revenue from sale of attribute 6a1a04054158fe995e1688d8f79605b2,float,numeric,6a1a04054158fe995e1688d8f79605b2,unassigned,none
6a1c65dbbecc1ece8c22856122a774ac,Weekly revenue from sale of attribute 6a1c65dbbecc1ece8c22856122a774ac,float,numeric,6a1c65dbbecc1ece8c22856122a774ac,unassigned,none
6a23c2eb9acc78f8ec403be9c6210dd4,Weekly revenue from sale of attribute 6a23c2eb9acc78f8ec403be9c6210dd4,float,numeric,6a23c2eb9acc78f8ec403be9c6210dd4,unassigned,none
6a44a19c645421001ab4d4c7eb1b687f,Weekly revenue from sale of attribute 6a44a19c645421001ab4d4c7eb1b687f,float,numeric,6a44a19c645421001ab4d4c7eb1b687f,unassigned,none
6ab41d7f15e7af9d6c7cd912055acc1a,Weekly revenue from sale of attribute 6ab41d7f15e7af9d6c7cd912055acc1a,float,numeric,6ab41d7f15e7af9d6c7cd912055acc1a,unassigned,none
6ae38d49db7fc65ad1779828542aecba,Weekly revenue from sale of attribute 6ae38d49db7fc65ad1779828542aecba,float,numeric,6ae38d49db7fc65ad1779828542aecba,unassigned,none
6ae3f85f46a37844372252496c77b4d8,Weekly revenue from sale of attribute 6ae3f85f46a37844372252496c77b4d8,float,numeric,6ae3f85f46a37844372252496c77b4d8,unassigned,none
6af89b97a841482f79c52765bfe0d699,Weekly revenue from sale of attribute 6af89b97a841482f79c52765bfe0d699,float,numeric,6af89b97a841482f79c52765bfe0d699,unassigned,none
6b1b29dd58c0342e04f9063e070bd6ac,Weekly revenue from sale of attribute 6b1b29dd58c0342e04f9063e070bd6ac,float,numeric,6b1b29dd58c0342e04f9063e070bd6ac,unassigned,none
6b42b1f7dfb74bb23a01605fbedd5b85,Weekly revenue from sale of attribute 6b42b1f7dfb74bb23a01605fbedd5b85,float,numeric,6b42b1f7dfb74bb23a01605fbedd5b85,unassigned,none
6b445dc3a4183f17e1a90307edbf0b1e,Weekly revenue from sale of attribute 6b445dc3a4183f17e1a90307edbf0b1e,float,numeric,6b445dc3a4183f17e1a90307edbf0b1e,unassigned,none
6b75ce117b8fcc75289cb6cbe589de6c,Weekly revenue from sale of attribute 6b75ce117b8fcc75289cb6cbe589de6c,float,numeric,6b75ce117b8fcc75289cb6cbe589de6c,unassigned,none
6b80b94c131c21e8a80f8139fa458329,Weekly revenue from sale of attribute 6b80b94c131c21e8a80f8139fa458329,float,numeric,6b80b94c131c21e8a80f8139fa458329,unassigned,none
6badcb10ad09ebf25ab2e97fc1b95b1b,Weekly revenue from sale of attribute 6badcb10ad09ebf25ab2e97fc1b95b1b,float,numeric,6badcb10ad09ebf25ab2e97fc1b95b1b,unassigned,none
6bbe55cf8f85c87b6eebb775a53402f4,Weekly revenue from sale of attribute 6bbe55cf8f85c87b6eebb775a53402f4,float,numeric,6bbe55cf8f85c87b6eebb775a53402f4,unassigned,none
6bc8dadd7731eae110fe2d177361784c,Weekly revenue from sale of attribute 6bc8dadd7731eae110fe2d177361784c,float,numeric,6bc8dadd7731eae110fe2d177361784c,unassigned,none
6bd248f93425ceeb625a8a97e2404112,Weekly revenue from sale of attribute 6bd248f93425ceeb625a8a97e2404112,float,numeric,6bd248f93425ceeb625a8a97e2404112,unassigned,none
6bf1cd252d73626ab181be470f56e07b,Weekly revenue from sale of attribute 6bf1cd252d73626ab181be470f56e07b,float,numeric,6bf1cd252d73626ab181be470f56e07b,unassigned,none
6bf5b542b699bd09889aeb3917464f49,Weekly revenue from sale of attribute 6bf5b542b699bd09889aeb3917464f49,float,numeric,6bf5b542b699bd09889aeb3917464f49,unassigned,none
6c34d241bbd85d693f1fee6a4b8a8e2b,Weekly revenue from sale of attribute 6c34d241bbd85d693f1fee6a4b8a8e2b,float,numeric,6c34d241bbd85d693f1fee6a4b8a8e2b,unassigned,none
6c3effec7c8ddba466d4f03f982c7aa3,Weekly revenue from sale of attribute 6c3effec7c8ddba466d4f03f982c7aa3,float,numeric,6c3effec7c8ddba466d4f03f982c7aa3,unassigned,none
6c69e1be6be2ab7ad5a9e4fe8a763b7f,Weekly revenue from sale of attribute 6c69e1be6be2ab7ad5a9e4fe8a763b7f,float,numeric,6c69e1be6be2ab7ad5a9e4fe8a763b7f,unassigned,none
6c706bd66d6df5b9eaa716699943efd0,Weekly revenue from sale of attribute 6c706bd66d6df5b9eaa716699943efd0,float,numeric,6c706bd66d6df5b9eaa716699943efd0,unassigned,none
6c78dae2a9cfc8e02ee9cc39af4be3ca,Weekly revenue from sale of attribute 6c78dae2a9cfc8e02ee9cc39af4be3ca,float,numeric,6c78dae2a9cfc8e02ee9cc39af4be3ca,unassigned,none
6c9e39d79ed78d8a01bd1e8ffc551a40,Weekly revenue from sale of attribute 6c9e39d79ed78d8a01bd1e8ffc551a40,float,numeric,6c9e39d79ed78d8a01bd1e8ffc551a40,unassigned,none
6ca11e79ed1acb748ccbb8e6b821967d,Weekly revenue from sale of attribute 6ca11e79ed1acb748ccbb8e6b821967d,float,numeric,6ca11e79ed1acb748ccbb8e6b821967d,unassigned,none
6cbd4637b69fff7d983bb1a757febf71,Weekly revenue from sale of attribute 6cbd4637b69fff7d983bb1a757febf71,float,numeric,6cbd4637b69fff7d983bb1a757febf71,unassigned,none
6cc44821f36f3156c782da72dd634e47,Weekly revenue from sale of attribute 6cc44821f36f3156c782da72dd634e47,float,numeric,6cc44821f36f3156c782da72dd634e47,unassigned,none
6cdd53843498f92890544667809f1595,Weekly revenue from sale of attribute 6cdd53843498f92890544667809f1595,float,numeric,6cdd53843498f92890544667809f1595,unassigned,none
6cf14dbbc3b753384a72cf9c57119063,Weekly revenue from sale of attribute 6cf14dbbc3b753384a72cf9c57119063,float,numeric,6cf14dbbc3b753384a72cf9c57119063,unassigned,none
6d1552d60826f1b026c844b0501c2058,Weekly revenue from sale of attribute 6d1552d60826f1b026c844b0501c2058,float,numeric,6d1552d60826f1b026c844b0501c2058,unassigned,none
6d1befe53a3d28e0d0d8b3bfcce11195,Weekly revenue from sale of attribute 6d1befe53a3d28e0d0d8b3bfcce11195,float,numeric,6d1befe53a3d28e0d0d8b3bfcce11195,unassigned,none
6d2fde7d12bb6ff367dbda120ba8828e,Weekly revenue from sale of attribute 6d2fde7d12bb6ff367dbda120ba8828e,float,numeric,6d2fde7d12bb6ff367dbda120ba8828e,unassigned,none
6d37e202f4afe0a1539c872d21e45650,Weekly revenue from sale of attribute 6d37e202f4afe0a1539c872d21e45650,float,numeric,6d37e202f4afe0a1539c872d21e45650,unassigned,none
6d5b63b6c4575265bb9236cf355baed0,Weekly revenue from sale of attribute 6d5b63b6c4575265bb9236cf355baed0,float,numeric,6d5b63b6c4575265bb9236cf355baed0,unassigned,none
6d811b6e8cada9a8f7f38bb315620e1b,Weekly revenue from sale of attribute 6d811b6e8cada9a8f7f38bb315620e1b,float,numeric,6d811b6e8cada9a8f7f38bb315620e1b,unassigned,none
6daadc7e6029cf01762f941e488caa1b,Weekly revenue from sale of attribute 6daadc7e6029cf01762f941e488caa1b,float,numeric,6daadc7e6029cf01762f941e488caa1b,unassigned,none
6dde44b4172999f35f08654d06bad633,Weekly revenue from sale of attribute 6dde44b4172999f35f08654d06bad633,float,numeric,6dde44b4172999f35f08654d06bad633,unassigned,none
6de8bea41c968204fa93e4c2016d1bbb,Weekly revenue from sale of attribute 6de8bea41c968204fa93e4c2016d1bbb,float,numeric,6de8bea41c968204fa93e4c2016d1bbb,unassigned,none
6df665a20caa80a66804f836165bbf36,Weekly revenue from sale of attribute 6df665a20caa80a66804f836165bbf36,float,numeric,6df665a20caa80a66804f836165bbf36,unassigned,none
6e1b14d3cbb5fb3a2c00351007127dfd,Weekly revenue from sale of attribute 6e1b14d3cbb5fb3a2c00351007127dfd,float,numeric,6e1b14d3cbb5fb3a2c00351007127dfd,unassigned,none
6e2d41323c4b6d240b530b9e68e83de1,Weekly revenue from sale of attribute 6e2d41323c4b6d240b530b9e68e83de1,float,numeric,6e2d41323c4b6d240b530b9e68e83de1,unassigned,none
6e5505d60c1782977e099a8c0339a7b5,Weekly revenue from sale of attribute 6e5505d60c1782977e099a8c0339a7b5,float,numeric,6e5505d60c1782977e099a8c0339a7b5,unassigned,none
6e59a5107a6102148b438cb33d5a2529,Weekly revenue from sale of attribute 6e59a5107a6102148b438cb33d5a2529,float,numeric,6e59a5107a6102148b438cb33d5a2529,unassigned,none
6e6752783a53e4832b969f1417ca34cf,Weekly revenue from sale of attribute 6e6752783a53e4832b969f1417ca34cf,float,numeric,6e6752783a53e4832b969f1417ca34cf,unassigned,none
6e70e2f56d6f07cde6377a05d1679f79,Weekly revenue from sale of attribute 6e70e2f56d6f07cde6377a05d1679f79,float,numeric,6e70e2f56d6f07cde6377a05d1679f79,unassigned,none
6e835aea84ae8eb68b8c14878dd43b30,Weekly revenue from sale of attribute 6e835aea84ae8eb68b8c14878dd43b30,float,numeric,6e835aea84ae8eb68b8c14878dd43b30,unassigned,none
6e9c52b407fea24064f7ab2b144fbf8c,Weekly revenue from sale of attribute 6e9c52b407fea24064f7ab2b144fbf8c,float,numeric,6e9c52b407fea24064f7ab2b144fbf8c,unassigned,none
6ea6babb12521a80daebf65b6d0c864f,Weekly revenue from sale of attribute 6ea6babb12521a80daebf65b6d0c864f,float,numeric,6ea6babb12521a80daebf65b6d0c864f,unassigned,none
6eb6c5cb7df0f863538b61a47fcce962,Weekly revenue from sale of attribute 6eb6c5cb7df0f863538b61a47fcce962,float,numeric,6eb6c5cb7df0f863538b61a47fcce962,unassigned,none
6ebb63a07bf2ac2ba7a17b0e8a4acc3d,Weekly revenue from sale of attribute 6ebb63a07bf2ac2ba7a17b0e8a4acc3d,float,numeric,6ebb63a07bf2ac2ba7a17b0e8a4acc3d,unassigned,none
6f33a4a09ae1180a0ee1ff4682b2d21f,Weekly revenue from sale of attribute 6f33a4a09ae1180a0ee1ff4682b2d21f,float,numeric,6f33a4a09ae1180a0ee1ff4682b2d21f,unassigned,none
6f3871fea8efb6b35523237acd177012,Weekly revenue from sale of attribute 6f3871fea8efb6b35523237acd177012,float,numeric,6f3871fea8efb6b35523237acd177012,unassigned,none
6f3b5b605d91b7439c5e3f5a8dffeea7,Weekly revenue from sale of attribute 6f3b5b605d91b7439c5e3f5a8dffeea7,float,numeric,6f3b5b605d91b7439c5e3f5a8dffeea7,unassigned,none
6f4f2bb136fd2d8e8229355d8fec6b67,Weekly revenue from sale of attribute 6f4f2bb136fd2d8e8229355d8fec6b67,float,numeric,6f4f2bb136fd2d8e8229355d8fec6b67,unassigned,none
6f657bbc44514ab511c65b891301208d,Weekly revenue from sale of attribute 6f657bbc44514ab511c65b891301208d,float,numeric,6f657bbc44514ab511c65b891301208d,unassigned,none
6f66ef344e1db8560c3d036ee214f355,Weekly revenue from sale of attribute 6f66ef344e1db8560c3d036ee214f355,float,numeric,6f66ef344e1db8560c3d036ee214f355,unassigned,none
6f7400c1577bd99fb7c9cd196edb6ae2,Weekly revenue from sale of attribute 6f7400c1577bd99fb7c9cd196edb6ae2,float,numeric,6f7400c1577bd99fb7c9cd196edb6ae2,unassigned,none
6f7c30c01b078cfe5a4adbceb9c363f9,Weekly revenue from sale of attribute 6f7c30c01b078cfe5a4adbceb9c363f9,float,numeric,6f7c30c01b078cfe5a4adbceb9c363f9,unassigned,none
6f842ad54a86bf94d9254744d910ec56,Weekly revenue from sale of attribute 6f842ad54a86bf94d9254744d910ec56,float,numeric,6f842ad54a86bf94d9254744d910ec56,unassigned,none
6ff2272628904adc50a60b0d755e9526,Weekly revenue from sale of attribute 6ff2272628904adc50a60b0d755e9526,float,numeric,6ff2272628904adc50a60b0d755e9526,unassigned,none
6ff26ef9ee033313afc8e84810a11079,Weekly revenue from sale of attribute 6ff26ef9ee033313afc8e84810a11079,float,numeric,6ff26ef9ee033313afc8e84810a11079,unassigned,none
704e67b8c7ce855d8760c074b4530fb5,Weekly revenue from sale of attribute 704e67b8c7ce855d8760c074b4530fb5,float,numeric,704e67b8c7ce855d8760c074b4530fb5,unassigned,none
70501750103046be6103489889ccb96e,Weekly revenue from sale of attribute 70501750103046be6103489889ccb96e,float,numeric,70501750103046be6103489889ccb96e,unassigned,none
70615110b87b5e185d019c1968084752,Weekly revenue from sale of attribute 70615110b87b5e185d019c1968084752,float,numeric,70615110b87b5e185d019c1968084752,unassigned,none
706982d4d1d9841dfd470b6fe10f8614,Weekly revenue from sale of attribute 706982d4d1d9841dfd470b6fe10f8614,float,numeric,706982d4d1d9841dfd470b6fe10f8614,unassigned,none
70869aae4d447a8815db20569604a9e7,Weekly revenue from sale of attribute 70869aae4d447a8815db20569604a9e7,float,numeric,70869aae4d447a8815db20569604a9e7,unassigned,none
7094fadc9773845c7d453e51b04289a8,Weekly revenue from sale of attribute 7094fadc9773845c7d453e51b04289a8,float,numeric,7094fadc9773845c7d453e51b04289a8,unassigned,none
70b04b1d699a19d1b0aed994d64d13f9,Weekly revenue from sale of attribute 70b04b1d699a19d1b0aed994d64d13f9,float,numeric,70b04b1d699a19d1b0aed994d64d13f9,unassigned,none
70cd303f8e2dc6c00f5908aa72acdea6,Weekly revenue from sale of attribute 70cd303f8e2dc6c00f5908aa72acdea6,float,numeric,70cd303f8e2dc6c00f5908aa72acdea6,unassigned,none
70d01ae15a5d5ee38388b90c0470d9b0,Weekly revenue from sale of attribute 70d01ae15a5d5ee38388b90c0470d9b0,float,numeric,70d01ae15a5d5ee38388b90c0470d9b0,unassigned,none
70f1b82f8f17830b01c2ff30ef958548,Weekly revenue from sale of attribute 70f1b82f8f17830b01c2ff30ef958548,float,numeric,70f1b82f8f17830b01c2ff30ef958548,unassigned,none
711032db75fae9c76c17020aa359a99d,Weekly revenue from sale of attribute 711032db75fae9c76c17020aa359a99d,float,numeric,711032db75fae9c76c17020aa359a99d,unassigned,none
717e96fd0fc2d06fe158982bce5e6a8f,Weekly revenue from sale of attribute 717e96fd0fc2d06fe158982bce5e6a8f,float,numeric,717e96fd0fc2d06fe158982bce5e6a8f,unassigned,none
719d571299707561c34ba04ab867b32a,Weekly revenue from sale of attribute 719d571299707561c34ba04ab867b32a,float,numeric,719d571299707561c34ba04ab867b32a,unassigned,none
71a033537c0b1b79fc26e6d0bb3bb1a2,Weekly revenue from sale of attribute 71a033537c0b1b79fc26e6d0bb3bb1a2,float,numeric,71a033537c0b1b79fc26e6d0bb3bb1a2,unassigned,none
71ca28a845714b71b378d81e93f0b183,Weekly revenue from sale of attribute 71ca28a845714b71b378d81e93f0b183,float,numeric,71ca28a845714b71b378d81e93f0b183,unassigned,none
72018b95e99f49156551362f086b62a7,Weekly revenue from sale of attribute 72018b95e99f49156551362f086b62a7,float,numeric,72018b95e99f49156551362f086b62a7,unassigned,none
72076d150be0b5c03bbff0c07cedeec2,Weekly revenue from sale of attribute 72076d150be0b5c03bbff0c07cedeec2,float,numeric,72076d150be0b5c03bbff0c07cedeec2,unassigned,none
72172e982e8b92155069e4201c92c0bb,Weekly revenue from sale of attribute 72172e982e8b92155069e4201c92c0bb,float,numeric,72172e982e8b92155069e4201c92c0bb,unassigned,none
7248b99ff380f23a1094ff737a1112fb,Weekly revenue from sale of attribute 7248b99ff380f23a1094ff737a1112fb,float,numeric,7248b99ff380f23a1094ff737a1112fb,unassigned,none
724dc24aa8d029d5d48b38bbbd54ec20,Weekly revenue from sale of attribute 724dc24aa8d029d5d48b38bbbd54ec20,float,numeric,724dc24aa8d029d5d48b38bbbd54ec20,unassigned,none
725cbfcaff95a4d43742fdf13cf43c75,Weekly revenue from sale of attribute 725cbfcaff95a4d43742fdf13cf43c75,float,numeric,725cbfcaff95a4d43742fdf13cf43c75,unassigned,none
726b4e18f00255e2e63491bcba3f60b8,Weekly revenue from sale of attribute 726b4e18f00255e2e63491bcba3f60b8,float,numeric,726b4e18f00255e2e63491bcba3f60b8,unassigned,none
728c17e07a160fed8b31f419de75f2c4,Weekly revenue from sale of attribute 728c17e07a160fed8b31f419de75f2c4,float,numeric,728c17e07a160fed8b31f419de75f2c4,unassigned,none
7295743cfc88049c951d73b337225d01,Weekly revenue from sale of attribute 7295743cfc88049c951d73b337225d01,float,numeric,7295743cfc88049c951d73b337225d01,unassigned,none
72a137b85d5a1d82cde242493f118f43,Weekly revenue from sale of attribute 72a137b85d5a1d82cde242493f118f43,float,numeric,72a137b85d5a1d82cde242493f118f43,unassigned,none
72a30483855e2eafc67aee5dc2560482,Weekly revenue from sale of attribute 72a30483855e2eafc67aee5dc2560482,float,numeric,72a30483855e2eafc67aee5dc2560482,unassigned,none
72d3bf1d3a790f8874096fcf860e3eff,Weekly revenue from sale of attribute 72d3bf1d3a790f8874096fcf860e3eff,float,numeric,72d3bf1d3a790f8874096fcf860e3eff,unassigned,none
72f50924c42f32d9a236b7602686a49f,Weekly revenue from sale of attribute 72f50924c42f32d9a236b7602686a49f,float,numeric,72f50924c42f32d9a236b7602686a49f,unassigned,none
7304acc3196eb4cb479464c421de747f,Weekly revenue from sale of attribute 7304acc3196eb4cb479464c421de747f,float,numeric,7304acc3196eb4cb479464c421de747f,unassigned,none
731509faf04a1b5119c24cc34f0d790e,Weekly revenue from sale of attribute 731509faf04a1b5119c24cc34f0d790e,float,numeric,731509faf04a1b5119c24cc34f0d790e,unassigned,none
7340a3839a1de1e99d149b8cf052a2ec,Weekly revenue from sale of attribute 7340a3839a1de1e99d149b8cf052a2ec,float,numeric,7340a3839a1de1e99d149b8cf052a2ec,unassigned,none
7353d65237c6a5d28f5781889cc58fee,Weekly revenue from sale of attribute 7353d65237c6a5d28f5781889cc58fee,float,numeric,7353d65237c6a5d28f5781889cc58fee,unassigned,none
73852ee3739732147010f2be732d597c,Weekly revenue from sale of attribute 73852ee3739732147010f2be732d597c,float,numeric,73852ee3739732147010f2be732d597c,unassigned,none
738da8ddda2e593acfdc53c2d1520dfa,Weekly revenue from sale of attribute 738da8ddda2e593acfdc53c2d1520dfa,float,numeric,738da8ddda2e593acfdc53c2d1520dfa,unassigned,none
73a79a46f21913c65ebb8071f480ee11,Weekly revenue from sale of attribute 73a79a46f21913c65ebb8071f480ee11,float,numeric,73a79a46f21913c65ebb8071f480ee11,unassigned,none
73bc42701d50d3c0673b38ea8fbe2e32,Weekly revenue from sale of attribute 73bc42701d50d3c0673b38ea8fbe2e32,float,numeric,73bc42701d50d3c0673b38ea8fbe2e32,unassigned,none
73bcea88583002fe12b7399af4ae60da,Weekly revenue from sale of attribute 73bcea88583002fe12b7399af4ae60da,float,numeric,73bcea88583002fe12b7399af4ae60da,unassigned,none
73db26ba1eb13dd2d0e1991a3ac6943b,Weekly revenue from sale of attribute 73db26ba1eb13dd2d0e1991a3ac6943b,float,numeric,73db26ba1eb13dd2d0e1991a3ac6943b,unassigned,none
7402c8cf69df715729b26da0ac2cc721,Weekly revenue from sale of attribute 7402c8cf69df715729b26da0ac2cc721,float,numeric,7402c8cf69df715729b26da0ac2cc721,unassigned,none
741158fada4f10d804c017c381d6925e,Weekly revenue from sale of attribute 741158fada4f10d804c017c381d6925e,float,numeric,741158fada4f10d804c017c381d6925e,unassigned,none
7413f40201dadc558699e8de1cbfa922,Weekly revenue from sale of attribute 7413f40201dadc558699e8de1cbfa922,float,numeric,7413f40201dadc558699e8de1cbfa922,unassigned,none
74308f15a8dd46e8e66e8801b76625b0,Weekly revenue from sale of attribute 74308f15a8dd46e8e66e8801b76625b0,float,numeric,74308f15a8dd46e8e66e8801b76625b0,unassigned,none
748b719f4cbfdcb99cae90bf4bb16217,Weekly revenue from sale of attribute 748b719f4cbfdcb99cae90bf4bb16217,float,numeric,748b719f4cbfdcb99cae90bf4bb16217,unassigned,none
74985eecf05f5ef2d7e4c59156454e2c,Weekly revenue from sale of attribute 74985eecf05f5ef2d7e4c59156454e2c,float,numeric,74985eecf05f5ef2d7e4c59156454e2c,unassigned,none
74d7448191f6e492834de7fe6dd952c2,Weekly revenue from sale of attribute 74d7448191f6e492834de7fe6dd952c2,float,numeric,74d7448191f6e492834de7fe6dd952c2,unassigned,none
74e901ea4caa0b0488e8350431c558e9,Weekly revenue from sale of attribute 74e901ea4caa0b0488e8350431c558e9,float,numeric,74e901ea4caa0b0488e8350431c558e9,unassigned,none
753de82a096285dc21658d87c4933771,Weekly revenue from sale of attribute 753de82a096285dc21658d87c4933771,float,numeric,753de82a096285dc21658d87c4933771,unassigned,none
75b4372e69a42f8ae1d908c076f547b2,Weekly revenue from sale of attribute 75b4372e69a42f8ae1d908c076f547b2,float,numeric,75b4372e69a42f8ae1d908c076f547b2,unassigned,none
75d6b6963340c6063f7f4cfcccfe6a30,Weekly revenue from sale of attribute 75d6b6963340c6063f7f4cfcccfe6a30,float,numeric,75d6b6963340c6063f7f4cfcccfe6a30,unassigned,none
75f32a954f5bb6bde77612be80c9293d,Weekly revenue from sale of attribute 75f32a954f5bb6bde77612be80c9293d,float,numeric,75f32a954f5bb6bde77612be80c9293d,unassigned,none
7605fbdad270936646b0ce6c3427b295,Weekly revenue from sale of attribute 7605fbdad270936646b0ce6c3427b295,float,numeric,7605fbdad270936646b0ce6c3427b295,unassigned,none
7614c62b86a81021243e438cfde78ccc,Weekly revenue from sale of attribute 7614c62b86a81021243e438cfde78ccc,float,numeric,7614c62b86a81021243e438cfde78ccc,unassigned,none
764292b2b0f73f77a0272be03fdd45f3,Weekly revenue from sale of attribute 764292b2b0f73f77a0272be03fdd45f3,float,numeric,764292b2b0f73f77a0272be03fdd45f3,unassigned,none
7666acd3cb60e97bf02449e36be0c02a,Weekly revenue from sale of attribute 7666acd3cb60e97bf02449e36be0c02a,float,numeric,7666acd3cb60e97bf02449e36be0c02a,unassigned,none
7672caf32ffe6d56dfe58faf64a17c45,Weekly revenue from sale of attribute 7672caf32ffe6d56dfe58faf64a17c45,float,numeric,7672caf32ffe6d56dfe58faf64a17c45,unassigned,none
7686fe49c98ae1c537b5cc51992f5d20,Weekly revenue from sale of attribute 7686fe49c98ae1c537b5cc51992f5d20,float,numeric,7686fe49c98ae1c537b5cc51992f5d20,unassigned,none
76ac1907588ea63f562f0851bd5a4289,Weekly revenue from sale of attribute 76ac1907588ea63f562f0851bd5a4289,float,numeric,76ac1907588ea63f562f0851bd5a4289,unassigned,none
76bc323604f948b202f4b159ac3ef4ee,Weekly revenue from sale of attribute 76bc323604f948b202f4b159ac3ef4ee,float,numeric,76bc323604f948b202f4b159ac3ef4ee,unassigned,none
76bfc9b1b1f332cfe28e1480389a38ca,Weekly revenue from sale of attribute 76bfc9b1b1f332cfe28e1480389a38ca,float,numeric,76bfc9b1b1f332cfe28e1480389a38ca,unassigned,none
76cd6488b0486efc2652c4180c07f6ad,Weekly revenue from sale of attribute 76cd6488b0486efc2652c4180c07f6ad,float,numeric,76cd6488b0486efc2652c4180c07f6ad,unassigned,none
76da62260c1793eadb05355edc9fd6ee,Weekly revenue from sale of attribute 76da62260c1793eadb05355edc9fd6ee,float,numeric,76da62260c1793eadb05355edc9fd6ee,unassigned,none
7703b8cb5b77fbb36518ea91e2ca734f,Weekly revenue from sale of attribute 7703b8cb5b77fbb36518ea91e2ca734f,float,numeric,7703b8cb5b77fbb36518ea91e2ca734f,unassigned,none
773d43a287d64831b05013a73a33f229,Weekly revenue from sale of attribute 773d43a287d64831b05013a73a33f229,float,numeric,773d43a287d64831b05013a73a33f229,unassigned,none
7768494922ec00df78713cb957ae63c8,Weekly revenue from sale of attribute 7768494922ec00df78713cb957ae63c8,float,numeric,7768494922ec00df78713cb957ae63c8,unassigned,none
776ef0ee36e20757c513e64903f1fa8a,Weekly revenue from sale of attribute 776ef0ee36e20757c513e64903f1fa8a,float,numeric,776ef0ee36e20757c513e64903f1fa8a,unassigned,none
777d2e438a1b645f3aec9bd57e92672c,Weekly revenue from sale of attribute 777d2e438a1b645f3aec9bd57e92672c,float,numeric,777d2e438a1b645f3aec9bd57e92672c,unassigned,none
778da519962c5306049eafccfd72abb8,Weekly revenue from sale of attribute 778da519962c5306049eafccfd72abb8,float,numeric,778da519962c5306049eafccfd72abb8,unassigned,none
77b22dbf8c7b5ba7b64f212c1344f7a9,Weekly revenue from sale of attribute 77b22dbf8c7b5ba7b64f212c1344f7a9,float,numeric,77b22dbf8c7b5ba7b64f212c1344f7a9,unassigned,none
77c0fc0c22b0e79a703aa61068b7bc7a,Weekly revenue from sale of attribute 77c0fc0c22b0e79a703aa61068b7bc7a,float,numeric,77c0fc0c22b0e79a703aa61068b7bc7a,unassigned,none
77cc62dc80ebe12a0452d1ce0565acdc,Weekly revenue from sale of attribute 77cc62dc80ebe12a0452d1ce0565acdc,float,numeric,77cc62dc80ebe12a0452d1ce0565acdc,unassigned,none
77ccda894b672fe1214b0101d108d7f7,Weekly revenue from sale of attribute 77ccda894b672fe1214b0101d108d7f7,float,numeric,77ccda894b672fe1214b0101d108d7f7,unassigned,none
77f9afba18e2795ef8beea40ea189168,Weekly revenue from sale of attribute 77f9afba18e2795ef8beea40ea189168,float,numeric,77f9afba18e2795ef8beea40ea189168,unassigned,none
77fa3381855b6763c52ca3b72824f508,Weekly revenue from sale of attribute 77fa3381855b6763c52ca3b72824f508,float,numeric,77fa3381855b6763c52ca3b72824f508,unassigned,none
77feb885b9ca6c9b64934b33e3c0e15e,Weekly revenue from sale of attribute 77feb885b9ca6c9b64934b33e3c0e15e,float,numeric,77feb885b9ca6c9b64934b33e3c0e15e,unassigned,none
78108fe8e4d5ccfe8ed10f92f7d73c2a,Weekly revenue from sale of attribute 78108fe8e4d5ccfe8ed10f92f7d73c2a,float,numeric,78108fe8e4d5ccfe8ed10f92f7d73c2a,unassigned,none
78119fbfa709d07b86f5ccf15043c6d6,Weekly revenue from sale of attribute 78119fbfa709d07b86f5ccf15043c6d6,float,numeric,78119fbfa709d07b86f5ccf15043c6d6,unassigned,none
7814c273ab16783d73a9863ebfa8b141,Weekly revenue from sale of attribute 7814c273ab16783d73a9863ebfa8b141,float,numeric,7814c273ab16783d73a9863ebfa8b141,unassigned,none
7814c4d0c13dd09411bf75a6c3184e7f,Weekly revenue from sale of attribute 7814c4d0c13dd09411bf75a6c3184e7f,float,numeric,7814c4d0c13dd09411bf75a6c3184e7f,unassigned,none
7833fb4b2feb3e20e17156f38f042182,Weekly revenue from sale of attribute 7833fb4b2feb3e20e17156f38f042182,float,numeric,7833fb4b2feb3e20e17156f38f042182,unassigned,none
7859f528174ebd0467278f357d67833e,Weekly revenue from sale of attribute 7859f528174ebd0467278f357d67833e,float,numeric,7859f528174ebd0467278f357d67833e,unassigned,none
786733d317255508bd4d648585977611,Weekly revenue from sale of attribute 786733d317255508bd4d648585977611,float,numeric,786733d317255508bd4d648585977611,unassigned,none
7868a64aa111bbb4f41f8e1146c0becb,Weekly revenue from sale of attribute 7868a64aa111bbb4f41f8e1146c0becb,float,numeric,7868a64aa111bbb4f41f8e1146c0becb,unassigned,none
78819ab10b4a44927c832a21c06849e0,Weekly revenue from sale of attribute 78819ab10b4a44927c832a21c06849e0,float,numeric,78819ab10b4a44927c832a21c06849e0,unassigned,none
7893c68e0a8b6e58a70390551e8a84d9,Weekly revenue from sale of attribute 7893c68e0a8b6e58a70390551e8a84d9,float,numeric,7893c68e0a8b6e58a70390551e8a84d9,unassigned,none
78976d6eae26536628ef574944bc7b0f,Weekly revenue from sale of attribute 78976d6eae26536628ef574944bc7b0f,float,numeric,78976d6eae26536628ef574944bc7b0f,unassigned,none
78a727ba961fe7561d533e153bf04088,Weekly revenue from sale of attribute 78a727ba961fe7561d533e153bf04088,float,numeric,78a727ba961fe7561d533e153bf04088,unassigned,none
78a8b452478479d26f32e36504176cf1,Weekly revenue from sale of attribute 78a8b452478479d26f32e36504176cf1,float,numeric,78a8b452478479d26f32e36504176cf1,unassigned,none
78b7b1ff2d3f06a589354ddf2f4f9db3,Weekly revenue from sale of attribute 78b7b1ff2d3f06a589354ddf2f4f9db3,float,numeric,78b7b1ff2d3f06a589354ddf2f4f9db3,unassigned,none
7933eeb8cf79ae899bfac71c0edb076d,Weekly revenue from sale of attribute 7933eeb8cf79ae899bfac71c0edb076d,float,numeric,7933eeb8cf79ae899bfac71c0edb076d,unassigned,none
79366d6a24de9351b7ca6e3cf75a68ec,Weekly revenue from sale of attribute 79366d6a24de9351b7ca6e3cf75a68ec,float,numeric,79366d6a24de9351b7ca6e3cf75a68ec,unassigned,none
79706e79825f7409ef032653a271fba2,Weekly revenue from sale of attribute 79706e79825f7409ef032653a271fba2,float,numeric,79706e79825f7409ef032653a271fba2,unassigned,none
797897e182469fff3c330560d2fc851f,Weekly revenue from sale of attribute 797897e182469fff3c330560d2fc851f,float,numeric,797897e182469fff3c330560d2fc851f,unassigned,none
79896466715d0179d8e5c8a84e5f0a18,Weekly revenue from sale of attribute 79896466715d0179d8e5c8a84e5f0a18,float,numeric,79896466715d0179d8e5c8a84e5f0a18,unassigned,none
79a564cca1924553af76d396bf7c0662,Weekly revenue from sale of attribute 79a564cca1924553af76d396bf7c0662,float,numeric,79a564cca1924553af76d396bf7c0662,unassigned,none
79c0ace2ccf0da036e787875a49151a4,Weekly revenue from sale of attribute 79c0ace2ccf0da036e787875a49151a4,float,numeric,79c0ace2ccf0da036e787875a49151a4,unassigned,none
79cdc73931bb8e30077784ebbd2a16fc,Weekly revenue from sale of attribute 79cdc73931bb8e30077784ebbd2a16fc,float,numeric,79cdc73931bb8e30077784ebbd2a16fc,unassigned,none
79fb349afbae7595d2bc47368a7e4558,Weekly revenue from sale of attribute 79fb349afbae7595d2bc47368a7e4558,float,numeric,79fb349afbae7595d2bc47368a7e4558,unassigned,none
7a10781637204d8d10485c71a6108a2e,Weekly revenue from sale of attribute 7a10781637204d8d10485c71a6108a2e,float,numeric,7a10781637204d8d10485c71a6108a2e,unassigned,none
7a3bc1b5f3ad201ecd5d03d51d34bedd,Weekly revenue from sale of attribute 7a3bc1b5f3ad201ecd5d03d51d34bedd,float,numeric,7a3bc1b5f3ad201ecd5d03d51d34bedd,unassigned,none
7a6aebc4c1205818e64f9275475a73e9,Weekly revenue from sale of attribute 7a6aebc4c1205818e64f9275475a73e9,float,numeric,7a6aebc4c1205818e64f9275475a73e9,unassigned,none
7a8dac4aaa16bc642e4df33adcf03303,Weekly revenue from sale of attribute 7a8dac4aaa16bc642e4df33adcf03303,float,numeric,7a8dac4aaa16bc642e4df33adcf03303,unassigned,none
7aa1ab866537ff58ef91e90e3df92134,Weekly revenue from sale of attribute 7aa1ab866537ff58ef91e90e3df92134,float,numeric,7aa1ab866537ff58ef91e90e3df92134,unassigned,none
7aac5971b0560a816c14f6b6e9185bcc,Weekly revenue from sale of attribute 7aac5971b0560a816c14f6b6e9185bcc,float,numeric,7aac5971b0560a816c14f6b6e9185bcc,unassigned,none
7ab21257ee876b3897bd55046d3d81d3,Weekly revenue from sale of attribute 7ab21257ee876b3897bd55046d3d81d3,float,numeric,7ab21257ee876b3897bd55046d3d81d3,unassigned,none
7ac0d3f8ac5b60c13d74b02b8cbb4623,Weekly revenue from sale of attribute 7ac0d3f8ac5b60c13d74b02b8cbb4623,float,numeric,7ac0d3f8ac5b60c13d74b02b8cbb4623,unassigned,none
7ac5f520abfc0589418bc7c76cea7a7c,Weekly revenue from sale of attribute 7ac5f520abfc0589418bc7c76cea7a7c,float,numeric,7ac5f520abfc0589418bc7c76cea7a7c,unassigned,none
7ac6cda1ec564b21b2daa9dc0973c1df,Weekly revenue from sale of attribute 7ac6cda1ec564b21b2daa9dc0973c1df,float,numeric,7ac6cda1ec564b21b2daa9dc0973c1df,unassigned,none
7ad04045119d9f1c12c3c395ce9a6590,Weekly revenue from sale of attribute 7ad04045119d9f1c12c3c395ce9a6590,float,numeric,7ad04045119d9f1c12c3c395ce9a6590,unassigned,none
7ada7bee4052075cf6310885da8c4392,Weekly revenue from sale of attribute 7ada7bee4052075cf6310885da8c4392,float,numeric,7ada7bee4052075cf6310885da8c4392,unassigned,none
7af541d714ea3db608971a40b8f507cb,Weekly revenue from sale of attribute 7af541d714ea3db608971a40b8f507cb,float,numeric,7af541d714ea3db608971a40b8f507cb,unassigned,none
7afa8c8eca2a26b599823eed4975a820,Weekly revenue from sale of attribute 7afa8c8eca2a26b599823eed4975a820,float,numeric,7afa8c8eca2a26b599823eed4975a820,unassigned,none
7b22327a8222cb724f17c3a0aa392517,Weekly revenue from sale of attribute 7b22327a8222cb724f17c3a0aa392517,float,numeric,7b22327a8222cb724f17c3a0aa392517,unassigned,none
7b35be468d9795a7529f65c50ec87668,Weekly revenue from sale of attribute 7b35be468d9795a7529f65c50ec87668,float,numeric,7b35be468d9795a7529f65c50ec87668,unassigned,none
7b35ccd93a2184646c03b70326626923,Weekly revenue from sale of attribute 7b35ccd93a2184646c03b70326626923,float,numeric,7b35ccd93a2184646c03b70326626923,unassigned,none
7b3baec97c107a6869809313ee7262ac,Weekly revenue from sale of attribute 7b3baec97c107a6869809313ee7262ac,float,numeric,7b3baec97c107a6869809313ee7262ac,unassigned,none
7b453aa3584d61c1268d77ba6fd5956b,Weekly revenue from sale of attribute 7b453aa3584d61c1268d77ba6fd5956b,float,numeric,7b453aa3584d61c1268d77ba6fd5956b,unassigned,none
7b717060aa783eb7f23a747a3a733dd7,Weekly revenue from sale of attribute 7b717060aa783eb7f23a747a3a733dd7,float,numeric,7b717060aa783eb7f23a747a3a733dd7,unassigned,none
7b7a748518a1e2236ae04e2f97c492d2,Weekly revenue from sale of attribute 7b7a748518a1e2236ae04e2f97c492d2,float,numeric,7b7a748518a1e2236ae04e2f97c492d2,unassigned,none
7b83c11ac78f11bde67542beb12e8163,Weekly revenue from sale of attribute 7b83c11ac78f11bde67542beb12e8163,float,numeric,7b83c11ac78f11bde67542beb12e8163,unassigned,none
7b94353bef4c3e78ed02f8cdf33d407d,Weekly revenue from sale of attribute 7b94353bef4c3e78ed02f8cdf33d407d,float,numeric,7b94353bef4c3e78ed02f8cdf33d407d,unassigned,none
7bc637a5504e0cfdf08490124d681fd3,Weekly revenue from sale of attribute 7bc637a5504e0cfdf08490124d681fd3,float,numeric,7bc637a5504e0cfdf08490124d681fd3,unassigned,none
7bf86b4bc4b643b992d0eeb1514831e7,Weekly revenue from sale of attribute 7bf86b4bc4b643b992d0eeb1514831e7,float,numeric,7bf86b4bc4b643b992d0eeb1514831e7,unassigned,none
7c1bd920dbdf22470b68bde975dd3ccf,Weekly revenue from sale of attribute 7c1bd920dbdf22470b68bde975dd3ccf,float,numeric,7c1bd920dbdf22470b68bde975dd3ccf,unassigned,none
7c2d0df8e5fbfa71d54a400b33a8502e,Weekly revenue from sale of attribute 7c2d0df8e5fbfa71d54a400b33a8502e,float,numeric,7c2d0df8e5fbfa71d54a400b33a8502e,unassigned,none
7c4a8bec217df1de0df2b5aaf8175b65,Weekly revenue from sale of attribute 7c4a8bec217df1de0df2b5aaf8175b65,float,numeric,7c4a8bec217df1de0df2b5aaf8175b65,unassigned,none
7c7588d9c0e7596f400f129e8bfecb03,Weekly revenue from sale of attribute 7c7588d9c0e7596f400f129e8bfecb03,float,numeric,7c7588d9c0e7596f400f129e8bfecb03,unassigned,none
7c898e0b8ea203dd94ba846627fc34d1,Weekly revenue from sale of attribute 7c898e0b8ea203dd94ba846627fc34d1,float,numeric,7c898e0b8ea203dd94ba846627fc34d1,unassigned,none
7cdf063c858373234611848620a5c950,Weekly revenue from sale of attribute 7cdf063c858373234611848620a5c950,float,numeric,7cdf063c858373234611848620a5c950,unassigned,none
7cfb84c1323fb861a17478de42b1839f,Weekly revenue from sale of attribute 7cfb84c1323fb861a17478de42b1839f,float,numeric,7cfb84c1323fb861a17478de42b1839f,unassigned,none
7d1fc7d682f6a5c8e47437e3540f4415,Weekly revenue from sale of attribute 7d1fc7d682f6a5c8e47437e3540f4415,float,numeric,7d1fc7d682f6a5c8e47437e3540f4415,unassigned,none
7d21a88f26eb0766b0b555f71a16750f,Weekly revenue from sale of attribute 7d21a88f26eb0766b0b555f71a16750f,float,numeric,7d21a88f26eb0766b0b555f71a16750f,unassigned,none
7d40b684cc830baa8f7760f6fb1528c0,Weekly revenue from sale of attribute 7d40b684cc830baa8f7760f6fb1528c0,float,numeric,7d40b684cc830baa8f7760f6fb1528c0,unassigned,none
7d50930301709838d8e90dcac5cfaa84,Weekly revenue from sale of attribute 7d50930301709838d8e90dcac5cfaa84,float,numeric,7d50930301709838d8e90dcac5cfaa84,unassigned,none
7d854ab97c64ef9df2bbfaf332765786,Weekly revenue from sale of attribute 7d854ab97c64ef9df2bbfaf332765786,float,numeric,7d854ab97c64ef9df2bbfaf332765786,unassigned,none
7d88ffedac5a08939ab9b5fbbc6b61ba,Weekly revenue from sale of attribute 7d88ffedac5a08939ab9b5fbbc6b61ba,float,numeric,7d88ffedac5a08939ab9b5fbbc6b61ba,unassigned,none
7dd3fec3502f7ef333da2a73e00db394,Weekly revenue from sale of attribute 7dd3fec3502f7ef333da2a73e00db394,float,numeric,7dd3fec3502f7ef333da2a73e00db394,unassigned,none
7debe59b10825e89c1cbcc8b190c85e2,Weekly revenue from sale of attribute 7debe59b10825e89c1cbcc8b190c85e2,float,numeric,7debe59b10825e89c1cbcc8b190c85e2,unassigned,none
7e0dc102074f8285580c9777f79c90cf,Weekly revenue from sale of attribute 7e0dc102074f8285580c9777f79c90cf,float,numeric,7e0dc102074f8285580c9777f79c90cf,unassigned,none
7e4453fdebc830f4198332526054960f,Weekly revenue from sale of attribute 7e4453fdebc830f4198332526054960f,float,numeric,7e4453fdebc830f4198332526054960f,unassigned,none
7e50b75774c90a76cd3fa12f33de892e,Weekly revenue from sale of attribute 7e50b75774c90a76cd3fa12f33de892e,float,numeric,7e50b75774c90a76cd3fa12f33de892e,unassigned,none
7e93d6b6ef018d488da72952ce48fb9a,Weekly revenue from sale of attribute 7e93d6b6ef018d488da72952ce48fb9a,float,numeric,7e93d6b6ef018d488da72952ce48fb9a,unassigned,none
7e97894cc00196a56d6ec315c68b2353,Weekly revenue from sale of attribute 7e97894cc00196a56d6ec315c68b2353,float,numeric,7e97894cc00196a56d6ec315c68b2353,unassigned,none
7f064525eaaa1ce9d22c085f7ff5413a,Weekly revenue from sale of attribute 7f064525eaaa1ce9d22c085f7ff5413a,float,numeric,7f064525eaaa1ce9d22c085f7ff5413a,unassigned,none
7f1c32fb404e8cd4b901a3347a96f66e,Weekly revenue from sale of attribute 7f1c32fb404e8cd4b901a3347a96f66e,float,numeric,7f1c32fb404e8cd4b901a3347a96f66e,unassigned,none
7f253218cda162fcc215fd4e0768b00c,Weekly revenue from sale of attribute 7f253218cda162fcc215fd4e0768b00c,float,numeric,7f253218cda162fcc215fd4e0768b00c,unassigned,none
7f61bd19ec09e7fe8a9fa226b516e6cd,Weekly revenue from sale of attribute 7f61bd19ec09e7fe8a9fa226b516e6cd,float,numeric,7f61bd19ec09e7fe8a9fa226b516e6cd,unassigned,none
7f72a8900b3d2fc8fa2635b7836d6e6e,Weekly revenue from sale of attribute 7f72a8900b3d2fc8fa2635b7836d6e6e,float,numeric,7f72a8900b3d2fc8fa2635b7836d6e6e,unassigned,none
7f7da198305ad62091daf841ed6acc6e,Weekly revenue from sale of attribute 7f7da198305ad62091daf841ed6acc6e,float,numeric,7f7da198305ad62091daf841ed6acc6e,unassigned,none
7f98b8ee9f858f69f6e73715c3fe8ed2,Weekly revenue from sale of attribute 7f98b8ee9f858f69f6e73715c3fe8ed2,float,numeric,7f98b8ee9f858f69f6e73715c3fe8ed2,unassigned,none
7fab1a1472fdd934397068931f63f3ca,Weekly revenue from sale of attribute 7fab1a1472fdd934397068931f63f3ca,float,numeric,7fab1a1472fdd934397068931f63f3ca,unassigned,none
7fb04722aba7a2b632bac8f9819796f3,Weekly revenue from sale of attribute 7fb04722aba7a2b632bac8f9819796f3,float,numeric,7fb04722aba7a2b632bac8f9819796f3,unassigned,none
7fe486a60125c1541517e30944f95066,Weekly revenue from sale of attribute 7fe486a60125c1541517e30944f95066,float,numeric,7fe486a60125c1541517e30944f95066,unassigned,none
802d4aa654f6b24ca4d5bd2c61c0b079,Weekly revenue from sale of attribute 802d4aa654f6b24ca4d5bd2c61c0b079,float,numeric,802d4aa654f6b24ca4d5bd2c61c0b079,unassigned,none
803f77475e1b51b47f1bfec4f2ec353f,Weekly revenue from sale of attribute 803f77475e1b51b47f1bfec4f2ec353f,float,numeric,803f77475e1b51b47f1bfec4f2ec353f,unassigned,none
80a28a92c0530e6838d3f35cae419d34,Weekly revenue from sale of attribute 80a28a92c0530e6838d3f35cae419d34,float,numeric,80a28a92c0530e6838d3f35cae419d34,unassigned,none
80c2ccc80085da41e8c055401fef8e3d,Weekly revenue from sale of attribute 80c2ccc80085da41e8c055401fef8e3d,float,numeric,80c2ccc80085da41e8c055401fef8e3d,unassigned,none
80d3aeff2ab6c9d795010c029dbd5ddd,Weekly revenue from sale of attribute 80d3aeff2ab6c9d795010c029dbd5ddd,float,numeric,80d3aeff2ab6c9d795010c029dbd5ddd,unassigned,none
810cfa5dd36b001cfc186499381f72ab,Weekly revenue from sale of attribute 810cfa5dd36b001cfc186499381f72ab,float,numeric,810cfa5dd36b001cfc186499381f72ab,unassigned,none
81288df52439985f610be64465e53f57,Weekly revenue from sale of attribute 81288df52439985f610be64465e53f57,float,numeric,81288df52439985f610be64465e53f57,unassigned,none
812f1a638bcd733dd09a574e2424dff0,Weekly revenue from sale of attribute 812f1a638bcd733dd09a574e2424dff0,float,numeric,812f1a638bcd733dd09a574e2424dff0,unassigned,none
813a30050677eb6996e12eea9ad400bf,Weekly revenue from sale of attribute 813a30050677eb6996e12eea9ad400bf,float,numeric,813a30050677eb6996e12eea9ad400bf,unassigned,none
8163c8c2e8dc7cc8c93d1b30a2e7428b,Weekly revenue from sale of attribute 8163c8c2e8dc7cc8c93d1b30a2e7428b,float,numeric,8163c8c2e8dc7cc8c93d1b30a2e7428b,unassigned,none
8175f5b59bb3ab62f5cb114699fcc682,Weekly revenue from sale of attribute 8175f5b59bb3ab62f5cb114699fcc682,float,numeric,8175f5b59bb3ab62f5cb114699fcc682,unassigned,none
817e1c2d22418c36386406ccacfa53e8,Weekly revenue from sale of attribute 817e1c2d22418c36386406ccacfa53e8,float,numeric,817e1c2d22418c36386406ccacfa53e8,unassigned,none
81825b8f118d301ef4933de64545b307,Weekly revenue from sale of attribute 81825b8f118d301ef4933de64545b307,float,numeric,81825b8f118d301ef4933de64545b307,unassigned,none
81d879a43537a2803762ce12282ccbc9,Weekly revenue from sale of attribute 81d879a43537a2803762ce12282ccbc9,float,numeric,81d879a43537a2803762ce12282ccbc9,unassigned,none
81e32892fb8587aa24b175d42bb6bfcc,Weekly revenue from sale of attribute 81e32892fb8587aa24b175d42bb6bfcc,float,numeric,81e32892fb8587aa24b175d42bb6bfcc,unassigned,none
820e8f306dc9ffcf6d0957516084cca1,Weekly revenue from sale of attribute 820e8f306dc9ffcf6d0957516084cca1,float,numeric,820e8f306dc9ffcf6d0957516084cca1,unassigned,none
820fa146b7ccfe19c80e999cf4a77668,Weekly revenue from sale of attribute 820fa146b7ccfe19c80e999cf4a77668,float,numeric,820fa146b7ccfe19c80e999cf4a77668,unassigned,none
821719b9a2288a792ba3ca0c9962f467,Weekly revenue from sale of attribute 821719b9a2288a792ba3ca0c9962f467,float,numeric,821719b9a2288a792ba3ca0c9962f467,unassigned,none
82183967d9fde935fc0b0189bb68ccec,Weekly revenue from sale of attribute 82183967d9fde935fc0b0189bb68ccec,float,numeric,82183967d9fde935fc0b0189bb68ccec,unassigned,none
82254d93b897fde054504b15f8fe923c,Weekly revenue from sale of attribute 82254d93b897fde054504b15f8fe923c,float,numeric,82254d93b897fde054504b15f8fe923c,unassigned,none
822c9ab05e9b8114704a5b2cd8639585,Weekly revenue from sale of attribute 822c9ab05e9b8114704a5b2cd8639585,float,numeric,822c9ab05e9b8114704a5b2cd8639585,unassigned,none
8232a265a535c1f886b38335667be2a5,Weekly revenue from sale of attribute 8232a265a535c1f886b38335667be2a5,float,numeric,8232a265a535c1f886b38335667be2a5,unassigned,none
823d744bdaf063ad824cac2fc3540fd8,Weekly revenue from sale of attribute 823d744bdaf063ad824cac2fc3540fd8,float,numeric,823d744bdaf063ad824cac2fc3540fd8,unassigned,none
82495477af19e76ed4b080e66298f2bc,Weekly revenue from sale of attribute 82495477af19e76ed4b080e66298f2bc,float,numeric,82495477af19e76ed4b080e66298f2bc,unassigned,none
8268f227748ea57889478c74ca12d151,Weekly revenue from sale of attribute 8268f227748ea57889478c74ca12d151,float,numeric,8268f227748ea57889478c74ca12d151,unassigned,none
82b73150f90f4fef92913e35b9984bb7,Weekly revenue from sale of attribute 82b73150f90f4fef92913e35b9984bb7,float,numeric,82b73150f90f4fef92913e35b9984bb7,unassigned,none
82cfbad6a3bb123bb807f51078765a0f,Weekly revenue from sale of attribute 82cfbad6a3bb123bb807f51078765a0f,float,numeric,82cfbad6a3bb123bb807f51078765a0f,unassigned,none
8317b177579dd27ff068b83205e2169b,Weekly revenue from sale of attribute 8317b177579dd27ff068b83205e2169b,float,numeric,8317b177579dd27ff068b83205e2169b,unassigned,none
8318a2808212aaad26bcb506a505d45d,Weekly revenue from sale of attribute 8318a2808212aaad26bcb506a505d45d,float,numeric,8318a2808212aaad26bcb506a505d45d,unassigned,none
832755a0ea738bb04907c1558ef43e40,Weekly revenue from sale of attribute 832755a0ea738bb04907c1558ef43e40,float,numeric,832755a0ea738bb04907c1558ef43e40,unassigned,none
8338cef8355d238f43711dcb9c0657b2,Weekly revenue from sale of attribute 8338cef8355d238f43711dcb9c0657b2,float,numeric,8338cef8355d238f43711dcb9c0657b2,unassigned,none
83b00325c13c44245b2c3a2befa62a0e,Weekly revenue from sale of attribute 83b00325c13c44245b2c3a2befa62a0e,float,numeric,83b00325c13c44245b2c3a2befa62a0e,unassigned,none
83d199d296c44101c8c3b5c9c0cce9ea,Weekly revenue from sale of attribute 83d199d296c44101c8c3b5c9c0cce9ea,float,numeric,83d199d296c44101c8c3b5c9c0cce9ea,unassigned,none
84003eefe52bb4112252409a24ae3a73,Weekly revenue from sale of attribute 84003eefe52bb4112252409a24ae3a73,float,numeric,84003eefe52bb4112252409a24ae3a73,unassigned,none
8435e69e8ca35cc17d3471e240ea0d44,Weekly revenue from sale of attribute 8435e69e8ca35cc17d3471e240ea0d44,float,numeric,8435e69e8ca35cc17d3471e240ea0d44,unassigned,none
8448ca0891d431bffa57301b7dd2ad04,Weekly revenue from sale of attribute 8448ca0891d431bffa57301b7dd2ad04,float,numeric,8448ca0891d431bffa57301b7dd2ad04,unassigned,none
8474d936fee23f0c45620cc2022871cc,Weekly revenue from sale of attribute 8474d936fee23f0c45620cc2022871cc,float,numeric,8474d936fee23f0c45620cc2022871cc,unassigned,none
84a5ff7347e4371b23168a1b69f2409d,Weekly revenue from sale of attribute 84a5ff7347e4371b23168a1b69f2409d,float,numeric,84a5ff7347e4371b23168a1b69f2409d,unassigned,none
84a87daa85c8b432d90bc1baa0cb4388,Weekly revenue from sale of attribute 84a87daa85c8b432d90bc1baa0cb4388,float,numeric,84a87daa85c8b432d90bc1baa0cb4388,unassigned,none
84d0e98e468edffdfe4f1f5b178d4ecc,Weekly revenue from sale of attribute 84d0e98e468edffdfe4f1f5b178d4ecc,float,numeric,84d0e98e468edffdfe4f1f5b178d4ecc,unassigned,none
84dd5aaecdb39b406c39de952b13f394,Weekly revenue from sale of attribute 84dd5aaecdb39b406c39de952b13f394,float,numeric,84dd5aaecdb39b406c39de952b13f394,unassigned,none
84ecc25f4c77dacc5c0ceb89e09492e9,Weekly revenue from sale of attribute 84ecc25f4c77dacc5c0ceb89e09492e9,float,numeric,84ecc25f4c77dacc5c0ceb89e09492e9,unassigned,none
84f456958365164420cfc80fbe4c7fab,Weekly revenue from sale of attribute 84f456958365164420cfc80fbe4c7fab,float,numeric,84f456958365164420cfc80fbe4c7fab,unassigned,none
852b19e59727d554cf958607536d86d9,Weekly revenue from sale of attribute 852b19e59727d554cf958607536d86d9,float,numeric,852b19e59727d554cf958607536d86d9,unassigned,none
853ece231e7141c4e815d687c68c6b7d,Weekly revenue from sale of attribute 853ece231e7141c4e815d687c68c6b7d,float,numeric,853ece231e7141c4e815d687c68c6b7d,unassigned,none
85a53ff2878f9c7acfcccc794b79cc66,Weekly revenue from sale of attribute 85a53ff2878f9c7acfcccc794b79cc66,float,numeric,85a53ff2878f9c7acfcccc794b79cc66,unassigned,none
85d187257cdbf2692d10649a11c7e78b,Weekly revenue from sale of attribute 85d187257cdbf2692d10649a11c7e78b,float,numeric,85d187257cdbf2692d10649a11c7e78b,unassigned,none
861857117917aaa99611defcc0d514cd,Weekly revenue from sale of attribute 861857117917aaa99611defcc0d514cd,float,numeric,861857117917aaa99611defcc0d514cd,unassigned,none
868969d3a93aeeab7bfcd4fc3d3d65de,Weekly revenue from sale of attribute 868969d3a93aeeab7bfcd4fc3d3d65de,float,numeric,868969d3a93aeeab7bfcd4fc3d3d65de,unassigned,none
86b4986bc313d65b0b5e46f5be8d11ce,Weekly revenue from sale of attribute 86b4986bc313d65b0b5e46f5be8d11ce,float,numeric,86b4986bc313d65b0b5e46f5be8d11ce,unassigned,none
86b8032cbb666ec9ca1f2aa4d4cace06,Weekly revenue from sale of attribute 86b8032cbb666ec9ca1f2aa4d4cace06,float,numeric,86b8032cbb666ec9ca1f2aa4d4cace06,unassigned,none
86c43103446290e7efacad3701cd654d,Weekly revenue from sale of attribute 86c43103446290e7efacad3701cd654d,float,numeric,86c43103446290e7efacad3701cd654d,unassigned,none
86f2416d4670e4ea3ca5494d043d9f24,Weekly revenue from sale of attribute 86f2416d4670e4ea3ca5494d043d9f24,float,numeric,86f2416d4670e4ea3ca5494d043d9f24,unassigned,none
870bcc6c58e03ca658cfdd13db4bbe28,Weekly revenue from sale of attribute 870bcc6c58e03ca658cfdd13db4bbe28,float,numeric,870bcc6c58e03ca658cfdd13db4bbe28,unassigned,none
87283a98b24f9f1ac3a31b631073cf47,Weekly revenue from sale of attribute 87283a98b24f9f1ac3a31b631073cf47,float,numeric,87283a98b24f9f1ac3a31b631073cf47,unassigned,none
872db866d615db59612ac933f43d6b22,Weekly revenue from sale of attribute 872db866d615db59612ac933f43d6b22,float,numeric,872db866d615db59612ac933f43d6b22,unassigned,none
873ecb2fd02d35f52e5820550e538e72,Weekly revenue from sale of attribute 873ecb2fd02d35f52e5820550e538e72,float,numeric,873ecb2fd02d35f52e5820550e538e72,unassigned,none
8784c4d113e30be2fb64b69be0551b30,Weekly revenue from sale of attribute 8784c4d113e30be2fb64b69be0551b30,float,numeric,8784c4d113e30be2fb64b69be0551b30,unassigned,none
87b92e06b320e803d334ac23966c80b1,Weekly revenue from sale of attribute 87b92e06b320e803d334ac23966c80b1,float,numeric,87b92e06b320e803d334ac23966c80b1,unassigned,none
87cb507e0daa37bbf34956fd59eba832,Weekly revenue from sale of attribute 87cb507e0daa37bbf34956fd59eba832,float,numeric,87cb507e0daa37bbf34956fd59eba832,unassigned,none
87cc2aef12eddf0b170234138b0946e0,Weekly revenue from sale of attribute 87cc2aef12eddf0b170234138b0946e0,float,numeric,87cc2aef12eddf0b170234138b0946e0,unassigned,none
87d780fa7d2cf3710aa02dc4ca8db985,Weekly revenue from sale of attribute 87d780fa7d2cf3710aa02dc4ca8db985,float,numeric,87d780fa7d2cf3710aa02dc4ca8db985,unassigned,none
880be32f4db1d9f6e2bec38fb6ac23ab,Weekly revenue from sale of attribute 880be32f4db1d9f6e2bec38fb6ac23ab,float,numeric,880be32f4db1d9f6e2bec38fb6ac23ab,unassigned,none
8844bd4b8ca8f93603694ca2bceb77e9,Weekly revenue from sale of attribute 8844bd4b8ca8f93603694ca2bceb77e9,float,numeric,8844bd4b8ca8f93603694ca2bceb77e9,unassigned,none
884b444b6ef19272ab3adf358afcc921,Weekly revenue from sale of attribute 884b444b6ef19272ab3adf358afcc921,float,numeric,884b444b6ef19272ab3adf358afcc921,unassigned,none
884fa3cd42986ba480ea2f8ae4e25ff7,Weekly revenue from sale of attribute 884fa3cd42986ba480ea2f8ae4e25ff7,float,numeric,884fa3cd42986ba480ea2f8ae4e25ff7,unassigned,none
8883cd5c3e8ce5ce6ef730ff1d2f249e,Weekly revenue from sale of attribute 8883cd5c3e8ce5ce6ef730ff1d2f249e,float,numeric,8883cd5c3e8ce5ce6ef730ff1d2f249e,unassigned,none
88a1223b29fac4c3abef8d1369dbbaea,Weekly revenue from sale of attribute 88a1223b29fac4c3abef8d1369dbbaea,float,numeric,88a1223b29fac4c3abef8d1369dbbaea,unassigned,none
88c20c5a22f2ca169af8cfc2df00a7a2,Weekly revenue from sale of attribute 88c20c5a22f2ca169af8cfc2df00a7a2,float,numeric,88c20c5a22f2ca169af8cfc2df00a7a2,unassigned,none
88dd63919fc9ab693803578a04a20209,Weekly revenue from sale of attribute 88dd63919fc9ab693803578a04a20209,float,numeric,88dd63919fc9ab693803578a04a20209,unassigned,none
88e45c0f0947e8b8e17cd93e8112be5e,Weekly revenue from sale of attribute 88e45c0f0947e8b8e17cd93e8112be5e,float,numeric,88e45c0f0947e8b8e17cd93e8112be5e,unassigned,none
88f723b1cc87199862c31b071276b0f5,Weekly revenue from sale of attribute 88f723b1cc87199862c31b071276b0f5,float,numeric,88f723b1cc87199862c31b071276b0f5,unassigned,none
8924b7a8cf460f276c5fc77859b97539,Weekly revenue from sale of attribute 8924b7a8cf460f276c5fc77859b97539,float,numeric,8924b7a8cf460f276c5fc77859b97539,unassigned,none
892832da5b05b0f54578e1f14f193c22,Weekly revenue from sale of attribute 892832da5b05b0f54578e1f14f193c22,float,numeric,892832da5b05b0f54578e1f14f193c22,unassigned,none
893a6dd696a6d0d57792987e0df04371,Weekly revenue from sale of attribute 893a6dd696a6d0d57792987e0df04371,float,numeric,893a6dd696a6d0d57792987e0df04371,unassigned,none
893c4e4b07dcb5a590645ddeb8894cb5,Weekly revenue from sale of attribute 893c4e4b07dcb5a590645ddeb8894cb5,float,numeric,893c4e4b07dcb5a590645ddeb8894cb5,unassigned,none
8973d773c115b9e347c34a248f17bc92,Weekly revenue from sale of attribute 8973d773c115b9e347c34a248f17bc92,float,numeric,8973d773c115b9e347c34a248f17bc92,unassigned,none
89bbac967e47033f5d8c15527de1ef9f,Weekly revenue from sale of attribute 89bbac967e47033f5d8c15527de1ef9f,float,numeric,89bbac967e47033f5d8c15527de1ef9f,unassigned,none
89f055104adb9365d7f7b5c475f77742,Weekly revenue from sale of attribute 89f055104adb9365d7f7b5c475f77742,float,numeric,89f055104adb9365d7f7b5c475f77742,unassigned,none
8a443635fdf9759915c9be5be2e3b862,Weekly revenue from sale of attribute 8a443635fdf9759915c9be5be2e3b862,float,numeric,8a443635fdf9759915c9be5be2e3b862,unassigned,none
8a68c060dbab4ae66aa885e13e1ef7b3,Weekly revenue from sale of attribute 8a68c060dbab4ae66aa885e13e1ef7b3,float,numeric,8a68c060dbab4ae66aa885e13e1ef7b3,unassigned,none
8a8f06e954adeacfeb28b9af2efdc354,Weekly revenue from sale of attribute 8a8f06e954adeacfeb28b9af2efdc354,float,numeric,8a8f06e954adeacfeb28b9af2efdc354,unassigned,none
8aa6223e400af9c97b07c75993142721,Weekly revenue from sale of attribute 8aa6223e400af9c97b07c75993142721,float,numeric,8aa6223e400af9c97b07c75993142721,unassigned,none
8abc2d73b55855c07b6888d4b21b3da6,Weekly revenue from sale of attribute 8abc2d73b55855c07b6888d4b21b3da6,float,numeric,8abc2d73b55855c07b6888d4b21b3da6,unassigned,none
8af2faad4d636a6f4f1d465cda23268f,Weekly revenue from sale of attribute 8af2faad4d636a6f4f1d465cda23268f,float,numeric,8af2faad4d636a6f4f1d465cda23268f,unassigned,none
8b4fce794ecf29ba27991bca325c5e2b,Weekly revenue from sale of attribute 8b4fce794ecf29ba27991bca325c5e2b,float,numeric,8b4fce794ecf29ba27991bca325c5e2b,unassigned,none
8b502ca34e28d30605bc667b965b6abf,Weekly revenue from sale of attribute 8b502ca34e28d30605bc667b965b6abf,float,numeric,8b502ca34e28d30605bc667b965b6abf,unassigned,none
8b52ce7d34b48cfa97fc4219b3fa4e39,Weekly revenue from sale of attribute 8b52ce7d34b48cfa97fc4219b3fa4e39,float,numeric,8b52ce7d34b48cfa97fc4219b3fa4e39,unassigned,none
8b703da31bafff192fa02873886b9074,Weekly revenue from sale of attribute 8b703da31bafff192fa02873886b9074,float,numeric,8b703da31bafff192fa02873886b9074,unassigned,none
8b878f082e217c587ef3ad9431c6c762,Weekly revenue from sale of attribute 8b878f082e217c587ef3ad9431c6c762,float,numeric,8b878f082e217c587ef3ad9431c6c762,unassigned,none
8c0c3a8ad1d1896e7d9d66921a4b66ab,Weekly revenue from sale of attribute 8c0c3a8ad1d1896e7d9d66921a4b66ab,float,numeric,8c0c3a8ad1d1896e7d9d66921a4b66ab,unassigned,none
8c292ca193d326152e335d77176746f0,Weekly revenue from sale of attribute 8c292ca193d326152e335d77176746f0,float,numeric,8c292ca193d326152e335d77176746f0,unassigned,none
8c5876b1c7768217964f353bc7e64393,Weekly revenue from sale of attribute 8c5876b1c7768217964f353bc7e64393,float,numeric,8c5876b1c7768217964f353bc7e64393,unassigned,none
8c591ab0ca519558779df02023177f44,Weekly revenue from sale of attribute 8c591ab0ca519558779df02023177f44,float,numeric,8c591ab0ca519558779df02023177f44,unassigned,none
8c70c4455a59267e8e2ddf800792d77b,Weekly revenue from sale of attribute 8c70c4455a59267e8e2ddf800792d77b,float,numeric,8c70c4455a59267e8e2ddf800792d77b,unassigned,none
8d070077591cb06503a4933e5050bc69,Weekly revenue from sale of attribute 8d070077591cb06503a4933e5050bc69,float,numeric,8d070077591cb06503a4933e5050bc69,unassigned,none
8d0bda0e4b386849210b1210ecb1a7fb,Weekly revenue from sale of attribute 8d0bda0e4b386849210b1210ecb1a7fb,float,numeric,8d0bda0e4b386849210b1210ecb1a7fb,unassigned,none
8d139b1550c8cc91a3babc9cfe9fc147,Weekly revenue from sale of attribute 8d139b1550c8cc91a3babc9cfe9fc147,float,numeric,8d139b1550c8cc91a3babc9cfe9fc147,unassigned,none
8d2453bdd784cad1b09625bad27e3bd9,Weekly revenue from sale of attribute 8d2453bdd784cad1b09625bad27e3bd9,float,numeric,8d2453bdd784cad1b09625bad27e3bd9,unassigned,none
8d34ccb4a1bc14737b6bc7848346cbec,Weekly revenue from sale of attribute 8d34ccb4a1bc14737b6bc7848346cbec,float,numeric,8d34ccb4a1bc14737b6bc7848346cbec,unassigned,none
8d7d29e5fb9ff5333009326c87fc04e9,Weekly revenue from sale of attribute 8d7d29e5fb9ff5333009326c87fc04e9,float,numeric,8d7d29e5fb9ff5333009326c87fc04e9,unassigned,none
8d98dedc3c19de17f1a090195e85d6b6,Weekly revenue from sale of attribute 8d98dedc3c19de17f1a090195e85d6b6,float,numeric,8d98dedc3c19de17f1a090195e85d6b6,unassigned,none
8da77162e41d47464f9806727417cf6e,Weekly revenue from sale of attribute 8da77162e41d47464f9806727417cf6e,float,numeric,8da77162e41d47464f9806727417cf6e,unassigned,none
8dfb03487cbe37c4d46e3e372a7df1b7,Weekly revenue from sale of attribute 8dfb03487cbe37c4d46e3e372a7df1b7,float,numeric,8dfb03487cbe37c4d46e3e372a7df1b7,unassigned,none
8dfb264673631eed595f12828b0ff2c6,Weekly revenue from sale of attribute 8dfb264673631eed595f12828b0ff2c6,float,numeric,8dfb264673631eed595f12828b0ff2c6,unassigned,none
8dfb2df51786c583001deb21b4a94080,Weekly revenue from sale of attribute 8dfb2df51786c583001deb21b4a94080,float,numeric,8dfb2df51786c583001deb21b4a94080,unassigned,none
8e0aa05a387182c8ef3cd13b6131e60f,Weekly revenue from sale of attribute 8e0aa05a387182c8ef3cd13b6131e60f,float,numeric,8e0aa05a387182c8ef3cd13b6131e60f,unassigned,none
8e206e69d390e5a1076e0baeb446b0a0,Weekly revenue from sale of attribute 8e206e69d390e5a1076e0baeb446b0a0,float,numeric,8e206e69d390e5a1076e0baeb446b0a0,unassigned,none
8e50f3c86fefb2bdbb35c8eace423a9d,Weekly revenue from sale of attribute 8e50f3c86fefb2bdbb35c8eace423a9d,float,numeric,8e50f3c86fefb2bdbb35c8eace423a9d,unassigned,none
8e630a6101b33d99671d79b67b87052d,Weekly revenue from sale of attribute 8e630a6101b33d99671d79b67b87052d,float,numeric,8e630a6101b33d99671d79b67b87052d,unassigned,none
8e8be416148735cd89189a866eaa5925,Weekly revenue from sale of attribute 8e8be416148735cd89189a866eaa5925,float,numeric,8e8be416148735cd89189a866eaa5925,unassigned,none
8ea2105f9dac119565ef0138ad05f6fb,Weekly revenue from sale of attribute 8ea2105f9dac119565ef0138ad05f6fb,float,numeric,8ea2105f9dac119565ef0138ad05f6fb,unassigned,none
8ea8e3150c4a9d5e683bf5f8d0561609,Weekly revenue from sale of attribute 8ea8e3150c4a9d5e683bf5f8d0561609,float,numeric,8ea8e3150c4a9d5e683bf5f8d0561609,unassigned,none
8ed094bfe076c568f6bb10feada3f75d,Weekly revenue from sale of attribute 8ed094bfe076c568f6bb10feada3f75d,float,numeric,8ed094bfe076c568f6bb10feada3f75d,unassigned,none
8eed5d27f5b8c6248731efb4782f6141,Weekly revenue from sale of attribute 8eed5d27f5b8c6248731efb4782f6141,float,numeric,8eed5d27f5b8c6248731efb4782f6141,unassigned,none
8ef18e8943b9f07649b045b72df449cb,Weekly revenue from sale of attribute 8ef18e8943b9f07649b045b72df449cb,float,numeric,8ef18e8943b9f07649b045b72df449cb,unassigned,none
8f03c5b78e41d6cecdfb6f6bbe4de8da,Weekly revenue from sale of attribute 8f03c5b78e41d6cecdfb6f6bbe4de8da,float,numeric,8f03c5b78e41d6cecdfb6f6bbe4de8da,unassigned,none
8f3a1c2358138bedfb98645db449110c,Weekly revenue from sale of attribute 8f3a1c2358138bedfb98645db449110c,float,numeric,8f3a1c2358138bedfb98645db449110c,unassigned,none
8f7b3d3c85fad2b4ecda1cef9a45b760,Weekly revenue from sale of attribute 8f7b3d3c85fad2b4ecda1cef9a45b760,float,numeric,8f7b3d3c85fad2b4ecda1cef9a45b760,unassigned,none
8f83335d6508c667813ff14dc437bc81,Weekly revenue from sale of attribute 8f83335d6508c667813ff14dc437bc81,float,numeric,8f83335d6508c667813ff14dc437bc81,unassigned,none
8f8cb7e4a7f16d339f87f8aa2711a003,Weekly revenue from sale of attribute 8f8cb7e4a7f16d339f87f8aa2711a003,float,numeric,8f8cb7e4a7f16d339f87f8aa2711a003,unassigned,none
8f8e98cf133d4ab9a74486c3ce81da02,Weekly revenue from sale of attribute 8f8e98cf133d4ab9a74486c3ce81da02,float,numeric,8f8e98cf133d4ab9a74486c3ce81da02,unassigned,none
8fbbdc4c6ee2111df1505dd8ee715250,Weekly revenue from sale of attribute 8fbbdc4c6ee2111df1505dd8ee715250,float,numeric,8fbbdc4c6ee2111df1505dd8ee715250,unassigned,none
8fd4a0aecf57598dcdc75d1520069acf,Weekly revenue from sale of attribute 8fd4a0aecf57598dcdc75d1520069acf,float,numeric,8fd4a0aecf57598dcdc75d1520069acf,unassigned,none
900a1000340c354f62ee5f07f3a080ac,Weekly revenue from sale of attribute 900a1000340c354f62ee5f07f3a080ac,float,numeric,900a1000340c354f62ee5f07f3a080ac,unassigned,none
9048cbd294fe0c1a3ec8c8248bc2cadd,Weekly revenue from sale of attribute 9048cbd294fe0c1a3ec8c8248bc2cadd,float,numeric,9048cbd294fe0c1a3ec8c8248bc2cadd,unassigned,none
9069c427ca36847bc3907c09712f6cf8,Weekly revenue from sale of attribute 9069c427ca36847bc3907c09712f6cf8,float,numeric,9069c427ca36847bc3907c09712f6cf8,unassigned,none
906b11f3bc3c98f883afa0eb67b0fac7,Weekly revenue from sale of attribute 906b11f3bc3c98f883afa0eb67b0fac7,float,numeric,906b11f3bc3c98f883afa0eb67b0fac7,unassigned,none
90aa2ab699cd0e459be93124aa91c82f,Weekly revenue from sale of attribute 90aa2ab699cd0e459be93124aa91c82f,float,numeric,90aa2ab699cd0e459be93124aa91c82f,unassigned,none
90ba8b896e0237e45804c8da0f058dc9,Weekly revenue from sale of attribute 90ba8b896e0237e45804c8da0f058dc9,float,numeric,90ba8b896e0237e45804c8da0f058dc9,unassigned,none
90d9b6d827bde953e7cc9f81bf113467,Weekly revenue from sale of attribute 90d9b6d827bde953e7cc9f81bf113467,float,numeric,90d9b6d827bde953e7cc9f81bf113467,unassigned,none
90ef6790cfc145cf45f9c476d1f47af0,Weekly revenue from sale of attribute 90ef6790cfc145cf45f9c476d1f47af0,float,numeric,90ef6790cfc145cf45f9c476d1f47af0,unassigned,none
90f97298579cd20412fdcc9b7a2d4b6b,Weekly revenue from sale of attribute 90f97298579cd20412fdcc9b7a2d4b6b,float,numeric,90f97298579cd20412fdcc9b7a2d4b6b,unassigned,none
913eefa4eb54c8a9bcb9871dfd94a0ca,Weekly revenue from sale of attribute 913eefa4eb54c8a9bcb9871dfd94a0ca,float,numeric,913eefa4eb54c8a9bcb9871dfd94a0ca,unassigned,none
917e3505d83fe52297f80ea916b42ed0,Weekly revenue from sale of attribute 917e3505d83fe52297f80ea916b42ed0,float,numeric,917e3505d83fe52297f80ea916b42ed0,unassigned,none
926059cf1853879e8f148194b151ed49,Weekly revenue from sale of attribute 926059cf1853879e8f148194b151ed49,float,numeric,926059cf1853879e8f148194b151ed49,unassigned,none
926454d19f2417167bf0a9488af66a4a,Weekly revenue from sale of attribute 926454d19f2417167bf0a9488af66a4a,float,numeric,926454d19f2417167bf0a9488af66a4a,unassigned,none
92c1eb75a887a500d9689fbad65e27e3,Weekly revenue from sale of attribute 92c1eb75a887a500d9689fbad65e27e3,float,numeric,92c1eb75a887a500d9689fbad65e27e3,unassigned,none
92c92e54ea03085ca64e3556bdc18689,Weekly revenue from sale of attribute 92c92e54ea03085ca64e3556bdc18689,float,numeric,92c92e54ea03085ca64e3556bdc18689,unassigned,none
92cba5857ead78ea248ac2f9ada31594,Weekly revenue from sale of attribute 92cba5857ead78ea248ac2f9ada31594,float,numeric,92cba5857ead78ea248ac2f9ada31594,unassigned,none
92d5ae8e42c4599266f210bf0469ae9b,Weekly revenue from sale of attribute 92d5ae8e42c4599266f210bf0469ae9b,float,numeric,92d5ae8e42c4599266f210bf0469ae9b,unassigned,none
93496c0926637f2fe3bae9caf7058e6e,Weekly revenue from sale of attribute 93496c0926637f2fe3bae9caf7058e6e,float,numeric,93496c0926637f2fe3bae9caf7058e6e,unassigned,none
9388fcd19f74f595e79b1a302b930bf7,Weekly revenue from sale of attribute 9388fcd19f74f595e79b1a302b930bf7,float,numeric,9388fcd19f74f595e79b1a302b930bf7,unassigned,none
9389eab000375a2774d1b51cdeef90e1,Weekly revenue from sale of attribute 9389eab000375a2774d1b51cdeef90e1,float,numeric,9389eab000375a2774d1b51cdeef90e1,unassigned,none
9391a573abe00141c56e38d84d7d5b3b,Weekly revenue from sale of attribute 9391a573abe00141c56e38d84d7d5b3b,float,numeric,9391a573abe00141c56e38d84d7d5b3b,unassigned,none
9394a725ee7e3f1da0d6b22b046cc8d4,Weekly revenue from sale of attribute 9394a725ee7e3f1da0d6b22b046cc8d4,float,numeric,9394a725ee7e3f1da0d6b22b046cc8d4,unassigned,none
93e71b4d65b8153468c4f210b90342a1,Weekly revenue from sale of attribute 93e71b4d65b8153468c4f210b90342a1,float,numeric,93e71b4d65b8153468c4f210b90342a1,unassigned,none
9414323ebb3ebedacbca284868df0eb5,Weekly revenue from sale of attribute 9414323ebb3ebedacbca284868df0eb5,float,numeric,9414323ebb3ebedacbca284868df0eb5,unassigned,none
94147506059b815e058b7ffeb6b671b9,Weekly revenue from sale of attribute 94147506059b815e058b7ffeb6b671b9,float,numeric,94147506059b815e058b7ffeb6b671b9,unassigned,none
9431c1bc614592c4c3392c6f9c1a0b89,Weekly revenue from sale of attribute 9431c1bc614592c4c3392c6f9c1a0b89,float,numeric,9431c1bc614592c4c3392c6f9c1a0b89,unassigned,none
943c812216923e4244e83099e0c62a08,Weekly revenue from sale of attribute 943c812216923e4244e83099e0c62a08,float,numeric,943c812216923e4244e83099e0c62a08,unassigned,none
9453bde60c4ee52155c963641736cfc5,Weekly revenue from sale of attribute 9453bde60c4ee52155c963641736cfc5,float,numeric,9453bde60c4ee52155c963641736cfc5,unassigned,none
9477e72598d2f21dc53f809bd42cf7a2,Weekly revenue from sale of attribute 9477e72598d2f21dc53f809bd42cf7a2,float,numeric,9477e72598d2f21dc53f809bd42cf7a2,unassigned,none
94950d6ddd0b24c0d15f7f09d61a8148,Weekly revenue from sale of attribute 94950d6ddd0b24c0d15f7f09d61a8148,float,numeric,94950d6ddd0b24c0d15f7f09d61a8148,unassigned,none
94974b8c613bc6fae9700e6c01f626ae,Weekly revenue from sale of attribute 94974b8c613bc6fae9700e6c01f626ae,float,numeric,94974b8c613bc6fae9700e6c01f626ae,unassigned,none
94b0bb57e5cc458656fd7ae6b806f5a7,Weekly revenue from sale of attribute 94b0bb57e5cc458656fd7ae6b806f5a7,float,numeric,94b0bb57e5cc458656fd7ae6b806f5a7,unassigned,none
94c6d48c2462a85429fcc3b6bde00c4a,Weekly revenue from sale of attribute 94c6d48c2462a85429fcc3b6bde00c4a,float,numeric,94c6d48c2462a85429fcc3b6bde00c4a,unassigned,none
94ecc3aaf1c1a63135ba686ac00264c0,Weekly revenue from sale of attribute 94ecc3aaf1c1a63135ba686ac00264c0,float,numeric,94ecc3aaf1c1a63135ba686ac00264c0,unassigned,none
94edefbf96e14b332fdb1f57f5935734,Weekly revenue from sale of attribute 94edefbf96e14b332fdb1f57f5935734,float,numeric,94edefbf96e14b332fdb1f57f5935734,unassigned,none
94f3e00f8ea2e9bd4579796cb9e18e37,Weekly revenue from sale of attribute 94f3e00f8ea2e9bd4579796cb9e18e37,float,numeric,94f3e00f8ea2e9bd4579796cb9e18e37,unassigned,none
94f584e1a1158e97314c59b190dfb899,Weekly revenue from sale of attribute 94f584e1a1158e97314c59b190dfb899,float,numeric,94f584e1a1158e97314c59b190dfb899,unassigned,none
951098957e7871bfeab769de5e3871a8,Weekly revenue from sale of attribute 951098957e7871bfeab769de5e3871a8,float,numeric,951098957e7871bfeab769de5e3871a8,unassigned,none
9523f1a3e7db9e38d55379435bd450c9,Weekly revenue from sale of attribute 9523f1a3e7db9e38d55379435bd450c9,float,numeric,9523f1a3e7db9e38d55379435bd450c9,unassigned,none
952547036d7de7ce635a81704cd290cd,Weekly revenue from sale of attribute 952547036d7de7ce635a81704cd290cd,float,numeric,952547036d7de7ce635a81704cd290cd,unassigned,none
952670bc019a73f0933157ec82ff6e4f,Weekly revenue from sale of attribute 952670bc019a73f0933157ec82ff6e4f,float,numeric,952670bc019a73f0933157ec82ff6e4f,unassigned,none
9545d45c37449ccbc376de3a04c66e71,Weekly revenue from sale of attribute 9545d45c37449ccbc376de3a04c66e71,float,numeric,9545d45c37449ccbc376de3a04c66e71,unassigned,none
9565229244e9341fb8c8069879cf73cd,Weekly revenue from sale of attribute 9565229244e9341fb8c8069879cf73cd,float,numeric,9565229244e9341fb8c8069879cf73cd,unassigned,none
95a7d5ca0408f97bdf54c821b173684b,Weekly revenue from sale of attribute 95a7d5ca0408f97bdf54c821b173684b,float,numeric,95a7d5ca0408f97bdf54c821b173684b,unassigned,none
95d9302f8b3a134daca8adb478c92813,Weekly revenue from sale of attribute 95d9302f8b3a134daca8adb478c92813,float,numeric,95d9302f8b3a134daca8adb478c92813,unassigned,none
95e25af33821b9d231e06f1e7cd34d4e,Weekly revenue from sale of attribute 95e25af33821b9d231e06f1e7cd34d4e,float,numeric,95e25af33821b9d231e06f1e7cd34d4e,unassigned,none
95f76a3205f55d54b001e730486c6737,Weekly revenue from sale of attribute 95f76a3205f55d54b001e730486c6737,float,numeric,95f76a3205f55d54b001e730486c6737,unassigned,none
965ab297b516455ba5bae37d17bc51f8,Weekly revenue from sale of attribute 965ab297b516455ba5bae37d17bc51f8,float,numeric,965ab297b516455ba5bae37d17bc51f8,unassigned,none
969a9ead309cdd6881492b674cbe5433,Weekly revenue from sale of attribute 969a9ead309cdd6881492b674cbe5433,float,numeric,969a9ead309cdd6881492b674cbe5433,unassigned,none
96a5ff4a6e07ebe2f09a6ee132303df3,Weekly revenue from sale of attribute 96a5ff4a6e07ebe2f09a6ee132303df3,float,numeric,96a5ff4a6e07ebe2f09a6ee132303df3,unassigned,none
96b98d97d2ecc26af3bc439935d9dc46,Weekly revenue from sale of attribute 96b98d97d2ecc26af3bc439935d9dc46,float,numeric,96b98d97d2ecc26af3bc439935d9dc46,unassigned,none
96bcd2d5266412b1a43593fe5b904536,Weekly revenue from sale of attribute 96bcd2d5266412b1a43593fe5b904536,float,numeric,96bcd2d5266412b1a43593fe5b904536,unassigned,none
96d1c06692244e2fed6e1f9aa9552770,Weekly revenue from sale of attribute 96d1c06692244e2fed6e1f9aa9552770,float,numeric,96d1c06692244e2fed6e1f9aa9552770,unassigned,none
970a065bf2d3133a8182ee47b3fe11fc,Weekly revenue from sale of attribute 970a065bf2d3133a8182ee47b3fe11fc,float,numeric,970a065bf2d3133a8182ee47b3fe11fc,unassigned,none
97170c28efde1b426f1c52348fe1c086,Weekly revenue from sale of attribute 97170c28efde1b426f1c52348fe1c086,float,numeric,97170c28efde1b426f1c52348fe1c086,unassigned,none
9760ff15559ef0855c8aa01c00bd132b,Weekly revenue from sale of attribute 9760ff15559ef0855c8aa01c00bd132b,float,numeric,9760ff15559ef0855c8aa01c00bd132b,unassigned,none
97ac2c1509cfea4a471cb1cfa1e3e512,Weekly revenue from sale of attribute 97ac2c1509cfea4a471cb1cfa1e3e512,float,numeric,97ac2c1509cfea4a471cb1cfa1e3e512,unassigned,none
98001b51c21b1efa6530623ecb0c20fe,Weekly revenue from sale of attribute 98001b51c21b1efa6530623ecb0c20fe,float,numeric,98001b51c21b1efa6530623ecb0c20fe,unassigned,none
98030fe87f5a7493a33f427054966596,Weekly revenue from sale of attribute 98030fe87f5a7493a33f427054966596,float,numeric,98030fe87f5a7493a33f427054966596,unassigned,none
9823e38ee143a67b94ca6c264e2c91e6,Weekly revenue from sale of attribute 9823e38ee143a67b94ca6c264e2c91e6,float,numeric,9823e38ee143a67b94ca6c264e2c91e6,unassigned,none
982565327a800a467fffeac070672ea6,Weekly revenue from sale of attribute 982565327a800a467fffeac070672ea6,float,numeric,982565327a800a467fffeac070672ea6,unassigned,none
985bf2af90ac31349ca19417e2752410,Weekly revenue from sale of attribute 985bf2af90ac31349ca19417e2752410,float,numeric,985bf2af90ac31349ca19417e2752410,unassigned,none
985c412b0ac92ed9d8a76bbeab6d44eb,Weekly revenue from sale of attribute 985c412b0ac92ed9d8a76bbeab6d44eb,float,numeric,985c412b0ac92ed9d8a76bbeab6d44eb,unassigned,none
98a8c2fa16d7239c606640f5555768e4,Weekly revenue from sale of attribute 98a8c2fa16d7239c606640f5555768e4,float,numeric,98a8c2fa16d7239c606640f5555768e4,unassigned,none
98b22c1129886cbd7fcae69d1c93e442,Weekly revenue from sale of attribute 98b22c1129886cbd7fcae69d1c93e442,float,numeric,98b22c1129886cbd7fcae69d1c93e442,unassigned,none
98d61056e0568ba048e5d78038790e77,Weekly revenue from sale of attribute 98d61056e0568ba048e5d78038790e77,float,numeric,98d61056e0568ba048e5d78038790e77,unassigned,none
98e0de96ebb0711db1fc3d1bad1a902f,Weekly revenue from sale of attribute 98e0de96ebb0711db1fc3d1bad1a902f,float,numeric,98e0de96ebb0711db1fc3d1bad1a902f,unassigned,none
98e91d0f32954dcd8505875bb2b42cdb,Weekly revenue from sale of attribute 98e91d0f32954dcd8505875bb2b42cdb,float,numeric,98e91d0f32954dcd8505875bb2b42cdb,unassigned,none
98fe8fcab3c57495e05a61bf5946f2a0,Weekly revenue from sale of attribute 98fe8fcab3c57495e05a61bf5946f2a0,float,numeric,98fe8fcab3c57495e05a61bf5946f2a0,unassigned,none
992197904e1d4f0bf3994652373188e4,Weekly revenue from sale of attribute 992197904e1d4f0bf3994652373188e4,float,numeric,992197904e1d4f0bf3994652373188e4,unassigned,none
994f625d5c932719310d0a2f43acc714,Weekly revenue from sale of attribute 994f625d5c932719310d0a2f43acc714,float,numeric,994f625d5c932719310d0a2f43acc714,unassigned,none
99521d67b22efb57979c6bf0c577a7a4,Weekly revenue from sale of attribute 99521d67b22efb57979c6bf0c577a7a4,float,numeric,99521d67b22efb57979c6bf0c577a7a4,unassigned,none
995a6110a2705a9401669fb4cf939241,Weekly revenue from sale of attribute 995a6110a2705a9401669fb4cf939241,float,numeric,995a6110a2705a9401669fb4cf939241,unassigned,none
995e25d9b46dee183004994645768d95,Weekly revenue from sale of attribute 995e25d9b46dee183004994645768d95,float,numeric,995e25d9b46dee183004994645768d95,unassigned,none
99a227ce7657e0627fae79ca776081c3,Weekly revenue from sale of attribute 99a227ce7657e0627fae79ca776081c3,float,numeric,99a227ce7657e0627fae79ca776081c3,unassigned,none
99a4788cb24856965c36a24e339b6058,Weekly revenue from sale of attribute 99a4788cb24856965c36a24e339b6058,float,numeric,99a4788cb24856965c36a24e339b6058,unassigned,none
99aa268744e2967e0ed6d3b22a38eff2,Weekly revenue from sale of attribute 99aa268744e2967e0ed6d3b22a38eff2,float,numeric,99aa268744e2967e0ed6d3b22a38eff2,unassigned,none
99ad29366bb604be21e29faa41057d34,Weekly revenue from sale of attribute 99ad29366bb604be21e29faa41057d34,float,numeric,99ad29366bb604be21e29faa41057d34,unassigned,none
99b4596b82b6f75d453160c9c75e01f4,Weekly revenue from sale of attribute 99b4596b82b6f75d453160c9c75e01f4,float,numeric,99b4596b82b6f75d453160c9c75e01f4,unassigned,none
99b7af24fd7be364e3621b9e751b048e,Weekly revenue from sale of attribute 99b7af24fd7be364e3621b9e751b048e,float,numeric,99b7af24fd7be364e3621b9e751b048e,unassigned,none
99b89f140f651db441848081814dd1a1,Weekly revenue from sale of attribute 99b89f140f651db441848081814dd1a1,float,numeric,99b89f140f651db441848081814dd1a1,unassigned,none
99d48e31cb95ab20a319faea37066bf0,Weekly revenue from sale of attribute 99d48e31cb95ab20a319faea37066bf0,float,numeric,99d48e31cb95ab20a319faea37066bf0,unassigned,none
99e022fa8fd0641f13dea6d16ef46afc,Weekly revenue from sale of attribute 99e022fa8fd0641f13dea6d16ef46afc,float,numeric,99e022fa8fd0641f13dea6d16ef46afc,unassigned,none
99e51ed7faea9cbf65fc7bb4ea396cd0,Weekly revenue from sale of attribute 99e51ed7faea9cbf65fc7bb4ea396cd0,float,numeric,99e51ed7faea9cbf65fc7bb4ea396cd0,unassigned,none
99f5b2240b82bf9387e5cf2fc0335b08,Weekly revenue from sale of attribute 99f5b2240b82bf9387e5cf2fc0335b08,float,numeric,99f5b2240b82bf9387e5cf2fc0335b08,unassigned,none
9a29b754b7fc0aa8eeb990103fcea4fc,Weekly revenue from sale of attribute 9a29b754b7fc0aa8eeb990103fcea4fc,float,numeric,9a29b754b7fc0aa8eeb990103fcea4fc,unassigned,none
9a2bdd5682cbf94cb13e0d1f852c759b,Weekly revenue from sale of attribute 9a2bdd5682cbf94cb13e0d1f852c759b,float,numeric,9a2bdd5682cbf94cb13e0d1f852c759b,unassigned,none
9a3ca83ba9d170d692b42098fff5b7ae,Weekly revenue from sale of attribute 9a3ca83ba9d170d692b42098fff5b7ae,float,numeric,9a3ca83ba9d170d692b42098fff5b7ae,unassigned,none
9a6fea01f6d5bfc01c9ac539f93da5ac,Weekly revenue from sale of attribute 9a6fea01f6d5bfc01c9ac539f93da5ac,float,numeric,9a6fea01f6d5bfc01c9ac539f93da5ac,unassigned,none
9a78fb9862b10749a117f7fc3c31f051,Weekly revenue from sale of attribute 9a78fb9862b10749a117f7fc3c31f051,float,numeric,9a78fb9862b10749a117f7fc3c31f051,unassigned,none
9a98180ffbd0765e89f11cc8dd2385f4,Weekly revenue from sale of attribute 9a98180ffbd0765e89f11cc8dd2385f4,float,numeric,9a98180ffbd0765e89f11cc8dd2385f4,unassigned,none
9a99bb9931fce41bda596488d0653c39,Weekly revenue from sale of attribute 9a99bb9931fce41bda596488d0653c39,float,numeric,9a99bb9931fce41bda596488d0653c39,unassigned,none
9aa7ddfe6525f9fa77ace664d52ee791,Weekly revenue from sale of attribute 9aa7ddfe6525f9fa77ace664d52ee791,float,numeric,9aa7ddfe6525f9fa77ace664d52ee791,unassigned,none
9ad536de496ccba6e4a9ac7be933ad9d,Weekly revenue from sale of attribute 9ad536de496ccba6e4a9ac7be933ad9d,float,numeric,9ad536de496ccba6e4a9ac7be933ad9d,unassigned,none
9ad75bd7267e5c724cb42c71ac56ca72,Weekly revenue from sale of attribute 9ad75bd7267e5c724cb42c71ac56ca72,float,numeric,9ad75bd7267e5c724cb42c71ac56ca72,unassigned,none
9ae64e1163bf254bad20d5155cffb99d,Weekly revenue from sale of attribute 9ae64e1163bf254bad20d5155cffb99d,float,numeric,9ae64e1163bf254bad20d5155cffb99d,unassigned,none
9aedf557945e816d48539ee56293f860,Weekly revenue from sale of attribute 9aedf557945e816d48539ee56293f860,float,numeric,9aedf557945e816d48539ee56293f860,unassigned,none
9afaad66aca8b0c79e4f084a89c9c92b,Weekly revenue from sale of attribute 9afaad66aca8b0c79e4f084a89c9c92b,float,numeric,9afaad66aca8b0c79e4f084a89c9c92b,unassigned,none
9b125b82780e1bbb7716c906ff46f89b,Weekly revenue from sale of attribute 9b125b82780e1bbb7716c906ff46f89b,float,numeric,9b125b82780e1bbb7716c906ff46f89b,unassigned,none
9b5a5d9bb3fee413357c176ff3817567,Weekly revenue from sale of attribute 9b5a5d9bb3fee413357c176ff3817567,float,numeric,9b5a5d9bb3fee413357c176ff3817567,unassigned,none
9b8bc17a236d09185c2101d0a02f8487,Weekly revenue from sale of attribute 9b8bc17a236d09185c2101d0a02f8487,float,numeric,9b8bc17a236d09185c2101d0a02f8487,unassigned,none
9bb2d066e4b33b624cbdfec7d50b3dcb,Weekly revenue from sale of attribute 9bb2d066e4b33b624cbdfec7d50b3dcb,float,numeric,9bb2d066e4b33b624cbdfec7d50b3dcb,unassigned,none
9bb8ca338e5588c361e34eae02e8fad6,Weekly revenue from sale of attribute 9bb8ca338e5588c361e34eae02e8fad6,float,numeric,9bb8ca338e5588c361e34eae02e8fad6,unassigned,none
9bc7d25a36d620cf449cfdebe3de132f,Weekly revenue from sale of attribute 9bc7d25a36d620cf449cfdebe3de132f,float,numeric,9bc7d25a36d620cf449cfdebe3de132f,unassigned,none
9bde06b382560a866ee357832761aaf0,Weekly revenue from sale of attribute 9bde06b382560a866ee357832761aaf0,float,numeric,9bde06b382560a866ee357832761aaf0,unassigned,none
9bfc55df037ce3ac01bfd84781adf7e5,Weekly revenue from sale of attribute 9bfc55df037ce3ac01bfd84781adf7e5,float,numeric,9bfc55df037ce3ac01bfd84781adf7e5,unassigned,none
9cb67ae6cec5627ef21cbadcdb357054,Weekly revenue from sale of attribute 9cb67ae6cec5627ef21cbadcdb357054,float,numeric,9cb67ae6cec5627ef21cbadcdb357054,unassigned,none
9cc8a90a8f8b6a7b56a486b612b40efa,Weekly revenue from sale of attribute 9cc8a90a8f8b6a7b56a486b612b40efa,float,numeric,9cc8a90a8f8b6a7b56a486b612b40efa,unassigned,none
9cf421049bcfaf6983bf0dfb40831a03,Weekly revenue from sale of attribute 9cf421049bcfaf6983bf0dfb40831a03,float,numeric,9cf421049bcfaf6983bf0dfb40831a03,unassigned,none
9cfc534e612cd634ccf02aeb68583094,Weekly revenue from sale of attribute 9cfc534e612cd634ccf02aeb68583094,float,numeric,9cfc534e612cd634ccf02aeb68583094,unassigned,none
9d395a6bc9dbad2dfe60c8c92d8df397,Weekly revenue from sale of attribute 9d395a6bc9dbad2dfe60c8c92d8df397,float,numeric,9d395a6bc9dbad2dfe60c8c92d8df397,unassigned,none
9d46bfe46a9812f451dfbd861f711759,Weekly revenue from sale of attribute 9d46bfe46a9812f451dfbd861f711759,float,numeric,9d46bfe46a9812f451dfbd861f711759,unassigned,none
9d4ba0f6da482eab474c47de79c2afcc,Weekly revenue from sale of attribute 9d4ba0f6da482eab474c47de79c2afcc,float,numeric,9d4ba0f6da482eab474c47de79c2afcc,unassigned,none
9d6580f17a0cba74324ce82874fbbe13,Weekly revenue from sale of attribute 9d6580f17a0cba74324ce82874fbbe13,float,numeric,9d6580f17a0cba74324ce82874fbbe13,unassigned,none
9d703ce870d13f6fca072b0fca977fc1,Weekly revenue from sale of attribute 9d703ce870d13f6fca072b0fca977fc1,float,numeric,9d703ce870d13f6fca072b0fca977fc1,unassigned,none
9d8a0e115e802d845b4ce1eb794d1260,Weekly revenue from sale of attribute 9d8a0e115e802d845b4ce1eb794d1260,float,numeric,9d8a0e115e802d845b4ce1eb794d1260,unassigned,none
9d99a79d596f4a054c7ace6068b446a7,Weekly revenue from sale of attribute 9d99a79d596f4a054c7ace6068b446a7,float,numeric,9d99a79d596f4a054c7ace6068b446a7,unassigned,none
9da6fbcdb4cc9d08de3c70331ea19a5f,Weekly revenue from sale of attribute 9da6fbcdb4cc9d08de3c70331ea19a5f,float,numeric,9da6fbcdb4cc9d08de3c70331ea19a5f,unassigned,none
9db78e784e1ca837bb7f510888807baa,Weekly revenue from sale of attribute 9db78e784e1ca837bb7f510888807baa,float,numeric,9db78e784e1ca837bb7f510888807baa,unassigned,none
9ddc4249779322828f89d2a9c04f7ee1,Weekly revenue from sale of attribute 9ddc4249779322828f89d2a9c04f7ee1,float,numeric,9ddc4249779322828f89d2a9c04f7ee1,unassigned,none
9ddd762ee8a13576a809dc66f22aa2b5,Weekly revenue from sale of attribute 9ddd762ee8a13576a809dc66f22aa2b5,float,numeric,9ddd762ee8a13576a809dc66f22aa2b5,unassigned,none
9df634af5c467f3b07f3d92f7765aa64,Weekly revenue from sale of attribute 9df634af5c467f3b07f3d92f7765aa64,float,numeric,9df634af5c467f3b07f3d92f7765aa64,unassigned,none
9df7a56fa4352899fa6976c54a35ae3a,Weekly revenue from sale of attribute 9df7a56fa4352899fa6976c54a35ae3a,float,numeric,9df7a56fa4352899fa6976c54a35ae3a,unassigned,none
9e10ae46a3021a02f1692448ef9fa1db,Weekly revenue from sale of attribute 9e10ae46a3021a02f1692448ef9fa1db,float,numeric,9e10ae46a3021a02f1692448ef9fa1db,unassigned,none
9e2ce829b01f3d1a0a9d5ddf7ee21864,Weekly revenue from sale of attribute 9e2ce829b01f3d1a0a9d5ddf7ee21864,float,numeric,9e2ce829b01f3d1a0a9d5ddf7ee21864,unassigned,none
9e4991475c72f651bfc73d697bf5ecd4,Weekly revenue from sale of attribute 9e4991475c72f651bfc73d697bf5ecd4,float,numeric,9e4991475c72f651bfc73d697bf5ecd4,unassigned,none
9e4a852f41aff52bafff133d9deb5eee,Weekly revenue from sale of attribute 9e4a852f41aff52bafff133d9deb5eee,float,numeric,9e4a852f41aff52bafff133d9deb5eee,unassigned,none
9e572ff4654f7064419d97a891a8b0fc,Weekly revenue from sale of attribute 9e572ff4654f7064419d97a891a8b0fc,float,numeric,9e572ff4654f7064419d97a891a8b0fc,unassigned,none
9ea3e671b22bfe796818b4fac0d6b974,Weekly revenue from sale of attribute 9ea3e671b22bfe796818b4fac0d6b974,float,numeric,9ea3e671b22bfe796818b4fac0d6b974,unassigned,none
9eae0f2bc40219fa89901bf4ae275799,Weekly revenue from sale of attribute 9eae0f2bc40219fa89901bf4ae275799,float,numeric,9eae0f2bc40219fa89901bf4ae275799,unassigned,none
9ebb48bdfe9f9c51c6c9f8a32a18d67f,Weekly revenue from sale of attribute 9ebb48bdfe9f9c51c6c9f8a32a18d67f,float,numeric,9ebb48bdfe9f9c51c6c9f8a32a18d67f,unassigned,none
9ecadb84c81da840dbf3564378b586e9,Weekly revenue from sale of attribute 9ecadb84c81da840dbf3564378b586e9,float,numeric,9ecadb84c81da840dbf3564378b586e9,unassigned,none
9ee8c8a931dd4d34148aa31f54ee93c1,Weekly revenue from sale of attribute 9ee8c8a931dd4d34148aa31f54ee93c1,float,numeric,9ee8c8a931dd4d34148aa31f54ee93c1,unassigned,none
9f39e03276af0a6bbf2459ec383a19e6,Weekly revenue from sale of attribute 9f39e03276af0a6bbf2459ec383a19e6,float,numeric,9f39e03276af0a6bbf2459ec383a19e6,unassigned,none
9fa7e05ae5cddeb74ff2fe5046b742db,Weekly revenue from sale of attribute 9fa7e05ae5cddeb74ff2fe5046b742db,float,numeric,9fa7e05ae5cddeb74ff2fe5046b742db,unassigned,none
9fc063fd34fed29ccc57b7f8e8d03388,Weekly revenue from sale of attribute 9fc063fd34fed29ccc57b7f8e8d03388,float,numeric,9fc063fd34fed29ccc57b7f8e8d03388,unassigned,none
9fc0c73ce4d0eaaead44e81eeefebeb0,Weekly revenue from sale of attribute 9fc0c73ce4d0eaaead44e81eeefebeb0,float,numeric,9fc0c73ce4d0eaaead44e81eeefebeb0,unassigned,none
9fc98e39f04be8e382d8aa5e259f5489,Weekly revenue from sale of attribute 9fc98e39f04be8e382d8aa5e259f5489,float,numeric,9fc98e39f04be8e382d8aa5e259f5489,unassigned,none
9fe172fa8e662ca8572cf12abf8bce23,Weekly revenue from sale of attribute 9fe172fa8e662ca8572cf12abf8bce23,float,numeric,9fe172fa8e662ca8572cf12abf8bce23,unassigned,none
9ff668529410eefd5bca723acb4834c1,Weekly revenue from sale of attribute 9ff668529410eefd5bca723acb4834c1,float,numeric,9ff668529410eefd5bca723acb4834c1,unassigned,none
a01c3a8e3ccddf44069c082b1590f19a,Weekly revenue from sale of attribute a01c3a8e3ccddf44069c082b1590f19a,float,numeric,a01c3a8e3ccddf44069c082b1590f19a,unassigned,none
a0245537bc3dfec325899fcd716f70cc,Weekly revenue from sale of attribute a0245537bc3dfec325899fcd716f70cc,float,numeric,a0245537bc3dfec325899fcd716f70cc,unassigned,none
a02d0123079f4ae96001ba2010d1a2df,Weekly revenue from sale of attribute a02d0123079f4ae96001ba2010d1a2df,float,numeric,a02d0123079f4ae96001ba2010d1a2df,unassigned,none
a04f52ded97b5530e8783e3c002b90f0,Weekly revenue from sale of attribute a04f52ded97b5530e8783e3c002b90f0,float,numeric,a04f52ded97b5530e8783e3c002b90f0,unassigned,none
a076986c6dbcb66fb479167aa5a1b68e,Weekly revenue from sale of attribute a076986c6dbcb66fb479167aa5a1b68e,float,numeric,a076986c6dbcb66fb479167aa5a1b68e,unassigned,none
a082b482fc9b16657b1702f1b4e8415c,Weekly revenue from sale of attribute a082b482fc9b16657b1702f1b4e8415c,float,numeric,a082b482fc9b16657b1702f1b4e8415c,unassigned,none
a082e9e8862e9af2f5a67c2dd1594010,Weekly revenue from sale of attribute a082e9e8862e9af2f5a67c2dd1594010,float,numeric,a082e9e8862e9af2f5a67c2dd1594010,unassigned,none
a096400f2b6fbe9c868f7dd5f1333e5a,Weekly revenue from sale of attribute a096400f2b6fbe9c868f7dd5f1333e5a,float,numeric,a096400f2b6fbe9c868f7dd5f1333e5a,unassigned,none
a09fb9f597a4b8a13ab0c72d70c77081,Weekly revenue from sale of attribute a09fb9f597a4b8a13ab0c72d70c77081,float,numeric,a09fb9f597a4b8a13ab0c72d70c77081,unassigned,none
a0abcee0132a5aed003d98e459b37698,Weekly revenue from sale of attribute a0abcee0132a5aed003d98e459b37698,float,numeric,a0abcee0132a5aed003d98e459b37698,unassigned,none
a0adc3041e9917104f3fea4ba995adcb,Weekly revenue from sale of attribute a0adc3041e9917104f3fea4ba995adcb,float,numeric,a0adc3041e9917104f3fea4ba995adcb,unassigned,none
a0c39dee6817bb443090f9248eeafa4c,Weekly revenue from sale of attribute a0c39dee6817bb443090f9248eeafa4c,float,numeric,a0c39dee6817bb443090f9248eeafa4c,unassigned,none
a0eef953cb25bc9ae40457e1c3c82946,Weekly revenue from sale of attribute a0eef953cb25bc9ae40457e1c3c82946,float,numeric,a0eef953cb25bc9ae40457e1c3c82946,unassigned,none
a1250bbcaa645885c9165eab1573b5c6,Weekly revenue from sale of attribute a1250bbcaa645885c9165eab1573b5c6,float,numeric,a1250bbcaa645885c9165eab1573b5c6,unassigned,none
a12fc4a1c79238df0015e1a0c48f0314,Weekly revenue from sale of attribute a12fc4a1c79238df0015e1a0c48f0314,float,numeric,a12fc4a1c79238df0015e1a0c48f0314,unassigned,none
a1507b98cd821fad51fcfa3e9a95e94e,Weekly revenue from sale of attribute a1507b98cd821fad51fcfa3e9a95e94e,float,numeric,a1507b98cd821fad51fcfa3e9a95e94e,unassigned,none
a18a23a783fb7576a8f0f6fbc2ae2b58,Weekly revenue from sale of attribute a18a23a783fb7576a8f0f6fbc2ae2b58,float,numeric,a18a23a783fb7576a8f0f6fbc2ae2b58,unassigned,none
a19b6951c75da43aad691622dd2f6abe,Weekly revenue from sale of attribute a19b6951c75da43aad691622dd2f6abe,float,numeric,a19b6951c75da43aad691622dd2f6abe,unassigned,none
a1b156a0925874f584d8d0cb45a962ba,Weekly revenue from sale of attribute a1b156a0925874f584d8d0cb45a962ba,float,numeric,a1b156a0925874f584d8d0cb45a962ba,unassigned,none
a1ebb47a48200e6566603de49b83f621,Weekly revenue from sale of attribute a1ebb47a48200e6566603de49b83f621,float,numeric,a1ebb47a48200e6566603de49b83f621,unassigned,none
a1efe4a86746c22541813e22e1d23e33,Weekly revenue from sale of attribute a1efe4a86746c22541813e22e1d23e33,float,numeric,a1efe4a86746c22541813e22e1d23e33,unassigned,none
a1fcd4b731530eed7fa5531f3f0c2fe0,Weekly revenue from sale of attribute a1fcd4b731530eed7fa5531f3f0c2fe0,float,numeric,a1fcd4b731530eed7fa5531f3f0c2fe0,unassigned,none
a237de12bdf0bfe4fe220bae65a89731,Weekly revenue from sale of attribute a237de12bdf0bfe4fe220bae65a89731,float,numeric,a237de12bdf0bfe4fe220bae65a89731,unassigned,none
a24198acc2d0e8240c40d914bd18df04,Weekly revenue from sale of attribute a24198acc2d0e8240c40d914bd18df04,float,numeric,a24198acc2d0e8240c40d914bd18df04,unassigned,none
a2446206efccf04cc7fd1511be0ee157,Weekly revenue from sale of attribute a2446206efccf04cc7fd1511be0ee157,float,numeric,a2446206efccf04cc7fd1511be0ee157,unassigned,none
a25a9e3433043fb8a0808f310d8d8203,Weekly revenue from sale of attribute a25a9e3433043fb8a0808f310d8d8203,float,numeric,a25a9e3433043fb8a0808f310d8d8203,unassigned,none
a25fb4516757403b129bcfe366dddb9b,Weekly revenue from sale of attribute a25fb4516757403b129bcfe366dddb9b,float,numeric,a25fb4516757403b129bcfe366dddb9b,unassigned,none
a2801a7e7915dc8d259be64ffcbb7bb0,Weekly revenue from sale of attribute a2801a7e7915dc8d259be64ffcbb7bb0,float,numeric,a2801a7e7915dc8d259be64ffcbb7bb0,unassigned,none
a298a105818dce6878b787e4af6cff7d,Weekly revenue from sale of attribute a298a105818dce6878b787e4af6cff7d,float,numeric,a298a105818dce6878b787e4af6cff7d,unassigned,none
a2df39260fbfda368c11ffcb4f66395b,Weekly revenue from sale of attribute a2df39260fbfda368c11ffcb4f66395b,float,numeric,a2df39260fbfda368c11ffcb4f66395b,unassigned,none
a2f3be463c1d322c27cbe55cf03e5fda,Weekly revenue from sale of attribute a2f3be463c1d322c27cbe55cf03e5fda,float,numeric,a2f3be463c1d322c27cbe55cf03e5fda,unassigned,none
a2f4e28e50f60566eeb99f842ffc0fd9,Weekly revenue from sale of attribute a2f4e28e50f60566eeb99f842ffc0fd9,float,numeric,a2f4e28e50f60566eeb99f842ffc0fd9,unassigned,none
a35b7b13c63effc7f014f141826f3186,Weekly revenue from sale of attribute a35b7b13c63effc7f014f141826f3186,float,numeric,a35b7b13c63effc7f014f141826f3186,unassigned,none
a35c14eaa384acf7aabbbec3bd76fae6,Weekly revenue from sale of attribute a35c14eaa384acf7aabbbec3bd76fae6,float,numeric,a35c14eaa384acf7aabbbec3bd76fae6,unassigned,none
a367f823feb49954fedb4f4a43ad9db2,Weekly revenue from sale of attribute a367f823feb49954fedb4f4a43ad9db2,float,numeric,a367f823feb49954fedb4f4a43ad9db2,unassigned,none
a38b238734207eeb0388676235cf56ec,Weekly revenue from sale of attribute a38b238734207eeb0388676235cf56ec,float,numeric,a38b238734207eeb0388676235cf56ec,unassigned,none
a3aab6d23ab543e36652264fce5ed7be,Weekly revenue from sale of attribute a3aab6d23ab543e36652264fce5ed7be,float,numeric,a3aab6d23ab543e36652264fce5ed7be,unassigned,none
a3b358d577875a8515f6d868c5a2662d,Weekly revenue from sale of attribute a3b358d577875a8515f6d868c5a2662d,float,numeric,a3b358d577875a8515f6d868c5a2662d,unassigned,none
a3c485c1ba93a314a9606492aeb0072c,Weekly revenue from sale of attribute a3c485c1ba93a314a9606492aeb0072c,float,numeric,a3c485c1ba93a314a9606492aeb0072c,unassigned,none
a3ceb95649a48c0c54ae4bd1dd66d035,Weekly revenue from sale of attribute a3ceb95649a48c0c54ae4bd1dd66d035,float,numeric,a3ceb95649a48c0c54ae4bd1dd66d035,unassigned,none
a412a4cce5810a2d4fc9ce36664a929b,Weekly revenue from sale of attribute a412a4cce5810a2d4fc9ce36664a929b,float,numeric,a412a4cce5810a2d4fc9ce36664a929b,unassigned,none
a4275459104a31ba114508b8709860d1,Weekly revenue from sale of attribute a4275459104a31ba114508b8709860d1,float,numeric,a4275459104a31ba114508b8709860d1,unassigned,none
a42d9c825894f96fc6ed02610891454d,Weekly revenue from sale of attribute a42d9c825894f96fc6ed02610891454d,float,numeric,a42d9c825894f96fc6ed02610891454d,unassigned,none
a4385c12734e0937f4514a3cde277925,Weekly revenue from sale of attribute a4385c12734e0937f4514a3cde277925,float,numeric,a4385c12734e0937f4514a3cde277925,unassigned,none
a46875fb5b8d19ac3cff18deb9bae57e,Weekly revenue from sale of attribute a46875fb5b8d19ac3cff18deb9bae57e,float,numeric,a46875fb5b8d19ac3cff18deb9bae57e,unassigned,none
a47674ec5bdc46617bc532a9839390db,Weekly revenue from sale of attribute a47674ec5bdc46617bc532a9839390db,float,numeric,a47674ec5bdc46617bc532a9839390db,unassigned,none
a48138f7de6ebfed36f91a440fcadb64,Weekly revenue from sale of attribute a48138f7de6ebfed36f91a440fcadb64,float,numeric,a48138f7de6ebfed36f91a440fcadb64,unassigned,none
a4aa7c1427c31344e5f7cc3d839fe562,Weekly revenue from sale of attribute a4aa7c1427c31344e5f7cc3d839fe562,float,numeric,a4aa7c1427c31344e5f7cc3d839fe562,unassigned,none
a4c27cf9767fe2b589251c764b891eda,Weekly revenue from sale of attribute a4c27cf9767fe2b589251c764b891eda,float,numeric,a4c27cf9767fe2b589251c764b891eda,unassigned,none
a4d44eb9f68b301db3a15c9a346f395c,Weekly revenue from sale of attribute a4d44eb9f68b301db3a15c9a346f395c,float,numeric,a4d44eb9f68b301db3a15c9a346f395c,unassigned,none
a4e285285691cfbcc14df9e2d85bd337,Weekly revenue from sale of attribute a4e285285691cfbcc14df9e2d85bd337,float,numeric,a4e285285691cfbcc14df9e2d85bd337,unassigned,none
a50acd33ba7a8da8e9db65094fa990a4,Weekly revenue from sale of attribute a50acd33ba7a8da8e9db65094fa990a4,float,numeric,a50acd33ba7a8da8e9db65094fa990a4,unassigned,none
a51c38eaa07a858fd8b49766d02c7bcd,Weekly revenue from sale of attribute a51c38eaa07a858fd8b49766d02c7bcd,float,numeric,a51c38eaa07a858fd8b49766d02c7bcd,unassigned,none
a5215a7a9f46c4185b12f38e9ddf2abc,Weekly revenue from sale of attribute a5215a7a9f46c4185b12f38e9ddf2abc,float,numeric,a5215a7a9f46c4185b12f38e9ddf2abc,unassigned,none
a5341e3f8155dbb3e62323d3ea289729,Weekly revenue from sale of attribute a5341e3f8155dbb3e62323d3ea289729,float,numeric,a5341e3f8155dbb3e62323d3ea289729,unassigned,none
a55b9bc476c34d53d8f3f27c922f6374,Weekly revenue from sale of attribute a55b9bc476c34d53d8f3f27c922f6374,float,numeric,a55b9bc476c34d53d8f3f27c922f6374,unassigned,none
a5647c44af977b148e0a3a4751a09e2e,Weekly revenue from sale of attribute a5647c44af977b148e0a3a4751a09e2e,float,numeric,a5647c44af977b148e0a3a4751a09e2e,unassigned,none
a5ae8400fc9fcacd4af585a57bbf264a,Weekly revenue from sale of attribute a5ae8400fc9fcacd4af585a57bbf264a,float,numeric,a5ae8400fc9fcacd4af585a57bbf264a,unassigned,none
a5e66fadbb9b49dffdbf63675436a332,Weekly revenue from sale of attribute a5e66fadbb9b49dffdbf63675436a332,float,numeric,a5e66fadbb9b49dffdbf63675436a332,unassigned,none
a5e74dc2d01e8b9df1590c7160358273,Weekly revenue from sale of attribute a5e74dc2d01e8b9df1590c7160358273,float,numeric,a5e74dc2d01e8b9df1590c7160358273,unassigned,none
a5f6ba3fe91a2e73f10b612131cb2404,Weekly revenue from sale of attribute a5f6ba3fe91a2e73f10b612131cb2404,float,numeric,a5f6ba3fe91a2e73f10b612131cb2404,unassigned,none
a60e1868eec274b4c295fc836ea8320d,Weekly revenue from sale of attribute a60e1868eec274b4c295fc836ea8320d,float,numeric,a60e1868eec274b4c295fc836ea8320d,unassigned,none
a62e25e09e05e6faf31d90c6ec1aa3d1,Weekly revenue from sale of attribute a62e25e09e05e6faf31d90c6ec1aa3d1,float,numeric,a62e25e09e05e6faf31d90c6ec1aa3d1,unassigned,none
a630323d497e2acc89574e8b792c6936,Weekly revenue from sale of attribute a630323d497e2acc89574e8b792c6936,float,numeric,a630323d497e2acc89574e8b792c6936,unassigned,none
a659cb33082b851fb87a33af8f0fff29,Weekly revenue from sale of attribute a659cb33082b851fb87a33af8f0fff29,float,numeric,a659cb33082b851fb87a33af8f0fff29,unassigned,none
a6621d4ee609f3f917d04c11ca8f0161,Weekly revenue from sale of attribute a6621d4ee609f3f917d04c11ca8f0161,float,numeric,a6621d4ee609f3f917d04c11ca8f0161,unassigned,none
a695ab8413ea83619cde9b18292d6aa1,Weekly revenue from sale of attribute a695ab8413ea83619cde9b18292d6aa1,float,numeric,a695ab8413ea83619cde9b18292d6aa1,unassigned,none
a6b56b20f93907299eef6ea711338269,Weekly revenue from sale of attribute a6b56b20f93907299eef6ea711338269,float,numeric,a6b56b20f93907299eef6ea711338269,unassigned,none
a6f2ba5bb6d6d36ac92ed1faf4d123f2,Weekly revenue from sale of attribute a6f2ba5bb6d6d36ac92ed1faf4d123f2,float,numeric,a6f2ba5bb6d6d36ac92ed1faf4d123f2,unassigned,none
a703f5ade6e4fae527357132230ea778,Weekly revenue from sale of attribute a703f5ade6e4fae527357132230ea778,float,numeric,a703f5ade6e4fae527357132230ea778,unassigned,none
a70f58bd49225ad1d9f199d3766385a8,Weekly revenue from sale of attribute a70f58bd49225ad1d9f199d3766385a8,float,numeric,a70f58bd49225ad1d9f199d3766385a8,unassigned,none
a71d0bc0c279b81bda788ecaca585ca5,Weekly revenue from sale of attribute a71d0bc0c279b81bda788ecaca585ca5,float,numeric,a71d0bc0c279b81bda788ecaca585ca5,unassigned,none
a743efb3ff4bf4f56e265e73e5c23a6c,Weekly revenue from sale of attribute a743efb3ff4bf4f56e265e73e5c23a6c,float,numeric,a743efb3ff4bf4f56e265e73e5c23a6c,unassigned,none
a7566c5565bf286a5c8fb48387d97bb8,Weekly revenue from sale of attribute a7566c5565bf286a5c8fb48387d97bb8,float,numeric,a7566c5565bf286a5c8fb48387d97bb8,unassigned,none
a75b732b129c2fe3d8e371dd8333cd00,Weekly revenue from sale of attribute a75b732b129c2fe3d8e371dd8333cd00,float,numeric,a75b732b129c2fe3d8e371dd8333cd00,unassigned,none
a760ef0bb70c954d79e62ec6023d380c,Weekly revenue from sale of attribute a760ef0bb70c954d79e62ec6023d380c,float,numeric,a760ef0bb70c954d79e62ec6023d380c,unassigned,none
a767d41b71a909a1dd1e969f4b50732c,Weekly revenue from sale of attribute a767d41b71a909a1dd1e969f4b50732c,float,numeric,a767d41b71a909a1dd1e969f4b50732c,unassigned,none
a787d9cee40e9de33b13d740c32359e8,Weekly revenue from sale of attribute a787d9cee40e9de33b13d740c32359e8,float,numeric,a787d9cee40e9de33b13d740c32359e8,unassigned,none
a7906a8a69acf5b0cb256882e741896a,Weekly revenue from sale of attribute a7906a8a69acf5b0cb256882e741896a,float,numeric,a7906a8a69acf5b0cb256882e741896a,unassigned,none
a7c73814e6894bc049f7aac7d37f7175,Weekly revenue from sale of attribute a7c73814e6894bc049f7aac7d37f7175,float,numeric,a7c73814e6894bc049f7aac7d37f7175,unassigned,none
a869ec6209c361ca46dad85a5530e119,Weekly revenue from sale of attribute a869ec6209c361ca46dad85a5530e119,float,numeric,a869ec6209c361ca46dad85a5530e119,unassigned,none
a86bf954ba3a0e7e31f2b6dc5267212b,Weekly revenue from sale of attribute a86bf954ba3a0e7e31f2b6dc5267212b,float,numeric,a86bf954ba3a0e7e31f2b6dc5267212b,unassigned,none
a88cfe5c20413ddeff0a060c4202d278,Weekly revenue from sale of attribute a88cfe5c20413ddeff0a060c4202d278,float,numeric,a88cfe5c20413ddeff0a060c4202d278,unassigned,none
a8949536a84721e346d7814fd81aafbe,Weekly revenue from sale of attribute a8949536a84721e346d7814fd81aafbe,float,numeric,a8949536a84721e346d7814fd81aafbe,unassigned,none
a8de27e0e3c906eb51872553801962b7,Weekly revenue from sale of attribute a8de27e0e3c906eb51872553801962b7,float,numeric,a8de27e0e3c906eb51872553801962b7,unassigned,none
a8fe47ad6f852f93cc92c7b408687de3,Weekly revenue from sale of attribute a8fe47ad6f852f93cc92c7b408687de3,float,numeric,a8fe47ad6f852f93cc92c7b408687de3,unassigned,none
a9008450835cd38eabdf07eb6dd04bdd,Weekly revenue from sale of attribute a9008450835cd38eabdf07eb6dd04bdd,float,numeric,a9008450835cd38eabdf07eb6dd04bdd,unassigned,none
a92044ede94468b593b5e4d92498f6c1,Weekly revenue from sale of attribute a92044ede94468b593b5e4d92498f6c1,float,numeric,a92044ede94468b593b5e4d92498f6c1,unassigned,none
a92930c327948861c015c919a0bcb4a8,Weekly revenue from sale of attribute a92930c327948861c015c919a0bcb4a8,float,numeric,a92930c327948861c015c919a0bcb4a8,unassigned,none
a9516a079e37a9c9c36b9b78b10169e8,Weekly revenue from sale of attribute a9516a079e37a9c9c36b9b78b10169e8,float,numeric,a9516a079e37a9c9c36b9b78b10169e8,unassigned,none
a96d7b91547c9d381eef6793af2c639e,Weekly revenue from sale of attribute a96d7b91547c9d381eef6793af2c639e,float,numeric,a96d7b91547c9d381eef6793af2c639e,unassigned,none
a97cd00f5c1dbfbc7f0f4b6c1032253e,Weekly revenue from sale of attribute a97cd00f5c1dbfbc7f0f4b6c1032253e,float,numeric,a97cd00f5c1dbfbc7f0f4b6c1032253e,unassigned,none
a98a8d36f2c2f97f7d7c4c3222f2251c,Weekly revenue from sale of attribute a98a8d36f2c2f97f7d7c4c3222f2251c,float,numeric,a98a8d36f2c2f97f7d7c4c3222f2251c,unassigned,none
a996a4fecaea5e7e2638d2c5078ebf4b,Weekly revenue from sale of attribute a996a4fecaea5e7e2638d2c5078ebf4b,float,numeric,a996a4fecaea5e7e2638d2c5078ebf4b,unassigned,none
a9a058de269b3e0133650d8eba938505,Weekly revenue from sale of attribute a9a058de269b3e0133650d8eba938505,float,numeric,a9a058de269b3e0133650d8eba938505,unassigned,none
a9b7d6445491f7108ce079d4f783dbf1,Weekly revenue from sale of attribute a9b7d6445491f7108ce079d4f783dbf1,float,numeric,a9b7d6445491f7108ce079d4f783dbf1,unassigned,none
a9e9edb1bcac585bfbfa381ce40e5d99,Weekly revenue from sale of attribute a9e9edb1bcac585bfbfa381ce40e5d99,float,numeric,a9e9edb1bcac585bfbfa381ce40e5d99,unassigned,none
a9f480bfc49f0b85e8394e1cdf685b4e,Weekly revenue from sale of attribute a9f480bfc49f0b85e8394e1cdf685b4e,float,numeric,a9f480bfc49f0b85e8394e1cdf685b4e,unassigned,none
a9fb80187bf64d19dd2804f25e83c5e6,Weekly revenue from sale of attribute a9fb80187bf64d19dd2804f25e83c5e6,float,numeric,a9fb80187bf64d19dd2804f25e83c5e6,unassigned,none
aa280035c50ba62c746480a59045eec4,Weekly revenue from sale of attribute aa280035c50ba62c746480a59045eec4,float,numeric,aa280035c50ba62c746480a59045eec4,unassigned,none
aa36c2127048efdcd47f4ad5b6b68810,Weekly revenue from sale of attribute aa36c2127048efdcd47f4ad5b6b68810,float,numeric,aa36c2127048efdcd47f4ad5b6b68810,unassigned,none
aa5a88580b8e6e569915aa42f1526dfc,Weekly revenue from sale of attribute aa5a88580b8e6e569915aa42f1526dfc,float,numeric,aa5a88580b8e6e569915aa42f1526dfc,unassigned,none
aa5d6a9bd4be367ae1a3a29c323c7c11,Weekly revenue from sale of attribute aa5d6a9bd4be367ae1a3a29c323c7c11,float,numeric,aa5d6a9bd4be367ae1a3a29c323c7c11,unassigned,none
aa8fce5e65ab73ab73101ea58d710905,Weekly revenue from sale of attribute aa8fce5e65ab73ab73101ea58d710905,float,numeric,aa8fce5e65ab73ab73101ea58d710905,unassigned,none
aae9610f8843fbe3931dadce56c0ac94,Weekly revenue from sale of attribute aae9610f8843fbe3931dadce56c0ac94,float,numeric,aae9610f8843fbe3931dadce56c0ac94,unassigned,none
aaf29331649db17cf18a6bafc047f75a,Weekly revenue from sale of attribute aaf29331649db17cf18a6bafc047f75a,float,numeric,aaf29331649db17cf18a6bafc047f75a,unassigned,none
ab035f66749c120d072b11475d25329d,Weekly revenue from sale of attribute ab035f66749c120d072b11475d25329d,float,numeric,ab035f66749c120d072b11475d25329d,unassigned,none
ab4d60f2cff5544a9e5a3d9c7a88373b,Weekly revenue from sale of attribute ab4d60f2cff5544a9e5a3d9c7a88373b,float,numeric,ab4d60f2cff5544a9e5a3d9c7a88373b,unassigned,none
ab8ba49579d5b0173f85517ce22968c6,Weekly revenue from sale of attribute ab8ba49579d5b0173f85517ce22968c6,float,numeric,ab8ba49579d5b0173f85517ce22968c6,unassigned,none
aba86c093ccdbac75b09111d57e50004,Weekly revenue from sale of attribute aba86c093ccdbac75b09111d57e50004,float,numeric,aba86c093ccdbac75b09111d57e50004,unassigned,none
abcadf3aeced9a5dd2c23cb61ca09a4c,Weekly revenue from sale of attribute abcadf3aeced9a5dd2c23cb61ca09a4c,float,numeric,abcadf3aeced9a5dd2c23cb61ca09a4c,unassigned,none
ac43429cfe2a3933709b85dc2acacca8,Weekly revenue from sale of attribute ac43429cfe2a3933709b85dc2acacca8,float,numeric,ac43429cfe2a3933709b85dc2acacca8,unassigned,none
ac6c3623068f30de03045865e4e10089,Weekly revenue from sale of attribute ac6c3623068f30de03045865e4e10089,float,numeric,ac6c3623068f30de03045865e4e10089,unassigned,none
ac6d5ee8041a6228a27fcf80a063b7f8,Weekly revenue from sale of attribute ac6d5ee8041a6228a27fcf80a063b7f8,float,numeric,ac6d5ee8041a6228a27fcf80a063b7f8,unassigned,none
ac850a749748b386d598124ae34ba1b0,Weekly revenue from sale of attribute ac850a749748b386d598124ae34ba1b0,float,numeric,ac850a749748b386d598124ae34ba1b0,unassigned,none
ac8e7cf3a658f63dc68dd7f3b8b5f97b,Weekly revenue from sale of attribute ac8e7cf3a658f63dc68dd7f3b8b5f97b,float,numeric,ac8e7cf3a658f63dc68dd7f3b8b5f97b,unassigned,none
aca2eb7d00ea1a7b8ebd4e68314663af,Weekly revenue from sale of attribute aca2eb7d00ea1a7b8ebd4e68314663af,float,numeric,aca2eb7d00ea1a7b8ebd4e68314663af,unassigned,none
accbae01c370247dd0aa8d735f9ff675,Weekly revenue from sale of attribute accbae01c370247dd0aa8d735f9ff675,float,numeric,accbae01c370247dd0aa8d735f9ff675,unassigned,none
acdb489a7451fff0633e91357a8e60eb,Weekly revenue from sale of attribute acdb489a7451fff0633e91357a8e60eb,float,numeric,acdb489a7451fff0633e91357a8e60eb,unassigned,none
acde6bd0b5f91190e2a123df389b0b47,Weekly revenue from sale of attribute acde6bd0b5f91190e2a123df389b0b47,float,numeric,acde6bd0b5f91190e2a123df389b0b47,unassigned,none
ace4686a281385c082500437e5e73b61,Weekly revenue from sale of attribute ace4686a281385c082500437e5e73b61,float,numeric,ace4686a281385c082500437e5e73b61,unassigned,none
ace5d86cf1ac63cdb76f49e5cd23d2f8,Weekly revenue from sale of attribute ace5d86cf1ac63cdb76f49e5cd23d2f8,float,numeric,ace5d86cf1ac63cdb76f49e5cd23d2f8,unassigned,none
acf8371901a741912c231a031fe39c71,Weekly revenue from sale of attribute acf8371901a741912c231a031fe39c71,float,numeric,acf8371901a741912c231a031fe39c71,unassigned,none
ad1280b6c5b1af7cfd97372249be66c9,Weekly revenue from sale of attribute ad1280b6c5b1af7cfd97372249be66c9,float,numeric,ad1280b6c5b1af7cfd97372249be66c9,unassigned,none
ad2037645597db38527fe3afbe226af2,Weekly revenue from sale of attribute ad2037645597db38527fe3afbe226af2,float,numeric,ad2037645597db38527fe3afbe226af2,unassigned,none
ad26ad285869ae33f293067b79b9f01e,Weekly revenue from sale of attribute ad26ad285869ae33f293067b79b9f01e,float,numeric,ad26ad285869ae33f293067b79b9f01e,unassigned,none
adb1f1939b613f3078806b6afcca0e51,Weekly revenue from sale of attribute adb1f1939b613f3078806b6afcca0e51,float,numeric,adb1f1939b613f3078806b6afcca0e51,unassigned,none
add055c0f961a8667228b93f97d43b0f,Weekly revenue from sale of attribute add055c0f961a8667228b93f97d43b0f,float,numeric,add055c0f961a8667228b93f97d43b0f,unassigned,none
add32d15ff7c76396b982686227d9553,Weekly revenue from sale of attribute add32d15ff7c76396b982686227d9553,float,numeric,add32d15ff7c76396b982686227d9553,unassigned,none
ade1e672b7fac77461fdd5d77612e45b,Weekly revenue from sale of attribute ade1e672b7fac77461fdd5d77612e45b,float,numeric,ade1e672b7fac77461fdd5d77612e45b,unassigned,none
adf24c4c9e90e7054d07309a04c419d0,Weekly revenue from sale of attribute adf24c4c9e90e7054d07309a04c419d0,float,numeric,adf24c4c9e90e7054d07309a04c419d0,unassigned,none
ae083e4a334a4210ae0ef7323f1584c5,Weekly revenue from sale of attribute ae083e4a334a4210ae0ef7323f1584c5,float,numeric,ae083e4a334a4210ae0ef7323f1584c5,unassigned,none
ae39a60d9d830340edf374b7cb0f6e71,Weekly revenue from sale of attribute ae39a60d9d830340edf374b7cb0f6e71,float,numeric,ae39a60d9d830340edf374b7cb0f6e71,unassigned,none
ae7d8348fbef50928a680454fffbca00,Weekly revenue from sale of attribute ae7d8348fbef50928a680454fffbca00,float,numeric,ae7d8348fbef50928a680454fffbca00,unassigned,none
aea5937ba2b757b9fc5017f2d11f288f,Weekly revenue from sale of attribute aea5937ba2b757b9fc5017f2d11f288f,float,numeric,aea5937ba2b757b9fc5017f2d11f288f,unassigned,none
aece157b74fa793277ecc4e94bedf9a0,Weekly revenue from sale of attribute aece157b74fa793277ecc4e94bedf9a0,float,numeric,aece157b74fa793277ecc4e94bedf9a0,unassigned,none
aed75ad669fbebd5a385ac7cc2ae7573,Weekly revenue from sale of attribute aed75ad669fbebd5a385ac7cc2ae7573,float,numeric,aed75ad669fbebd5a385ac7cc2ae7573,unassigned,none
aee3f592b58fb4d19977aac4159cd4b1,Weekly revenue from sale of attribute aee3f592b58fb4d19977aac4159cd4b1,float,numeric,aee3f592b58fb4d19977aac4159cd4b1,unassigned,none
aef8207c2e91f4fcdbc0824737abf358,Weekly revenue from sale of attribute aef8207c2e91f4fcdbc0824737abf358,float,numeric,aef8207c2e91f4fcdbc0824737abf358,unassigned,none
aef95f9d9e323e61a5caecdc41907c79,Weekly revenue from sale of attribute aef95f9d9e323e61a5caecdc41907c79,float,numeric,aef95f9d9e323e61a5caecdc41907c79,unassigned,none
af0a917aec9cea3b353ece61a8825326,Weekly revenue from sale of attribute af0a917aec9cea3b353ece61a8825326,float,numeric,af0a917aec9cea3b353ece61a8825326,unassigned,none
af144ed65466a16118af719a57053c95,Weekly revenue from sale of attribute af144ed65466a16118af719a57053c95,float,numeric,af144ed65466a16118af719a57053c95,unassigned,none
af16005fca813272caf59c432153949e,Weekly revenue from sale of attribute af16005fca813272caf59c432153949e,float,numeric,af16005fca813272caf59c432153949e,unassigned,none
af3c32ffb86784d96ad53372364b9d3d,Weekly revenue from sale of attribute af3c32ffb86784d96ad53372364b9d3d,float,numeric,af3c32ffb86784d96ad53372364b9d3d,unassigned,none
af4e4eefc358246062956d3d2930e6f8,Weekly revenue from sale of attribute af4e4eefc358246062956d3d2930e6f8,float,numeric,af4e4eefc358246062956d3d2930e6f8,unassigned,none
af51d485dc5255ba2e18b21b550156e6,Weekly revenue from sale of attribute af51d485dc5255ba2e18b21b550156e6,float,numeric,af51d485dc5255ba2e18b21b550156e6,unassigned,none
af62192c9415dbf2b36c294762acd9ed,Weekly revenue from sale of attribute af62192c9415dbf2b36c294762acd9ed,float,numeric,af62192c9415dbf2b36c294762acd9ed,unassigned,none
af827351cc8287dd464466e8793046b0,Weekly revenue from sale of attribute af827351cc8287dd464466e8793046b0,float,numeric,af827351cc8287dd464466e8793046b0,unassigned,none
af8533a77adce26dca87480c4c5c9af4,Weekly revenue from sale of attribute af8533a77adce26dca87480c4c5c9af4,float,numeric,af8533a77adce26dca87480c4c5c9af4,unassigned,none
af9418dfcdd7f19b51906a2f32cd6bc0,Weekly revenue from sale of attribute af9418dfcdd7f19b51906a2f32cd6bc0,float,numeric,af9418dfcdd7f19b51906a2f32cd6bc0,unassigned,none
afad7a4420a4348d41da23ed8d0902dd,Weekly revenue from sale of attribute afad7a4420a4348d41da23ed8d0902dd,float,numeric,afad7a4420a4348d41da23ed8d0902dd,unassigned,none
afc3541eb2b7d457d08b0b8f4526b350,Weekly revenue from sale of attribute afc3541eb2b7d457d08b0b8f4526b350,float,numeric,afc3541eb2b7d457d08b0b8f4526b350,unassigned,none
afcb7e4c28a7bd94e28dc126c3968c6f,Weekly revenue from sale of attribute afcb7e4c28a7bd94e28dc126c3968c6f,float,numeric,afcb7e4c28a7bd94e28dc126c3968c6f,unassigned,none
afeeea6271148ee1bb15173b8187c431,Weekly revenue from sale of attribute afeeea6271148ee1bb15173b8187c431,float,numeric,afeeea6271148ee1bb15173b8187c431,unassigned,none
aff4c4ee166f76b66595e0bcfb983d5b,Weekly revenue from sale of attribute aff4c4ee166f76b66595e0bcfb983d5b,float,numeric,aff4c4ee166f76b66595e0bcfb983d5b,unassigned,none
b00a32a0b42fd65efb58a5822009f629,Weekly revenue from sale of attribute b00a32a0b42fd65efb58a5822009f629,float,numeric,b00a32a0b42fd65efb58a5822009f629,unassigned,none
b00e24be53a1785f1f613e747809a5ff,Weekly revenue from sale of attribute b00e24be53a1785f1f613e747809a5ff,float,numeric,b00e24be53a1785f1f613e747809a5ff,unassigned,none
b01d34f6d2545269d348181768eca049,Weekly revenue from sale of attribute b01d34f6d2545269d348181768eca049,float,numeric,b01d34f6d2545269d348181768eca049,unassigned,none
b03f486273ee4263286c00383ef34f37,Weekly revenue from sale of attribute b03f486273ee4263286c00383ef34f37,float,numeric,b03f486273ee4263286c00383ef34f37,unassigned,none
b044bbed524dc39f8465f2d1b5b620f8,Weekly revenue from sale of attribute b044bbed524dc39f8465f2d1b5b620f8,float,numeric,b044bbed524dc39f8465f2d1b5b620f8,unassigned,none
b06e4ddd013b4a1a81e80fe575d9b762,Weekly revenue from sale of attribute b06e4ddd013b4a1a81e80fe575d9b762,float,numeric,b06e4ddd013b4a1a81e80fe575d9b762,unassigned,none
b07085c1dd895cb3ba680dd4cdf0dc93,Weekly revenue from sale of attribute b07085c1dd895cb3ba680dd4cdf0dc93,float,numeric,b07085c1dd895cb3ba680dd4cdf0dc93,unassigned,none
b07d4d53510cb94a50f0088119134afe,Weekly revenue from sale of attribute b07d4d53510cb94a50f0088119134afe,float,numeric,b07d4d53510cb94a50f0088119134afe,unassigned,none
b0961721fd839e9982420e807758a2a6,Weekly revenue from sale of attribute b0961721fd839e9982420e807758a2a6,float,numeric,b0961721fd839e9982420e807758a2a6,unassigned,none
b096d990c6b4017851564c895ffa9e44,Weekly revenue from sale of attribute b096d990c6b4017851564c895ffa9e44,float,numeric,b096d990c6b4017851564c895ffa9e44,unassigned,none
b0a8a49ada74c34192709d0c9490d915,Weekly revenue from sale of attribute b0a8a49ada74c34192709d0c9490d915,float,numeric,b0a8a49ada74c34192709d0c9490d915,unassigned,none
b0b302c4ad94c584fba79e1252093ceb,Weekly revenue from sale of attribute b0b302c4ad94c584fba79e1252093ceb,float,numeric,b0b302c4ad94c584fba79e1252093ceb,unassigned,none
b0c2a004d315a5ba0b19584393ac478c,Weekly revenue from sale of attribute b0c2a004d315a5ba0b19584393ac478c,float,numeric,b0c2a004d315a5ba0b19584393ac478c,unassigned,none
b0ff378136f25567d2913b3bf7fd7ea1,Weekly revenue from sale of attribute b0ff378136f25567d2913b3bf7fd7ea1,float,numeric,b0ff378136f25567d2913b3bf7fd7ea1,unassigned,none
b114bf337c0626166abe574eee9e3f32,Weekly revenue from sale of attribute b114bf337c0626166abe574eee9e3f32,float,numeric,b114bf337c0626166abe574eee9e3f32,unassigned,none
b12ba6fb4716c6732dc00c5f84466dc8,Weekly revenue from sale of attribute b12ba6fb4716c6732dc00c5f84466dc8,float,numeric,b12ba6fb4716c6732dc00c5f84466dc8,unassigned,none
b1448ab856adbb8dc6ea2ba9489f555a,Weekly revenue from sale of attribute b1448ab856adbb8dc6ea2ba9489f555a,float,numeric,b1448ab856adbb8dc6ea2ba9489f555a,unassigned,none
b1517c1b95640f9c8faf6f049fc751ee,Weekly revenue from sale of attribute b1517c1b95640f9c8faf6f049fc751ee,float,numeric,b1517c1b95640f9c8faf6f049fc751ee,unassigned,none
b1631003bdbc3b1e876f83a7d851d74a,Weekly revenue from sale of attribute b1631003bdbc3b1e876f83a7d851d74a,float,numeric,b1631003bdbc3b1e876f83a7d851d74a,unassigned,none
b17808303e15dd50538c011b44295427,Weekly revenue from sale of attribute b17808303e15dd50538c011b44295427,float,numeric,b17808303e15dd50538c011b44295427,unassigned,none
b188dcf56044f0301917cd129630fd14,Weekly revenue from sale of attribute b188dcf56044f0301917cd129630fd14,float,numeric,b188dcf56044f0301917cd129630fd14,unassigned,none
b191d7bf910b82744bf36a5ee9b041d8,Weekly revenue from sale of attribute b191d7bf910b82744bf36a5ee9b041d8,float,numeric,b191d7bf910b82744bf36a5ee9b041d8,unassigned,none
b1acb7e8152c90c9619897753a75c973,Weekly revenue from sale of attribute b1acb7e8152c90c9619897753a75c973,float,numeric,b1acb7e8152c90c9619897753a75c973,unassigned,none
b1c791ce2fd764b4aaea6b9064b224ac,Weekly revenue from sale of attribute b1c791ce2fd764b4aaea6b9064b224ac,float,numeric,b1c791ce2fd764b4aaea6b9064b224ac,unassigned,none
b22658be72921a967a7d592dfc61e54e,Weekly revenue from sale of attribute b22658be72921a967a7d592dfc61e54e,float,numeric,b22658be72921a967a7d592dfc61e54e,unassigned,none
b249cf5fcf68f70e13515489f0fcb627,Weekly revenue from sale of attribute b249cf5fcf68f70e13515489f0fcb627,float,numeric,b249cf5fcf68f70e13515489f0fcb627,unassigned,none
b2572a992f6ea1d1a7eb518d54e64620,Weekly revenue from sale of attribute b2572a992f6ea1d1a7eb518d54e64620,float,numeric,b2572a992f6ea1d1a7eb518d54e64620,unassigned,none
b2775a101dfacb48184ed1c1cb4a278b,Weekly revenue from sale of attribute b2775a101dfacb48184ed1c1cb4a278b,float,numeric,b2775a101dfacb48184ed1c1cb4a278b,unassigned,none
b2855c4e42b8a50f359904c6763eeddc,Weekly revenue from sale of attribute b2855c4e42b8a50f359904c6763eeddc,float,numeric,b2855c4e42b8a50f359904c6763eeddc,unassigned,none
b2d52af3c5981a8d5d064fdb77cc6bc1,Weekly revenue from sale of attribute b2d52af3c5981a8d5d064fdb77cc6bc1,float,numeric,b2d52af3c5981a8d5d064fdb77cc6bc1,unassigned,none
b2d98b6f547c14e29a9e72b8e630d936,Weekly revenue from sale of attribute b2d98b6f547c14e29a9e72b8e630d936,float,numeric,b2d98b6f547c14e29a9e72b8e630d936,unassigned,none
b2e22c958b453a43a650a579dcac2e43,Weekly revenue from sale of attribute b2e22c958b453a43a650a579dcac2e43,float,numeric,b2e22c958b453a43a650a579dcac2e43,unassigned,none
b2f041d29dd572b298f0f74de6297b6d,Weekly revenue from sale of attribute b2f041d29dd572b298f0f74de6297b6d,float,numeric,b2f041d29dd572b298f0f74de6297b6d,unassigned,none
b30d7b0adcdc4a117f455472548155ec,Weekly revenue from sale of attribute b30d7b0adcdc4a117f455472548155ec,float,numeric,b30d7b0adcdc4a117f455472548155ec,unassigned,none
b3132d56d4953f40e977e0534603e148,Weekly revenue from sale of attribute b3132d56d4953f40e977e0534603e148,float,numeric,b3132d56d4953f40e977e0534603e148,unassigned,none
b3466bdd3b91a3c8ba3f2dbe7f9e0b4f,Weekly revenue from sale of attribute b3466bdd3b91a3c8ba3f2dbe7f9e0b4f,float,numeric,b3466bdd3b91a3c8ba3f2dbe7f9e0b4f,unassigned,none
b35370362fa3ad4b1976f2a11f146dfd,Weekly revenue from sale of attribute b35370362fa3ad4b1976f2a11f146dfd,float,numeric,b35370362fa3ad4b1976f2a11f146dfd,unassigned,none
b3b9bbe2bce84b01d3333df71d742590,Weekly revenue from sale of attribute b3b9bbe2bce84b01d3333df71d742590,float,numeric,b3b9bbe2bce84b01d3333df71d742590,unassigned,none
b3d1d218a4ff07119f546a42c6ee7d7b,Weekly revenue from sale of attribute b3d1d218a4ff07119f546a42c6ee7d7b,float,numeric,b3d1d218a4ff07119f546a42c6ee7d7b,unassigned,none
b3e40ff639c185b9d726b4b19c17e6cd,Weekly revenue from sale of attribute b3e40ff639c185b9d726b4b19c17e6cd,float,numeric,b3e40ff639c185b9d726b4b19c17e6cd,unassigned,none
b40ec43bdfc6d6fdd65e882066a5c895,Weekly revenue from sale of attribute b40ec43bdfc6d6fdd65e882066a5c895,float,numeric,b40ec43bdfc6d6fdd65e882066a5c895,unassigned,none
b4436da747c3a53ab07ac0e71de17dcd,Weekly revenue from sale of attribute b4436da747c3a53ab07ac0e71de17dcd,float,numeric,b4436da747c3a53ab07ac0e71de17dcd,unassigned,none
b45755e01d70d935e074cdde682bed74,Weekly revenue from sale of attribute b45755e01d70d935e074cdde682bed74,float,numeric,b45755e01d70d935e074cdde682bed74,unassigned,none
b45cf16d3053d517e0ac445498e4915b,Weekly revenue from sale of attribute b45cf16d3053d517e0ac445498e4915b,float,numeric,b45cf16d3053d517e0ac445498e4915b,unassigned,none
b45e1c65cd9f63e06b57f502caf50b78,Weekly revenue from sale of attribute b45e1c65cd9f63e06b57f502caf50b78,float,numeric,b45e1c65cd9f63e06b57f502caf50b78,unassigned,none
b47865eeb745bcbfca95513b46bd977d,Weekly revenue from sale of attribute b47865eeb745bcbfca95513b46bd977d,float,numeric,b47865eeb745bcbfca95513b46bd977d,unassigned,none
b48946c4c9a1d7c81916522d00d6722f,Weekly revenue from sale of attribute b48946c4c9a1d7c81916522d00d6722f,float,numeric,b48946c4c9a1d7c81916522d00d6722f,unassigned,none
b4b41230d7134dd767bc903a9c773f18,Weekly revenue from sale of attribute b4b41230d7134dd767bc903a9c773f18,float,numeric,b4b41230d7134dd767bc903a9c773f18,unassigned,none
b4b817e5f2c4efc8253b4b679c653847,Weekly revenue from sale of attribute b4b817e5f2c4efc8253b4b679c653847,float,numeric,b4b817e5f2c4efc8253b4b679c653847,unassigned,none
b4f9530c931398e215242293c2c8ba4c,Weekly revenue from sale of attribute b4f9530c931398e215242293c2c8ba4c,float,numeric,b4f9530c931398e215242293c2c8ba4c,unassigned,none
b4fc7e84dcaf2fcf3edb234e30362929,Weekly revenue from sale of attribute b4fc7e84dcaf2fcf3edb234e30362929,float,numeric,b4fc7e84dcaf2fcf3edb234e30362929,unassigned,none
b52af48deef5c1fb35c99248a5269973,Weekly revenue from sale of attribute b52af48deef5c1fb35c99248a5269973,float,numeric,b52af48deef5c1fb35c99248a5269973,unassigned,none
b532349fe46b38fbc7bb3914c1bdae07,Weekly revenue from sale of attribute b532349fe46b38fbc7bb3914c1bdae07,float,numeric,b532349fe46b38fbc7bb3914c1bdae07,unassigned,none
b56d02094e37315ad2f6fdf09991cac4,Weekly revenue from sale of attribute b56d02094e37315ad2f6fdf09991cac4,float,numeric,b56d02094e37315ad2f6fdf09991cac4,unassigned,none
b56d201af4e494d64897a4be5bb6782b,Weekly revenue from sale of attribute b56d201af4e494d64897a4be5bb6782b,float,numeric,b56d201af4e494d64897a4be5bb6782b,unassigned,none
b58894ae62ca975959eb3a8d4c8f4f92,Weekly revenue from sale of attribute b58894ae62ca975959eb3a8d4c8f4f92,float,numeric,b58894ae62ca975959eb3a8d4c8f4f92,unassigned,none
b596e2d70dd2f5fb5ff9ee2a1c803e5b,Weekly revenue from sale of attribute b596e2d70dd2f5fb5ff9ee2a1c803e5b,float,numeric,b596e2d70dd2f5fb5ff9ee2a1c803e5b,unassigned,none
b5adf7b72a7eb667aafd446581c35f3f,Weekly revenue from sale of attribute b5adf7b72a7eb667aafd446581c35f3f,float,numeric,b5adf7b72a7eb667aafd446581c35f3f,unassigned,none
b5b5a82ce5f1987b7e670f37629be51b,Weekly revenue from sale of attribute b5b5a82ce5f1987b7e670f37629be51b,float,numeric,b5b5a82ce5f1987b7e670f37629be51b,unassigned,none
b5c9804aab5c4cfd555ebfbc609de43d,Weekly revenue from sale of attribute b5c9804aab5c4cfd555ebfbc609de43d,float,numeric,b5c9804aab5c4cfd555ebfbc609de43d,unassigned,none
b5d214651360e2d58e13b48ae69c6199,Weekly revenue from sale of attribute b5d214651360e2d58e13b48ae69c6199,float,numeric,b5d214651360e2d58e13b48ae69c6199,unassigned,none
b5e13c9a353102f79c6206ff5cb61a50,Weekly revenue from sale of attribute b5e13c9a353102f79c6206ff5cb61a50,float,numeric,b5e13c9a353102f79c6206ff5cb61a50,unassigned,none
b5ebab9fa4b5f2771ec47a5d6139f3ff,Weekly revenue from sale of attribute b5ebab9fa4b5f2771ec47a5d6139f3ff,float,numeric,b5ebab9fa4b5f2771ec47a5d6139f3ff,unassigned,none
b5fd066805e6dbd581736d37d6313bb3,Weekly revenue from sale of attribute b5fd066805e6dbd581736d37d6313bb3,float,numeric,b5fd066805e6dbd581736d37d6313bb3,unassigned,none
b621b4b501b679f21cf155135207503b,Weekly revenue from sale of attribute b621b4b501b679f21cf155135207503b,float,numeric,b621b4b501b679f21cf155135207503b,unassigned,none
b623b7cb05ee3248fbe4a6ecbeed79a4,Weekly revenue from sale of attribute b623b7cb05ee3248fbe4a6ecbeed79a4,float,numeric,b623b7cb05ee3248fbe4a6ecbeed79a4,unassigned,none
b667e64d366991432e4c9c45ec4d6d1a,Weekly revenue from sale of attribute b667e64d366991432e4c9c45ec4d6d1a,float,numeric,b667e64d366991432e4c9c45ec4d6d1a,unassigned,none
b67a7d0ef75f52b4b76368927a3037f9,Weekly revenue from sale of attribute b67a7d0ef75f52b4b76368927a3037f9,float,numeric,b67a7d0ef75f52b4b76368927a3037f9,unassigned,none
b68cf84ede4fd1e14b1740de5b727d55,Weekly revenue from sale of attribute b68cf84ede4fd1e14b1740de5b727d55,float,numeric,b68cf84ede4fd1e14b1740de5b727d55,unassigned,none
b6a1a729d84991c54d232ed0fb0b8deb,Weekly revenue from sale of attribute b6a1a729d84991c54d232ed0fb0b8deb,float,numeric,b6a1a729d84991c54d232ed0fb0b8deb,unassigned,none
b6af69cb42f5e5e78bcf59f9be1b61a7,Weekly revenue from sale of attribute b6af69cb42f5e5e78bcf59f9be1b61a7,float,numeric,b6af69cb42f5e5e78bcf59f9be1b61a7,unassigned,none
b6e352d888ba31d8999af279cd63aa24,Weekly revenue from sale of attribute b6e352d888ba31d8999af279cd63aa24,float,numeric,b6e352d888ba31d8999af279cd63aa24,unassigned,none
b6f7a80ce020adcd7918fca6246bf96a,Weekly revenue from sale of attribute b6f7a80ce020adcd7918fca6246bf96a,float,numeric,b6f7a80ce020adcd7918fca6246bf96a,unassigned,none
b72a070441e70976c37e27df8a2a664e,Weekly revenue from sale of attribute b72a070441e70976c37e27df8a2a664e,float,numeric,b72a070441e70976c37e27df8a2a664e,unassigned,none
b73f6899a58fe7a37e55149e9a11c717,Weekly revenue from sale of attribute b73f6899a58fe7a37e55149e9a11c717,float,numeric,b73f6899a58fe7a37e55149e9a11c717,unassigned,none
b748ca0c5ca9a1def2099de76c53d68d,Weekly revenue from sale of attribute b748ca0c5ca9a1def2099de76c53d68d,float,numeric,b748ca0c5ca9a1def2099de76c53d68d,unassigned,none
b7545fcb6846edbe119f90a80889b31d,Weekly revenue from sale of attribute b7545fcb6846edbe119f90a80889b31d,float,numeric,b7545fcb6846edbe119f90a80889b31d,unassigned,none
b757b5acc84c75c5805a931c70605106,Weekly revenue from sale of attribute b757b5acc84c75c5805a931c70605106,float,numeric,b757b5acc84c75c5805a931c70605106,unassigned,none
b75bc6d95abd11862892008658b17f49,Weekly revenue from sale of attribute b75bc6d95abd11862892008658b17f49,float,numeric,b75bc6d95abd11862892008658b17f49,unassigned,none
b77ae16cc8f67cd1c0ec781d5bf4da2b,Weekly revenue from sale of attribute b77ae16cc8f67cd1c0ec781d5bf4da2b,float,numeric,b77ae16cc8f67cd1c0ec781d5bf4da2b,unassigned,none
b79361867edbe85462b548334d136a8a,Weekly revenue from sale of attribute b79361867edbe85462b548334d136a8a,float,numeric,b79361867edbe85462b548334d136a8a,unassigned,none
b7a2d0cb90ba252129d34d7c8d079d2b,Weekly revenue from sale of attribute b7a2d0cb90ba252129d34d7c8d079d2b,float,numeric,b7a2d0cb90ba252129d34d7c8d079d2b,unassigned,none
b7a60a397d4efd05c1b5d398fb9f9097,Weekly revenue from sale of attribute b7a60a397d4efd05c1b5d398fb9f9097,float,numeric,b7a60a397d4efd05c1b5d398fb9f9097,unassigned,none
b7a89537c40b1f5a18b5ba75dbb91cbe,Weekly revenue from sale of attribute b7a89537c40b1f5a18b5ba75dbb91cbe,float,numeric,b7a89537c40b1f5a18b5ba75dbb91cbe,unassigned,none
b7c472e4bf39b63628ecedc8c9af805d,Weekly revenue from sale of attribute b7c472e4bf39b63628ecedc8c9af805d,float,numeric,b7c472e4bf39b63628ecedc8c9af805d,unassigned,none
b7d2c90f9161dc69fa75d22572003bc4,Weekly revenue from sale of attribute b7d2c90f9161dc69fa75d22572003bc4,float,numeric,b7d2c90f9161dc69fa75d22572003bc4,unassigned,none
b7d35019c9f8e0eeff52b36a59eec8e8,Weekly revenue from sale of attribute b7d35019c9f8e0eeff52b36a59eec8e8,float,numeric,b7d35019c9f8e0eeff52b36a59eec8e8,unassigned,none
b7d94dc0640c7025dc8e3b46b52d8239,Weekly revenue from sale of attribute b7d94dc0640c7025dc8e3b46b52d8239,float,numeric,b7d94dc0640c7025dc8e3b46b52d8239,unassigned,none
b7edca604f2668c0f41fc7731fe640ba,Weekly revenue from sale of attribute b7edca604f2668c0f41fc7731fe640ba,float,numeric,b7edca604f2668c0f41fc7731fe640ba,unassigned,none
b813c88d024da60c2cbdf7a531e4fa77,Weekly revenue from sale of attribute b813c88d024da60c2cbdf7a531e4fa77,float,numeric,b813c88d024da60c2cbdf7a531e4fa77,unassigned,none
b8212b3bd65a9c7070e474f1430c94de,Weekly revenue from sale of attribute b8212b3bd65a9c7070e474f1430c94de,float,numeric,b8212b3bd65a9c7070e474f1430c94de,unassigned,none
b82c087ce7b4aa8d1d1e7241b0cd666a,Weekly revenue from sale of attribute b82c087ce7b4aa8d1d1e7241b0cd666a,float,numeric,b82c087ce7b4aa8d1d1e7241b0cd666a,unassigned,none
b83ba81552d0748b45288e7e57c62888,Weekly revenue from sale of attribute b83ba81552d0748b45288e7e57c62888,float,numeric,b83ba81552d0748b45288e7e57c62888,unassigned,none
b84c4c7f1845f068f40e350865b803fa,Weekly revenue from sale of attribute b84c4c7f1845f068f40e350865b803fa,float,numeric,b84c4c7f1845f068f40e350865b803fa,unassigned,none
b84f38d9e0124bc0aa4429a79dc3f96e,Weekly revenue from sale of attribute b84f38d9e0124bc0aa4429a79dc3f96e,float,numeric,b84f38d9e0124bc0aa4429a79dc3f96e,unassigned,none
b8762d562d810c2f8d7ad7e9c12957be,Weekly revenue from sale of attribute b8762d562d810c2f8d7ad7e9c12957be,float,numeric,b8762d562d810c2f8d7ad7e9c12957be,unassigned,none
b8b426747049f2d3d6e00b486d47dedb,Weekly revenue from sale of attribute b8b426747049f2d3d6e00b486d47dedb,float,numeric,b8b426747049f2d3d6e00b486d47dedb,unassigned,none
b8d682ed9fe73be0d13a38e716573f79,Weekly revenue from sale of attribute b8d682ed9fe73be0d13a38e716573f79,float,numeric,b8d682ed9fe73be0d13a38e716573f79,unassigned,none
b8fbd66f1621afeb9c510b4b9705a5b9,Weekly revenue from sale of attribute b8fbd66f1621afeb9c510b4b9705a5b9,float,numeric,b8fbd66f1621afeb9c510b4b9705a5b9,unassigned,none
b914a18d4547eff292fedeccc82faec6,Weekly revenue from sale of attribute b914a18d4547eff292fedeccc82faec6,float,numeric,b914a18d4547eff292fedeccc82faec6,unassigned,none
b92a7304ebad1ca5b393b53b2de5c70a,Weekly revenue from sale of attribute b92a7304ebad1ca5b393b53b2de5c70a,float,numeric,b92a7304ebad1ca5b393b53b2de5c70a,unassigned,none
b931645cdc2d9868f01544e8db63f5ab,Weekly revenue from sale of attribute b931645cdc2d9868f01544e8db63f5ab,float,numeric,b931645cdc2d9868f01544e8db63f5ab,unassigned,none
b944a925e8a27be5de9850445766deb1,Weekly revenue from sale of attribute b944a925e8a27be5de9850445766deb1,float,numeric,b944a925e8a27be5de9850445766deb1,unassigned,none
b9518f0140a3efddd3c1ef9ad49d23d8,Weekly revenue from sale of attribute b9518f0140a3efddd3c1ef9ad49d23d8,float,numeric,b9518f0140a3efddd3c1ef9ad49d23d8,unassigned,none
b980f3256c981fc178514325143b1fc8,Weekly revenue from sale of attribute b980f3256c981fc178514325143b1fc8,float,numeric,b980f3256c981fc178514325143b1fc8,unassigned,none
b9adb834b99082140e354bdd3bda7eb5,Weekly revenue from sale of attribute b9adb834b99082140e354bdd3bda7eb5,float,numeric,b9adb834b99082140e354bdd3bda7eb5,unassigned,none
b9ee7519d0187d2389af62ba6c612963,Weekly revenue from sale of attribute b9ee7519d0187d2389af62ba6c612963,float,numeric,b9ee7519d0187d2389af62ba6c612963,unassigned,none
ba16581014183c8415da15145f3d4c24,Weekly revenue from sale of attribute ba16581014183c8415da15145f3d4c24,float,numeric,ba16581014183c8415da15145f3d4c24,unassigned,none
ba230fc7bcaa2f503c46d73098caeb66,Weekly revenue from sale of attribute ba230fc7bcaa2f503c46d73098caeb66,float,numeric,ba230fc7bcaa2f503c46d73098caeb66,unassigned,none
ba3f298a122a95c4928e8b8628e8520e,Weekly revenue from sale of attribute ba3f298a122a95c4928e8b8628e8520e,float,numeric,ba3f298a122a95c4928e8b8628e8520e,unassigned,none
ba52dec9207d2066d783571524614078,Weekly revenue from sale of attribute ba52dec9207d2066d783571524614078,float,numeric,ba52dec9207d2066d783571524614078,unassigned,none
ba55945d930e34e802e5dd2e5cffdcc8,Weekly revenue from sale of attribute ba55945d930e34e802e5dd2e5cffdcc8,float,numeric,ba55945d930e34e802e5dd2e5cffdcc8,unassigned,none
ba9f160a6ae1c23f25d690fd06fe4fd8,Weekly revenue from sale of attribute ba9f160a6ae1c23f25d690fd06fe4fd8,float,numeric,ba9f160a6ae1c23f25d690fd06fe4fd8,unassigned,none
baeb8e1a680cf9e1f13557d74b6cec3d,Weekly revenue from sale of attribute baeb8e1a680cf9e1f13557d74b6cec3d,float,numeric,baeb8e1a680cf9e1f13557d74b6cec3d,unassigned,none
bb1378aaa2d6f539069001a8dfda9a58,Weekly revenue from sale of attribute bb1378aaa2d6f539069001a8dfda9a58,float,numeric,bb1378aaa2d6f539069001a8dfda9a58,unassigned,none
bb225b185b631d856dc1580ca5c3708e,Weekly revenue from sale of attribute bb225b185b631d856dc1580ca5c3708e,float,numeric,bb225b185b631d856dc1580ca5c3708e,unassigned,none
bb37569636d7c7aa19026a419e36bb2a,Weekly revenue from sale of attribute bb37569636d7c7aa19026a419e36bb2a,float,numeric,bb37569636d7c7aa19026a419e36bb2a,unassigned,none
bb46f6475fe5c9e1d9a869d904b8b4e1,Weekly revenue from sale of attribute bb46f6475fe5c9e1d9a869d904b8b4e1,float,numeric,bb46f6475fe5c9e1d9a869d904b8b4e1,unassigned,none
bb50f2e236e5eea0100680137654686c,Weekly revenue from sale of attribute bb50f2e236e5eea0100680137654686c,float,numeric,bb50f2e236e5eea0100680137654686c,unassigned,none
bb5719addb75c18148e1b6aa91e3793f,Weekly revenue from sale of attribute bb5719addb75c18148e1b6aa91e3793f,float,numeric,bb5719addb75c18148e1b6aa91e3793f,unassigned,none
bb5d4ec6e4443ba8589bb940d5b2945f,Weekly revenue from sale of attribute bb5d4ec6e4443ba8589bb940d5b2945f,float,numeric,bb5d4ec6e4443ba8589bb940d5b2945f,unassigned,none
bb7181410b4e02f93f3697f765db53c7,Weekly revenue from sale of attribute bb7181410b4e02f93f3697f765db53c7,float,numeric,bb7181410b4e02f93f3697f765db53c7,unassigned,none
bb90206fa281c20f0b4c42a2393b54dd,Weekly revenue from sale of attribute bb90206fa281c20f0b4c42a2393b54dd,float,numeric,bb90206fa281c20f0b4c42a2393b54dd,unassigned,none
bbaef2eadf31fe3ea6702077398be06c,Weekly revenue from sale of attribute bbaef2eadf31fe3ea6702077398be06c,float,numeric,bbaef2eadf31fe3ea6702077398be06c,unassigned,none
bbb63f6deac726c088568b3f871bb4c4,Weekly revenue from sale of attribute bbb63f6deac726c088568b3f871bb4c4,float,numeric,bbb63f6deac726c088568b3f871bb4c4,unassigned,none
bbc7e843b8e76cabfe107ad624cb2e7a,Weekly revenue from sale of attribute bbc7e843b8e76cabfe107ad624cb2e7a,float,numeric,bbc7e843b8e76cabfe107ad624cb2e7a,unassigned,none
bbf76ccd9b620fb13136c95bc5adb5da,Weekly revenue from sale of attribute bbf76ccd9b620fb13136c95bc5adb5da,float,numeric,bbf76ccd9b620fb13136c95bc5adb5da,unassigned,none
bc055ae94989497c0d66bfa4263ccf61,Weekly revenue from sale of attribute bc055ae94989497c0d66bfa4263ccf61,float,numeric,bc055ae94989497c0d66bfa4263ccf61,unassigned,none
bc0bfbb69aec0f46d1058bfeb5b973b3,Weekly revenue from sale of attribute bc0bfbb69aec0f46d1058bfeb5b973b3,float,numeric,bc0bfbb69aec0f46d1058bfeb5b973b3,unassigned,none
bc2d6310e5cbd60facb2f9c8d9471597,Weekly revenue from sale of attribute bc2d6310e5cbd60facb2f9c8d9471597,float,numeric,bc2d6310e5cbd60facb2f9c8d9471597,unassigned,none
bc4cd4da98dd128c39bf0b8c2674032f,Weekly revenue from sale of attribute bc4cd4da98dd128c39bf0b8c2674032f,float,numeric,bc4cd4da98dd128c39bf0b8c2674032f,unassigned,none
bc4d8a403b121ef3965530900b4309b0,Weekly revenue from sale of attribute bc4d8a403b121ef3965530900b4309b0,float,numeric,bc4d8a403b121ef3965530900b4309b0,unassigned,none
bc7783fa09789dd5984d2c9213413a97,Weekly revenue from sale of attribute bc7783fa09789dd5984d2c9213413a97,float,numeric,bc7783fa09789dd5984d2c9213413a97,unassigned,none
bcb4f6803e8889a70dc5ed14c2f5f785,Weekly revenue from sale of attribute bcb4f6803e8889a70dc5ed14c2f5f785,float,numeric,bcb4f6803e8889a70dc5ed14c2f5f785,unassigned,none
bce474cc95b6e77657e10939b0b4248c,Weekly revenue from sale of attribute bce474cc95b6e77657e10939b0b4248c,float,numeric,bce474cc95b6e77657e10939b0b4248c,unassigned,none
bd160228a5f454ada5a6b0354c96a0d2,Weekly revenue from sale of attribute bd160228a5f454ada5a6b0354c96a0d2,float,numeric,bd160228a5f454ada5a6b0354c96a0d2,unassigned,none
bd1fc5db666613cbd3cba3ef38d3c0f2,Weekly revenue from sale of attribute bd1fc5db666613cbd3cba3ef38d3c0f2,float,numeric,bd1fc5db666613cbd3cba3ef38d3c0f2,unassigned,none
bd4b8ef786f95b66ded2f483293318ea,Weekly revenue from sale of attribute bd4b8ef786f95b66ded2f483293318ea,float,numeric,bd4b8ef786f95b66ded2f483293318ea,unassigned,none
bd66403f5f11696c897a825d5235697f,Weekly revenue from sale of attribute bd66403f5f11696c897a825d5235697f,float,numeric,bd66403f5f11696c897a825d5235697f,unassigned,none
bd67e67dcfcc53e712a29c215ec26de5,Weekly revenue from sale of attribute bd67e67dcfcc53e712a29c215ec26de5,float,numeric,bd67e67dcfcc53e712a29c215ec26de5,unassigned,none
bd6e6fce9ada76ea2db0f1912e8e478f,Weekly revenue from sale of attribute bd6e6fce9ada76ea2db0f1912e8e478f,float,numeric,bd6e6fce9ada76ea2db0f1912e8e478f,unassigned,none
bd988548c4a31b6c4fe5571e3cea8f8a,Weekly revenue from sale of attribute bd988548c4a31b6c4fe5571e3cea8f8a,float,numeric,bd988548c4a31b6c4fe5571e3cea8f8a,unassigned,none
bdb4be6ce2f7f2b5be0a16088028c7fc,Weekly revenue from sale of attribute bdb4be6ce2f7f2b5be0a16088028c7fc,float,numeric,bdb4be6ce2f7f2b5be0a16088028c7fc,unassigned,none
bdc3291ab242ec1effc8eb0987850268,Weekly revenue from sale of attribute bdc3291ab242ec1effc8eb0987850268,float,numeric,bdc3291ab242ec1effc8eb0987850268,unassigned,none
bdcdac3808387127799361ff2ce69f06,Weekly revenue from sale of attribute bdcdac3808387127799361ff2ce69f06,float,numeric,bdcdac3808387127799361ff2ce69f06,unassigned,none
bdfe450775bde583b7abb5698f1bd6e2,Weekly revenue from sale of attribute bdfe450775bde583b7abb5698f1bd6e2,float,numeric,bdfe450775bde583b7abb5698f1bd6e2,unassigned,none
be021417a6acb56b9b50d3fd2714baa8,Weekly revenue from sale of attribute be021417a6acb56b9b50d3fd2714baa8,float,numeric,be021417a6acb56b9b50d3fd2714baa8,unassigned,none
be0dbdc3d67d55727a65d4cd696ca73c,Weekly revenue from sale of attribute be0dbdc3d67d55727a65d4cd696ca73c,float,numeric,be0dbdc3d67d55727a65d4cd696ca73c,unassigned,none
be127a8a979cd5d591ea345f10bba28c,Weekly revenue from sale of attribute be127a8a979cd5d591ea345f10bba28c,float,numeric,be127a8a979cd5d591ea345f10bba28c,unassigned,none
be1d391bd8ff820e431cbb0229d2b92f,Weekly revenue from sale of attribute be1d391bd8ff820e431cbb0229d2b92f,float,numeric,be1d391bd8ff820e431cbb0229d2b92f,unassigned,none
be3b8f91ced393f1ce60aacfb6a04c1d,Weekly revenue from sale of attribute be3b8f91ced393f1ce60aacfb6a04c1d,float,numeric,be3b8f91ced393f1ce60aacfb6a04c1d,unassigned,none
be588e939ab09c7ca4d4046266619de5,Weekly revenue from sale of attribute be588e939ab09c7ca4d4046266619de5,float,numeric,be588e939ab09c7ca4d4046266619de5,unassigned,none
be6ae1b41a4ba652f1947e0fae960d44,Weekly revenue from sale of attribute be6ae1b41a4ba652f1947e0fae960d44,float,numeric,be6ae1b41a4ba652f1947e0fae960d44,unassigned,none
be75efb07aff79cef2eec7ddc5de3952,Weekly revenue from sale of attribute be75efb07aff79cef2eec7ddc5de3952,float,numeric,be75efb07aff79cef2eec7ddc5de3952,unassigned,none
be837f2e0152a208d4386f4126d5bd7c,Weekly revenue from sale of attribute be837f2e0152a208d4386f4126d5bd7c,float,numeric,be837f2e0152a208d4386f4126d5bd7c,unassigned,none
be958064244f19bf11ee270b2feca7a2,Weekly revenue from sale of attribute be958064244f19bf11ee270b2feca7a2,float,numeric,be958064244f19bf11ee270b2feca7a2,unassigned,none
bea6df30df5a4d9e7edb50d44857dd54,Weekly revenue from sale of attribute bea6df30df5a4d9e7edb50d44857dd54,float,numeric,bea6df30df5a4d9e7edb50d44857dd54,unassigned,none
bea978771d1c453faf756fa71f3bdd70,Weekly revenue from sale of attribute bea978771d1c453faf756fa71f3bdd70,float,numeric,bea978771d1c453faf756fa71f3bdd70,unassigned,none
bedb45388f9f994c1ce963354fd32469,Weekly revenue from sale of attribute bedb45388f9f994c1ce963354fd32469,float,numeric,bedb45388f9f994c1ce963354fd32469,unassigned,none
bee114927325f4d47e180a4a6ca7c214,Weekly revenue from sale of attribute bee114927325f4d47e180a4a6ca7c214,float,numeric,bee114927325f4d47e180a4a6ca7c214,unassigned,none
bee2e070c39f3dd2f6883a17a5f0da45,Weekly revenue from sale of attribute bee2e070c39f3dd2f6883a17a5f0da45,float,numeric,bee2e070c39f3dd2f6883a17a5f0da45,unassigned,none
beefe69ad05b3ad47376e388d3b5ea22,Weekly revenue from sale of attribute beefe69ad05b3ad47376e388d3b5ea22,float,numeric,beefe69ad05b3ad47376e388d3b5ea22,unassigned,none
bef6177f54efb9a6218e124b629fc152,Weekly revenue from sale of attribute bef6177f54efb9a6218e124b629fc152,float,numeric,bef6177f54efb9a6218e124b629fc152,unassigned,none
bf065a81717b583b62536e13b5e2576d,Weekly revenue from sale of attribute bf065a81717b583b62536e13b5e2576d,float,numeric,bf065a81717b583b62536e13b5e2576d,unassigned,none
bf128711128b70eaa9e07df69e9a75e2,Weekly revenue from sale of attribute bf128711128b70eaa9e07df69e9a75e2,float,numeric,bf128711128b70eaa9e07df69e9a75e2,unassigned,none
bf2ce842e3094204d338854ad96ba5ae,Weekly revenue from sale of attribute bf2ce842e3094204d338854ad96ba5ae,float,numeric,bf2ce842e3094204d338854ad96ba5ae,unassigned,none
bf5d132b4d30a18970b8ee7798725af1,Weekly revenue from sale of attribute bf5d132b4d30a18970b8ee7798725af1,float,numeric,bf5d132b4d30a18970b8ee7798725af1,unassigned,none
bf937a731d01528bc2c8b11863de7586,Weekly revenue from sale of attribute bf937a731d01528bc2c8b11863de7586,float,numeric,bf937a731d01528bc2c8b11863de7586,unassigned,none
bfd40187494874d9bda6626efbff3bd3,Weekly revenue from sale of attribute bfd40187494874d9bda6626efbff3bd3,float,numeric,bfd40187494874d9bda6626efbff3bd3,unassigned,none
bfd4d65a528678737bcb523e5a3c5f58,Weekly revenue from sale of attribute bfd4d65a528678737bcb523e5a3c5f58,float,numeric,bfd4d65a528678737bcb523e5a3c5f58,unassigned,none
c04e948c6900ce99ac47d89b3b6d70cd,Weekly revenue from sale of attribute c04e948c6900ce99ac47d89b3b6d70cd,float,numeric,c04e948c6900ce99ac47d89b3b6d70cd,unassigned,none
c075b8e131353552218860f1c421e4ef,Weekly revenue from sale of attribute c075b8e131353552218860f1c421e4ef,float,numeric,c075b8e131353552218860f1c421e4ef,unassigned,none
c07d367dd7b78b0558e7a3e1e1a975c8,Weekly revenue from sale of attribute c07d367dd7b78b0558e7a3e1e1a975c8,float,numeric,c07d367dd7b78b0558e7a3e1e1a975c8,unassigned,none
c081e0bd900ca695285255e5588f2ae0,Weekly revenue from sale of attribute c081e0bd900ca695285255e5588f2ae0,float,numeric,c081e0bd900ca695285255e5588f2ae0,unassigned,none
c0a3d13743c894a0bd017a85acb658f3,Weekly revenue from sale of attribute c0a3d13743c894a0bd017a85acb658f3,float,numeric,c0a3d13743c894a0bd017a85acb658f3,unassigned,none
c0af7c6e4d05f8fd956204b258ce14e0,Weekly revenue from sale of attribute c0af7c6e4d05f8fd956204b258ce14e0,float,numeric,c0af7c6e4d05f8fd956204b258ce14e0,unassigned,none
c0f855945728161d7f6ea3db9950989b,Weekly revenue from sale of attribute c0f855945728161d7f6ea3db9950989b,float,numeric,c0f855945728161d7f6ea3db9950989b,unassigned,none
c10d7c70907ad6d09ada0581ef6bf839,Weekly revenue from sale of attribute c10d7c70907ad6d09ada0581ef6bf839,float,numeric,c10d7c70907ad6d09ada0581ef6bf839,unassigned,none
c11485ba18bc927ccd486e58eaea6ef0,Weekly revenue from sale of attribute c11485ba18bc927ccd486e58eaea6ef0,float,numeric,c11485ba18bc927ccd486e58eaea6ef0,unassigned,none
c11517f9dd10e879fe8bed8fdab0e3f5,Weekly revenue from sale of attribute c11517f9dd10e879fe8bed8fdab0e3f5,float,numeric,c11517f9dd10e879fe8bed8fdab0e3f5,unassigned,none
c1488892604e4ba5cff5b4eb4d595400,Weekly revenue from sale of attribute c1488892604e4ba5cff5b4eb4d595400,float,numeric,c1488892604e4ba5cff5b4eb4d595400,unassigned,none
c155f6ba0dae0f11299f1e33fafdea65,Weekly revenue from sale of attribute c155f6ba0dae0f11299f1e33fafdea65,float,numeric,c155f6ba0dae0f11299f1e33fafdea65,unassigned,none
c16a725515f575d16a399f36c3e64399,Weekly revenue from sale of attribute c16a725515f575d16a399f36c3e64399,float,numeric,c16a725515f575d16a399f36c3e64399,unassigned,none
c19d5ba108c34b8255cf9a524da92bc4,Weekly revenue from sale of attribute c19d5ba108c34b8255cf9a524da92bc4,float,numeric,c19d5ba108c34b8255cf9a524da92bc4,unassigned,none
c1a940820f1f674fe52265f700f72302,Weekly revenue from sale of attribute c1a940820f1f674fe52265f700f72302,float,numeric,c1a940820f1f674fe52265f700f72302,unassigned,none
c1ad8ac66c91ad301cefc322ba2adf31,Weekly revenue from sale of attribute c1ad8ac66c91ad301cefc322ba2adf31,float,numeric,c1ad8ac66c91ad301cefc322ba2adf31,unassigned,none
c1b973e587fd6f4e5aa1fa2c01fc6e59,Weekly revenue from sale of attribute c1b973e587fd6f4e5aa1fa2c01fc6e59,float,numeric,c1b973e587fd6f4e5aa1fa2c01fc6e59,unassigned,none
c1e5b96342357985d492c02b4279ce9b,Weekly revenue from sale of attribute c1e5b96342357985d492c02b4279ce9b,float,numeric,c1e5b96342357985d492c02b4279ce9b,unassigned,none
c1efc30d1b6b50c2bbf4644102bc16dc,Weekly revenue from sale of attribute c1efc30d1b6b50c2bbf4644102bc16dc,float,numeric,c1efc30d1b6b50c2bbf4644102bc16dc,unassigned,none
c201a862c6018d402222594d5229c613,Weekly revenue from sale of attribute c201a862c6018d402222594d5229c613,float,numeric,c201a862c6018d402222594d5229c613,unassigned,none
c211ff3068fcd2f8898192976d8b3a32,Weekly revenue from sale of attribute c211ff3068fcd2f8898192976d8b3a32,float,numeric,c211ff3068fcd2f8898192976d8b3a32,unassigned,none
c224f464aeeb2c6af33f0682a181efa7,Weekly revenue from sale of attribute c224f464aeeb2c6af33f0682a181efa7,float,numeric,c224f464aeeb2c6af33f0682a181efa7,unassigned,none
c234a60a994181f45605566bef8fe3b4,Weekly revenue from sale of attribute c234a60a994181f45605566bef8fe3b4,float,numeric,c234a60a994181f45605566bef8fe3b4,unassigned,none
c24f692e0f20f854c24c31517610ba7c,Weekly revenue from sale of attribute c24f692e0f20f854c24c31517610ba7c,float,numeric,c24f692e0f20f854c24c31517610ba7c,unassigned,none
c2a1ff8408a1c857c8730e4d12da714e,Weekly revenue from sale of attribute c2a1ff8408a1c857c8730e4d12da714e,float,numeric,c2a1ff8408a1c857c8730e4d12da714e,unassigned,none
c2bd03501cf7f4f3a1201e6069155bc0,Weekly revenue from sale of attribute c2bd03501cf7f4f3a1201e6069155bc0,float,numeric,c2bd03501cf7f4f3a1201e6069155bc0,unassigned,none
c2ece64199af7a53793ed9612a89a8cd,Weekly revenue from sale of attribute c2ece64199af7a53793ed9612a89a8cd,float,numeric,c2ece64199af7a53793ed9612a89a8cd,unassigned,none
c2fb73db15e28aa021dcf7b2856fef27,Weekly revenue from sale of attribute c2fb73db15e28aa021dcf7b2856fef27,float,numeric,c2fb73db15e28aa021dcf7b2856fef27,unassigned,none
c3219fce25bc0add4fd070f26d55615e,Weekly revenue from sale of attribute c3219fce25bc0add4fd070f26d55615e,float,numeric,c3219fce25bc0add4fd070f26d55615e,unassigned,none
c326c16c4e67b3648c8992954d628795,Weekly revenue from sale of attribute c326c16c4e67b3648c8992954d628795,float,numeric,c326c16c4e67b3648c8992954d628795,unassigned,none
c35498fbb4358837ae16850f50c3fd22,Weekly revenue from sale of attribute c35498fbb4358837ae16850f50c3fd22,float,numeric,c35498fbb4358837ae16850f50c3fd22,unassigned,none
c36982ca95045ed1f077134eac1e94f2,Weekly revenue from sale of attribute c36982ca95045ed1f077134eac1e94f2,float,numeric,c36982ca95045ed1f077134eac1e94f2,unassigned,none
c388dd6e3dccf434053adacfc3b5108d,Weekly revenue from sale of attribute c388dd6e3dccf434053adacfc3b5108d,float,numeric,c388dd6e3dccf434053adacfc3b5108d,unassigned,none
c3adcd846a294794059da678fb939220,Weekly revenue from sale of attribute c3adcd846a294794059da678fb939220,float,numeric,c3adcd846a294794059da678fb939220,unassigned,none
c3b9c5a3a88d5cd18800fb865741d9ad,Weekly revenue from sale of attribute c3b9c5a3a88d5cd18800fb865741d9ad,float,numeric,c3b9c5a3a88d5cd18800fb865741d9ad,unassigned,none
c3ba4e8d3cb30049213b682e751e9d00,Weekly revenue from sale of attribute c3ba4e8d3cb30049213b682e751e9d00,float,numeric,c3ba4e8d3cb30049213b682e751e9d00,unassigned,none
c3eb7064c36408a9bfc77a42d6ab993c,Weekly revenue from sale of attribute c3eb7064c36408a9bfc77a42d6ab993c,float,numeric,c3eb7064c36408a9bfc77a42d6ab993c,unassigned,none
c3ed642d592594bb648ff4a04cee2747,Weekly revenue from sale of attribute c3ed642d592594bb648ff4a04cee2747,float,numeric,c3ed642d592594bb648ff4a04cee2747,unassigned,none
c40b12e92be6aee40cc2adab6693820c,Weekly revenue from sale of attribute c40b12e92be6aee40cc2adab6693820c,float,numeric,c40b12e92be6aee40cc2adab6693820c,unassigned,none
c43ab4269cbf91b373263db4c2973cad,Weekly revenue from sale of attribute c43ab4269cbf91b373263db4c2973cad,float,numeric,c43ab4269cbf91b373263db4c2973cad,unassigned,none
c45f017c36f9112a8bb4f170edfb1870,Weekly revenue from sale of attribute c45f017c36f9112a8bb4f170edfb1870,float,numeric,c45f017c36f9112a8bb4f170edfb1870,unassigned,none
c4a4f6326493ee449e618f0143d290fd,Weekly revenue from sale of attribute c4a4f6326493ee449e618f0143d290fd,float,numeric,c4a4f6326493ee449e618f0143d290fd,unassigned,none
c4baedd846ed09b85f78a781b522f126,Weekly revenue from sale of attribute c4baedd846ed09b85f78a781b522f126,float,numeric,c4baedd846ed09b85f78a781b522f126,unassigned,none
c4c273fc9291c33a56ad3f006fe567e4,Weekly revenue from sale of attribute c4c273fc9291c33a56ad3f006fe567e4,float,numeric,c4c273fc9291c33a56ad3f006fe567e4,unassigned,none
c4d513d82ef46690cc4bedd562795aa3,Weekly revenue from sale of attribute c4d513d82ef46690cc4bedd562795aa3,float,numeric,c4d513d82ef46690cc4bedd562795aa3,unassigned,none
c4e71b64511b959455e2107fe7859020,Weekly revenue from sale of attribute c4e71b64511b959455e2107fe7859020,float,numeric,c4e71b64511b959455e2107fe7859020,unassigned,none
c4e8d6b4c4915e1e596379c68c4391dd,Weekly revenue from sale of attribute c4e8d6b4c4915e1e596379c68c4391dd,float,numeric,c4e8d6b4c4915e1e596379c68c4391dd,unassigned,none
c5038055690911ed8e218cceb07acdf8,Weekly revenue from sale of attribute c5038055690911ed8e218cceb07acdf8,float,numeric,c5038055690911ed8e218cceb07acdf8,unassigned,none
c511bbd742df73d5b2ba4594d4901f2b,Weekly revenue from sale of attribute c511bbd742df73d5b2ba4594d4901f2b,float,numeric,c511bbd742df73d5b2ba4594d4901f2b,unassigned,none
c54ed8ea69e24c191fbc23b3234c6b32,Weekly revenue from sale of attribute c54ed8ea69e24c191fbc23b3234c6b32,float,numeric,c54ed8ea69e24c191fbc23b3234c6b32,unassigned,none
c556dfe03a2efef617497a3de58cb44d,Weekly revenue from sale of attribute c556dfe03a2efef617497a3de58cb44d,float,numeric,c556dfe03a2efef617497a3de58cb44d,unassigned,none
c56400aa5823575d5a92a8f98077490a,Weekly revenue from sale of attribute c56400aa5823575d5a92a8f98077490a,float,numeric,c56400aa5823575d5a92a8f98077490a,unassigned,none
c5736c891e81c20ebc49de62980c1136,Weekly revenue from sale of attribute c5736c891e81c20ebc49de62980c1136,float,numeric,c5736c891e81c20ebc49de62980c1136,unassigned,none
c5b6cb0ce3279d64025831b972bf5dee,Weekly revenue from sale of attribute c5b6cb0ce3279d64025831b972bf5dee,float,numeric,c5b6cb0ce3279d64025831b972bf5dee,unassigned,none
c5b72065154ec27c2d1ed8a654c3348f,Weekly revenue from sale of attribute c5b72065154ec27c2d1ed8a654c3348f,float,numeric,c5b72065154ec27c2d1ed8a654c3348f,unassigned,none
c5db51af7d9a58228bcea932010cf080,Weekly revenue from sale of attribute c5db51af7d9a58228bcea932010cf080,float,numeric,c5db51af7d9a58228bcea932010cf080,unassigned,none
c5e9b73e5f4c644885862ba3e1137b57,Weekly revenue from sale of attribute c5e9b73e5f4c644885862ba3e1137b57,float,numeric,c5e9b73e5f4c644885862ba3e1137b57,unassigned,none
c62dee961914cc2e49239963b04258ec,Weekly revenue from sale of attribute c62dee961914cc2e49239963b04258ec,float,numeric,c62dee961914cc2e49239963b04258ec,unassigned,none
c6336fa91fbd87c359e44f5dca5a90ed,Weekly revenue from sale of attribute c6336fa91fbd87c359e44f5dca5a90ed,float,numeric,c6336fa91fbd87c359e44f5dca5a90ed,unassigned,none
c64490cdfe40f9e25abd222c541a06f0,Weekly revenue from sale of attribute c64490cdfe40f9e25abd222c541a06f0,float,numeric,c64490cdfe40f9e25abd222c541a06f0,unassigned,none
c689470c5a069795896edc7b896d9251,Weekly revenue from sale of attribute c689470c5a069795896edc7b896d9251,float,numeric,c689470c5a069795896edc7b896d9251,unassigned,none
c6aab69ca5c62eb16eafaddf36c38ccd,Weekly revenue from sale of attribute c6aab69ca5c62eb16eafaddf36c38ccd,float,numeric,c6aab69ca5c62eb16eafaddf36c38ccd,unassigned,none
c6dd917a0be2a704582055949915ab32,Weekly revenue from sale of attribute c6dd917a0be2a704582055949915ab32,float,numeric,c6dd917a0be2a704582055949915ab32,unassigned,none
c6e5e65a8d521761e0d1a4f6812fc2ea,Weekly revenue from sale of attribute c6e5e65a8d521761e0d1a4f6812fc2ea,float,numeric,c6e5e65a8d521761e0d1a4f6812fc2ea,unassigned,none
c6ea63369936552872ae890c82175b4b,Weekly revenue from sale of attribute c6ea63369936552872ae890c82175b4b,float,numeric,c6ea63369936552872ae890c82175b4b,unassigned,none
c6edce374ec89184d740f3e674add5f4,Weekly revenue from sale of attribute c6edce374ec89184d740f3e674add5f4,float,numeric,c6edce374ec89184d740f3e674add5f4,unassigned,none
c7084bc72369a57c93c6edaf0b60b235,Weekly revenue from sale of attribute c7084bc72369a57c93c6edaf0b60b235,float,numeric,c7084bc72369a57c93c6edaf0b60b235,unassigned,none
c708ba7c6269161f89ce0683cdd7c432,Weekly revenue from sale of attribute c708ba7c6269161f89ce0683cdd7c432,float,numeric,c708ba7c6269161f89ce0683cdd7c432,unassigned,none
c725d1884dc9fac3d9a4fb790c25da21,Weekly revenue from sale of attribute c725d1884dc9fac3d9a4fb790c25da21,float,numeric,c725d1884dc9fac3d9a4fb790c25da21,unassigned,none
c72a1a8c3bbe15206d1880cedc7bd791,Weekly revenue from sale of attribute c72a1a8c3bbe15206d1880cedc7bd791,float,numeric,c72a1a8c3bbe15206d1880cedc7bd791,unassigned,none
c72edc98e7d77f0c4c04ec80730c05f5,Weekly revenue from sale of attribute c72edc98e7d77f0c4c04ec80730c05f5,float,numeric,c72edc98e7d77f0c4c04ec80730c05f5,unassigned,none
c73628b1c3144b2e0c9c88072f21a213,Weekly revenue from sale of attribute c73628b1c3144b2e0c9c88072f21a213,float,numeric,c73628b1c3144b2e0c9c88072f21a213,unassigned,none
c75d5edf6cf5302523d622c43a072be0,Weekly revenue from sale of attribute c75d5edf6cf5302523d622c43a072be0,float,numeric,c75d5edf6cf5302523d622c43a072be0,unassigned,none
c76a2c67b75f1bf675d2c86157537910,Weekly revenue from sale of attribute c76a2c67b75f1bf675d2c86157537910,float,numeric,c76a2c67b75f1bf675d2c86157537910,unassigned,none
c76ce8f19e21cfc8226f0551ed5da750,Weekly revenue from sale of attribute c76ce8f19e21cfc8226f0551ed5da750,float,numeric,c76ce8f19e21cfc8226f0551ed5da750,unassigned,none
c78fe06bf8820aaf7ccbe38f2a7f5a76,Weekly revenue from sale of attribute c78fe06bf8820aaf7ccbe38f2a7f5a76,float,numeric,c78fe06bf8820aaf7ccbe38f2a7f5a76,unassigned,none
c7b3cf9de7be95b3e09e7a63315685eb,Weekly revenue from sale of attribute c7b3cf9de7be95b3e09e7a63315685eb,float,numeric,c7b3cf9de7be95b3e09e7a63315685eb,unassigned,none
c7fd13b5e515bffdab855d0812842edb,Weekly revenue from sale of attribute c7fd13b5e515bffdab855d0812842edb,float,numeric,c7fd13b5e515bffdab855d0812842edb,unassigned,none
c80525a7dab2df6000ca88a2e7197323,Weekly revenue from sale of attribute c80525a7dab2df6000ca88a2e7197323,float,numeric,c80525a7dab2df6000ca88a2e7197323,unassigned,none
c827fb43ad0fb8708f34c2911fdc164b,Weekly revenue from sale of attribute c827fb43ad0fb8708f34c2911fdc164b,float,numeric,c827fb43ad0fb8708f34c2911fdc164b,unassigned,none
c8467740c17bad8744006eb0e041f142,Weekly revenue from sale of attribute c8467740c17bad8744006eb0e041f142,float,numeric,c8467740c17bad8744006eb0e041f142,unassigned,none
c857b96593773e940454e76efa8eabb3,Weekly revenue from sale of attribute c857b96593773e940454e76efa8eabb3,float,numeric,c857b96593773e940454e76efa8eabb3,unassigned,none
c86f95986c7050bf988aed62520093e7,Weekly revenue from sale of attribute c86f95986c7050bf988aed62520093e7,float,numeric,c86f95986c7050bf988aed62520093e7,unassigned,none
c8739aab0307635a23981f93dff12a9c,Weekly revenue from sale of attribute c8739aab0307635a23981f93dff12a9c,float,numeric,c8739aab0307635a23981f93dff12a9c,unassigned,none
c89bd65c6473672b9808b1d1d4df79f9,Weekly revenue from sale of attribute c89bd65c6473672b9808b1d1d4df79f9,float,numeric,c89bd65c6473672b9808b1d1d4df79f9,unassigned,none
c8abdbe349a97073e7aebc795be55bd8,Weekly revenue from sale of attribute c8abdbe349a97073e7aebc795be55bd8,float,numeric,c8abdbe349a97073e7aebc795be55bd8,unassigned,none
c8c073a1cae6a98799d7581958ede514,Weekly revenue from sale of attribute c8c073a1cae6a98799d7581958ede514,float,numeric,c8c073a1cae6a98799d7581958ede514,unassigned,none
c8cfa622661e047ea2499f8bce4731a5,Weekly revenue from sale of attribute c8cfa622661e047ea2499f8bce4731a5,float,numeric,c8cfa622661e047ea2499f8bce4731a5,unassigned,none
c8d1837df49c5b4d91a388c81795156c,Weekly revenue from sale of attribute c8d1837df49c5b4d91a388c81795156c,float,numeric,c8d1837df49c5b4d91a388c81795156c,unassigned,none
c8f47078677998140708abd3c0aa15ec,Weekly revenue from sale of attribute c8f47078677998140708abd3c0aa15ec,float,numeric,c8f47078677998140708abd3c0aa15ec,unassigned,none
c8fade3c4ba064e104828c4ad4461178,Weekly revenue from sale of attribute c8fade3c4ba064e104828c4ad4461178,float,numeric,c8fade3c4ba064e104828c4ad4461178,unassigned,none
c8ff3d9fa791c9b40a3c54a5da2394f2,Weekly revenue from sale of attribute c8ff3d9fa791c9b40a3c54a5da2394f2,float,numeric,c8ff3d9fa791c9b40a3c54a5da2394f2,unassigned,none
c91c24a6ec3aa0059e69656c4677e84d,Weekly revenue from sale of attribute c91c24a6ec3aa0059e69656c4677e84d,float,numeric,c91c24a6ec3aa0059e69656c4677e84d,unassigned,none
c924e005748982a0f58ec549a7b5e353,Weekly revenue from sale of attribute c924e005748982a0f58ec549a7b5e353,float,numeric,c924e005748982a0f58ec549a7b5e353,unassigned,none
c92f0e7b9d49a9543558d6532772441b,Weekly revenue from sale of attribute c92f0e7b9d49a9543558d6532772441b,float,numeric,c92f0e7b9d49a9543558d6532772441b,unassigned,none
c94d19d021d4a8fbae5a45f904aeea90,Weekly revenue from sale of attribute c94d19d021d4a8fbae5a45f904aeea90,float,numeric,c94d19d021d4a8fbae5a45f904aeea90,unassigned,none
c9996076c21558c4878c8d2fed12c45a,Weekly revenue from sale of attribute c9996076c21558c4878c8d2fed12c45a,float,numeric,c9996076c21558c4878c8d2fed12c45a,unassigned,none
c9c455f9fd8ca66d3ff7f90a249753b4,Weekly revenue from sale of attribute c9c455f9fd8ca66d3ff7f90a249753b4,float,numeric,c9c455f9fd8ca66d3ff7f90a249753b4,unassigned,none
c9d1849f97b6fe404378805a105d64ec,Weekly revenue from sale of attribute c9d1849f97b6fe404378805a105d64ec,float,numeric,c9d1849f97b6fe404378805a105d64ec,unassigned,none
c9dbe2eec19a8093cb5ac57486531c18,Weekly revenue from sale of attribute c9dbe2eec19a8093cb5ac57486531c18,float,numeric,c9dbe2eec19a8093cb5ac57486531c18,unassigned,none
c9f62bee5c17494edcb5c3f3f56d75ad,Weekly revenue from sale of attribute c9f62bee5c17494edcb5c3f3f56d75ad,float,numeric,c9f62bee5c17494edcb5c3f3f56d75ad,unassigned,none
ca0019454bd5ddca0f4022fe89f6557a,Weekly revenue from sale of attribute ca0019454bd5ddca0f4022fe89f6557a,float,numeric,ca0019454bd5ddca0f4022fe89f6557a,unassigned,none
ca38c039b717207dec906f4fa9a21db7,Weekly revenue from sale of attribute ca38c039b717207dec906f4fa9a21db7,float,numeric,ca38c039b717207dec906f4fa9a21db7,unassigned,none
ca3fd09ef832923ccad790506d6e0385,Weekly revenue from sale of attribute ca3fd09ef832923ccad790506d6e0385,float,numeric,ca3fd09ef832923ccad790506d6e0385,unassigned,none
ca5c923962558430573f83661dbe36d6,Weekly revenue from sale of attribute ca5c923962558430573f83661dbe36d6,float,numeric,ca5c923962558430573f83661dbe36d6,unassigned,none
caaae4f9fe7a77459a25c4f4ef0945e1,Weekly revenue from sale of attribute caaae4f9fe7a77459a25c4f4ef0945e1,float,numeric,caaae4f9fe7a77459a25c4f4ef0945e1,unassigned,none
cac9e5692471a0700418aa3400b9b2b1,Weekly revenue from sale of attribute cac9e5692471a0700418aa3400b9b2b1,float,numeric,cac9e5692471a0700418aa3400b9b2b1,unassigned,none
cad2db5e318d7283a234c517b2f28a42,Weekly revenue from sale of attribute cad2db5e318d7283a234c517b2f28a42,float,numeric,cad2db5e318d7283a234c517b2f28a42,unassigned,none
cad39e71c0fe2f6ce875040d4ac43a4b,Weekly revenue from sale of attribute cad39e71c0fe2f6ce875040d4ac43a4b,float,numeric,cad39e71c0fe2f6ce875040d4ac43a4b,unassigned,none
cae2e38942c8489d9d7a87a3f525c06b,Weekly revenue from sale of attribute cae2e38942c8489d9d7a87a3f525c06b,float,numeric,cae2e38942c8489d9d7a87a3f525c06b,unassigned,none
caf540627b7914ab734c86495fdc95ee,Weekly revenue from sale of attribute caf540627b7914ab734c86495fdc95ee,float,numeric,caf540627b7914ab734c86495fdc95ee,unassigned,none
cafd558df4c3c9d1c338ba6930ea9a62,Weekly revenue from sale of attribute cafd558df4c3c9d1c338ba6930ea9a62,float,numeric,cafd558df4c3c9d1c338ba6930ea9a62,unassigned,none
cb03e4f0503f45854e87afe535e0681d,Weekly revenue from sale of attribute cb03e4f0503f45854e87afe535e0681d,float,numeric,cb03e4f0503f45854e87afe535e0681d,unassigned,none
cb26d15d1b6eabaac7c0803774245884,Weekly revenue from sale of attribute cb26d15d1b6eabaac7c0803774245884,float,numeric,cb26d15d1b6eabaac7c0803774245884,unassigned,none
cb428376d66b5e216d2ef9f3b27fc172,Weekly revenue from sale of attribute cb428376d66b5e216d2ef9f3b27fc172,float,numeric,cb428376d66b5e216d2ef9f3b27fc172,unassigned,none
cb43c6e1c451902b51f4f4ff512302df,Weekly revenue from sale of attribute cb43c6e1c451902b51f4f4ff512302df,float,numeric,cb43c6e1c451902b51f4f4ff512302df,unassigned,none
cb5d3d2427c53fde437c52bde24840e8,Weekly revenue from sale of attribute cb5d3d2427c53fde437c52bde24840e8,float,numeric,cb5d3d2427c53fde437c52bde24840e8,unassigned,none
cb8071e0e6bdb1ac211879a8cc3b9a41,Weekly revenue from sale of attribute cb8071e0e6bdb1ac211879a8cc3b9a41,float,numeric,cb8071e0e6bdb1ac211879a8cc3b9a41,unassigned,none
cb8cd725d42cb2362a6069f76e50aac6,Weekly revenue from sale of attribute cb8cd725d42cb2362a6069f76e50aac6,float,numeric,cb8cd725d42cb2362a6069f76e50aac6,unassigned,none
cbb702235ad267cca951499fa8475606,Weekly revenue from sale of attribute cbb702235ad267cca951499fa8475606,float,numeric,cbb702235ad267cca951499fa8475606,unassigned,none
cbdb9bf611328898bd4b32a384506b3a,Weekly revenue from sale of attribute cbdb9bf611328898bd4b32a384506b3a,float,numeric,cbdb9bf611328898bd4b32a384506b3a,unassigned,none
cc1cb33bcc814aeaa4631761a34bd23e,Weekly revenue from sale of attribute cc1cb33bcc814aeaa4631761a34bd23e,float,numeric,cc1cb33bcc814aeaa4631761a34bd23e,unassigned,none
cc5447118c174dcc6456c84ccb29e6f7,Weekly revenue from sale of attribute cc5447118c174dcc6456c84ccb29e6f7,float,numeric,cc5447118c174dcc6456c84ccb29e6f7,unassigned,none
cc7ab11ca8cd1a04b25d30609458ab48,Weekly revenue from sale of attribute cc7ab11ca8cd1a04b25d30609458ab48,float,numeric,cc7ab11ca8cd1a04b25d30609458ab48,unassigned,none
cc7e60cc41c667212b37102362120438,Weekly revenue from sale of attribute cc7e60cc41c667212b37102362120438,float,numeric,cc7e60cc41c667212b37102362120438,unassigned,none
cc971e0365873137b8bef2ebad633e6f,Weekly revenue from sale of attribute cc971e0365873137b8bef2ebad633e6f,float,numeric,cc971e0365873137b8bef2ebad633e6f,unassigned,none
cca44f5c2c4c50a416b7ee155a58b2ba,Weekly revenue from sale of attribute cca44f5c2c4c50a416b7ee155a58b2ba,float,numeric,cca44f5c2c4c50a416b7ee155a58b2ba,unassigned,none
ccadfeab525a9eb1569983b66e5075c4,Weekly revenue from sale of attribute ccadfeab525a9eb1569983b66e5075c4,float,numeric,ccadfeab525a9eb1569983b66e5075c4,unassigned,none
ccd686475dbff77b93871eae4754526b,Weekly revenue from sale of attribute ccd686475dbff77b93871eae4754526b,float,numeric,ccd686475dbff77b93871eae4754526b,unassigned,none
cce3ce6484896041ae3dafdd4308a39c,Weekly revenue from sale of attribute cce3ce6484896041ae3dafdd4308a39c,float,numeric,cce3ce6484896041ae3dafdd4308a39c,unassigned,none
cce5fb9f7c1ec276edfcf70741b519bb,Weekly revenue from sale of attribute cce5fb9f7c1ec276edfcf70741b519bb,float,numeric,cce5fb9f7c1ec276edfcf70741b519bb,unassigned,none
cd072553fd098e618264cdfff5980360,Weekly revenue from sale of attribute cd072553fd098e618264cdfff5980360,float,numeric,cd072553fd098e618264cdfff5980360,unassigned,none
cd23f8469a90c62d99eb9bf8ad74fed1,Weekly revenue from sale of attribute cd23f8469a90c62d99eb9bf8ad74fed1,float,numeric,cd23f8469a90c62d99eb9bf8ad74fed1,unassigned,none
cd3b8a153ef3be4fdbad9e011b7b35e2,Weekly revenue from sale of attribute cd3b8a153ef3be4fdbad9e011b7b35e2,float,numeric,cd3b8a153ef3be4fdbad9e011b7b35e2,unassigned,none
cd48f265a63e13b762601f5f794c5fca,Weekly revenue from sale of attribute cd48f265a63e13b762601f5f794c5fca,float,numeric,cd48f265a63e13b762601f5f794c5fca,unassigned,none
cd5df6a3db7a3d064a55afd08289d762,Weekly revenue from sale of attribute cd5df6a3db7a3d064a55afd08289d762,float,numeric,cd5df6a3db7a3d064a55afd08289d762,unassigned,none
cd82271424be9568801391194697361c,Weekly revenue from sale of attribute cd82271424be9568801391194697361c,float,numeric,cd82271424be9568801391194697361c,unassigned,none
cd8cb942b6a58fcff9697762d3bc9cd7,Weekly revenue from sale of attribute cd8cb942b6a58fcff9697762d3bc9cd7,float,numeric,cd8cb942b6a58fcff9697762d3bc9cd7,unassigned,none
cd935d283d47f1050c505e1c39c48b67,Weekly revenue from sale of attribute cd935d283d47f1050c505e1c39c48b67,float,numeric,cd935d283d47f1050c505e1c39c48b67,unassigned,none
cda185193c72c0eb8dde03f20f101230,Weekly revenue from sale of attribute cda185193c72c0eb8dde03f20f101230,float,numeric,cda185193c72c0eb8dde03f20f101230,unassigned,none
cdeefdce9704b2a961a01e89b1f19e7b,Weekly revenue from sale of attribute cdeefdce9704b2a961a01e89b1f19e7b,float,numeric,cdeefdce9704b2a961a01e89b1f19e7b,unassigned,none
ce045b0fd0fb3300b45effc7fb45012d,Weekly revenue from sale of attribute ce045b0fd0fb3300b45effc7fb45012d,float,numeric,ce045b0fd0fb3300b45effc7fb45012d,unassigned,none
ce066f4a83649651549d717c9b566816,Weekly revenue from sale of attribute ce066f4a83649651549d717c9b566816,float,numeric,ce066f4a83649651549d717c9b566816,unassigned,none
ce195678bb5445bf68a272e3aeb5bb69,Weekly revenue from sale of attribute ce195678bb5445bf68a272e3aeb5bb69,float,numeric,ce195678bb5445bf68a272e3aeb5bb69,unassigned,none
ce6f74096c84567f22728c84f3d6e7fc,Weekly revenue from sale of attribute ce6f74096c84567f22728c84f3d6e7fc,float,numeric,ce6f74096c84567f22728c84f3d6e7fc,unassigned,none
ce9b5e2f3503d1142f9c9866db452633,Weekly revenue from sale of attribute ce9b5e2f3503d1142f9c9866db452633,float,numeric,ce9b5e2f3503d1142f9c9866db452633,unassigned,none
ceb9134650bd7cae74affc51800f309a,Weekly revenue from sale of attribute ceb9134650bd7cae74affc51800f309a,float,numeric,ceb9134650bd7cae74affc51800f309a,unassigned,none
cec09725da5ed01471d9a505e7389d37,Weekly revenue from sale of attribute cec09725da5ed01471d9a505e7389d37,float,numeric,cec09725da5ed01471d9a505e7389d37,unassigned,none
ceeb4790786e93c65ce079c50c8bd6b0,Weekly revenue from sale of attribute ceeb4790786e93c65ce079c50c8bd6b0,float,numeric,ceeb4790786e93c65ce079c50c8bd6b0,unassigned,none
cf02395ed36c61d5ce31bdecce9767a3,Weekly revenue from sale of attribute cf02395ed36c61d5ce31bdecce9767a3,float,numeric,cf02395ed36c61d5ce31bdecce9767a3,unassigned,none
cf37036bec6f6d8639d1cf0ac3f1d04e,Weekly revenue from sale of attribute cf37036bec6f6d8639d1cf0ac3f1d04e,float,numeric,cf37036bec6f6d8639d1cf0ac3f1d04e,unassigned,none
cf78006a2a6b0429b9663edd99bb38f9,Weekly revenue from sale of attribute cf78006a2a6b0429b9663edd99bb38f9,float,numeric,cf78006a2a6b0429b9663edd99bb38f9,unassigned,none
cf92691b3ee30045224020f9ae5ae42c,Weekly revenue from sale of attribute cf92691b3ee30045224020f9ae5ae42c,float,numeric,cf92691b3ee30045224020f9ae5ae42c,unassigned,none
cfc37213adcf7bc0a35084f70a312b13,Weekly revenue from sale of attribute cfc37213adcf7bc0a35084f70a312b13,float,numeric,cfc37213adcf7bc0a35084f70a312b13,unassigned,none
cfd414b4463647f58c7775eaae06893d,Weekly revenue from sale of attribute cfd414b4463647f58c7775eaae06893d,float,numeric,cfd414b4463647f58c7775eaae06893d,unassigned,none
cfd43c5e600d45ac029357406b05dd82,Weekly revenue from sale of attribute cfd43c5e600d45ac029357406b05dd82,float,numeric,cfd43c5e600d45ac029357406b05dd82,unassigned,none
cfd652b39b87b4e06cf4ea106a32db47,Weekly revenue from sale of attribute cfd652b39b87b4e06cf4ea106a32db47,float,numeric,cfd652b39b87b4e06cf4ea106a32db47,unassigned,none
cfe6e9c01d0bbb5df9a75f0e3286baa9,Weekly revenue from sale of attribute cfe6e9c01d0bbb5df9a75f0e3286baa9,float,numeric,cfe6e9c01d0bbb5df9a75f0e3286baa9,unassigned,none
d00af18ab556193d160b6ce26d232a96,Weekly revenue from sale of attribute d00af18ab556193d160b6ce26d232a96,float,numeric,d00af18ab556193d160b6ce26d232a96,unassigned,none
d00f6c52d2730de05fb409f09ab6e732,Weekly revenue from sale of attribute d00f6c52d2730de05fb409f09ab6e732,float,numeric,d00f6c52d2730de05fb409f09ab6e732,unassigned,none
d0168e734683113fd73658071715084a,Weekly revenue from sale of attribute d0168e734683113fd73658071715084a,float,numeric,d0168e734683113fd73658071715084a,unassigned,none
d017a2151d543a9885604dc62a3d9dcc,Weekly revenue from sale of attribute d017a2151d543a9885604dc62a3d9dcc,float,numeric,d017a2151d543a9885604dc62a3d9dcc,unassigned,none
d018f2e6c1571b5b9aa3358c7b2261c9,Weekly revenue from sale of attribute d018f2e6c1571b5b9aa3358c7b2261c9,float,numeric,d018f2e6c1571b5b9aa3358c7b2261c9,unassigned,none
d04857e7b4b708ee8b8b9921163edba3,Weekly revenue from sale of attribute d04857e7b4b708ee8b8b9921163edba3,float,numeric,d04857e7b4b708ee8b8b9921163edba3,unassigned,none
d04e48982547095af81c231c3d581cb6,Weekly revenue from sale of attribute d04e48982547095af81c231c3d581cb6,float,numeric,d04e48982547095af81c231c3d581cb6,unassigned,none
d070415dddac66bcbc0a2e4f253c0f81,Weekly revenue from sale of attribute d070415dddac66bcbc0a2e4f253c0f81,float,numeric,d070415dddac66bcbc0a2e4f253c0f81,unassigned,none
d0825229639d1afa9bd533314e27d7c8,Weekly revenue from sale of attribute d0825229639d1afa9bd533314e27d7c8,float,numeric,d0825229639d1afa9bd533314e27d7c8,unassigned,none
d0877f0094337c414d23f5a3c7bad20c,Weekly revenue from sale of attribute d0877f0094337c414d23f5a3c7bad20c,float,numeric,d0877f0094337c414d23f5a3c7bad20c,unassigned,none
d0a672bae47ae7c26b8e1e2ec152edcf,Weekly revenue from sale of attribute d0a672bae47ae7c26b8e1e2ec152edcf,float,numeric,d0a672bae47ae7c26b8e1e2ec152edcf,unassigned,none
d0d16f5960bcd2ebeea321a525f44067,Weekly revenue from sale of attribute d0d16f5960bcd2ebeea321a525f44067,float,numeric,d0d16f5960bcd2ebeea321a525f44067,unassigned,none
d10f7bc1a57ebe26d5994076f2bfa06b,Weekly revenue from sale of attribute d10f7bc1a57ebe26d5994076f2bfa06b,float,numeric,d10f7bc1a57ebe26d5994076f2bfa06b,unassigned,none
d1200350f8bc6cb9912779929193c5a0,Weekly revenue from sale of attribute d1200350f8bc6cb9912779929193c5a0,float,numeric,d1200350f8bc6cb9912779929193c5a0,unassigned,none
d13816a79f03bf978283d80fbeae06f8,Weekly revenue from sale of attribute d13816a79f03bf978283d80fbeae06f8,float,numeric,d13816a79f03bf978283d80fbeae06f8,unassigned,none
d15010eecc80e3a843ccb15865c328da,Weekly revenue from sale of attribute d15010eecc80e3a843ccb15865c328da,float,numeric,d15010eecc80e3a843ccb15865c328da,unassigned,none
d189fbf8b5d79a670cebcaaad68d77b2,Weekly revenue from sale of attribute d189fbf8b5d79a670cebcaaad68d77b2,float,numeric,d189fbf8b5d79a670cebcaaad68d77b2,unassigned,none
d1b571cd58267d8cac8b2afd6e288bbc,Weekly revenue from sale of attribute d1b571cd58267d8cac8b2afd6e288bbc,float,numeric,d1b571cd58267d8cac8b2afd6e288bbc,unassigned,none
d1b8f5983d9573c8e523b8c56a59497d,Weekly revenue from sale of attribute d1b8f5983d9573c8e523b8c56a59497d,float,numeric,d1b8f5983d9573c8e523b8c56a59497d,unassigned,none
d1c427060a0f73f6b889a5c7c61f2ac4,Weekly revenue from sale of attribute d1c427060a0f73f6b889a5c7c61f2ac4,float,numeric,d1c427060a0f73f6b889a5c7c61f2ac4,unassigned,none
d239ed6ed6dabbcbfd8a3b776e1ca50c,Weekly revenue from sale of attribute d239ed6ed6dabbcbfd8a3b776e1ca50c,float,numeric,d239ed6ed6dabbcbfd8a3b776e1ca50c,unassigned,none
d26580768894ea0cdc9f19dc672956c2,Weekly revenue from sale of attribute d26580768894ea0cdc9f19dc672956c2,float,numeric,d26580768894ea0cdc9f19dc672956c2,unassigned,none
d285360f29ac7fd97640bf0baef03de0,Weekly revenue from sale of attribute d285360f29ac7fd97640bf0baef03de0,float,numeric,d285360f29ac7fd97640bf0baef03de0,unassigned,none
d2e131d6f19ae0d665fc1a6c420b4f4c,Weekly revenue from sale of attribute d2e131d6f19ae0d665fc1a6c420b4f4c,float,numeric,d2e131d6f19ae0d665fc1a6c420b4f4c,unassigned,none
d2e8130fbec52f5dac0571ea1993f28a,Weekly revenue from sale of attribute d2e8130fbec52f5dac0571ea1993f28a,float,numeric,d2e8130fbec52f5dac0571ea1993f28a,unassigned,none
d3060c543b1b88a647cc284ed7a9dd4a,Weekly revenue from sale of attribute d3060c543b1b88a647cc284ed7a9dd4a,float,numeric,d3060c543b1b88a647cc284ed7a9dd4a,unassigned,none
d322eb25f02924adba73e58dbc36b29c,Weekly revenue from sale of attribute d322eb25f02924adba73e58dbc36b29c,float,numeric,d322eb25f02924adba73e58dbc36b29c,unassigned,none
d363e421b1d15376b299089946fed127,Weekly revenue from sale of attribute d363e421b1d15376b299089946fed127,float,numeric,d363e421b1d15376b299089946fed127,unassigned,none
d389bacae4eb98af95b782dae3b7f03a,Weekly revenue from sale of attribute d389bacae4eb98af95b782dae3b7f03a,float,numeric,d389bacae4eb98af95b782dae3b7f03a,unassigned,none
d392a00a8d96150a649853d20d63e8ba,Weekly revenue from sale of attribute d392a00a8d96150a649853d20d63e8ba,float,numeric,d392a00a8d96150a649853d20d63e8ba,unassigned,none
d39421ec4cc2bf52e35f8bf00f1ec314,Weekly revenue from sale of attribute d39421ec4cc2bf52e35f8bf00f1ec314,float,numeric,d39421ec4cc2bf52e35f8bf00f1ec314,unassigned,none
d3c044bd42d84a79e3b0c42662806a48,Weekly revenue from sale of attribute d3c044bd42d84a79e3b0c42662806a48,float,numeric,d3c044bd42d84a79e3b0c42662806a48,unassigned,none
d3d2f358e7e92dbbbc0a37d0b7435253,Weekly revenue from sale of attribute d3d2f358e7e92dbbbc0a37d0b7435253,float,numeric,d3d2f358e7e92dbbbc0a37d0b7435253,unassigned,none
d3d5a1d52abe9a7d234908d873fc377b,Weekly revenue from sale of attribute d3d5a1d52abe9a7d234908d873fc377b,float,numeric,d3d5a1d52abe9a7d234908d873fc377b,unassigned,none
d3eacacc44cc941912e3e97ed52037c6,Weekly revenue from sale of attribute d3eacacc44cc941912e3e97ed52037c6,float,numeric,d3eacacc44cc941912e3e97ed52037c6,unassigned,none
d3f5213b3f4e42a050935f3ccbfedf50,Weekly revenue from sale of attribute d3f5213b3f4e42a050935f3ccbfedf50,float,numeric,d3f5213b3f4e42a050935f3ccbfedf50,unassigned,none
d401d9445df5a515a304b386278b4844,Weekly revenue from sale of attribute d401d9445df5a515a304b386278b4844,float,numeric,d401d9445df5a515a304b386278b4844,unassigned,none
d41d8cd98f00b204e9800998ecf8427e,Weekly revenue from sale of attribute d41d8cd98f00b204e9800998ecf8427e,float,numeric,d41d8cd98f00b204e9800998ecf8427e,unassigned,none
d435c3fa55cfd37fa04032168ed59cf8,Weekly revenue from sale of attribute d435c3fa55cfd37fa04032168ed59cf8,float,numeric,d435c3fa55cfd37fa04032168ed59cf8,unassigned,none
d4548e7ab697993ec51d864766a8ea4f,Weekly revenue from sale of attribute d4548e7ab697993ec51d864766a8ea4f,float,numeric,d4548e7ab697993ec51d864766a8ea4f,unassigned,none
d4566d732d7cd4770e835f275a5aaa64,Weekly revenue from sale of attribute d4566d732d7cd4770e835f275a5aaa64,float,numeric,d4566d732d7cd4770e835f275a5aaa64,unassigned,none
d493f5a208254fe85b3ab55d898461a1,Weekly revenue from sale of attribute d493f5a208254fe85b3ab55d898461a1,float,numeric,d493f5a208254fe85b3ab55d898461a1,unassigned,none
d4ad9721bda56413600c43c11006cb78,Weekly revenue from sale of attribute d4ad9721bda56413600c43c11006cb78,float,numeric,d4ad9721bda56413600c43c11006cb78,unassigned,none
d4cbb6517d22b1d8114cb1dcbd40cb25,Weekly revenue from sale of attribute d4cbb6517d22b1d8114cb1dcbd40cb25,float,numeric,d4cbb6517d22b1d8114cb1dcbd40cb25,unassigned,none
d4e19eb1e5c5d6194af618d3a67de4e6,Weekly revenue from sale of attribute d4e19eb1e5c5d6194af618d3a67de4e6,float,numeric,d4e19eb1e5c5d6194af618d3a67de4e6,unassigned,none
d4fe034cde911805af12724d73fde7e0,Weekly revenue from sale of attribute d4fe034cde911805af12724d73fde7e0,float,numeric,d4fe034cde911805af12724d73fde7e0,unassigned,none
d517de1f2a8247cc1ea2951c4039ae20,Weekly revenue from sale of attribute d517de1f2a8247cc1ea2951c4039ae20,float,numeric,d517de1f2a8247cc1ea2951c4039ae20,unassigned,none
d52463875db80535c279cf58f6f5c183,Weekly revenue from sale of attribute d52463875db80535c279cf58f6f5c183,float,numeric,d52463875db80535c279cf58f6f5c183,unassigned,none
d537e54e990d95194a5733e79f1af1aa,Weekly revenue from sale of attribute d537e54e990d95194a5733e79f1af1aa,float,numeric,d537e54e990d95194a5733e79f1af1aa,unassigned,none
d5536c1422144c4fc6fe001224b21ba8,Weekly revenue from sale of attribute d5536c1422144c4fc6fe001224b21ba8,float,numeric,d5536c1422144c4fc6fe001224b21ba8,unassigned,none
d5991653e037ccb7af6ed7d94246b249,Weekly revenue from sale of attribute d5991653e037ccb7af6ed7d94246b249,float,numeric,d5991653e037ccb7af6ed7d94246b249,unassigned,none
d5ad1429503cdb3871407ed2e8fbf859,Weekly revenue from sale of attribute d5ad1429503cdb3871407ed2e8fbf859,float,numeric,d5ad1429503cdb3871407ed2e8fbf859,unassigned,none
d5b703c271f43f9c588a6f512a00f77e,Weekly revenue from sale of attribute d5b703c271f43f9c588a6f512a00f77e,float,numeric,d5b703c271f43f9c588a6f512a00f77e,unassigned,none
d5f1e6bf4f37a9e1eb16ee83df2137fa,Weekly revenue from sale of attribute d5f1e6bf4f37a9e1eb16ee83df2137fa,float,numeric,d5f1e6bf4f37a9e1eb16ee83df2137fa,unassigned,none
d5f4f441812a9a67cf8fa6d6019192c8,Weekly revenue from sale of attribute d5f4f441812a9a67cf8fa6d6019192c8,float,numeric,d5f4f441812a9a67cf8fa6d6019192c8,unassigned,none
d6160fb7873f184099d9bc95e30376af,Weekly revenue from sale of attribute d6160fb7873f184099d9bc95e30376af,float,numeric,d6160fb7873f184099d9bc95e30376af,unassigned,none
d61d270aa0862b38a2eb6cb38c05f60d,Weekly revenue from sale of attribute d61d270aa0862b38a2eb6cb38c05f60d,float,numeric,d61d270aa0862b38a2eb6cb38c05f60d,unassigned,none
d63c1011f49d98b976c352955b1c4bea,Weekly revenue from sale of attribute d63c1011f49d98b976c352955b1c4bea,float,numeric,d63c1011f49d98b976c352955b1c4bea,unassigned,none
d67dba1c3b73cd096ec52d02ba7f359a,Weekly revenue from sale of attribute d67dba1c3b73cd096ec52d02ba7f359a,float,numeric,d67dba1c3b73cd096ec52d02ba7f359a,unassigned,none
d692d19cee022f7acab76373f297ad6a,Weekly revenue from sale of attribute d692d19cee022f7acab76373f297ad6a,float,numeric,d692d19cee022f7acab76373f297ad6a,unassigned,none
d696750e550fd0f733979dd7e5dff921,Weekly revenue from sale of attribute d696750e550fd0f733979dd7e5dff921,float,numeric,d696750e550fd0f733979dd7e5dff921,unassigned,none
d6bbda35f0b8505c2f824f1d90295855,Weekly revenue from sale of attribute d6bbda35f0b8505c2f824f1d90295855,float,numeric,d6bbda35f0b8505c2f824f1d90295855,unassigned,none
d6fe3b4ddecd4a8393c6a1385de3bfb6,Weekly revenue from sale of attribute d6fe3b4ddecd4a8393c6a1385de3bfb6,float,numeric,d6fe3b4ddecd4a8393c6a1385de3bfb6,unassigned,none
d71dee111aab947d8d1216505f130d8e,Weekly revenue from sale of attribute d71dee111aab947d8d1216505f130d8e,float,numeric,d71dee111aab947d8d1216505f130d8e,unassigned,none
d722e6d632fdc8f3ba9375c599087ab3,Weekly revenue from sale of attribute d722e6d632fdc8f3ba9375c599087ab3,float,numeric,d722e6d632fdc8f3ba9375c599087ab3,unassigned,none
d76e09e3182a68025076542af2726322,Weekly revenue from sale of attribute d76e09e3182a68025076542af2726322,float,numeric,d76e09e3182a68025076542af2726322,unassigned,none
d787ebe896a3557db778d1fadf16ad85,Weekly revenue from sale of attribute d787ebe896a3557db778d1fadf16ad85,float,numeric,d787ebe896a3557db778d1fadf16ad85,unassigned,none
d7d4469347b566ef611163dc0b9cee2c,Weekly revenue from sale of attribute d7d4469347b566ef611163dc0b9cee2c,float,numeric,d7d4469347b566ef611163dc0b9cee2c,unassigned,none
d7d5562fce331ad958ca6f57057b3526,Weekly revenue from sale of attribute d7d5562fce331ad958ca6f57057b3526,float,numeric,d7d5562fce331ad958ca6f57057b3526,unassigned,none
d86963242e7dda7eed04f57e492ed655,Weekly revenue from sale of attribute d86963242e7dda7eed04f57e492ed655,float,numeric,d86963242e7dda7eed04f57e492ed655,unassigned,none
d881c75404b591b0912840f5401ae57a,Weekly revenue from sale of attribute d881c75404b591b0912840f5401ae57a,float,numeric,d881c75404b591b0912840f5401ae57a,unassigned,none
d89ba268c7abe3819f2d39f0a359077c,Weekly revenue from sale of attribute d89ba268c7abe3819f2d39f0a359077c,float,numeric,d89ba268c7abe3819f2d39f0a359077c,unassigned,none
d8c83b90d022e897454430e70afdc5d3,Weekly revenue from sale of attribute d8c83b90d022e897454430e70afdc5d3,float,numeric,d8c83b90d022e897454430e70afdc5d3,unassigned,none
d8cbd23e48a0683dba2f7a7b3e51110c,Weekly revenue from sale of attribute d8cbd23e48a0683dba2f7a7b3e51110c,float,numeric,d8cbd23e48a0683dba2f7a7b3e51110c,unassigned,none
d8de812ed5d981fc6a3984f4caa2aa05,Weekly revenue from sale of attribute d8de812ed5d981fc6a3984f4caa2aa05,float,numeric,d8de812ed5d981fc6a3984f4caa2aa05,unassigned,none
d8f1b415091ab79b62ac80443d865ca6,Weekly revenue from sale of attribute d8f1b415091ab79b62ac80443d865ca6,float,numeric,d8f1b415091ab79b62ac80443d865ca6,unassigned,none
d8f2a339e6fa69ebf411e198b618e979,Weekly revenue from sale of attribute d8f2a339e6fa69ebf411e198b618e979,float,numeric,d8f2a339e6fa69ebf411e198b618e979,unassigned,none
d902e8400cd0c58b64ea157af940e670,Weekly revenue from sale of attribute d902e8400cd0c58b64ea157af940e670,float,numeric,d902e8400cd0c58b64ea157af940e670,unassigned,none
d914a2a0c672fc21c9f0087e07e9e881,Weekly revenue from sale of attribute d914a2a0c672fc21c9f0087e07e9e881,float,numeric,d914a2a0c672fc21c9f0087e07e9e881,unassigned,none
d918b3f4aa5272c2c3cd088d087ca069,Weekly revenue from sale of attribute d918b3f4aa5272c2c3cd088d087ca069,float,numeric,d918b3f4aa5272c2c3cd088d087ca069,unassigned,none
d93d759b483dd2545be204be0fcdfb82,Weekly revenue from sale of attribute d93d759b483dd2545be204be0fcdfb82,float,numeric,d93d759b483dd2545be204be0fcdfb82,unassigned,none
d982791b03ad95faaa03fc746ad04672,Weekly revenue from sale of attribute d982791b03ad95faaa03fc746ad04672,float,numeric,d982791b03ad95faaa03fc746ad04672,unassigned,none
d986e4bd747ca20b348abcd013cd1303,Weekly revenue from sale of attribute d986e4bd747ca20b348abcd013cd1303,float,numeric,d986e4bd747ca20b348abcd013cd1303,unassigned,none
d9c2eaccfa617895e2720f212e592de1,Weekly revenue from sale of attribute d9c2eaccfa617895e2720f212e592de1,float,numeric,d9c2eaccfa617895e2720f212e592de1,unassigned,none
d9d1f8a93d1a991de6f45594b717b858,Weekly revenue from sale of attribute d9d1f8a93d1a991de6f45594b717b858,float,numeric,d9d1f8a93d1a991de6f45594b717b858,unassigned,none
d9d3c966af100aeb7047ac8b59a70d4c,Weekly revenue from sale of attribute d9d3c966af100aeb7047ac8b59a70d4c,float,numeric,d9d3c966af100aeb7047ac8b59a70d4c,unassigned,none
d9ee0c2943c9663aef6a2bc0411cbc14,Weekly revenue from sale of attribute d9ee0c2943c9663aef6a2bc0411cbc14,float,numeric,d9ee0c2943c9663aef6a2bc0411cbc14,unassigned,none
da3d93a1cb86a9e0369c04900f413a5d,Weekly revenue from sale of attribute da3d93a1cb86a9e0369c04900f413a5d,float,numeric,da3d93a1cb86a9e0369c04900f413a5d,unassigned,none
da6f9d8ce4950ad572b7b4fe7d7e6c90,Weekly revenue from sale of attribute da6f9d8ce4950ad572b7b4fe7d7e6c90,float,numeric,da6f9d8ce4950ad572b7b4fe7d7e6c90,unassigned,none
db1e6fed56643b852af3132d255d9ddc,Weekly revenue from sale of attribute db1e6fed56643b852af3132d255d9ddc,float,numeric,db1e6fed56643b852af3132d255d9ddc,unassigned,none
db34e1e6f14cc3755d9149fe8a1de9fd,Weekly revenue from sale of attribute db34e1e6f14cc3755d9149fe8a1de9fd,float,numeric,db34e1e6f14cc3755d9149fe8a1de9fd,unassigned,none
db5efde3ad0cc579b130d71c4b2db522,Weekly revenue from sale of attribute db5efde3ad0cc579b130d71c4b2db522,float,numeric,db5efde3ad0cc579b130d71c4b2db522,unassigned,none
db6b576f5ccc24add9999afe03841cf3,Weekly revenue from sale of attribute db6b576f5ccc24add9999afe03841cf3,float,numeric,db6b576f5ccc24add9999afe03841cf3,unassigned,none
dbb4ce89c8ed5fb6fd901e2e51093179,Weekly revenue from sale of attribute dbb4ce89c8ed5fb6fd901e2e51093179,float,numeric,dbb4ce89c8ed5fb6fd901e2e51093179,unassigned,none
dbd55362ec13c706503b1c71a5068a1a,Weekly revenue from sale of attribute dbd55362ec13c706503b1c71a5068a1a,float,numeric,dbd55362ec13c706503b1c71a5068a1a,unassigned,none
dbf4588317c84ec9cde32b033de522e4,Weekly revenue from sale of attribute dbf4588317c84ec9cde32b033de522e4,float,numeric,dbf4588317c84ec9cde32b033de522e4,unassigned,none
dbf47a585df3a9d8f0b5f4c125a2b8e8,Weekly revenue from sale of attribute dbf47a585df3a9d8f0b5f4c125a2b8e8,float,numeric,dbf47a585df3a9d8f0b5f4c125a2b8e8,unassigned,none
dbfa741e0e5dfae13c9f023d8b8cbd96,Weekly revenue from sale of attribute dbfa741e0e5dfae13c9f023d8b8cbd96,float,numeric,dbfa741e0e5dfae13c9f023d8b8cbd96,unassigned,none
dc0fe1906bacc99199eb46fce442e1de,Weekly revenue from sale of attribute dc0fe1906bacc99199eb46fce442e1de,float,numeric,dc0fe1906bacc99199eb46fce442e1de,unassigned,none
dc2410804cf782c5d87dbcd201b74e9b,Weekly revenue from sale of attribute dc2410804cf782c5d87dbcd201b74e9b,float,numeric,dc2410804cf782c5d87dbcd201b74e9b,unassigned,none
dc2cab354de46ca82b8cf4cb24e16614,Weekly revenue from sale of attribute dc2cab354de46ca82b8cf4cb24e16614,float,numeric,dc2cab354de46ca82b8cf4cb24e16614,unassigned,none
dc404a1496a08f9f5540c8b5d4b92925,Weekly revenue from sale of attribute dc404a1496a08f9f5540c8b5d4b92925,float,numeric,dc404a1496a08f9f5540c8b5d4b92925,unassigned,none
dc52f0f5d3ec37a93eaf956cde4e5d2c,Weekly revenue from sale of attribute dc52f0f5d3ec37a93eaf956cde4e5d2c,float,numeric,dc52f0f5d3ec37a93eaf956cde4e5d2c,unassigned,none
dc861f18267cce21f3b70f9f7990b8ce,Weekly revenue from sale of attribute dc861f18267cce21f3b70f9f7990b8ce,float,numeric,dc861f18267cce21f3b70f9f7990b8ce,unassigned,none
dc881ef926ca402063ea142afc83874c,Weekly revenue from sale of attribute dc881ef926ca402063ea142afc83874c,float,numeric,dc881ef926ca402063ea142afc83874c,unassigned,none
dc90d2a794a86578893c4ccdf6524d3d,Weekly revenue from sale of attribute dc90d2a794a86578893c4ccdf6524d3d,float,numeric,dc90d2a794a86578893c4ccdf6524d3d,unassigned,none
dc9471db933efad7bf0ce685380578bd,Weekly revenue from sale of attribute dc9471db933efad7bf0ce685380578bd,float,numeric,dc9471db933efad7bf0ce685380578bd,unassigned,none
dca8cbb1c9d8a2db0fbc0c36b8d1a7bc,Weekly revenue from sale of attribute dca8cbb1c9d8a2db0fbc0c36b8d1a7bc,float,numeric,dca8cbb1c9d8a2db0fbc0c36b8d1a7bc,unassigned,none
dce3721f89a159fed6ff8b94d7ba32b9,Weekly revenue from sale of attribute dce3721f89a159fed6ff8b94d7ba32b9,float,numeric,dce3721f89a159fed6ff8b94d7ba32b9,unassigned,none
dcfe76be1e1036cb99e5d8bdc2a1b1c9,Weekly revenue from sale of attribute dcfe76be1e1036cb99e5d8bdc2a1b1c9,float,numeric,dcfe76be1e1036cb99e5d8bdc2a1b1c9,unassigned,none
dd1759836cc99a88be1a42bf6673abe0,Weekly revenue from sale of attribute dd1759836cc99a88be1a42bf6673abe0,float,numeric,dd1759836cc99a88be1a42bf6673abe0,unassigned,none
dd3575a8c5e2139f680a9816a15c8f2a,Weekly revenue from sale of attribute dd3575a8c5e2139f680a9816a15c8f2a,float,numeric,dd3575a8c5e2139f680a9816a15c8f2a,unassigned,none
dd47440cb56de3ab674f9208ff0edc3e,Weekly revenue from sale of attribute dd47440cb56de3ab674f9208ff0edc3e,float,numeric,dd47440cb56de3ab674f9208ff0edc3e,unassigned,none
dd61e943598eec72351633dd6a72d5dc,Weekly revenue from sale of attribute dd61e943598eec72351633dd6a72d5dc,float,numeric,dd61e943598eec72351633dd6a72d5dc,unassigned,none
dd6a505f83dd3c6326aa9856519e0978,Weekly revenue from sale of attribute dd6a505f83dd3c6326aa9856519e0978,float,numeric,dd6a505f83dd3c6326aa9856519e0978,unassigned,none
dd921ea0fc303f89bafabba4aec57744,Weekly revenue from sale of attribute dd921ea0fc303f89bafabba4aec57744,float,numeric,dd921ea0fc303f89bafabba4aec57744,unassigned,none
dd927d4f29ebb0702657ffc71c17c2d4,Weekly revenue from sale of attribute dd927d4f29ebb0702657ffc71c17c2d4,float,numeric,dd927d4f29ebb0702657ffc71c17c2d4,unassigned,none
dde7139085b54e2ea1771a2f9964d344,Weekly revenue from sale of attribute dde7139085b54e2ea1771a2f9964d344,float,numeric,dde7139085b54e2ea1771a2f9964d344,unassigned,none
de000da759e4738d00a6fae5ecddee66,Weekly revenue from sale of attribute de000da759e4738d00a6fae5ecddee66,float,numeric,de000da759e4738d00a6fae5ecddee66,unassigned,none
de1dab31e5f3737cd024f5fe44743fa9,Weekly revenue from sale of attribute de1dab31e5f3737cd024f5fe44743fa9,float,numeric,de1dab31e5f3737cd024f5fe44743fa9,unassigned,none
de1eee6c50298db6028af08bd88a702a,Weekly revenue from sale of attribute de1eee6c50298db6028af08bd88a702a,float,numeric,de1eee6c50298db6028af08bd88a702a,unassigned,none
de2ac390da8e5e9cc2c6bc88d5c5357f,Weekly revenue from sale of attribute de2ac390da8e5e9cc2c6bc88d5c5357f,float,numeric,de2ac390da8e5e9cc2c6bc88d5c5357f,unassigned,none
de4fb1ddae276a3503afed39c8227cff,Weekly revenue from sale of attribute de4fb1ddae276a3503afed39c8227cff,float,numeric,de4fb1ddae276a3503afed39c8227cff,unassigned,none
de72026142ffc78ea7a8d6ce739056b1,Weekly revenue from sale of attribute de72026142ffc78ea7a8d6ce739056b1,float,numeric,de72026142ffc78ea7a8d6ce739056b1,unassigned,none
de845f191115e91fadc9624c144488c7,Weekly revenue from sale of attribute de845f191115e91fadc9624c144488c7,float,numeric,de845f191115e91fadc9624c144488c7,unassigned,none
de9305867467640bebc680708d43f27a,Weekly revenue from sale of attribute de9305867467640bebc680708d43f27a,float,numeric,de9305867467640bebc680708d43f27a,unassigned,none
de984954e2e130136bcf8988bc973d90,Weekly revenue from sale of attribute de984954e2e130136bcf8988bc973d90,float,numeric,de984954e2e130136bcf8988bc973d90,unassigned,none
dee88ebd74f8109d7dab6d12d77a7a64,Weekly revenue from sale of attribute dee88ebd74f8109d7dab6d12d77a7a64,float,numeric,dee88ebd74f8109d7dab6d12d77a7a64,unassigned,none
deecc62b2db3d87ff4d9fe364fead01f,Weekly revenue from sale of attribute deecc62b2db3d87ff4d9fe364fead01f,float,numeric,deecc62b2db3d87ff4d9fe364fead01f,unassigned,none
df25e7b5824286070a418f1fc2f78629,Weekly revenue from sale of attribute df25e7b5824286070a418f1fc2f78629,float,numeric,df25e7b5824286070a418f1fc2f78629,unassigned,none
df306b9d83f3a792369ff3360475936a,Weekly revenue from sale of attribute df306b9d83f3a792369ff3360475936a,float,numeric,df306b9d83f3a792369ff3360475936a,unassigned,none
df480c7d3f979093ac4c2d1109e78289,Weekly revenue from sale of attribute df480c7d3f979093ac4c2d1109e78289,float,numeric,df480c7d3f979093ac4c2d1109e78289,unassigned,none
dfb92838905ead933a01256a80edc894,Weekly revenue from sale of attribute dfb92838905ead933a01256a80edc894,float,numeric,dfb92838905ead933a01256a80edc894,unassigned,none
dfb97c88e066dc22165f31648efe1312,Weekly revenue from sale of attribute dfb97c88e066dc22165f31648efe1312,float,numeric,dfb97c88e066dc22165f31648efe1312,unassigned,none
dff088846d1141979916ce5c7a4c1d52,Weekly revenue from sale of attribute dff088846d1141979916ce5c7a4c1d52,float,numeric,dff088846d1141979916ce5c7a4c1d52,unassigned,none
e003b894dd7927f3e2de2dd927b174a4,Weekly revenue from sale of attribute e003b894dd7927f3e2de2dd927b174a4,float,numeric,e003b894dd7927f3e2de2dd927b174a4,unassigned,none
e00994390ccf605aec4a0389c80e0ba7,Weekly revenue from sale of attribute e00994390ccf605aec4a0389c80e0ba7,float,numeric,e00994390ccf605aec4a0389c80e0ba7,unassigned,none
e07510e0b85899f2e922f28bfc0643c2,Weekly revenue from sale of attribute e07510e0b85899f2e922f28bfc0643c2,float,numeric,e07510e0b85899f2e922f28bfc0643c2,unassigned,none
e090b9bd2ef7d60d3b0ee3399c79ee3d,Weekly revenue from sale of attribute e090b9bd2ef7d60d3b0ee3399c79ee3d,float,numeric,e090b9bd2ef7d60d3b0ee3399c79ee3d,unassigned,none
e0cf79767c5b016251fe139915c59a26,Weekly revenue from sale of attribute e0cf79767c5b016251fe139915c59a26,float,numeric,e0cf79767c5b016251fe139915c59a26,unassigned,none
e0d64dcfaa3b6db5c54ca298ae101d05,Weekly revenue from sale of attribute e0d64dcfaa3b6db5c54ca298ae101d05,float,numeric,e0d64dcfaa3b6db5c54ca298ae101d05,unassigned,none
e10c5041c0752194622a7a7016d8c9b5,Weekly revenue from sale of attribute e10c5041c0752194622a7a7016d8c9b5,float,numeric,e10c5041c0752194622a7a7016d8c9b5,unassigned,none
e11b7abd9eb82a586a144e97594bc05f,Weekly revenue from sale of attribute e11b7abd9eb82a586a144e97594bc05f,float,numeric,e11b7abd9eb82a586a144e97594bc05f,unassigned,none
e12f70be6bbe9361e612c973fcf15dcc,Weekly revenue from sale of attribute e12f70be6bbe9361e612c973fcf15dcc,float,numeric,e12f70be6bbe9361e612c973fcf15dcc,unassigned,none
e1300b5f677ce8eba14ab147080d6a68,Weekly revenue from sale of attribute e1300b5f677ce8eba14ab147080d6a68,float,numeric,e1300b5f677ce8eba14ab147080d6a68,unassigned,none
e1608f467393da59b31f1b40b536548d,Weekly revenue from sale of attribute e1608f467393da59b31f1b40b536548d,float,numeric,e1608f467393da59b31f1b40b536548d,unassigned,none
e19ddcc85537b41f22116c8d5425ef46,Weekly revenue from sale of attribute e19ddcc85537b41f22116c8d5425ef46,float,numeric,e19ddcc85537b41f22116c8d5425ef46,unassigned,none
e1da6ab77f4859eb17950e5df1c0f815,Weekly revenue from sale of attribute e1da6ab77f4859eb17950e5df1c0f815,float,numeric,e1da6ab77f4859eb17950e5df1c0f815,unassigned,none
e1e932dfb67414e80b87ad97688cf2a3,Weekly revenue from sale of attribute e1e932dfb67414e80b87ad97688cf2a3,float,numeric,e1e932dfb67414e80b87ad97688cf2a3,unassigned,none
e22a9f25f31fca1777a128c2655bbdda,Weekly revenue from sale of attribute e22a9f25f31fca1777a128c2655bbdda,float,numeric,e22a9f25f31fca1777a128c2655bbdda,unassigned,none
e245d0b2b8c02f14e840abef856cc149,Weekly revenue from sale of attribute e245d0b2b8c02f14e840abef856cc149,float,numeric,e245d0b2b8c02f14e840abef856cc149,unassigned,none
e24f73b7631ee3fbb2ab700a9acaa258,Weekly revenue from sale of attribute e24f73b7631ee3fbb2ab700a9acaa258,float,numeric,e24f73b7631ee3fbb2ab700a9acaa258,unassigned,none
e251ebd2858be1aa7d9b2087a6992580,Weekly revenue from sale of attribute e251ebd2858be1aa7d9b2087a6992580,float,numeric,e251ebd2858be1aa7d9b2087a6992580,unassigned,none
e256d05115f9eb3766f3ab752132a4e2,Weekly revenue from sale of attribute e256d05115f9eb3766f3ab752132a4e2,float,numeric,e256d05115f9eb3766f3ab752132a4e2,unassigned,none
e272c7b6c21c38e8ee510666a28460d4,Weekly revenue from sale of attribute e272c7b6c21c38e8ee510666a28460d4,float,numeric,e272c7b6c21c38e8ee510666a28460d4,unassigned,none
e27c4dd075a521097a085bced0631ce7,Weekly revenue from sale of attribute e27c4dd075a521097a085bced0631ce7,float,numeric,e27c4dd075a521097a085bced0631ce7,unassigned,none
e297db380aba505a729f00cd61b149d9,Weekly revenue from sale of attribute e297db380aba505a729f00cd61b149d9,float,numeric,e297db380aba505a729f00cd61b149d9,unassigned,none
e2acf075e3634e6f0c26e4e88c1bf9d7,Weekly revenue from sale of attribute e2acf075e3634e6f0c26e4e88c1bf9d7,float,numeric,e2acf075e3634e6f0c26e4e88c1bf9d7,unassigned,none
e2b02dadb01104e3f9f588311b3f2612,Weekly revenue from sale of attribute e2b02dadb01104e3f9f588311b3f2612,float,numeric,e2b02dadb01104e3f9f588311b3f2612,unassigned,none
e2c3ed9aaddfd2312a6a5fe9b3ddadd3,Weekly revenue from sale of attribute e2c3ed9aaddfd2312a6a5fe9b3ddadd3,float,numeric,e2c3ed9aaddfd2312a6a5fe9b3ddadd3,unassigned,none
e2e426d1332240070b0a836a854d057b,Weekly revenue from sale of attribute e2e426d1332240070b0a836a854d057b,float,numeric,e2e426d1332240070b0a836a854d057b,unassigned,none
e2fcaac49de7a3a90f0dc74d7b1e9f10,Weekly revenue from sale of attribute e2fcaac49de7a3a90f0dc74d7b1e9f10,float,numeric,e2fcaac49de7a3a90f0dc74d7b1e9f10,unassigned,none
e336c656869480e20d04ca9389b12167,Weekly revenue from sale of attribute e336c656869480e20d04ca9389b12167,float,numeric,e336c656869480e20d04ca9389b12167,unassigned,none
e3425df9bd51be69917273c9dd92ed5e,Weekly revenue from sale of attribute e3425df9bd51be69917273c9dd92ed5e,float,numeric,e3425df9bd51be69917273c9dd92ed5e,unassigned,none
e34c56a36fdb6854b10410b776c39442,Weekly revenue from sale of attribute e34c56a36fdb6854b10410b776c39442,float,numeric,e34c56a36fdb6854b10410b776c39442,unassigned,none
e357a8646a17191f03fd9f833a0fa29b,Weekly revenue from sale of attribute e357a8646a17191f03fd9f833a0fa29b,float,numeric,e357a8646a17191f03fd9f833a0fa29b,unassigned,none
e35f45a92b1a28c527d6e9edfec12af9,Weekly revenue from sale of attribute e35f45a92b1a28c527d6e9edfec12af9,float,numeric,e35f45a92b1a28c527d6e9edfec12af9,unassigned,none
e3c46f9bda3b7060a8d3b9515bffc639,Weekly revenue from sale of attribute e3c46f9bda3b7060a8d3b9515bffc639,float,numeric,e3c46f9bda3b7060a8d3b9515bffc639,unassigned,none
e3dd336775af78a83fc27ed85f0f15da,Weekly revenue from sale of attribute e3dd336775af78a83fc27ed85f0f15da,float,numeric,e3dd336775af78a83fc27ed85f0f15da,unassigned,none
e41a6ac2f57a273eb0d214c7cbab5db9,Weekly revenue from sale of attribute e41a6ac2f57a273eb0d214c7cbab5db9,float,numeric,e41a6ac2f57a273eb0d214c7cbab5db9,unassigned,none
e41d4a95e33026918bd9946d3185b5bd,Weekly revenue from sale of attribute e41d4a95e33026918bd9946d3185b5bd,float,numeric,e41d4a95e33026918bd9946d3185b5bd,unassigned,none
e424f69523d159f82480c01a1ebf9f7e,Weekly revenue from sale of attribute e424f69523d159f82480c01a1ebf9f7e,float,numeric,e424f69523d159f82480c01a1ebf9f7e,unassigned,none
e46d3c8d60e3f8b382b6f239e5af08ac,Weekly revenue from sale of attribute e46d3c8d60e3f8b382b6f239e5af08ac,float,numeric,e46d3c8d60e3f8b382b6f239e5af08ac,unassigned,none
e48f857c5498e6408410be1fda8e0fe4,Weekly revenue from sale of attribute e48f857c5498e6408410be1fda8e0fe4,float,numeric,e48f857c5498e6408410be1fda8e0fe4,unassigned,none
e4ad97ce352e46bebac92018f6ed976d,Weekly revenue from sale of attribute e4ad97ce352e46bebac92018f6ed976d,float,numeric,e4ad97ce352e46bebac92018f6ed976d,unassigned,none
e4c9d4670d5132aeded7f187fe4de0cc,Weekly revenue from sale of attribute e4c9d4670d5132aeded7f187fe4de0cc,float,numeric,e4c9d4670d5132aeded7f187fe4de0cc,unassigned,none
e4d325bd1eea550509bdbbc5c3301fc1,Weekly revenue from sale of attribute e4d325bd1eea550509bdbbc5c3301fc1,float,numeric,e4d325bd1eea550509bdbbc5c3301fc1,unassigned,none
e4e9fa024c5f014419b395452a41987c,Weekly revenue from sale of attribute e4e9fa024c5f014419b395452a41987c,float,numeric,e4e9fa024c5f014419b395452a41987c,unassigned,none
e51071c4622d7a15494656e912c8d55b,Weekly revenue from sale of attribute e51071c4622d7a15494656e912c8d55b,float,numeric,e51071c4622d7a15494656e912c8d55b,unassigned,none
e53e557d5a159f5aa2c5e995dfdf244b,Weekly revenue from sale of attribute e53e557d5a159f5aa2c5e995dfdf244b,float,numeric,e53e557d5a159f5aa2c5e995dfdf244b,unassigned,none
e54464e95c9fb80e4edefa0ba49133c1,Weekly revenue from sale of attribute e54464e95c9fb80e4edefa0ba49133c1,float,numeric,e54464e95c9fb80e4edefa0ba49133c1,unassigned,none
e57549e5119d3af0cef6f900464dc99c,Weekly revenue from sale of attribute e57549e5119d3af0cef6f900464dc99c,float,numeric,e57549e5119d3af0cef6f900464dc99c,unassigned,none
e57e360b85e2ef90b804521ee8e16909,Weekly revenue from sale of attribute e57e360b85e2ef90b804521ee8e16909,float,numeric,e57e360b85e2ef90b804521ee8e16909,unassigned,none
e57eb018e37376580079825eb29a3419,Weekly revenue from sale of attribute e57eb018e37376580079825eb29a3419,float,numeric,e57eb018e37376580079825eb29a3419,unassigned,none
e5841e5f87a255ec40d170b4177d03ce,Weekly revenue from sale of attribute e5841e5f87a255ec40d170b4177d03ce,float,numeric,e5841e5f87a255ec40d170b4177d03ce,unassigned,none
e59dd207c69d86e890febadc796d1078,Weekly revenue from sale of attribute e59dd207c69d86e890febadc796d1078,float,numeric,e59dd207c69d86e890febadc796d1078,unassigned,none
e5ae72c62ebfa708624f5029d609b160,Weekly revenue from sale of attribute e5ae72c62ebfa708624f5029d609b160,float,numeric,e5ae72c62ebfa708624f5029d609b160,unassigned,none
e5bf6ab312403d6e8f45bbdb48fa2fd5,Weekly revenue from sale of attribute e5bf6ab312403d6e8f45bbdb48fa2fd5,float,numeric,e5bf6ab312403d6e8f45bbdb48fa2fd5,unassigned,none
e5cfaed5125bd848f496ca11de0ce00d,Weekly revenue from sale of attribute e5cfaed5125bd848f496ca11de0ce00d,float,numeric,e5cfaed5125bd848f496ca11de0ce00d,unassigned,none
e5d446c4355d56bf6c3b7be469a66a42,Weekly revenue from sale of attribute e5d446c4355d56bf6c3b7be469a66a42,float,numeric,e5d446c4355d56bf6c3b7be469a66a42,unassigned,none
e5d860a0fff2e94bd1a406456cc6c4b3,Weekly revenue from sale of attribute e5d860a0fff2e94bd1a406456cc6c4b3,float,numeric,e5d860a0fff2e94bd1a406456cc6c4b3,unassigned,none
e5eadf9be70a4a9fa514019542fc330a,Weekly revenue from sale of attribute e5eadf9be70a4a9fa514019542fc330a,float,numeric,e5eadf9be70a4a9fa514019542fc330a,unassigned,none
e5f2d52b802189ee658865ca93d83a8f,Weekly revenue from sale of attribute e5f2d52b802189ee658865ca93d83a8f,float,numeric,e5f2d52b802189ee658865ca93d83a8f,unassigned,none
e5f4167c170ccd8777cbf51841b6f7f3,Weekly revenue from sale of attribute e5f4167c170ccd8777cbf51841b6f7f3,float,numeric,e5f4167c170ccd8777cbf51841b6f7f3,unassigned,none
e5fe79a5ccd19d20b3b095bf73cf9b5d,Weekly revenue from sale of attribute e5fe79a5ccd19d20b3b095bf73cf9b5d,float,numeric,e5fe79a5ccd19d20b3b095bf73cf9b5d,unassigned,none
e61c78a7343d82c0539d27df0f7dfc31,Weekly revenue from sale of attribute e61c78a7343d82c0539d27df0f7dfc31,float,numeric,e61c78a7343d82c0539d27df0f7dfc31,unassigned,none
e672fbe634ad07cce9d85f412becb2c0,Weekly revenue from sale of attribute e672fbe634ad07cce9d85f412becb2c0,float,numeric,e672fbe634ad07cce9d85f412becb2c0,unassigned,none
e67307ff0f15ade43fcb6e670be7a74c,Weekly revenue from sale of attribute e67307ff0f15ade43fcb6e670be7a74c,float,numeric,e67307ff0f15ade43fcb6e670be7a74c,unassigned,none
e68a5a5626c4b1bfc5ca78202f898300,Weekly revenue from sale of attribute e68a5a5626c4b1bfc5ca78202f898300,float,numeric,e68a5a5626c4b1bfc5ca78202f898300,unassigned,none
e6a4a19d87a5ea827c2da90f28433450,Weekly revenue from sale of attribute e6a4a19d87a5ea827c2da90f28433450,float,numeric,e6a4a19d87a5ea827c2da90f28433450,unassigned,none
e6b6e13cf71449a457269f425b89dc74,Weekly revenue from sale of attribute e6b6e13cf71449a457269f425b89dc74,float,numeric,e6b6e13cf71449a457269f425b89dc74,unassigned,none
e6b6e72a0e6be244a69261788f086429,Weekly revenue from sale of attribute e6b6e72a0e6be244a69261788f086429,float,numeric,e6b6e72a0e6be244a69261788f086429,unassigned,none
e6d3e381889aa6e9d222ad50cb30ac43,Weekly revenue from sale of attribute e6d3e381889aa6e9d222ad50cb30ac43,float,numeric,e6d3e381889aa6e9d222ad50cb30ac43,unassigned,none
e7261ba9b589b73ac45411a15058403e,Weekly revenue from sale of attribute e7261ba9b589b73ac45411a15058403e,float,numeric,e7261ba9b589b73ac45411a15058403e,unassigned,none
e7597059b9e4eca21a96eed55693b31b,Weekly revenue from sale of attribute e7597059b9e4eca21a96eed55693b31b,float,numeric,e7597059b9e4eca21a96eed55693b31b,unassigned,none
e766d04f4dd2f3b88523f2f67ab80e2d,Weekly revenue from sale of attribute e766d04f4dd2f3b88523f2f67ab80e2d,float,numeric,e766d04f4dd2f3b88523f2f67ab80e2d,unassigned,none
e78506414d2563b6414cfd84b7fa0802,Weekly revenue from sale of attribute e78506414d2563b6414cfd84b7fa0802,float,numeric,e78506414d2563b6414cfd84b7fa0802,unassigned,none
e7a6f33d382bca6fa19f52ff13e440bd,Weekly revenue from sale of attribute e7a6f33d382bca6fa19f52ff13e440bd,float,numeric,e7a6f33d382bca6fa19f52ff13e440bd,unassigned,none
e7bca943d8e86d7b45c6d24634c55850,Weekly revenue from sale of attribute e7bca943d8e86d7b45c6d24634c55850,float,numeric,e7bca943d8e86d7b45c6d24634c55850,unassigned,none
e7c8819338fc9a87e81ea2d90898f612,Weekly revenue from sale of attribute e7c8819338fc9a87e81ea2d90898f612,float,numeric,e7c8819338fc9a87e81ea2d90898f612,unassigned,none
e7d26dd6742baca292020c158e6720c3,Weekly revenue from sale of attribute e7d26dd6742baca292020c158e6720c3,float,numeric,e7d26dd6742baca292020c158e6720c3,unassigned,none
e7db7c40ea6647c808d48581f1308d88,Weekly revenue from sale of attribute e7db7c40ea6647c808d48581f1308d88,float,numeric,e7db7c40ea6647c808d48581f1308d88,unassigned,none
e7e0728e9e488b0a67ef4d95e98ee4c8,Weekly revenue from sale of attribute e7e0728e9e488b0a67ef4d95e98ee4c8,float,numeric,e7e0728e9e488b0a67ef4d95e98ee4c8,unassigned,none
e7f79c79a485447b88964a9d0b86fe45,Weekly revenue from sale of attribute e7f79c79a485447b88964a9d0b86fe45,float,numeric,e7f79c79a485447b88964a9d0b86fe45,unassigned,none
e7fcfe86cd2bfcfc88de49f995ee91f1,Weekly revenue from sale of attribute e7fcfe86cd2bfcfc88de49f995ee91f1,float,numeric,e7fcfe86cd2bfcfc88de49f995ee91f1,unassigned,none
e81c3966e44d9ffb21a94481be3613d0,Weekly revenue from sale of attribute e81c3966e44d9ffb21a94481be3613d0,float,numeric,e81c3966e44d9ffb21a94481be3613d0,unassigned,none
e89428b51b3909340163d4185dae3610,Weekly revenue from sale of attribute e89428b51b3909340163d4185dae3610,float,numeric,e89428b51b3909340163d4185dae3610,unassigned,none
e899d44e1fbd1131a4c94b9f7bb1ff2a,Weekly revenue from sale of attribute e899d44e1fbd1131a4c94b9f7bb1ff2a,float,numeric,e899d44e1fbd1131a4c94b9f7bb1ff2a,unassigned,none
e8cbef97b4aa646fb8fa170f0da01b5b,Weekly revenue from sale of attribute e8cbef97b4aa646fb8fa170f0da01b5b,float,numeric,e8cbef97b4aa646fb8fa170f0da01b5b,unassigned,none
e940125d0a3c309f58f41cd21e39af06,Weekly revenue from sale of attribute e940125d0a3c309f58f41cd21e39af06,float,numeric,e940125d0a3c309f58f41cd21e39af06,unassigned,none
e94df75b2e9a8b056be0c144a731f55c,Weekly revenue from sale of attribute e94df75b2e9a8b056be0c144a731f55c,float,numeric,e94df75b2e9a8b056be0c144a731f55c,unassigned,none
e95d807bbe3bf3e2147a2ebe9168b7ec,Weekly revenue from sale of attribute e95d807bbe3bf3e2147a2ebe9168b7ec,float,numeric,e95d807bbe3bf3e2147a2ebe9168b7ec,unassigned,none
e96bb423a08a118a05936e98e8278034,Weekly revenue from sale of attribute e96bb423a08a118a05936e98e8278034,float,numeric,e96bb423a08a118a05936e98e8278034,unassigned,none
e96dedd143090ade72c86bf486be7d36,Weekly revenue from sale of attribute e96dedd143090ade72c86bf486be7d36,float,numeric,e96dedd143090ade72c86bf486be7d36,unassigned,none
e98e429fc8f0c5a7bec057cca4f3b6ca,Weekly revenue from sale of attribute e98e429fc8f0c5a7bec057cca4f3b6ca,float,numeric,e98e429fc8f0c5a7bec057cca4f3b6ca,unassigned,none
e9a69340883a438c3f91739d14d3a56d,Weekly revenue from sale of attribute e9a69340883a438c3f91739d14d3a56d,float,numeric,e9a69340883a438c3f91739d14d3a56d,unassigned,none
e9b2560544c293e02f2b966041e10f24,Weekly revenue from sale of attribute e9b2560544c293e02f2b966041e10f24,float,numeric,e9b2560544c293e02f2b966041e10f24,unassigned,none
e9c1abcc7126360336d8f56d49041a8c,Weekly revenue from sale of attribute e9c1abcc7126360336d8f56d49041a8c,float,numeric,e9c1abcc7126360336d8f56d49041a8c,unassigned,none
e9c49fc758728b084498862fcabf3c5e,Weekly revenue from sale of attribute e9c49fc758728b084498862fcabf3c5e,float,numeric,e9c49fc758728b084498862fcabf3c5e,unassigned,none
e9ceb9123d3103b7ad293c168dd3a547,Weekly revenue from sale of attribute e9ceb9123d3103b7ad293c168dd3a547,float,numeric,e9ceb9123d3103b7ad293c168dd3a547,unassigned,none
e9de4d4332d0f60d443dadf3171ad6d4,Weekly revenue from sale of attribute e9de4d4332d0f60d443dadf3171ad6d4,float,numeric,e9de4d4332d0f60d443dadf3171ad6d4,unassigned,none
e9def91e99c8ecb7c5cef5e31506a056,Weekly revenue from sale of attribute e9def91e99c8ecb7c5cef5e31506a056,float,numeric,e9def91e99c8ecb7c5cef5e31506a056,unassigned,none
e9eebb8e8ba0fadb9020f8ba1c003b48,Weekly revenue from sale of attribute e9eebb8e8ba0fadb9020f8ba1c003b48,float,numeric,e9eebb8e8ba0fadb9020f8ba1c003b48,unassigned,none
ea0698c943d7a9133e6d36de68654750,Weekly revenue from sale of attribute ea0698c943d7a9133e6d36de68654750,float,numeric,ea0698c943d7a9133e6d36de68654750,unassigned,none
ea44caac707f7f1325182a538007f838,Weekly revenue from sale of attribute ea44caac707f7f1325182a538007f838,float,numeric,ea44caac707f7f1325182a538007f838,unassigned,none
eaa26a34984cbfedc19b1e45f09f3c9a,Weekly revenue from sale of attribute eaa26a34984cbfedc19b1e45f09f3c9a,float,numeric,eaa26a34984cbfedc19b1e45f09f3c9a,unassigned,none
eab1309765ca0c3ba5c2ae2b85b28b00,Weekly revenue from sale of attribute eab1309765ca0c3ba5c2ae2b85b28b00,float,numeric,eab1309765ca0c3ba5c2ae2b85b28b00,unassigned,none
eb47d7ea4e5611684330021baa317c17,Weekly revenue from sale of attribute eb47d7ea4e5611684330021baa317c17,float,numeric,eb47d7ea4e5611684330021baa317c17,unassigned,none
eb53f94fdc60278efcef123bb275658a,Weekly revenue from sale of attribute eb53f94fdc60278efcef123bb275658a,float,numeric,eb53f94fdc60278efcef123bb275658a,unassigned,none
eb7172d8a3c64298d2d767f6603c231e,Weekly revenue from sale of attribute eb7172d8a3c64298d2d767f6603c231e,float,numeric,eb7172d8a3c64298d2d767f6603c231e,unassigned,none
eb8c629f70275fd1c4f809116cce1efc,Weekly revenue from sale of attribute eb8c629f70275fd1c4f809116cce1efc,float,numeric,eb8c629f70275fd1c4f809116cce1efc,unassigned,none
eba7488e1c67729f045ab43fac426f2e,Weekly revenue from sale of attribute eba7488e1c67729f045ab43fac426f2e,float,numeric,eba7488e1c67729f045ab43fac426f2e,unassigned,none
ebc714d9f070a89f4d411982ea9670fb,Weekly revenue from sale of attribute ebc714d9f070a89f4d411982ea9670fb,float,numeric,ebc714d9f070a89f4d411982ea9670fb,unassigned,none
ebf1c13032246ea801765e8cb5417365,Weekly revenue from sale of attribute ebf1c13032246ea801765e8cb5417365,float,numeric,ebf1c13032246ea801765e8cb5417365,unassigned,none
ec02a5d380128f7a188e9ce8f3ddd832,Weekly revenue from sale of attribute ec02a5d380128f7a188e9ce8f3ddd832,float,numeric,ec02a5d380128f7a188e9ce8f3ddd832,unassigned,none
ec2d43cc59763ec91694573b31f1c29a,Weekly revenue from sale of attribute ec2d43cc59763ec91694573b31f1c29a,float,numeric,ec2d43cc59763ec91694573b31f1c29a,unassigned,none
ec2f95440d5e5376e3a25c8106f5ba76,Weekly revenue from sale of attribute ec2f95440d5e5376e3a25c8106f5ba76,float,numeric,ec2f95440d5e5376e3a25c8106f5ba76,unassigned,none
ec322025096f33818acee169e97d5b97,Weekly revenue from sale of attribute ec322025096f33818acee169e97d5b97,float,numeric,ec322025096f33818acee169e97d5b97,unassigned,none
ec8ae427905e10052ee4f1e9993b6763,Weekly revenue from sale of attribute ec8ae427905e10052ee4f1e9993b6763,float,numeric,ec8ae427905e10052ee4f1e9993b6763,unassigned,none
ecab3fa721d1b06c225f23c30f02eb5e,Weekly revenue from sale of attribute ecab3fa721d1b06c225f23c30f02eb5e,float,numeric,ecab3fa721d1b06c225f23c30f02eb5e,unassigned,none
ecae35cbcedf38b30bb6299e5a201982,Weekly revenue from sale of attribute ecae35cbcedf38b30bb6299e5a201982,float,numeric,ecae35cbcedf38b30bb6299e5a201982,unassigned,none
ecbe1ef7e2903ff8b1d704ba78fa264d,Weekly revenue from sale of attribute ecbe1ef7e2903ff8b1d704ba78fa264d,float,numeric,ecbe1ef7e2903ff8b1d704ba78fa264d,unassigned,none
ecc7e6fab3b3398b08af2baf86214af6,Weekly revenue from sale of attribute ecc7e6fab3b3398b08af2baf86214af6,float,numeric,ecc7e6fab3b3398b08af2baf86214af6,unassigned,none
ecd5fb40310b0f37e80e312bccc3b1ee,Weekly revenue from sale of attribute ecd5fb40310b0f37e80e312bccc3b1ee,float,numeric,ecd5fb40310b0f37e80e312bccc3b1ee,unassigned,none
ed2067a9c1f79553088a3c67b99a9f97,Weekly revenue from sale of attribute ed2067a9c1f79553088a3c67b99a9f97,float,numeric,ed2067a9c1f79553088a3c67b99a9f97,unassigned,none
ed5590a83212f920e325df8d11c9931c,Weekly revenue from sale of attribute ed5590a83212f920e325df8d11c9931c,float,numeric,ed5590a83212f920e325df8d11c9931c,unassigned,none
ed5666106b8fb47b57c4b2c5f67a755b,Weekly revenue from sale of attribute ed5666106b8fb47b57c4b2c5f67a755b,float,numeric,ed5666106b8fb47b57c4b2c5f67a755b,unassigned,none
ed61f9d2b8837c3aeebb563b7305ef78,Weekly revenue from sale of attribute ed61f9d2b8837c3aeebb563b7305ef78,float,numeric,ed61f9d2b8837c3aeebb563b7305ef78,unassigned,none
ed7090839f8e749840a20f1c1cc78717,Weekly revenue from sale of attribute ed7090839f8e749840a20f1c1cc78717,float,numeric,ed7090839f8e749840a20f1c1cc78717,unassigned,none
ed71a85647afea9562cd2a14b1ac8622,Weekly revenue from sale of attribute ed71a85647afea9562cd2a14b1ac8622,float,numeric,ed71a85647afea9562cd2a14b1ac8622,unassigned,none
ed724a28107bfd2a1aebcb6dcd2055f4,Weekly revenue from sale of attribute ed724a28107bfd2a1aebcb6dcd2055f4,float,numeric,ed724a28107bfd2a1aebcb6dcd2055f4,unassigned,none
edaa2bd93560f6d79e10b21fa2858004,Weekly revenue from sale of attribute edaa2bd93560f6d79e10b21fa2858004,float,numeric,edaa2bd93560f6d79e10b21fa2858004,unassigned,none
edd087ed331c3ce178ec3489b9ecf117,Weekly revenue from sale of attribute edd087ed331c3ce178ec3489b9ecf117,float,numeric,edd087ed331c3ce178ec3489b9ecf117,unassigned,none
edd268662f0b2a4f131cf4690ca6cbc8,Weekly revenue from sale of attribute edd268662f0b2a4f131cf4690ca6cbc8,float,numeric,edd268662f0b2a4f131cf4690ca6cbc8,unassigned,none
edfbb2566914ddd223d3bd6fa1e9693c,Weekly revenue from sale of attribute edfbb2566914ddd223d3bd6fa1e9693c,float,numeric,edfbb2566914ddd223d3bd6fa1e9693c,unassigned,none
ee0c1cf2fbeae95205b4aa506f1469f0,Weekly revenue from sale of attribute ee0c1cf2fbeae95205b4aa506f1469f0,float,numeric,ee0c1cf2fbeae95205b4aa506f1469f0,unassigned,none
ee2405458ecf90c4d6e1c55a9680de91,Weekly revenue from sale of attribute ee2405458ecf90c4d6e1c55a9680de91,float,numeric,ee2405458ecf90c4d6e1c55a9680de91,unassigned,none
ee278da6df2f0ca2905e9e38da106ba6,Weekly revenue from sale of attribute ee278da6df2f0ca2905e9e38da106ba6,float,numeric,ee278da6df2f0ca2905e9e38da106ba6,unassigned,none
ee3e94e918d05a5da04a4cb547e91dcc,Weekly revenue from sale of attribute ee3e94e918d05a5da04a4cb547e91dcc,float,numeric,ee3e94e918d05a5da04a4cb547e91dcc,unassigned,none
ee406bf28024d97771c4b1e8b7e8e219,Weekly revenue from sale of attribute ee406bf28024d97771c4b1e8b7e8e219,float,numeric,ee406bf28024d97771c4b1e8b7e8e219,unassigned,none
ee473bd1ca4e671eafbcb7453d7d7c5f,Weekly revenue from sale of attribute ee473bd1ca4e671eafbcb7453d7d7c5f,float,numeric,ee473bd1ca4e671eafbcb7453d7d7c5f,unassigned,none
ee4c8acefd0dbcae1a83e07c101318f4,Weekly revenue from sale of attribute ee4c8acefd0dbcae1a83e07c101318f4,float,numeric,ee4c8acefd0dbcae1a83e07c101318f4,unassigned,none
ee6e15447094b902e95fa175c5695cee,Weekly revenue from sale of attribute ee6e15447094b902e95fa175c5695cee,float,numeric,ee6e15447094b902e95fa175c5695cee,unassigned,none
ee8b16196604ed47b34b094351ce68e2,Weekly revenue from sale of attribute ee8b16196604ed47b34b094351ce68e2,float,numeric,ee8b16196604ed47b34b094351ce68e2,unassigned,none
eea1d0033f3735c72d0501fdc2be0437,Weekly revenue from sale of attribute eea1d0033f3735c72d0501fdc2be0437,float,numeric,eea1d0033f3735c72d0501fdc2be0437,unassigned,none
eea25b95f84281753d8013ad279889d5,Weekly revenue from sale of attribute eea25b95f84281753d8013ad279889d5,float,numeric,eea25b95f84281753d8013ad279889d5,unassigned,none
eebbed5ed3b134eceb717496c47652ba,Weekly revenue from sale of attribute eebbed5ed3b134eceb717496c47652ba,float,numeric,eebbed5ed3b134eceb717496c47652ba,unassigned,none
eecc2c78b528d8073b4f1c4bddf92aae,Weekly revenue from sale of attribute eecc2c78b528d8073b4f1c4bddf92aae,float,numeric,eecc2c78b528d8073b4f1c4bddf92aae,unassigned,none
eedc20781b2e095ce09617ffc959e188,Weekly revenue from sale of attribute eedc20781b2e095ce09617ffc959e188,float,numeric,eedc20781b2e095ce09617ffc959e188,unassigned,none
eee02ac99af9217137a2ef5eaad20376,Weekly revenue from sale of attribute eee02ac99af9217137a2ef5eaad20376,float,numeric,eee02ac99af9217137a2ef5eaad20376,unassigned,none
ef0e165d773ec293c5aeb5470a08b183,Weekly revenue from sale of attribute ef0e165d773ec293c5aeb5470a08b183,float,numeric,ef0e165d773ec293c5aeb5470a08b183,unassigned,none
ef30fdd053284aaffa42dfd5612b66d8,Weekly revenue from sale of attribute ef30fdd053284aaffa42dfd5612b66d8,float,numeric,ef30fdd053284aaffa42dfd5612b66d8,unassigned,none
ef4540657d5c1a50e8d348744f563d05,Weekly revenue from sale of attribute ef4540657d5c1a50e8d348744f563d05,float,numeric,ef4540657d5c1a50e8d348744f563d05,unassigned,none
ef5c31aee1d5074121a478b14d3eb50e,Weekly revenue from sale of attribute ef5c31aee1d5074121a478b14d3eb50e,float,numeric,ef5c31aee1d5074121a478b14d3eb50e,unassigned,none
ef8856db4e302ad33dc4d91e40f7593c,Weekly revenue from sale of attribute ef8856db4e302ad33dc4d91e40f7593c,float,numeric,ef8856db4e302ad33dc4d91e40f7593c,unassigned,none
ef928092a3fdfd856fe65902aff46e46,Weekly revenue from sale of attribute ef928092a3fdfd856fe65902aff46e46,float,numeric,ef928092a3fdfd856fe65902aff46e46,unassigned,none
ef9ac8a095abb122d1f1314abc153e2c,Weekly revenue from sale of attribute ef9ac8a095abb122d1f1314abc153e2c,float,numeric,ef9ac8a095abb122d1f1314abc153e2c,unassigned,none
ef9ae4fb9a9005e8e463cc2616084276,Weekly revenue from sale of attribute ef9ae4fb9a9005e8e463cc2616084276,float,numeric,ef9ae4fb9a9005e8e463cc2616084276,unassigned,none
efa91c03c750cf82e0e9fc5523aca73c,Weekly revenue from sale of attribute efa91c03c750cf82e0e9fc5523aca73c,float,numeric,efa91c03c750cf82e0e9fc5523aca73c,unassigned,none
efd9689d6ae4ee9111b9b9f8b0f87f12,Weekly revenue from sale of attribute efd9689d6ae4ee9111b9b9f8b0f87f12,float,numeric,efd9689d6ae4ee9111b9b9f8b0f87f12,unassigned,none
f03859e4cc21018569f5ae7a03897ff4,Weekly revenue from sale of attribute f03859e4cc21018569f5ae7a03897ff4,float,numeric,f03859e4cc21018569f5ae7a03897ff4,unassigned,none
f045db2493d42bb131ef8e37c3aef061,Weekly revenue from sale of attribute f045db2493d42bb131ef8e37c3aef061,float,numeric,f045db2493d42bb131ef8e37c3aef061,unassigned,none
f06796447de379a26dde5fcac6a1a2f7,Weekly revenue from sale of attribute f06796447de379a26dde5fcac6a1a2f7,float,numeric,f06796447de379a26dde5fcac6a1a2f7,unassigned,none
f0737b524fe6b57f2ad4f174ce23a62c,Weekly revenue from sale of attribute f0737b524fe6b57f2ad4f174ce23a62c,float,numeric,f0737b524fe6b57f2ad4f174ce23a62c,unassigned,none
f07ef9dd6e2d9a366ff30a25e210be70,Weekly revenue from sale of attribute f07ef9dd6e2d9a366ff30a25e210be70,float,numeric,f07ef9dd6e2d9a366ff30a25e210be70,unassigned,none
f08c59bc335a381d2b015c4efdc6dae3,Weekly revenue from sale of attribute f08c59bc335a381d2b015c4efdc6dae3,float,numeric,f08c59bc335a381d2b015c4efdc6dae3,unassigned,none
f0973383ec656ea00297313758897094,Weekly revenue from sale of attribute f0973383ec656ea00297313758897094,float,numeric,f0973383ec656ea00297313758897094,unassigned,none
f09f6223e88af7f6de46dec6a437458b,Weekly revenue from sale of attribute f09f6223e88af7f6de46dec6a437458b,float,numeric,f09f6223e88af7f6de46dec6a437458b,unassigned,none
f0af7ec9760e53f21277444f32ee3308,Weekly revenue from sale of attribute f0af7ec9760e53f21277444f32ee3308,float,numeric,f0af7ec9760e53f21277444f32ee3308,unassigned,none
f0bdec4f1c899ce1258888fa9d6db7d0,Weekly revenue from sale of attribute f0bdec4f1c899ce1258888fa9d6db7d0,float,numeric,f0bdec4f1c899ce1258888fa9d6db7d0,unassigned,none
f0c39c49847d1eab4dae5245694acd3e,Weekly revenue from sale of attribute f0c39c49847d1eab4dae5245694acd3e,float,numeric,f0c39c49847d1eab4dae5245694acd3e,unassigned,none
f0d56a1df2c0a7a756d7e4352cdcc8f0,Weekly revenue from sale of attribute f0d56a1df2c0a7a756d7e4352cdcc8f0,float,numeric,f0d56a1df2c0a7a756d7e4352cdcc8f0,unassigned,none
f0f2af23f970208fe4132a77aca3c63f,Weekly revenue from sale of attribute f0f2af23f970208fe4132a77aca3c63f,float,numeric,f0f2af23f970208fe4132a77aca3c63f,unassigned,none
f0f719ace174d68fdc838d8d6c4ce26e,Weekly revenue from sale of attribute f0f719ace174d68fdc838d8d6c4ce26e,float,numeric,f0f719ace174d68fdc838d8d6c4ce26e,unassigned,none
f0fd2799d9eb02ccb6efa890519a6c4d,Weekly revenue from sale of attribute f0fd2799d9eb02ccb6efa890519a6c4d,float,numeric,f0fd2799d9eb02ccb6efa890519a6c4d,unassigned,none
f1261761d91b574288d60a6390a007b6,Weekly revenue from sale of attribute f1261761d91b574288d60a6390a007b6,float,numeric,f1261761d91b574288d60a6390a007b6,unassigned,none
f15982438cbe439923dbc01e8ee1b6e8,Weekly revenue from sale of attribute f15982438cbe439923dbc01e8ee1b6e8,float,numeric,f15982438cbe439923dbc01e8ee1b6e8,unassigned,none
f17d1aa5300d268089a9c5136dbeb6b0,Weekly revenue from sale of attribute f17d1aa5300d268089a9c5136dbeb6b0,float,numeric,f17d1aa5300d268089a9c5136dbeb6b0,unassigned,none
f18f40e6344e72cfd537f21d9745e8cc,Weekly revenue from sale of attribute f18f40e6344e72cfd537f21d9745e8cc,float,numeric,f18f40e6344e72cfd537f21d9745e8cc,unassigned,none
f1c7f353075ce59d8a6f3cf58f419c9c,Weekly revenue from sale of attribute f1c7f353075ce59d8a6f3cf58f419c9c,float,numeric,f1c7f353075ce59d8a6f3cf58f419c9c,unassigned,none
f1d0ef439f9f2246803f89f1005ff709,Weekly revenue from sale of attribute f1d0ef439f9f2246803f89f1005ff709,float,numeric,f1d0ef439f9f2246803f89f1005ff709,unassigned,none
f1d4ce8c6dd66c47bbaa8c6781c2a923,Weekly revenue from sale of attribute f1d4ce8c6dd66c47bbaa8c6781c2a923,float,numeric,f1d4ce8c6dd66c47bbaa8c6781c2a923,unassigned,none
f1f01d27cb8664e16d57ef4a8075f3be,Weekly revenue from sale of attribute f1f01d27cb8664e16d57ef4a8075f3be,float,numeric,f1f01d27cb8664e16d57ef4a8075f3be,unassigned,none
f1fe595ee7ef768b41bd9b246d13432d,Weekly revenue from sale of attribute f1fe595ee7ef768b41bd9b246d13432d,float,numeric,f1fe595ee7ef768b41bd9b246d13432d,unassigned,none
f22c9d6ce2431ff939aad39e026cc7ef,Weekly revenue from sale of attribute f22c9d6ce2431ff939aad39e026cc7ef,float,numeric,f22c9d6ce2431ff939aad39e026cc7ef,unassigned,none
f25b4b41194b370120c42e1b19bd2a8a,Weekly revenue from sale of attribute f25b4b41194b370120c42e1b19bd2a8a,float,numeric,f25b4b41194b370120c42e1b19bd2a8a,unassigned,none
f264c1d9b20b5e4a340254d0405e613b,Weekly revenue from sale of attribute f264c1d9b20b5e4a340254d0405e613b,float,numeric,f264c1d9b20b5e4a340254d0405e613b,unassigned,none
f288cae3916218ec01f708d093b29d4f,Weekly revenue from sale of attribute f288cae3916218ec01f708d093b29d4f,float,numeric,f288cae3916218ec01f708d093b29d4f,unassigned,none
f2af004352a06a99dca765596240cbc3,Weekly revenue from sale of attribute f2af004352a06a99dca765596240cbc3,float,numeric,f2af004352a06a99dca765596240cbc3,unassigned,none
f2e53dd1670f3c376518263b3f71424d,Weekly revenue from sale of attribute f2e53dd1670f3c376518263b3f71424d,float,numeric,f2e53dd1670f3c376518263b3f71424d,unassigned,none
f2f411f86bd5bd427e28e2a30771761f,Weekly revenue from sale of attribute f2f411f86bd5bd427e28e2a30771761f,float,numeric,f2f411f86bd5bd427e28e2a30771761f,unassigned,none
f30de5fdde000c5debf03cc49d782249,Weekly revenue from sale of attribute f30de5fdde000c5debf03cc49d782249,float,numeric,f30de5fdde000c5debf03cc49d782249,unassigned,none
f3378729b1a09fa8f2c42e2457d6b1da,Weekly revenue from sale of attribute f3378729b1a09fa8f2c42e2457d6b1da,float,numeric,f3378729b1a09fa8f2c42e2457d6b1da,unassigned,none
f35927953ed82e19d06ad3aac2f06353,Weekly revenue from sale of attribute f35927953ed82e19d06ad3aac2f06353,float,numeric,f35927953ed82e19d06ad3aac2f06353,unassigned,none
f3663060e64c25fba789fe033263da67,Weekly revenue from sale of attribute f3663060e64c25fba789fe033263da67,float,numeric,f3663060e64c25fba789fe033263da67,unassigned,none
f3720bc68555b1bff49b9ffd41b017ac,Weekly revenue from sale of attribute f3720bc68555b1bff49b9ffd41b017ac,float,numeric,f3720bc68555b1bff49b9ffd41b017ac,unassigned,none
f3783ff90631773bc67baf91edcbcb69,Weekly revenue from sale of attribute f3783ff90631773bc67baf91edcbcb69,float,numeric,f3783ff90631773bc67baf91edcbcb69,unassigned,none
f37d4bcbd21078ef36fd59518e99f045,Weekly revenue from sale of attribute f37d4bcbd21078ef36fd59518e99f045,float,numeric,f37d4bcbd21078ef36fd59518e99f045,unassigned,none
f38c674135b439b1d2deb1d68da9f4e6,Weekly revenue from sale of attribute f38c674135b439b1d2deb1d68da9f4e6,float,numeric,f38c674135b439b1d2deb1d68da9f4e6,unassigned,none
f39a8b27ce90ac582103bf36f09690dd,Weekly revenue from sale of attribute f39a8b27ce90ac582103bf36f09690dd,float,numeric,f39a8b27ce90ac582103bf36f09690dd,unassigned,none
f3b5bbdfd20be94cc96583501d2819ce,Weekly revenue from sale of attribute f3b5bbdfd20be94cc96583501d2819ce,float,numeric,f3b5bbdfd20be94cc96583501d2819ce,unassigned,none
f3c5707e7c539ab6533e3611da02b648,Weekly revenue from sale of attribute f3c5707e7c539ab6533e3611da02b648,float,numeric,f3c5707e7c539ab6533e3611da02b648,unassigned,none
f3ce47ccf98da2906f6b8b1387618e07,Weekly revenue from sale of attribute f3ce47ccf98da2906f6b8b1387618e07,float,numeric,f3ce47ccf98da2906f6b8b1387618e07,unassigned,none
f3efd1d829b025dddc72baba33e17c19,Weekly revenue from sale of attribute f3efd1d829b025dddc72baba33e17c19,float,numeric,f3efd1d829b025dddc72baba33e17c19,unassigned,none
f405ca375ecf0c43fd547ed766df66cc,Weekly revenue from sale of attribute f405ca375ecf0c43fd547ed766df66cc,float,numeric,f405ca375ecf0c43fd547ed766df66cc,unassigned,none
f40876e0ef3cd5f9132b1f16b04b1346,Weekly revenue from sale of attribute f40876e0ef3cd5f9132b1f16b04b1346,float,numeric,f40876e0ef3cd5f9132b1f16b04b1346,unassigned,none
f4135cbdece8245560f7be179533797a,Weekly revenue from sale of attribute f4135cbdece8245560f7be179533797a,float,numeric,f4135cbdece8245560f7be179533797a,unassigned,none
f422d0d9f8b5f7c27289382b14b61248,Weekly revenue from sale of attribute f422d0d9f8b5f7c27289382b14b61248,float,numeric,f422d0d9f8b5f7c27289382b14b61248,unassigned,none
f484aa505452986f295eb1205a44debd,Weekly revenue from sale of attribute f484aa505452986f295eb1205a44debd,float,numeric,f484aa505452986f295eb1205a44debd,unassigned,none
f4938e02188d323c8412d2ea07d230e4,Weekly revenue from sale of attribute f4938e02188d323c8412d2ea07d230e4,float,numeric,f4938e02188d323c8412d2ea07d230e4,unassigned,none
f497ba62f1d6b4f6a3a3266fa8623ad3,Weekly revenue from sale of attribute f497ba62f1d6b4f6a3a3266fa8623ad3,float,numeric,f497ba62f1d6b4f6a3a3266fa8623ad3,unassigned,none
f4b3b257580c1430e51d71dd731273c2,Weekly revenue from sale of attribute f4b3b257580c1430e51d71dd731273c2,float,numeric,f4b3b257580c1430e51d71dd731273c2,unassigned,none
f4b952dd7ab601c02bb1bd06395f45f6,Weekly revenue from sale of attribute f4b952dd7ab601c02bb1bd06395f45f6,float,numeric,f4b952dd7ab601c02bb1bd06395f45f6,unassigned,none
f4d18451e6c35980e6898e36dfd6fb55,Weekly revenue from sale of attribute f4d18451e6c35980e6898e36dfd6fb55,float,numeric,f4d18451e6c35980e6898e36dfd6fb55,unassigned,none
f4d450a6163f21cf9db8bcdf8c7e50f8,Weekly revenue from sale of attribute f4d450a6163f21cf9db8bcdf8c7e50f8,float,numeric,f4d450a6163f21cf9db8bcdf8c7e50f8,unassigned,none
f4f4debbcfcafe6858d1e37a1f6e436e,Weekly revenue from sale of attribute f4f4debbcfcafe6858d1e37a1f6e436e,float,numeric,f4f4debbcfcafe6858d1e37a1f6e436e,unassigned,none
f4f67ccaece962d013a4e1d7dc3a61f7,Weekly revenue from sale of attribute f4f67ccaece962d013a4e1d7dc3a61f7,float,numeric,f4f67ccaece962d013a4e1d7dc3a61f7,unassigned,none
f522bb1400b17373f48c625ccdcb3a13,Weekly revenue from sale of attribute f522bb1400b17373f48c625ccdcb3a13,float,numeric,f522bb1400b17373f48c625ccdcb3a13,unassigned,none
f56e93f8bec270456dd5ec3272bd42f3,Weekly revenue from sale of attribute f56e93f8bec270456dd5ec3272bd42f3,float,numeric,f56e93f8bec270456dd5ec3272bd42f3,unassigned,none
f5a9be6a5b9fbbd35e67c6883914c1ab,Weekly revenue from sale of attribute f5a9be6a5b9fbbd35e67c6883914c1ab,float,numeric,f5a9be6a5b9fbbd35e67c6883914c1ab,unassigned,none
f5badee8a0e679f057ec0ca4f0f32dcb,Weekly revenue from sale of attribute f5badee8a0e679f057ec0ca4f0f32dcb,float,numeric,f5badee8a0e679f057ec0ca4f0f32dcb,unassigned,none
f5e3c48bff299925879d1507ab662a2b,Weekly revenue from sale of attribute f5e3c48bff299925879d1507ab662a2b,float,numeric,f5e3c48bff299925879d1507ab662a2b,unassigned,none
f5f0b722d7662e8939727fb49e45d046,Weekly revenue from sale of attribute f5f0b722d7662e8939727fb49e45d046,float,numeric,f5f0b722d7662e8939727fb49e45d046,unassigned,none
f6085e99db2df10f9829b6193314615e,Weekly revenue from sale of attribute f6085e99db2df10f9829b6193314615e,float,numeric,f6085e99db2df10f9829b6193314615e,unassigned,none
f63729cf4441fe64282cd1b82281792d,Weekly revenue from sale of attribute f63729cf4441fe64282cd1b82281792d,float,numeric,f63729cf4441fe64282cd1b82281792d,unassigned,none
f65464750198350b78735037a9b35dd2,Weekly revenue from sale of attribute f65464750198350b78735037a9b35dd2,float,numeric,f65464750198350b78735037a9b35dd2,unassigned,none
f67f7aa7e27d08018022abb4bdc90a38,Weekly revenue from sale of attribute f67f7aa7e27d08018022abb4bdc90a38,float,numeric,f67f7aa7e27d08018022abb4bdc90a38,unassigned,none
f69581741831e1dcd24e28e299ad36ff,Weekly revenue from sale of attribute f69581741831e1dcd24e28e299ad36ff,float,numeric,f69581741831e1dcd24e28e299ad36ff,unassigned,none
f6bd73f359ad6b91076b19cc0b70b44a,Weekly revenue from sale of attribute f6bd73f359ad6b91076b19cc0b70b44a,float,numeric,f6bd73f359ad6b91076b19cc0b70b44a,unassigned,none
f6ce2f79a280fa3c1ddc114d34ab273d,Weekly revenue from sale of attribute f6ce2f79a280fa3c1ddc114d34ab273d,float,numeric,f6ce2f79a280fa3c1ddc114d34ab273d,unassigned,none
f6e3aeb40c00aec24ade8333c2ac1b20,Weekly revenue from sale of attribute f6e3aeb40c00aec24ade8333c2ac1b20,float,numeric,f6e3aeb40c00aec24ade8333c2ac1b20,unassigned,none
f6eda47c88d786adf6f3e3f016833927,Weekly revenue from sale of attribute f6eda47c88d786adf6f3e3f016833927,float,numeric,f6eda47c88d786adf6f3e3f016833927,unassigned,none
f71973c922ccaab05514a36a8bc741b8,Weekly revenue from sale of attribute f71973c922ccaab05514a36a8bc741b8,float,numeric,f71973c922ccaab05514a36a8bc741b8,unassigned,none
f71b4fadb8b8e7564f1e8b8aba66c106,Weekly revenue from sale of attribute f71b4fadb8b8e7564f1e8b8aba66c106,float,numeric,f71b4fadb8b8e7564f1e8b8aba66c106,unassigned,none
f71c0f4ee48321ba6b82205b2fc9e08f,Weekly revenue from sale of attribute f71c0f4ee48321ba6b82205b2fc9e08f,float,numeric,f71c0f4ee48321ba6b82205b2fc9e08f,unassigned,none
f71e81166f65ac9b5174e4630ab20615,Weekly revenue from sale of attribute f71e81166f65ac9b5174e4630ab20615,float,numeric,f71e81166f65ac9b5174e4630ab20615,unassigned,none
f71f42e2381752836563b70beb542f80,Weekly revenue from sale of attribute f71f42e2381752836563b70beb542f80,float,numeric,f71f42e2381752836563b70beb542f80,unassigned,none
f731f8587d4088c174397e010cf892a9,Weekly revenue from sale of attribute f731f8587d4088c174397e010cf892a9,float,numeric,f731f8587d4088c174397e010cf892a9,unassigned,none
f74353ffeaa55836a3cf603a2dcd855e,Weekly revenue from sale of attribute f74353ffeaa55836a3cf603a2dcd855e,float,numeric,f74353ffeaa55836a3cf603a2dcd855e,unassigned,none
f74eb9bc847b5e5e906e5e214bb451b8,Weekly revenue from sale of attribute f74eb9bc847b5e5e906e5e214bb451b8,float,numeric,f74eb9bc847b5e5e906e5e214bb451b8,unassigned,none
f74ed500ab93d12ce3fbc611474d89af,Weekly revenue from sale of attribute f74ed500ab93d12ce3fbc611474d89af,float,numeric,f74ed500ab93d12ce3fbc611474d89af,unassigned,none
f7740e5b4337a3cc4a8a204553101a85,Weekly revenue from sale of attribute f7740e5b4337a3cc4a8a204553101a85,float,numeric,f7740e5b4337a3cc4a8a204553101a85,unassigned,none
f7944bea06011a56749cb63cb546b89a,Weekly revenue from sale of attribute f7944bea06011a56749cb63cb546b89a,float,numeric,f7944bea06011a56749cb63cb546b89a,unassigned,none
f7a17d2c51d9df89a4f1711c4ac17f33,Weekly revenue from sale of attribute f7a17d2c51d9df89a4f1711c4ac17f33,float,numeric,f7a17d2c51d9df89a4f1711c4ac17f33,unassigned,none
f7bb503725fb4d7bb55301d5bceba728,Weekly revenue from sale of attribute f7bb503725fb4d7bb55301d5bceba728,float,numeric,f7bb503725fb4d7bb55301d5bceba728,unassigned,none
f7c72fa5d77c897b79b13a5f86f27b02,Weekly revenue from sale of attribute f7c72fa5d77c897b79b13a5f86f27b02,float,numeric,f7c72fa5d77c897b79b13a5f86f27b02,unassigned,none
f7e0fa615b386bc9a8b9eb52bc1fff76,Weekly revenue from sale of attribute f7e0fa615b386bc9a8b9eb52bc1fff76,float,numeric,f7e0fa615b386bc9a8b9eb52bc1fff76,unassigned,none
f7f59e6186e10983a061ac7bdb3494d6,Weekly revenue from sale of attribute f7f59e6186e10983a061ac7bdb3494d6,float,numeric,f7f59e6186e10983a061ac7bdb3494d6,unassigned,none
f80214fd7d681d1dcf12b3acaf4f0da7,Weekly revenue from sale of attribute f80214fd7d681d1dcf12b3acaf4f0da7,float,numeric,f80214fd7d681d1dcf12b3acaf4f0da7,unassigned,none
f819f0c84a64f02d3a5606ca95edd272,Weekly revenue from sale of attribute f819f0c84a64f02d3a5606ca95edd272,float,numeric,f819f0c84a64f02d3a5606ca95edd272,unassigned,none
f81a1edab43cbf08299503316612bacf,Weekly revenue from sale of attribute f81a1edab43cbf08299503316612bacf,float,numeric,f81a1edab43cbf08299503316612bacf,unassigned,none
f8328e9125f089a968fc6b36116c4bb9,Weekly revenue from sale of attribute f8328e9125f089a968fc6b36116c4bb9,float,numeric,f8328e9125f089a968fc6b36116c4bb9,unassigned,none
f832d1b20241274bc51c2d691b0f4b94,Weekly revenue from sale of attribute f832d1b20241274bc51c2d691b0f4b94,float,numeric,f832d1b20241274bc51c2d691b0f4b94,unassigned,none
f86ab4e67c4b9e24b61a0abab8cba388,Weekly revenue from sale of attribute f86ab4e67c4b9e24b61a0abab8cba388,float,numeric,f86ab4e67c4b9e24b61a0abab8cba388,unassigned,none
f88c49a33f73e7c5d2f5cbf231f5b536,Weekly revenue from sale of attribute f88c49a33f73e7c5d2f5cbf231f5b536,float,numeric,f88c49a33f73e7c5d2f5cbf231f5b536,unassigned,none
f8ca22f13e0b58c30e9a8822f20d9ba9,Weekly revenue from sale of attribute f8ca22f13e0b58c30e9a8822f20d9ba9,float,numeric,f8ca22f13e0b58c30e9a8822f20d9ba9,unassigned,none
f8d60c5ad1317240cc6138c3d50776b5,Weekly revenue from sale of attribute f8d60c5ad1317240cc6138c3d50776b5,float,numeric,f8d60c5ad1317240cc6138c3d50776b5,unassigned,none
f908d3bf313a1308bfb2a46ea2685347,Weekly revenue from sale of attribute f908d3bf313a1308bfb2a46ea2685347,float,numeric,f908d3bf313a1308bfb2a46ea2685347,unassigned,none
f9259c9e7c0f12c70f7a81409680a5ff,Weekly revenue from sale of attribute f9259c9e7c0f12c70f7a81409680a5ff,float,numeric,f9259c9e7c0f12c70f7a81409680a5ff,unassigned,none
f93213a23c50edc16c27b96333f734dc,Weekly revenue from sale of attribute f93213a23c50edc16c27b96333f734dc,float,numeric,f93213a23c50edc16c27b96333f734dc,unassigned,none
f95dcd7b0926e47d0f20a9050aea2e9e,Weekly revenue from sale of attribute f95dcd7b0926e47d0f20a9050aea2e9e,float,numeric,f95dcd7b0926e47d0f20a9050aea2e9e,unassigned,none
f96af21b8cf0b09ce2aed5462e40671a,Weekly revenue from sale of attribute f96af21b8cf0b09ce2aed5462e40671a,float,numeric,f96af21b8cf0b09ce2aed5462e40671a,unassigned,none
f97b8c47571a82c23473ff139b8a58e5,Weekly revenue from sale of attribute f97b8c47571a82c23473ff139b8a58e5,float,numeric,f97b8c47571a82c23473ff139b8a58e5,unassigned,none
f98dbc219c0bcd7fb37420dff826912f,Weekly revenue from sale of attribute f98dbc219c0bcd7fb37420dff826912f,float,numeric,f98dbc219c0bcd7fb37420dff826912f,unassigned,none
f992bc38a69c993979545475f05ba50f,Weekly revenue from sale of attribute f992bc38a69c993979545475f05ba50f,float,numeric,f992bc38a69c993979545475f05ba50f,unassigned,none
f9b4f8ef12259efd919fbaf21f8f66a4,Weekly revenue from sale of attribute f9b4f8ef12259efd919fbaf21f8f66a4,float,numeric,f9b4f8ef12259efd919fbaf21f8f66a4,unassigned,none
f9be8e0e5acd947d8f49dbc390b9ab20,Weekly revenue from sale of attribute f9be8e0e5acd947d8f49dbc390b9ab20,float,numeric,f9be8e0e5acd947d8f49dbc390b9ab20,unassigned,none
fa126ff62aae83e37857ad495641c878,Weekly revenue from sale of attribute fa126ff62aae83e37857ad495641c878,float,numeric,fa126ff62aae83e37857ad495641c878,unassigned,none
fa2fd2d3e78769a9f0b997cfa389a0d2,Weekly revenue from sale of attribute fa2fd2d3e78769a9f0b997cfa389a0d2,float,numeric,fa2fd2d3e78769a9f0b997cfa389a0d2,unassigned,none
fa39c60599eb6573020f07a1b4dd38cf,Weekly revenue from sale of attribute fa39c60599eb6573020f07a1b4dd38cf,float,numeric,fa39c60599eb6573020f07a1b4dd38cf,unassigned,none
fa3bc8d73fe3b0ec061190651433a417,Weekly revenue from sale of attribute fa3bc8d73fe3b0ec061190651433a417,float,numeric,fa3bc8d73fe3b0ec061190651433a417,unassigned,none
fa4e8255202fd921350a6fc716710dae,Weekly revenue from sale of attribute fa4e8255202fd921350a6fc716710dae,float,numeric,fa4e8255202fd921350a6fc716710dae,unassigned,none
fa54ba82589db68838ebe0225c34f30a,Weekly revenue from sale of attribute fa54ba82589db68838ebe0225c34f30a,float,numeric,fa54ba82589db68838ebe0225c34f30a,unassigned,none
fa80471d26662bb653b2286e4b735a5a,Weekly revenue from sale of attribute fa80471d26662bb653b2286e4b735a5a,float,numeric,fa80471d26662bb653b2286e4b735a5a,unassigned,none
fa8f466a5cc7c984851474eda1c9e17d,Weekly revenue from sale of attribute fa8f466a5cc7c984851474eda1c9e17d,float,numeric,fa8f466a5cc7c984851474eda1c9e17d,unassigned,none
fa94f25a73969e3a25d52706e246dfcc,Weekly revenue from sale of attribute fa94f25a73969e3a25d52706e246dfcc,float,numeric,fa94f25a73969e3a25d52706e246dfcc,unassigned,none
faa445166ca307f7436e1d84d68a893d,Weekly revenue from sale of attribute faa445166ca307f7436e1d84d68a893d,float,numeric,faa445166ca307f7436e1d84d68a893d,unassigned,none
fadc89c2a60ff96b18827644074dfd70,Weekly revenue from sale of attribute fadc89c2a60ff96b18827644074dfd70,float,numeric,fadc89c2a60ff96b18827644074dfd70,unassigned,none
faec279ddbbce3de75d2adf10f612a5e,Weekly revenue from sale of attribute faec279ddbbce3de75d2adf10f612a5e,float,numeric,faec279ddbbce3de75d2adf10f612a5e,unassigned,none
fb01a5fc09b9b9563c2ee41a22f07d54,Weekly revenue from sale of attribute fb01a5fc09b9b9563c2ee41a22f07d54,float,numeric,fb01a5fc09b9b9563c2ee41a22f07d54,unassigned,none
fb05d01823da2c4e90924c5486134808,Weekly revenue from sale of attribute fb05d01823da2c4e90924c5486134808,float,numeric,fb05d01823da2c4e90924c5486134808,unassigned,none
fb0e979620b2fd991a12edd108fc83f3,Weekly revenue from sale of attribute fb0e979620b2fd991a12edd108fc83f3,float,numeric,fb0e979620b2fd991a12edd108fc83f3,unassigned,none
fb20d37a2c78452667f7a347e756727c,Weekly revenue from sale of attribute fb20d37a2c78452667f7a347e756727c,float,numeric,fb20d37a2c78452667f7a347e756727c,unassigned,none
fb4363c293445382596484ff01de78bc,Weekly revenue from sale of attribute fb4363c293445382596484ff01de78bc,float,numeric,fb4363c293445382596484ff01de78bc,unassigned,none
fb55982be901439613a95940feefd9ee,Weekly revenue from sale of attribute fb55982be901439613a95940feefd9ee,float,numeric,fb55982be901439613a95940feefd9ee,unassigned,none
fb5bf004540ad1453e3903bdd2162293,Weekly revenue from sale of attribute fb5bf004540ad1453e3903bdd2162293,float,numeric,fb5bf004540ad1453e3903bdd2162293,unassigned,none
fb783e3e545937820b57fe539b2c5a6c,Weekly revenue from sale of attribute fb783e3e545937820b57fe539b2c5a6c,float,numeric,fb783e3e545937820b57fe539b2c5a6c,unassigned,none
fb7a100ec8c7b34f60cec22b1a9a10e0,Weekly revenue from sale of attribute fb7a100ec8c7b34f60cec22b1a9a10e0,float,numeric,fb7a100ec8c7b34f60cec22b1a9a10e0,unassigned,none
fb8c11da2e1b1634e879d1c3c6762dc2,Weekly revenue from sale of attribute fb8c11da2e1b1634e879d1c3c6762dc2,float,numeric,fb8c11da2e1b1634e879d1c3c6762dc2,unassigned,none
fb909933914c1f945839287e7c253687,Weekly revenue from sale of attribute fb909933914c1f945839287e7c253687,float,numeric,fb909933914c1f945839287e7c253687,unassigned,none
fb949f35bd1873f846cb7246d9db81b0,Weekly revenue from sale of attribute fb949f35bd1873f846cb7246d9db81b0,float,numeric,fb949f35bd1873f846cb7246d9db81b0,unassigned,none
fbc1488c1a1e72ba175f53ab29a248e8,Weekly revenue from sale of attribute fbc1488c1a1e72ba175f53ab29a248e8,float,numeric,fbc1488c1a1e72ba175f53ab29a248e8,unassigned,none
fbd4031ddbc3d02b95834b62769d3ad0,Weekly revenue from sale of attribute fbd4031ddbc3d02b95834b62769d3ad0,float,numeric,fbd4031ddbc3d02b95834b62769d3ad0,unassigned,none
fc1449f3ffc59fd2eb9640505aea0581,Weekly revenue from sale of attribute fc1449f3ffc59fd2eb9640505aea0581,float,numeric,fc1449f3ffc59fd2eb9640505aea0581,unassigned,none
fc40fe8ca610260f036ecf18dd8d3b24,Weekly revenue from sale of attribute fc40fe8ca610260f036ecf18dd8d3b24,float,numeric,fc40fe8ca610260f036ecf18dd8d3b24,unassigned,none
fc5428e8e3dbc80bf96f681ed2e95026,Weekly revenue from sale of attribute fc5428e8e3dbc80bf96f681ed2e95026,float,numeric,fc5428e8e3dbc80bf96f681ed2e95026,unassigned,none
fca5350a69eb4d8ae4f5884413ebd0e5,Weekly revenue from sale of attribute fca5350a69eb4d8ae4f5884413ebd0e5,float,numeric,fca5350a69eb4d8ae4f5884413ebd0e5,unassigned,none
fca62108387e25005784da2f551466a1,Weekly revenue from sale of attribute fca62108387e25005784da2f551466a1,float,numeric,fca62108387e25005784da2f551466a1,unassigned,none
fcaab5d7f656094e49fbe4ee3a506658,Weekly revenue from sale of attribute fcaab5d7f656094e49fbe4ee3a506658,float,numeric,fcaab5d7f656094e49fbe4ee3a506658,unassigned,none
fcad6e5643f855de4b616a24e6dd25e4,Weekly revenue from sale of attribute fcad6e5643f855de4b616a24e6dd25e4,float,numeric,fcad6e5643f855de4b616a24e6dd25e4,unassigned,none
fcdb929c70287379ce31deed3f733d72,Weekly revenue from sale of attribute fcdb929c70287379ce31deed3f733d72,float,numeric,fcdb929c70287379ce31deed3f733d72,unassigned,none
fcf4c9a897ae906e5a467ebf4589dffd,Weekly revenue from sale of attribute fcf4c9a897ae906e5a467ebf4589dffd,float,numeric,fcf4c9a897ae906e5a467ebf4589dffd,unassigned,none
fcffe8b68efdfe24c139e44753dc505e,Weekly revenue from sale of attribute fcffe8b68efdfe24c139e44753dc505e,float,numeric,fcffe8b68efdfe24c139e44753dc505e,unassigned,none
fd0065af7f09af4b82a0ca8f3eed1852,Weekly revenue from sale of attribute fd0065af7f09af4b82a0ca8f3eed1852,float,numeric,fd0065af7f09af4b82a0ca8f3eed1852,unassigned,none
fd0731561b291a28f6a3a189e86a1107,Weekly revenue from sale of attribute fd0731561b291a28f6a3a189e86a1107,float,numeric,fd0731561b291a28f6a3a189e86a1107,unassigned,none
fd1e94b07608d8b4a74b0c81dd4fe10e,Weekly revenue from sale of attribute fd1e94b07608d8b4a74b0c81dd4fe10e,float,numeric,fd1e94b07608d8b4a74b0c81dd4fe10e,unassigned,none
fd2168a1a9661512d53cb23d6d23ee02,Weekly revenue from sale of attribute fd2168a1a9661512d53cb23d6d23ee02,float,numeric,fd2168a1a9661512d53cb23d6d23ee02,unassigned,none
fd220f6fd5a3f13ef9db07428f9c935d,Weekly revenue from sale of attribute fd220f6fd5a3f13ef9db07428f9c935d,float,numeric,fd220f6fd5a3f13ef9db07428f9c935d,unassigned,none
fd40f3ef9c7fb9c550619a88af47a5de,Weekly revenue from sale of attribute fd40f3ef9c7fb9c550619a88af47a5de,float,numeric,fd40f3ef9c7fb9c550619a88af47a5de,unassigned,none
fd424396761d9e1609c5516b7d8ce17b,Weekly revenue from sale of attribute fd424396761d9e1609c5516b7d8ce17b,float,numeric,fd424396761d9e1609c5516b7d8ce17b,unassigned,none
fda130b26c5b4ddabb0cec19a06abff7,Weekly revenue from sale of attribute fda130b26c5b4ddabb0cec19a06abff7,float,numeric,fda130b26c5b4ddabb0cec19a06abff7,unassigned,none
fdc1340be043a0e6807741d687fc1cd4,Weekly revenue from sale of attribute fdc1340be043a0e6807741d687fc1cd4,float,numeric,fdc1340be043a0e6807741d687fc1cd4,unassigned,none
fdcd8c17805ad801a924cf11272a2834,Weekly revenue from sale of attribute fdcd8c17805ad801a924cf11272a2834,float,numeric,fdcd8c17805ad801a924cf11272a2834,unassigned,none
fdd4f5e099d232bbd0d1fca8eab34172,Weekly revenue from sale of attribute fdd4f5e099d232bbd0d1fca8eab34172,float,numeric,fdd4f5e099d232bbd0d1fca8eab34172,unassigned,none
fdd84aefb08c8f8225e0b8c97429d53b,Weekly revenue from sale of attribute fdd84aefb08c8f8225e0b8c97429d53b,float,numeric,fdd84aefb08c8f8225e0b8c97429d53b,unassigned,none
fdde5bfe43004cc06f12152870b951f4,Weekly revenue from sale of attribute fdde5bfe43004cc06f12152870b951f4,float,numeric,fdde5bfe43004cc06f12152870b951f4,unassigned,none
fdfb90feb49d2b41b8283a8ec6e95590,Weekly revenue from sale of attribute fdfb90feb49d2b41b8283a8ec6e95590,float,numeric,fdfb90feb49d2b41b8283a8ec6e95590,unassigned,none
fe01b643060a6446e59f58e3021e66b3,Weekly revenue from sale of attribute fe01b643060a6446e59f58e3021e66b3,float,numeric,fe01b643060a6446e59f58e3021e66b3,unassigned,none
fe31b2791161c24e921f90788d443e1c,Weekly revenue from sale of attribute fe31b2791161c24e921f90788d443e1c,float,numeric,fe31b2791161c24e921f90788d443e1c,unassigned,none
fe59a1e006df3ac42bf0ceb876d70969,Weekly revenue from sale of attribute fe59a1e006df3ac42bf0ceb876d70969,float,numeric,fe59a1e006df3ac42bf0ceb876d70969,unassigned,none
fe6a9515d655fa7936b8a7c841039f34,Weekly revenue from sale of attribute fe6a9515d655fa7936b8a7c841039f34,float,numeric,fe6a9515d655fa7936b8a7c841039f34,unassigned,none
fe75529a267b76ac6e96f0c322a899a4,Weekly revenue from sale of attribute fe75529a267b76ac6e96f0c322a899a4,float,numeric,fe75529a267b76ac6e96f0c322a899a4,unassigned,none
fe9dfbe7f974621789683b7b78be2a16,Weekly revenue from sale of attribute fe9dfbe7f974621789683b7b78be2a16,float,numeric,fe9dfbe7f974621789683b7b78be2a16,unassigned,none
fec565c4e3ad965c73fb1a21bb809257,Weekly revenue from sale of attribute fec565c4e3ad965c73fb1a21bb809257,float,numeric,fec565c4e3ad965c73fb1a21bb809257,unassigned,none
fecf6223a3494f35362f670e571d2a04,Weekly revenue from sale of attribute fecf6223a3494f35362f670e571d2a04,float,numeric,fecf6223a3494f35362f670e571d2a04,unassigned,none
ff28477a5bcb2fc34bb86a6c2eea1566,Weekly revenue from sale of attribute ff28477a5bcb2fc34bb86a6c2eea1566,float,numeric,ff28477a5bcb2fc34bb86a6c2eea1566,unassigned,none
ff469d5a015226354ab92a85c8c46537,Weekly revenue from sale of attribute ff469d5a015226354ab92a85c8c46537,float,numeric,ff469d5a015226354ab92a85c8c46537,unassigned,none
ff4c1a248a5110d784de5c67a9106d67,Weekly revenue from sale of attribute ff4c1a248a5110d784de5c67a9106d67,float,numeric,ff4c1a248a5110d784de5c67a9106d67,unassigned,none
ff4f5b008c32f80c3f952b2b56a28e04,Weekly revenue from sale of attribute ff4f5b008c32f80c3f952b2b56a28e04,float,numeric,ff4f5b008c32f80c3f952b2b56a28e04,unassigned,none
ff5d87897ed26d564711df324b98ebee,Weekly revenue from sale of attribute ff5d87897ed26d564711df324b98ebee,float,numeric,ff5d87897ed26d564711df324b98ebee,unassigned,none
ff7fccf8513f360157f0660fe51d1d88,Weekly revenue from sale of attribute ff7fccf8513f360157f0660fe51d1d88,float,numeric,ff7fccf8513f360157f0660fe51d1d88,unassigned,none
ff922797a6771cab4e0c51d482285ec3,Weekly revenue from sale of attribute ff922797a6771cab4e0c51d482285ec3,float,numeric,ff922797a6771cab4e0c51d482285ec3,unassigned,none
ffa4ff381e25872b5bf85353ff7ab0c9,Weekly revenue from sale of attribute ffa4ff381e25872b5bf85353ff7ab0c9,float,numeric,ffa4ff381e25872b5bf85353ff7ab0c9,unassigned,none
ffc48c754b5bd736e2887e279d1dec72,Weekly revenue from sale of attribute ffc48c754b5bd736e2887e279d1dec72,float,numeric,ffc48c754b5bd736e2887e279d1dec72,unassigned,none
ffce5ed9e0bcc2e46796b988cdac733b,Weekly revenue from sale of attribute ffce5ed9e0bcc2e46796b988cdac733b,float,numeric,ffce5ed9e0bcc2e46796b988cdac733b,unassigned,none
