assignment_group,timeline,survival
Group 70,0.0,0.9997929797120118
Group 70,0.0548611111111111,0.9997469582625095
Group 70,0.1381944444444444,0.9997009304565997
Group 70,0.1569444444444444,0.9996549015910692
Group 70,0.1791666666666666,0.9996088716658204
Group 70,0.3673611111111111,0.9995858535233821
Group 70,1.8145833333333332,0.999539801331379
Group 70,2.9715277777777778,0.9994937395893821
Group 70,4.736805555555556,0.9994476534227152
Group 70,4.741666666666666,0.9994015661934695
Group 70,4.758333333333334,0.9993554789642238
Group 70,4.784722222222222,0.9993093906722522
Group 70,4.811805555555556,0.9992632991916622
Group 70,4.817361111111111,0.9992172077110721
Group 70,4.8375,0.999171110914647
Group 70,4.852777777777778,0.9991250141182219
Group 70,4.885416666666667,0.9990789162583843
Group 70,4.894444444444445,0.9990328183985469
Group 70,4.904166666666667,0.9989867194751498
Group 70,4.90625,0.9989406173606326
Group 70,4.917361111111111,0.9988945141822612
Group 70,4.940972222222222,0.9988484099399376
Group 70,4.951388888888889,0.998802303569464
Group 70,4.953472222222223,0.9987561961347926
Group 70,4.955555555555556,0.9987100876358251
Group 70,4.956944444444445,0.9986639759435272
Group 70,4.959027777777778,0.9986178631866383
Group 70,4.966666666666667,0.9985717493650601
Group 70,4.974305555555556,0.9985256355434818
Group 70,4.976388888888889,0.9984795206570669
Group 70,4.977083333333334,0.9983872908842369
Group 70,4.977777777777778,0.9983411749327885
Group 70,4.984722222222223,0.9982950557857966
Group 70,4.988888888888889,0.9982489355734759
Group 70,4.990277777777778,0.9982028153611553
Group 70,4.991666666666666,0.9981566951488346
Group 70,4.995138888888889,0.9981105728054136
Group 70,4.997916666666667,0.998064449396319
Group 70,4.999305555555556,0.99797220257813
Group 70,5.000694444444444,0.9978799514963609
Group 70,5.001388888888889,0.9976493184616008
Group 70,5.002083333333333,0.9969573873656847
Group 70,5.002777777777778,0.9960806370597395
Group 70,5.003472222222222,0.9949726753750625
Group 70,5.004166666666666,0.9935407276992674
Group 70,5.004861111111111,0.9911371865110673
Group 70,5.005555555555556,0.9894711763922646
Group 70,5.00625,0.987479869412419
Group 70,5.006944444444445,0.9848379998221016
Group 70,5.007638888888889,0.9822857043814035
Group 70,5.008333333333334,0.9792655028353289
Group 70,5.009027777777778,0.9758221363725199
Group 70,5.009722222222222,0.973212550181318
Group 70,5.010416666666667,0.9697133799584652
Group 70,5.011111111111111,0.9655533254507864
Group 70,5.011805555555555,0.9615705995487476
Group 70,5.0125,0.9581666851683718
Group 70,5.013194444444444,0.9540284471720126
Group 70,5.013888888888889,0.9503054553064432
Group 70,5.014583333333333,0.9463157493903407
Group 70,5.0152777777777775,0.9424376968927767
Group 70,5.015972222222223,0.9377457690060056
Group 70,5.016666666666667,0.9335167660446915
Group 70,5.017361111111111,0.9289928752713986
Group 70,5.018055555555556,0.9240760536202526
Group 70,5.01875,0.9194816365941995
Group 70,5.019444444444445,0.9144925360460805
Group 70,5.020138888888889,0.9102097621191124
Group 70,5.020833333333333,0.9061098267819394
Group 70,5.021527777777778,0.9015879828022152
Group 70,5.022222222222222,0.8974667147980104
Group 70,5.022916666666666,0.8920725841210243
Group 70,5.023611111111111,0.8877349186479306
Group 70,5.024305555555555,0.8831424703194364
Group 70,5.025,0.878121275333429
Group 70,5.0256944444444445,0.8734543370869017
Group 70,5.026388888888889,0.8683312932915636
Group 70,5.027083333333334,0.8632182314007019
Group 70,5.027777777777778,0.8580166294324336
Group 70,5.028472222222222,0.8529252058925126
Group 70,5.029166666666667,0.8470946868256187
Group 70,5.029861111111111,0.8421444256842613
Group 70,5.030555555555556,0.8365282908974776
Group 70,5.03125,0.8299897701052295
Group 70,5.031944444444444,0.8247887634543297
Group 70,5.032638888888889,0.819164167229999
Group 70,5.033333333333333,0.8138270961478974
Group 70,5.034027777777778,0.8082155509478555
Group 70,5.034722222222222,0.8033019197841181
Group 70,5.035416666666666,0.7980141678916265
Group 70,5.036111111111111,0.7934022628113114
Group 70,5.036805555555556,0.7872508558806963
Group 70,5.0375,0.7818544619305517
Group 70,5.038194444444445,0.7765180156280459
Group 70,5.038888888888889,0.771815962112166
Group 70,5.039583333333334,0.7657341299265121
Group 70,5.040277777777778,0.7597861693366035
Group 70,5.040972222222222,0.7544748272145064
Group 70,5.041666666666667,0.7494607359193293
Group 70,5.042361111111111,0.7444545672089782
Group 70,5.043055555555555,0.7401264983093602
Group 70,5.04375,0.7359207775002621
Group 70,5.044444444444444,0.7309223745564954
Group 70,5.045138888888889,0.7256651039638018
Group 70,5.045833333333333,0.7221456119657681
Group 70,5.0465277777777775,0.7188892812339219
Group 70,5.047222222222223,0.7158414105635884
Group 70,5.047916666666667,0.7129506646487063
Group 70,5.048611111111111,0.710108481686292
Group 70,5.049305555555556,0.7077525936597114
Group 70,5.05,0.7055292008546216
Group 70,5.050694444444445,0.7036873751598131
Group 70,5.051388888888889,0.7020356561038085
Group 70,5.052083333333333,0.699885132552927
Group 70,5.052777777777778,0.6978959591607583
Group 70,5.053472222222222,0.696014539670474
Group 70,5.054166666666666,0.6944631001838861
Group 70,5.054861111111111,0.6930204058764449
Group 70,5.055555555555555,0.6917424367976589
Group 70,5.05625,0.6903510488404668
Group 70,5.0569444444444445,0.6885673400344196
Group 70,5.057638888888889,0.687254825739022
Group 70,5.058333333333334,0.6860804613352204
Group 70,5.059027777777778,0.6845689009552897
Group 70,5.059722222222222,0.6837276660792541
Group 70,5.060416666666667,0.6828856023663603
Group 70,5.061111111111111,0.6822673011377794
Group 70,5.061805555555556,0.68176106380646
Group 70,5.0625,0.6806918112403348
Group 70,5.063194444444444,0.6797341614872761
Group 70,5.063888888888889,0.6787754788851037
Group 70,5.064583333333333,0.6776466322546612
Group 70,5.065277777777778,0.6764597615893277
Group 70,5.065972222222222,0.6755542308480242
Group 70,5.066666666666666,0.6746186779663262
Group 70,5.067361111111111,0.6742214428766757
Group 70,5.068055555555556,0.6737104970206729
Group 70,5.06875,0.6730855863648648
Group 70,5.069444444444445,0.6726877144593967
Group 70,5.070138888888889,0.6724602533783841
Group 70,5.070833333333334,0.6719480978160244
Group 70,5.071527777777778,0.671492481866325
Group 70,5.072222222222222,0.6708657973288856
Group 70,5.072916666666667,0.6702387400343606
Group 70,5.073611111111111,0.6696682512570407
Group 70,5.074305555555555,0.6687547298980063
Group 70,5.075,0.6680975192165992
Group 70,5.075694444444444,0.6676971868561715
Group 70,5.076388888888889,0.6674682980746294
Group 70,5.077083333333333,0.667124876577528
Group 70,5.0777777777777775,0.666609368387505
Group 70,5.078472222222223,0.6663801157459823
Group 70,5.079166666666667,0.666150803937398
Group 70,5.079861111111111,0.6659213835391243
Group 70,5.080555555555556,0.6656345092085599
Group 70,5.08125,0.6654622881195021
Group 70,5.081944444444445,0.6648880939885047
Group 70,5.082638888888889,0.6647157538915662
Group 70,5.083333333333333,0.6646008306976016
Group 70,5.084027777777778,0.6641410981731242
Group 70,5.084722222222222,0.6639110527632963
Group 70,5.085416666666666,0.6637384663798389
Group 70,5.086111111111111,0.6633643995283655
Group 70,5.086805555555555,0.6631916183859289
Group 70,5.0875,0.6629035247202529
Group 70,5.0881944444444445,0.6623268863027858
Group 70,5.088888888888889,0.6622114530952911
Group 70,5.089583333333334,0.6619805262993902
Group 70,5.090277777777778,0.6618072858772767
Group 70,5.090972222222222,0.6616340152172748
Group 70,5.091666666666667,0.6613162136292485
Group 70,5.092361111111111,0.6611428067032029
Group 70,5.093055555555556,0.6610271363525573
Group 70,5.09375,0.6606800949369633
Group 70,5.094444444444444,0.660564348599378
Group 70,5.095138888888889,0.6603906834477
Group 70,5.095833333333333,0.6601879497057417
Group 70,5.096527777777778,0.6601300054436882
Group 70,5.097222222222222,0.6600720510074963
Group 70,5.098611111111111,0.65995613704648
Group 70,5.099305555555556,0.6594923386456041
Group 70,5.100694444444445,0.6594343102832066
Group 70,5.101388888888889,0.6591440790828708
Group 70,5.102083333333334,0.6590860123886821
Group 70,5.102777777777778,0.65876656113791
Group 70,5.103472222222222,0.6586503355625504
Group 70,5.104166666666667,0.6584178228679736
Group 70,5.104861111111111,0.6583015357215821
Group 70,5.105555555555555,0.6582433870124821
Group 70,5.107638888888889,0.6581270433445907
Group 70,5.108333333333333,0.6580688612252127
Group 70,5.109722222222223,0.6578942531162775
Group 70,5.110416666666667,0.6576613289693077
Group 70,5.111111111111111,0.6575448307931474
Group 70,5.111805555555556,0.6574283068110823
Group 70,5.1125,0.6573117621723993
Group 70,5.113194444444445,0.6570786212237236
Group 70,5.113888888888889,0.6569620093738237
Group 70,5.114583333333333,0.6569036905092542
Group 70,5.115277777777778,0.656845356108179
Group 70,5.115972222222222,0.6567870139350557
Group 70,5.116666666666666,0.6566119796415668
Group 70,5.117361111111111,0.6565536167261726
Group 70,5.118055555555555,0.6563201443105702
Group 70,5.11875,0.6562617476432233
Group 70,5.1194444444444445,0.6562033275828999
Group 70,5.120138888888889,0.6559696057263191
Group 70,5.120833333333334,0.6559111570400742
Group 70,5.121527777777778,0.6557357875403977
Group 70,5.122222222222222,0.655560371127484
Group 70,5.122916666666667,0.6554433903332071
Group 70,5.123611111111111,0.6553848842731934
Group 70,5.125,0.6552678355819807
Group 70,5.125694444444444,0.6550922076442743
Group 70,5.126388888888889,0.654916548310798
Group 70,5.127083333333333,0.6547994001937583
Group 70,5.127777777777778,0.6547408025473138
Group 70,5.128472222222222,0.6546821996560588
Group 70,5.13125,0.6545649623905968
Group 70,5.131944444444445,0.6545063332569687
Group 70,5.132638888888889,0.6543890592320167
Group 70,5.133333333333334,0.65400769653107
Group 70,5.134027777777778,0.6538315960877192
Group 70,5.135416666666667,0.6537728669404914
Group 70,5.136111111111111,0.6537141219618823
Group 70,5.136805555555555,0.6535378711875599
Group 70,5.1375,0.6534790997962661
Group 70,5.139583333333333,0.6533615358671852
Group 70,5.1402777777777775,0.6533027380327838
Group 70,5.14375,0.6532439084300794
Group 70,5.144444444444445,0.6531262386276062
Group 70,5.145833333333333,0.6529496623453656
Group 70,5.146527777777778,0.6528319182894021
Group 70,5.147916666666666,0.6527141370583726
Group 70,5.148611111111111,0.6526552331564631
Group 70,5.149305555555555,0.6525079401677119
Group 70,5.15,0.6524490149913749
Group 70,5.1506944444444445,0.6523900791695971
Group 70,5.151388888888889,0.652331111385517
Group 70,5.152777777777778,0.6522721302723719
Group 70,5.153472222222222,0.6521541093504426
Group 70,5.154861111111111,0.6519769898204724
Group 70,5.15625,0.651917917881556
Group 70,5.156944444444444,0.651799763297436
Group 70,5.157638888888889,0.651681571219228
Group 70,5.158333333333333,0.6515633469784516
Group 70,5.159027777777778,0.6515042214478729
Group 70,5.159722222222222,0.6514450878675283
Group 70,5.161111111111111,0.6513267884916955
Group 70,5.161805555555556,0.6512676307452385
Group 70,5.1625,0.6511493045041874
Group 70,5.163194444444445,0.651090138695773
Group 70,5.163888888888889,0.6510309648214937
Group 70,5.164583333333334,0.6509717801883281
Group 70,5.165277777777778,0.650675749365141
Group 70,5.165972222222222,0.6506165189478305
Group 70,5.166666666666667,0.6505572858343065
Group 70,5.167361111111111,0.6504980392348042
Group 70,5.168055555555555,0.6503202346593676
Group 70,5.16875,0.6502609556625435
Group 70,5.169444444444444,0.6501423490130838
Group 70,5.170138888888889,0.6500830348675667
Group 70,5.170833333333333,0.6499643849250831
Group 70,5.1715277777777775,0.6499050409958501
Group 70,5.174305555555556,0.6498159885101011
Group 70,5.175,0.6497268953258074
Group 70,5.175694444444445,0.6495783863211615
Group 70,5.176388888888889,0.6494001510663059
Group 70,5.179861111111111,0.6493407121251987
Group 70,5.18125,0.6491623218196698
Group 70,5.182638888888889,0.649102836589044
Group 70,5.184027777777778,0.6490433377268974
Group 70,5.184722222222222,0.6488350630700674
Group 70,5.185416666666667,0.6487755177974505
Group 70,5.1875,0.6486563889840465
Group 70,5.188888888888889,0.6485372218708358
Group 70,5.190277777777778,0.6484775917474568
Group 70,5.190972222222222,0.648358298592242
Group 70,5.191666666666666,0.6481793176954602
Group 70,5.192361111111111,0.6481196354232172
Group 70,5.193055555555556,0.648059944906048
Group 70,5.19375,0.6480002488904892
Group 70,5.195138888888889,0.6479405391232568
Group 70,5.195833333333334,0.6478808211012178
Group 70,5.197222222222222,0.6477613354963303
Group 70,5.197916666666667,0.6477015789155649
Group 70,5.198611111111111,0.6476418168211826
Group 70,5.199305555555555,0.6475820464537034
Group 70,5.2,0.6475222622913646
Group 70,5.200694444444444,0.6474624698482886
Group 70,5.201388888888889,0.6474026718829367
Group 70,5.202083333333333,0.6473428683937784
Group 70,5.203472222222223,0.6471933389499104
Group 70,5.204166666666667,0.6470736822198063
Group 70,5.204861111111111,0.6470138427892593
Group 70,5.205555555555556,0.6468941583936269
Group 70,5.20625,0.6468342995837449
Group 70,5.206944444444445,0.6466546982233162
Group 70,5.209722222222222,0.6465948033779291
Group 70,5.211111111111111,0.646474974837644
Group 70,5.2131944444444445,0.6462651679470204
Group 70,5.214583333333334,0.6462051758218919
Group 70,5.215277777777778,0.6461451725556472
Group 70,5.215972222222222,0.6460851609300732
Group 70,5.216666666666667,0.6460251409420634
Group 70,5.218055555555556,0.6459050619195835
Group 70,5.220138888888889,0.6458450000763699
Group 70,5.221527777777778,0.6457849270598992
Group 70,5.222222222222222,0.6457248400697099
Group 70,5.224305555555556,0.6456045989561547
Group 70,5.225,0.6455144139218435
Group 70,5.225694444444445,0.6453941560085796
Group 70,5.227083333333334,0.6453340074385882
Group 70,5.227777777777778,0.6452136934777513
Group 70,5.228472222222222,0.6451535140538388
Group 70,5.230555555555555,0.6450933065493777
Group 70,5.233333333333333,0.6450330821824309
Group 70,5.2340277777777775,0.6449728465675285
Group 70,5.235416666666667,0.6449125912567506
Group 70,5.236111111111111,0.6448523106014011
Group 70,5.238194444444445,0.6447920130362413
Group 70,5.238888888888889,0.6446714122669462
Group 70,5.240972222222222,0.6445507098868176
Group 70,5.242361111111111,0.6444299792457712
Group 70,5.243055555555555,0.6443695912985055
Group 70,5.245138888888889,0.6443091835370638
Group 70,5.247916666666667,0.6442487502787476
Group 70,5.248611111111111,0.6441883113510045
Group 70,5.251388888888889,0.6441278525700236
Group 70,5.252083333333333,0.6440673852757199
Group 70,5.254861111111111,0.643946410935886
Group 70,5.255555555555556,0.6438859038735477
Group 70,5.256944444444445,0.6438253939680995
Group 70,5.259027777777778,0.6437648755309168
Group 70,5.259722222222222,0.6437043400214401
Group 70,5.260416666666667,0.6436437902763529
Group 70,5.2625,0.6435832262876183
Group 70,5.263888888888889,0.6435226451960488
Group 70,5.2652777777777775,0.643462049843394
Group 70,5.265972222222223,0.643401448783887
Group 70,5.271527777777778,0.6432801781310205
Group 70,5.273611111111111,0.6432195199341199
Group 70,5.274305555555555,0.6431588617372191
Group 70,5.275,0.6430981920964555
Group 70,5.276388888888889,0.6430375024166464
Group 70,5.277083333333334,0.6429768041438112
Group 70,5.278472222222222,0.6429160944087395
Group 70,5.279861111111111,0.6428553703384294
Group 70,5.28125,0.6427339107247431
Group 70,5.281944444444444,0.6426731636985415
Group 70,5.282638888888889,0.6426124080581843
Group 70,5.285416666666666,0.6423692705598648
Group 70,5.2875,0.6423084487759744
Group 70,5.293055555555555,0.6422476125902596
Group 70,5.29375,0.6421867706413594
Group 70,5.294444444444444,0.6420650521480612
Group 70,5.2965277777777775,0.642004164044491
Group 70,5.297222222222223,0.6419432557228701
Group 70,5.298611111111111,0.6418823329501908
Group 70,5.299305555555556,0.6418214015027609
Group 70,5.301388888888889,0.6417604555905492
Group 70,5.302083333333333,0.6416690150126925
Group 70,5.303472222222222,0.6415470536888602
Group 70,5.3069444444444445,0.6414860440313367
Group 70,5.309027777777778,0.641425022766744
Group 70,5.309722222222222,0.641363992793122
Group 70,5.3125,0.6413029366750019
Group 70,5.313888888888889,0.6411808069974785
Group 70,5.318055555555556,0.6411197130663687
Group 70,5.320138888888889,0.6410586045772999
Group 70,5.321527777777778,0.6409974931755289
Group 70,5.322222222222222,0.6409363759469652
Group 70,5.322916666666667,0.6408752441451676
Group 70,5.325,0.6408141094276111
Group 70,5.326388888888889,0.6407529717937392
Group 70,5.330555555555556,0.6406918195727244
Group 70,5.332638888888889,0.6405694742593959
Group 70,5.334027777777778,0.640508257757651
Group 70,5.341666666666667,0.6403857369298076
Group 70,5.347222222222222,0.6403244354664535
Group 70,5.351388888888889,0.6402630723197869
Group 70,5.354861111111111,0.6402016826968595
Group 70,5.357638888888889,0.6401402842425873
Group 70,5.359722222222223,0.6400788651699806
Group 70,5.361111111111111,0.640017440203312
Group 70,5.363888888888889,0.6399559916468142
Group 70,5.365972222222222,0.6398945430903163
Group 70,5.368055555555555,0.6398330797781377
Group 70,5.372222222222222,0.6397715957941107
Group 70,5.376388888888889,0.6396485982749731
Group 70,5.380555555555556,0.63958707881373
Group 70,5.38125,0.6395255563936825
Group 70,5.381944444444445,0.6394640250946597
Group 70,5.384722222222222,0.6394024908351241
Group 70,5.386805555555555,0.6393409447295475
Group 70,5.388888888888889,0.6392793867722271
Group 70,5.3902777777777775,0.6392178169574556
Group 70,5.392361111111111,0.6391562323130163
Group 70,5.395138888888889,0.6390946387664892
Group 70,5.397222222222222,0.6390330363144417
Group 70,5.398611111111111,0.6389714338623942
Group 70,5.403472222222222,0.6389098106167715
Group 70,5.404166666666667,0.6387865462921457
Group 70,5.4125,0.6387248694990307
Group 70,5.413194444444445,0.6386631837711347
Group 70,5.4215277777777775,0.6386014712207655
Group 70,5.423611111111111,0.6385397467406552
Group 70,5.427083333333333,0.6384780192771006
Group 70,5.450694444444444,0.6384162768905541
Group 70,5.453472222222223,0.6383545255458822
Group 70,5.475694444444445,0.6382927562754245
Group 70,5.479166666666667,0.6382309750475025
Group 70,5.480555555555555,0.6381691878385333
Group 70,5.491666666666666,0.63810737070405
Group 70,5.497222222222222,0.6380455445853885
Group 70,5.5,0.6379837124752437
Group 70,5.501388888888889,0.637921874371873
Group 70,5.504166666666666,0.6378600332711633
Group 70,5.50625,0.6377981831758204
Group 70,5.507638888888889,0.6377363270820199
Group 70,5.511805555555555,0.6376744589866492
Group 70,5.522916666666666,0.6376125698752805
Group 70,5.536111111111111,0.6375506657422829
Group 70,5.561111111111111,0.6375197031534945
Group 70,5.56875,0.6374577599254384
Group 70,5.575,0.637395801645813
Group 70,5.625694444444444,0.6373338041940432
Group 70,5.641666666666667,0.6372717826093609
Group 70,5.645833333333333,0.6372097429108982
Group 70,5.651388888888889,0.6371476971715689
Group 70,5.652777777777778,0.6370856453896083
Group 70,5.659027777777778,0.6370235815176756
Group 70,5.665972222222222,0.6368994235326797
Group 70,5.678472222222222,0.6368372991253901
Group 70,5.684027777777778,0.6367751474346542
Group 70,5.690277777777778,0.6367129684338306
Group 70,5.690972222222222,0.6366507803234205
Group 70,5.692361111111111,0.6365885709448468
Group 70,5.695138888888889,0.6365263585264793
Group 70,5.698611111111111,0.6364641339447767
Group 70,5.7027777777777775,0.6364018941507278
Group 70,5.703472222222223,0.6362774023873963
Group 70,5.706944444444445,0.6362151382321573
Group 70,5.711805555555555,0.6361528588392512
Group 70,5.720138888888889,0.6360905428419118
Group 70,5.723611111111111,0.6360282207390516
Group 70,5.725,0.6359658833656576
Group 70,5.728472222222222,0.6359035398813555
Group 70,5.735416666666667,0.6358411749973383
Group 70,5.736805555555556,0.6357788039958182
Group 70,5.738888888888889,0.6357164238148925
Group 70,5.740972222222222,0.6355916450870226
Group 70,5.743055555555555,0.6355292312170282
Group 70,5.746527777777778,0.6354355828210534
Group 70,5.752777777777778,0.6353731137311183
Group 70,5.754166666666666,0.6353106384986963
Group 70,5.758333333333334,0.6352481479032605
Group 70,5.759722222222222,0.6351856511598984
Group 70,5.763888888888889,0.6351231113429182
Group 70,5.765972222222223,0.6350605561265937
Group 70,5.768055555555556,0.6349979978291868
Group 70,5.76875,0.6349354333680971
Group 70,5.770138888888889,0.6348728534909664
Group 70,5.775,0.6347476690576644
Group 70,5.78125,0.63468502742448
Group 70,5.786111111111111,0.6346223486739937
Group 70,5.789583333333334,0.6344969354338031
Group 70,5.795138888888889,0.6344342071159155
Group 70,5.795833333333333,0.634371472595287
Group 70,5.7965277777777775,0.6342459973497556
Group 70,5.797222222222223,0.6341204600154294
Group 70,5.802083333333333,0.6340576571571532
Group 70,5.802777777777778,0.6339948480776924
Group 70,5.803472222222222,0.6339320296632185
Group 70,5.80625,0.6338692081361484
Group 70,5.809722222222222,0.6338063741543745
Group 70,5.813194444444444,0.6337435339427787
Group 70,5.814583333333333,0.6336806750324492
Group 70,5.822222222222222,0.6336177630766257
Group 70,5.822916666666667,0.633554844873649
Group 70,5.823611111111111,0.6334919204216578
Group 70,5.824305555555555,0.6334289865928856
Group 70,5.828472222222223,0.6333660340003003
Group 70,5.830555555555556,0.6333030626308431
Group 70,5.838888888888889,0.6332400474007306
Group 70,5.840277777777778,0.6331770133526119
Group 70,5.840972222222222,0.6331139761667537
Group 70,5.842361111111111,0.6330509264255629
Group 70,5.847222222222222,0.6329878484137629
Group 70,5.848611111111111,0.6329247578278551
Group 70,5.85,0.6328616640973235
Group 70,5.852083333333334,0.6327985546374015
Group 70,5.852777777777778,0.6327354388828994
Group 70,5.855555555555555,0.6326723136832304
Group 70,5.856944444444444,0.6326091821845841
Group 70,5.858333333333333,0.6325144613048399
Group 70,5.8590277777777775,0.6324513108993582
Group 70,5.863194444444445,0.6323881321060013
Group 70,5.863888888888889,0.6323249470001308
Group 70,5.868055555555555,0.6322617397883155
Group 70,5.870833333333334,0.6321668957851472
Group 70,5.875,0.6320403991576764
Group 70,5.879861111111111,0.6319771191817896
Group 70,5.880555555555556,0.631913826530895
Group 70,5.885416666666667,0.6318505148560597
Group 70,5.888194444444444,0.6317871936640111
Group 70,5.890972222222223,0.6316921833085551
Group 70,5.895138888888889,0.631628820834679
Group 70,5.897222222222222,0.631502064097606
Group 70,5.9,0.6314386698232399
Group 70,5.9006944444444445,0.6313752691836674
Group 70,5.901388888888889,0.6312484488021902
Group 70,5.906944444444444,0.6311850067470343
Group 70,5.913194444444445,0.6311214912746572
Group 70,5.914583333333334,0.6310579662126266
Group 70,5.91875,0.630994415561447
Group 70,5.926388888888889,0.6308990463616543
Group 70,5.927083333333333,0.6308354540779771
Group 70,5.939583333333333,0.6307718072582145
Group 70,5.940277777777778,0.630580770417896
Group 70,5.940972222222222,0.6305170560832069
Group 70,5.943055555555556,0.6304533224274822
Group 70,5.945833333333334,0.630389550090599
Group 70,5.949305555555555,0.630325751937569
Group 70,5.9527777777777775,0.6302619440971137
Group 70,5.954166666666667,0.6301981233342058
Group 70,5.954861111111111,0.6301342799421145
Group 70,5.9631944444444445,0.6300703718001325
Group 70,5.96875,0.6300063760282772
Group 70,5.971527777777778,0.6299423574960115
Group 70,5.973611111111111,0.6298783292033351
Group 70,5.977777777777778,0.629750220528051
Group 70,5.979166666666667,0.6296861009719213
Group 70,5.979861111111111,0.6296219748859727
Group 70,5.98125,0.6294937096504472
Group 70,5.982638888888889,0.6294295443469815
Group 70,5.984722222222223,0.6293653364979203
Group 70,5.988194444444445,0.6293010926009674
Group 70,5.990277777777778,0.6292367994774897
Group 70,5.991666666666666,0.6291724899267229
Group 70,5.993055555555555,0.6291081442026559
Group 70,5.99375,0.6290437951877526
Group 70,5.9944444444444445,0.6289794330047898
Group 70,5.995833333333334,0.6289150576470286
Group 70,5.997222222222222,0.628850665811496
Group 70,5.997916666666667,0.6287862673818174
Group 70,6.004166666666666,0.6286895657463969
Group 70,6.004861111111111,0.6286250748436174
Group 70,6.00625,0.6285605707058263
Group 70,6.009722222222222,0.628496033453328
Group 70,6.010416666666667,0.6284314630486995
Group 70,6.011111111111111,0.6283991695511122
Group 70,6.014583333333333,0.6283345460248317
Group 70,6.017361111111111,0.6282698992275659
Group 70,6.01875,0.6282052357961921
Group 70,6.019444444444445,0.6280758889622401
Group 70,6.020833333333333,0.6280112055545201
Group 70,6.022222222222222,0.6279788588532296
Group 70,6.022916666666666,0.6279141354459785
Group 70,6.024305555555555,0.6278494020299531
Group 70,6.027083333333334,0.6277198617396493
Group 70,6.029166666666667,0.6276550648506956
Group 70,6.03125,0.6275902278004553
Group 70,6.031944444444444,0.6275253639455847
Group 70,6.038194444444445,0.6273306516229041
Group 70,6.041666666666667,0.6272656903873628
Group 70,6.042361111111111,0.6272007156939313
Group 70,6.043055555555555,0.6271357376348073
Group 70,6.044444444444444,0.627005768050302
Group 70,6.045138888888889,0.6269082807580423
Group 70,6.045833333333333,0.6268432824915043
Group 70,6.0465277777777775,0.6267782741137504
Group 70,6.047916666666667,0.6267132522480817
Group 70,6.048611111111111,0.6266482168874997
Group 70,6.049305555555556,0.6265831714010053
Group 70,6.050694444444445,0.6265180955146885
Group 70,6.051388888888889,0.6264529655083977
Group 70,6.052083333333333,0.6263878151817888
Group 70,6.053472222222222,0.6263226479101303
Group 70,6.054861111111111,0.6262574636828409
Group 70,6.055555555555555,0.6261922794555514
Group 70,6.0569444444444445,0.6260618702756784
Group 70,6.057638888888889,0.6259966554975246
Group 70,6.058333333333334,0.6259314305269076
Group 70,6.059027777777778,0.6258661783579706
Group 70,6.061111111111111,0.6258009091767882
Group 70,6.061805555555556,0.6257356127547122
Group 70,6.0625,0.6256703095181484
Group 70,6.065277777777778,0.6256049926469178
Group 70,6.065972222222222,0.6255396587225642
Group 70,6.066666666666666,0.6254743009063776
Group 70,6.070138888888889,0.6254089020877969
Group 70,6.072222222222222,0.6253434724804224
Group 70,6.073611111111111,0.6252780291783995
Group 70,6.075694444444444,0.6252125653214997
Group 70,6.077083333333333,0.6251470774650714
Group 70,6.0777777777777775,0.625081579316665
Group 70,6.08125,0.6249504731178674
Group 70,6.084027777777778,0.6248849097027271
Group 70,6.0875,0.624819308431434
Group 70,6.0881944444444445,0.6247536830445596
Group 70,6.090972222222222,0.6246880404196009
Group 70,6.092361111111111,0.6246223874463566
Group 70,6.09375,0.624556727571717
Group 70,6.097222222222222,0.6244910366195663
Group 70,6.097916666666666,0.6244253214731262
Group 70,6.102083333333334,0.6243267280013147
Group 70,6.102777777777778,0.6242609920994456
Group 70,6.104166666666667,0.624195245812758
Group 70,6.10625,0.6241294336723381
Group 70,6.106944444444444,0.623997795510741
Group 70,6.1090277777777775,0.6239319243194066
Group 70,6.111111111111111,0.6238660426949602
Group 70,6.111805555555556,0.6238001506329941
Group 70,6.117361111111111,0.6236682132068873
Group 70,6.122916666666667,0.6236021746413212
Group 70,6.123611111111111,0.6235361220860155
Group 70,6.125694444444444,0.6234700450318019
Group 70,6.134027777777778,0.6233707874360104
Group 70,6.135416666666667,0.6233045875966395
Group 70,6.138888888888889,0.623172145718797
Group 70,6.139583333333333,0.6231059036623825
Group 70,6.145138888888889,0.6230064559999371
Group 70,6.145833333333333,0.622907003045752
Group 70,6.1506944444444445,0.6228406798980682
Group 70,6.153472222222222,0.6227743390896432
Group 70,6.154166666666667,0.622707991213535
Group 70,6.15625,0.6226416291960348
Group 70,6.160416666666666,0.6225088343937536
Group 70,6.161111111111111,0.6224424121963151
Group 70,6.163888888888889,0.6223759722740013
Group 70,6.164583333333334,0.622309489768818
Group 70,6.16875,0.6222429895027601
Group 70,6.169444444444444,0.6221764892367024
Group 70,6.170833333333333,0.6220434815964402
Group 70,6.172222222222223,0.6219769564393259
Group 70,6.173611111111111,0.6219104099292485
Group 70,6.175,0.6218438384873807
Group 70,6.176388888888889,0.621777263481922
Group 70,6.182638888888889,0.6216439636076627
Group 70,6.184722222222222,0.6215772743448179
Group 70,6.189583333333333,0.6215105707686689
Group 70,6.191666666666666,0.6214438385443957
Group 70,6.194444444444445,0.6213103239158546
Group 70,6.199305555555555,0.6212435414873153
Group 70,6.2,0.6211767482885745
Group 70,6.204166666666667,0.621109919160195
Group 70,6.205555555555556,0.6210430864363384
Group 70,6.207638888888889,0.6209762357273572
Group 70,6.208333333333333,0.6209093778208403
Group 70,6.209722222222222,0.6208425055130514
Group 70,6.2131944444444445,0.6207756079853844
Group 70,6.224305555555556,0.6207086202214926
Group 70,6.225,0.6206416216117219
Group 70,6.226388888888889,0.6205075809828979
Group 70,6.229166666666667,0.6204405135833105
Group 70,6.23125,0.6203734353073406
Group 70,6.235416666666667,0.6203063388942639
Group 70,6.236111111111111,0.6202392207013517
Group 70,6.236805555555556,0.6201720807121006
Group 70,6.239583333333333,0.6201049225464488
Group 70,6.243055555555555,0.6200377316349149
Group 70,6.250694444444444,0.6199705006528997
Group 70,6.255555555555556,0.6199032404955194
Group 70,6.259722222222222,0.6198359693896599
Group 70,6.2625,0.619768676373767
Group 70,6.263194444444444,0.6197013760505642
Group 70,6.265972222222223,0.6195667607847771
Group 70,6.26875,0.6194320284240541
Group 70,6.271527777777778,0.6192972594214055
Group 70,6.279166666666667,0.6192298529169787
Group 70,6.281944444444444,0.6191624243926778
Group 70,6.283333333333333,0.6190949775054891
Group 70,6.2875,0.6189937409998466
Group 70,6.290972222222222,0.6189262205481423
Group 70,6.291666666666667,0.6188586890456275
Group 70,6.302083333333333,0.6187910911549617
Group 70,6.313194444444444,0.6187233934260459
Group 70,6.315277777777778,0.6186556734683568
Group 70,6.320833333333334,0.6185879386817505
Group 70,6.323611111111111,0.6185201964774378
Group 70,6.326388888888889,0.6184524505632563
Group 70,6.33125,0.618384697227305
Group 70,6.333333333333333,0.6182491831315997
Group 70,6.338888888888889,0.618181400083345
Group 70,6.339583333333334,0.6181136096019234
Group 70,6.352777777777778,0.618011834583877
Group 70,6.358333333333333,0.6179439473059527
Group 70,6.370138888888889,0.6178081354494019
Group 70,6.391666666666667,0.6177401809715436
Group 70,6.395833333333333,0.6176722264936851
Group 70,6.404861111111111,0.6176042346144961
Group 70,6.40625,0.6175362277615958
Group 70,6.408333333333333,0.6174682021802165
Group 70,6.415972222222222,0.6173661581871276
Group 70,6.420138888888889,0.6172300845353341
Group 70,6.4215277777777775,0.6171620252030444
Group 70,6.427777777777778,0.6170939583644867
Group 70,6.4319444444444445,0.6170258915259289
Group 70,6.433333333333334,0.616957820932788
Group 70,6.435416666666667,0.6168897390721686
Group 70,6.4375,0.6168216534544795
Group 70,6.441666666666666,0.6167535490431453
Group 70,6.445833333333334,0.6166854371106171
Group 70,6.452083333333333,0.6166173176544024
Group 70,6.461111111111111,0.6165491793796188
Group 70,6.46875,0.6164810260408271
Group 70,6.476388888888889,0.6164128651667001
Group 70,6.48125,0.616344700523864
Group 70,6.481944444444444,0.6162765321114851
Group 70,6.502777777777778,0.6162083184270409
Group 70,6.505555555555556,0.6160718835065435
Group 70,6.50625,0.6160036584917586
Group 70,6.506944444444445,0.6159354259199274
Group 70,6.509027777777778,0.6158671857885382
Group 70,6.509722222222222,0.6157648255914542
Group 70,6.511805555555555,0.6156965778967364
Group 70,6.528472222222222,0.6156282999285748
Group 70,6.5569444444444445,0.6155599840766158
Group 70,6.574305555555555,0.6154916644335441
Group 70,6.591666666666667,0.6154233409985179
Group 70,6.602083333333334,0.6153550099774777
Group 70,6.603472222222222,0.615286671367896
Group 70,6.604166666666667,0.6152183213710767
Group 70,6.606944444444444,0.6151499675772462
Group 70,6.6125,0.6150816099855608
Group 70,6.642361111111111,0.6150132371965451
Group 70,6.64375,0.6149448453992478
Group 70,6.663888888888889,0.6148764383860212
Group 70,6.676388888888889,0.614808012341242
Group 70,6.678472222222222,0.6147395786800287
Group 70,6.680555555555555,0.6146711412095383
Group 70,6.68125,0.6146026770592588
Group 70,6.694444444444445,0.6144999579488867
Group 70,6.696527777777778,0.6144314632759837
Group 70,6.705555555555556,0.6143629380472685
Group 70,6.71875,0.6142943937051902
Group 70,6.720138888888889,0.6142258340630355
Group 70,6.730555555555555,0.6141572399668758
Group 70,6.739583333333333,0.6140886075435683
Group 70,6.741666666666666,0.6140199521008333
Group 70,6.754861111111111,0.6139512467240736
Group 70,6.7756944444444445,0.6138825221204217
Group 70,6.776388888888889,0.6138137936696694
Group 70,6.780555555555556,0.6137450613709549
Group 70,6.783333333333333,0.6136763098238089
Group 70,6.7875,0.6135731709482083
Group 70,6.790972222222222,0.6135044001377457
Group 70,6.7965277777777775,0.6134356177620365
Group 70,6.802777777777778,0.6133668238158929
Group 70,6.825,0.6132979835438597
Group 70,6.840972222222222,0.6132291046148902
Group 70,6.866666666666666,0.6131601482329477
Group 70,6.876388888888889,0.6130911219863832
Group 70,6.884722222222222,0.6130220879674679
Group 70,6.891666666666667,0.6129530072724073
Group 70,6.894444444444445,0.6128838681367385
Group 70,6.898611111111111,0.6128146977887742
Group 70,6.9,0.6127455157276104
Group 70,6.903472222222222,0.6126763141334235
Group 70,6.906944444444444,0.6126070929929723
Group 70,6.913888888888889,0.6125378248910961
Group 70,6.914583333333334,0.6124685332819456
Group 70,6.918055555555555,0.6123992024540893
Group 70,6.919444444444444,0.6122604779773754
Group 70,6.9215277777777775,0.6121911000195308
Group 70,6.925,0.6121216748550923
Group 70,6.927777777777778,0.6120522300000403
Group 70,6.929166666666666,0.6119827654409664
Group 70,6.929861111111111,0.6119132890527685
Group 70,6.940972222222222,0.6118437297383372
Group 70,6.941666666666666,0.6117741704239058
Group 70,6.949305555555555,0.6116697661624989
Group 70,6.955555555555556,0.611600103869217
Group 70,6.956944444444445,0.6115304018800587
Group 70,6.960416666666666,0.6114606879719556
Group 70,6.96875,0.6113909183818174
Group 70,6.980555555555555,0.6113210850387698
Group 70,6.981944444444444,0.6111814023962384
Group 70,6.988194444444445,0.6110764845542157
Group 70,6.990972222222222,0.6110065273149994
Group 70,6.9944444444444445,0.6108665807901907
Group 70,6.995138888888889,0.6107965874838842
Group 70,7.004861111111111,0.6107265379870686
Group 70,7.00625,0.6106564804547501
Group 70,7.006944444444445,0.6105864189035276
Group 70,7.007638888888889,0.6104462716793574
Group 70,7.011805555555555,0.6103761417153527
Group 70,7.015972222222223,0.6103059916013756
Group 70,7.01875,0.6102358374555509
Group 70,7.020138888888889,0.6101656712100115
Group 70,7.022916666666666,0.610095476712317
Group 70,7.025,0.6100252700981958
Group 70,7.034027777777778,0.6099550068788803
Group 70,7.036111111111111,0.6098847315166038
Group 70,7.038888888888889,0.6098495897861793
Group 70,7.039583333333334,0.6097792982244243
Group 70,7.041666666666667,0.6097089782915149
Group 70,7.052083333333333,0.6096385771624471
Group 70,7.052777777777778,0.6095681597697631
Group 70,7.059722222222222,0.6094976894622752
Group 70,7.061805555555556,0.6093919350916339
Group 70,7.064583333333333,0.6093214240201741
Group 70,7.066666666666666,0.6092508598714746
Group 70,7.06875,0.6091802752848012
Group 70,7.069444444444445,0.6091096456876668
Group 70,7.072222222222222,0.609038987414285
Group 70,7.072916666666667,0.6089682922329253
Group 70,7.073611111111111,0.6088975888436029
Group 70,7.0777777777777775,0.6088268320498265
Group 70,7.095138888888889,0.608685153806287
Group 70,7.095833333333333,0.608614289942988
Group 70,7.098611111111111,0.6085433724074553
Group 70,7.099305555555556,0.6084724507394397
Group 70,7.108333333333333,0.60840150012718
Group 70,7.1090277777777775,0.6083305412398313
Group 70,7.113888888888889,0.6082595699347809
Group 70,7.115277777777778,0.6081885696348002
Group 70,7.116666666666666,0.608117540312799
Group 70,7.11875,0.6080464943941924
Group 70,7.128472222222222,0.6079753653663638
Group 70,7.130555555555556,0.6079042196914043
Group 70,7.13125,0.6078330740164447
Group 70,7.143055555555556,0.6077618991834217
Group 70,7.14375,0.607690707675962
Group 70,7.145138888888889,0.6076194452065776
Group 70,7.155555555555556,0.607512476229662
Group 70,7.15625,0.6074411510196556
Group 70,7.158333333333333,0.6073698174337216
Group 70,7.160416666666666,0.6072984754689089
Group 70,7.161111111111111,0.6072271167384619
Group 70,7.165972222222222,0.6070842733800195
Group 70,7.169444444444444,0.6070128138692926
Group 70,7.1715277777777775,0.6069413375297142
Group 70,7.172222222222223,0.6068698569811888
Group 70,7.180555555555555,0.6067983553780099
Group 70,7.182638888888889,0.60672681584071
Group 70,7.185416666666667,0.6066552594288878
Group 70,7.186805555555556,0.6065836819102246
Group 70,7.190972222222222,0.6065120832697726
Group 70,7.195833333333334,0.6064404761761162
Group 70,7.208333333333333,0.6063688098470951
Group 70,7.216666666666667,0.6062971011420517
Group 70,7.219444444444444,0.6062253839547863
Group 70,7.221527777777778,0.6061536540389186
Group 70,7.229861111111111,0.6060818731573935
Group 70,7.230555555555555,0.6060100795216251
Group 70,7.23125,0.605938264616189
Group 70,7.236805555555556,0.605866419908504
Group 70,7.2375,0.6057945538958228
Group 70,7.241666666666666,0.6057226452301577
Group 70,7.243055555555555,0.6056507365644925
Group 70,7.247222222222222,0.6055068679887898
Group 70,7.248611111111111,0.6053629823194525
Group 70,7.252777777777778,0.6052909753035943
Group 70,7.257638888888889,0.6052189468660024
Group 70,7.260416666666667,0.6051469098551274
Group 70,7.2652777777777775,0.6050027757810879
Group 70,7.2659722222222225,0.6049306958649884
Group 70,7.266666666666667,0.6048586073592546
Group 70,7.271527777777778,0.6047504423722447
Group 70,7.273611111111111,0.6046783323809048
Group 70,7.274305555555555,0.6046062137891725
Group 70,7.2756944444444445,0.6044619421877194
Group 70,7.278472222222222,0.6043897805519303
Group 70,7.279861111111111,0.6043176016804247
Group 70,7.298611111111111,0.6042453321753206
Group 70,7.304166666666666,0.6041730324047941
Group 70,7.307638888888889,0.6040645697695709
Group 70,7.308333333333334,0.6039922570180573
Group 70,7.3125,0.6039199096194805
Group 70,7.3180555555555555,0.6038475492181362
Group 70,7.31875,0.603775180144644
Group 70,7.321527777777778,0.6037027980574722
Group 70,7.322916666666667,0.6036304159703002
Group 70,7.3277777777777775,0.603485625752989
Group 70,7.340277777777778,0.6034131871951025
Group 70,7.341666666666667,0.6033407355907086
Group 70,7.345833333333333,0.6032682535225213
Group 70,7.348611111111111,0.6031957453189729
Group 70,7.3493055555555555,0.6031232240391029
Group 70,7.354861111111111,0.6030506765892876
Group 70,7.3590277777777775,0.6029781116802462
Group 70,7.370138888888889,0.6029055161936485
Group 70,7.371527777777778,0.6028329163361985
Group 70,7.372916666666667,0.6027603033614531
Group 70,7.377083333333333,0.6026876772630905
Group 70,7.379166666666666,0.6026150336570804
Group 70,7.382638888888889,0.602542381293025
Group 70,7.384027777777778,0.6024697245486269
Group 70,7.384722222222222,0.6023244110598308
Group 70,7.385416666666667,0.6022517499329765
Group 70,7.389583333333333,0.6021790668832622
Group 70,7.393055555555556,0.6021063750596403
Group 70,7.39375,0.6020336832360185
Group 70,7.397222222222222,0.6019609782443832
Group 70,7.402777777777778,0.6018882556858517
Group 70,7.404861111111111,0.6018155331273203
Group 70,7.410416666666666,0.6017427797988474
Group 70,7.413888888888889,0.6016700044732384
Group 70,7.415972222222222,0.6015972203439849
Group 70,7.416666666666667,0.6015244362147315
Group 70,7.418055555555555,0.6014516476817917
Group 70,7.420138888888889,0.6013788547440995
Group 70,7.425694444444445,0.6013060485873508
Group 70,7.430555555555555,0.6012332336141627
Group 70,7.447916666666667,0.6011603877628736
Group 70,7.461805555555555,0.6010875110035376
Group 70,7.466666666666667,0.6010146165685385
Group 70,7.472916666666666,0.6009417132914195
Group 70,7.483333333333333,0.6008688011689624
Group 70,7.491666666666666,0.6007958890465053
Group 70,7.49375,0.6006865075883708
Group 70,7.504166666666666,0.600613564478767
Group 70,7.553472222222222,0.6005405726133627
Group 70,7.563194444444444,0.6004675541231672
Group 70,7.563888888888889,0.6003945089855085
Group 70,7.590972222222222,0.6003214149376651
Group 70,7.615972222222222,0.600248294180669
Group 70,7.634722222222222,0.6001385461990416
Group 70,7.666666666666667,0.6000653183854611
Group 70,7.673611111111111,0.599992054809564
Group 70,7.678472222222222,0.5999187822865365
Group 70,7.690277777777778,0.5998455008131002
Group 70,7.695833333333334,0.5997722059083087
Group 70,7.697222222222222,0.5996988930851931
Group 70,7.708333333333333,0.5996255443947472
Group 70,7.729166666666667,0.5995521732666477
Group 70,7.735416666666667,0.5994787706989118
Group 70,7.752777777777778,0.5993685521347091
Group 70,7.753472222222222,0.5992950595772772
Group 70,7.7555555555555555,0.5992215580062247
Group 70,7.777777777777778,0.5991112379894086
Group 70,7.784722222222222,0.5990376732499698
Group 70,7.7868055555555555,0.5989640904378768
Group 70,7.80625,0.5988904488210528
Group 70,7.811805555555556,0.598816789089324
Group 70,7.817361111111111,0.5987430794894854
Group 70,7.820833333333334,0.598669356275856
Group 70,7.839583333333334,0.5985955467139925
Group 70,7.844444444444444,0.5985217234980199
Group 70,7.857638888888889,0.5984478683988715
Group 70,7.860416666666667,0.5983739996253853
Group 70,7.878472222222222,0.5983000578274705
Group 70,7.883333333333334,0.5982260886047682
Group 70,7.8909722222222225,0.5981520827794939
Group 70,7.891666666666667,0.5980780632172146
Group 70,7.894444444444445,0.5980040253287252
Group 70,7.896527777777778,0.5979299553435479
Group 70,7.898611111111111,0.5978558394519652
Group 70,7.920833333333333,0.5977816131387922
Group 70,7.929166666666666,0.5977073637768322
Group 70,7.93125,0.597633091348901
Group 70,7.944444444444445,0.59755874962837
Group 70,7.957638888888889,0.5974842921179807
Group 70,7.963888888888889,0.5974097603033337
Group 70,7.96875,0.5973351912762722
Group 70,7.970833333333333,0.5972606082832298
Group 70,7.973611111111111,0.5971860206331164
Group 70,7.975,0.5971114236659522
Group 70,7.983333333333333,0.5969621458100357
Group 70,7.990972222222222,0.5968874648635404
Group 70,7.993055555555555,0.5968127792448138
Group 70,7.996527777777778,0.5967380702532328
Group 70,8.003472222222221,0.596663300416088
Group 70,8.004861111111111,0.5965885118349378
Group 70,8.005555555555556,0.5965137185657301
Group 70,8.008333333333333,0.5964389065360611
Group 70,8.01736111111111,0.5963640005509387
Group 70,8.018055555555556,0.5962890851561079
Group 70,8.01875,0.5962141462237017
Group 70,8.019444444444444,0.5961391978709395
Group 70,8.025694444444444,0.5960641882203738
Group 70,8.027083333333334,0.5959891407934653
Group 70,8.027777777777779,0.5959140839153351
Group 70,8.029861111111112,0.5958390175824113
Group 70,8.03125,0.5957639134017114
Group 70,8.039583333333333,0.5956887618516135
Group 70,8.04513888888889,0.5956135676125511
Group 70,8.054166666666667,0.5955383401332189
Group 70,8.057638888888889,0.5954630793800111
Group 70,8.058333333333334,0.5953878091133723
Group 70,8.0625,0.5953124960010943
Group 70,8.069444444444445,0.5952371352192725
Group 70,8.086805555555555,0.5951617028108047
Group 70,8.090277777777779,0.595086208207797
Group 70,8.090972222222222,0.5950107040260794
Group 70,8.095138888888888,0.5949351662954679
Group 70,8.095833333333333,0.5948596045800562
Group 70,8.096527777777778,0.5947462115940515
Group 70,8.10625,0.594670553762784
Group 70,8.106944444444444,0.5945948863046134
Group 70,8.10763888888889,0.5944435417583062
Group 70,8.109027777777778,0.5943678550328467
Group 70,8.11111111111111,0.5942921442048698
Group 70,8.111805555555556,0.5941407032558464
Group 70,8.115277777777777,0.5940649586480882
Group 70,8.119444444444444,0.5939891608862192
Group 70,8.123611111111112,0.5939133582878418
Group 70,8.130555555555556,0.5938375218122894
Group 70,8.13125,0.593761675650745
Group 70,8.13888888888889,0.5936858052602964
Group 70,8.140972222222222,0.5936099251727119
Group 70,8.14236111111111,0.5935340305329149
Group 70,8.147222222222222,0.593458106768216
Group 70,8.15625,0.5933821149496913
Group 70,8.159722222222221,0.5933061036623091
Group 70,8.161111111111111,0.5932300875055297
Group 70,8.1625,0.5931540664781054
Group 70,8.16388888888889,0.59307801620995
Group 70,8.164583333333333,0.5930019659417947
Group 70,8.165277777777778,0.592925896162314
Group 70,8.165972222222223,0.5928498166221635
Group 70,8.169444444444444,0.5927737370820131
Group 70,8.17013888888889,0.5926976380079927
Group 70,8.171527777777778,0.5926215096105862
Group 70,8.17361111111111,0.5925453665411258
Group 70,8.175,0.5924691843134913
Group 70,8.17986111111111,0.5923929530751597
Group 70,8.182638888888889,0.5923167120258579
Group 70,8.184722222222222,0.5922404660694923
Group 70,8.1875,0.5921641808288058
Group 70,8.188194444444445,0.592087861176682
Group 70,8.188888888888888,0.59201153660547
Group 70,8.190972222222221,0.5918588283997294
Group 70,8.195833333333333,0.5917060906375616
Group 70,8.199305555555556,0.5916296675067076
Group 70,8.20138888888889,0.5915532394395966
Group 70,8.202777777777778,0.5914767916185265
Group 70,8.203472222222222,0.5914003339153701
Group 70,8.205555555555556,0.5913238564378173
Group 70,8.20625,0.5912473740144275
Group 70,8.206944444444444,0.5911708816961645
Group 70,8.207638888888889,0.5910943646263099
Group 70,8.210416666666667,0.5910178376500507
Group 70,8.21111111111111,0.5909413057189856
Group 70,8.2125,0.5908647539597113
Group 70,8.213194444444444,0.5907881724349935
Group 70,8.213888888888889,0.5907115710512093
Group 70,8.217361111111112,0.5906349299132202
Group 70,8.218055555555555,0.5905582688800691
Group 70,8.221527777777778,0.5904815779809223
Group 70,8.222222222222221,0.5904048671555918
Group 70,8.223611111111111,0.5903281413768842
Group 70,8.229166666666666,0.5902514006370235
Group 70,8.23125,0.5901746499185219
Group 70,8.234027777777778,0.5900978842252442
Group 70,8.245138888888889,0.5900210635672705
Group 70,8.246527777777779,0.5899442178960582
Group 70,8.266666666666667,0.5898673020918997
Group 70,8.26875,0.5897903662236211
Group 70,8.279861111111112,0.5897133801426626
Group 70,8.284027777777778,0.5896363739556499
Group 70,8.286111111111111,0.5895593426180112
Group 70,8.297916666666667,0.5894823012142062
Group 70,8.300694444444444,0.5893281881942809
Group 70,8.305555555555555,0.5892510964043411
Group 70,8.314583333333333,0.5891739743447371
Group 70,8.317361111111111,0.5890968522851331
Group 70,8.31875,0.5890197150778155
Group 70,8.327083333333333,0.5889425424980476
Group 70,8.332638888888889,0.5888653648617617
Group 70,8.334722222222222,0.5887881821676321
Group 70,8.349305555555556,0.5887109539170854
Group 70,8.354166666666666,0.5886336851214539
Group 70,8.365277777777777,0.5885563604994346
Group 70,8.366666666666667,0.5884016909348857
Group 70,8.373611111111112,0.5883243459870139
Group 70,8.38125,0.5882469908695348
Group 70,8.386805555555556,0.58816961540214
Group 70,8.3875,0.588092239934745
Group 70,8.390277777777778,0.5880148441013655
Group 70,8.39375,0.5879374380796316
Group 70,8.39861111111111,0.5878599963728245
Group 70,8.399305555555555,0.5877825546660174
Group 70,8.405555555555555,0.5877050925475849
Group 70,8.407638888888888,0.5875888993699361
Group 70,8.416666666666666,0.5875113963824836
Group 70,8.421527777777778,0.5874338729416467
Group 70,8.422916666666667,0.5873563443851016
Group 70,8.433333333333334,0.5872787595037352
Group 70,8.434722222222222,0.5872011746223686
Group 70,8.449305555555556,0.5871235794886227
Group 70,8.45625,0.587045974098432
Group 70,8.459722222222222,0.5869683276499036
Group 70,8.490972222222222,0.5868906349526634
Group 70,8.495138888888889,0.5868129268248974
Group 70,8.503472222222221,0.5867351775136255
Group 70,8.520833333333334,0.586618545819182
Group 70,8.529166666666667,0.586540760425584
Group 70,8.550694444444444,0.5864629389103359
Group 70,8.552777777777777,0.5863851019020526
Group 70,8.553472222222222,0.58630725456028
Group 70,8.572222222222223,0.5862293865405496
Group 70,8.589583333333334,0.586151503003079
Group 70,8.59375,0.5860736142909665
Group 70,8.611805555555556,0.5859957048706553
Group 70,8.613888888888889,0.5859177695461613
Group 70,8.639583333333333,0.5858397927336053
Group 70,8.643055555555556,0.585761800349563
Group 70,8.658333333333333,0.5856837767997329
Group 70,8.683333333333334,0.5856056700081347
Group 70,8.702777777777778,0.5855275267375171
Group 70,8.71875,0.5854493573861069
Group 70,8.723611111111111,0.5853711723757723
Group 70,8.745833333333334,0.5852929612497951
Group 70,8.748611111111112,0.5852147344439611
Group 70,8.782638888888888,0.5851364710224374
Group 70,8.79861111111111,0.5850581657068104
Group 70,8.799305555555556,0.5849798446672244
Group 70,8.8,0.584901486908914
Group 70,8.806944444444444,0.5848231028983392
Group 70,8.808333333333334,0.5847447083805244
Group 70,8.811111111111112,0.5846662717999234
Group 70,8.866666666666667,0.584587782570255
Group 70,8.874305555555555,0.584509203662725
Group 70,8.875,0.5844306036218908
Group 70,8.878472222222221,0.5843519771448799
Group 70,8.886805555555556,0.5842733083272783
Group 70,8.899305555555555,0.5841945918155468
Group 70,8.903472222222222,0.5841158487785046
Group 70,8.909722222222221,0.5840370845054762
Group 70,8.915277777777778,0.5839582670851651
Group 70,8.939583333333333,0.5838793911120327
Group 70,8.961805555555555,0.5838004298041537
Group 70,8.963194444444444,0.5837214631559995
Group 70,8.965972222222222,0.5836424858236823
Group 70,8.970138888888888,0.5835634871114701
Group 70,8.972916666666666,0.5834844402456236
Group 70,8.991666666666667,0.5834053076165809
Group 70,9.010416666666666,0.5833261159092895
Group 70,9.014583333333333,0.5832469080722457
Group 70,9.027083333333334,0.5831676194768035
Group 70,9.028472222222222,0.5830882769435414
Group 70,9.03888888888889,0.5830088587636253
Group 70,9.04861111111111,0.5829293864546335
Group 70,9.049305555555556,0.5828498978903116
Group 70,9.05902777777778,0.5827703333694065
Group 70,9.061111111111112,0.5826907308105527
Group 70,9.069444444444445,0.5826110956143233
Group 70,9.072222222222225,0.582531427749478
Group 70,9.077083333333333,0.582451738087679
Group 70,9.088888888888889,0.5823720211591787
Group 70,9.105555555555556,0.5822922004325944
Group 70,9.106944444444444,0.5822123742347148
Group 70,9.1125,0.5821325206653507
Group 70,9.129166666666666,0.5820525958324179
Group 70,9.129861111111111,0.5819726490436214
Group 70,9.14236111111111,0.581812590559286
Group 70,9.15277777777778,0.5817324952136693
Group 70,9.153472222222222,0.5816523888386743
Group 70,9.154166666666669,0.5815722548731389
Group 70,9.15625,0.581492071189853
Group 70,9.15972222222222,0.5814118100344092
Group 70,9.161805555555556,0.5813315211702189
Group 70,9.164583333333333,0.5812512045743126
Group 70,9.165972222222225,0.5811708824289973
Group 70,9.16875,0.5810905047397048
Group 70,9.169444444444444,0.581010110369929
Group 70,9.175694444444444,0.5809296436279624
Group 70,9.177083333333334,0.5808491657387017
Group 70,9.180555555555555,0.5807686488041662
Group 70,9.189583333333331,0.5806880927810296
Group 70,9.19375,0.5806074920325001
Group 70,9.195833333333333,0.5805268577026573
Group 70,9.213194444444444,0.5803654096437815
Group 70,9.221527777777778,0.5802845956899219
Group 70,9.227083333333333,0.5802037254236422
Group 70,9.230555555555556,0.5801228044019653
Group 70,9.23125,0.5800418833802883
Group 70,9.234722222222222,0.5799609284768159
Group 70,9.24236111111111,0.5797988829533521
Group 70,9.245138888888889,0.5797178205439913
Group 70,9.250694444444443,0.5796367354582449
Group 70,9.255555555555556,0.5795556503724986
Group 70,9.259027777777778,0.5794745312388471
Group 70,9.275694444444444,0.5793933496009599
Group 70,9.284027777777778,0.5793120939597565
Group 70,9.285416666666666,0.5792308326196022
Group 70,9.286111111111111,0.5790682643252941
Group 70,9.290277777777778,0.5789869230885578
Group 70,9.31597222222222,0.5789054903286297
Group 70,9.322222222222225,0.5788240403827517
Group 70,9.322916666666666,0.5787425732412481
Group 70,9.354861111111113,0.5786609855097699
Group 70,9.359722222222222,0.5785793805195696
Group 70,9.366666666666667,0.5784977064116475
Group 70,9.37152777777778,0.5784159861536433
Group 70,9.384027777777778,0.5783342023450674
Group 70,9.386805555555556,0.5782524185364913
Group 70,9.38888888888889,0.5781706058004222
Group 70,9.39236111111111,0.5780887930643531
Group 70,9.395138888888887,0.578006980328284
Group 70,9.397916666666667,0.5779251618018025
Group 70,9.404166666666669,0.5778433201021917
Group 70,9.40625,0.5777614668094512
Group 70,9.406944444444443,0.5776796135167106
Group 70,9.414583333333333,0.5775977079994106
Group 70,9.417361111111113,0.5775157966744443
Group 70,9.419444444444444,0.5774338621072777
Group 70,9.422916666666667,0.5773518926471162
Group 70,9.427777777777775,0.5772289122666887
Group 70,9.432638888888889,0.5771468787397553
Group 70,9.435416666666669,0.5770648335512217
Group 70,9.44097222222222,0.5769827650262197
Group 70,9.441666666666666,0.576900684826344
Group 70,9.442361111111111,0.5768186046264684
Group 70,9.464583333333334,0.5767364484372323
Group 70,9.470138888888888,0.576654274689503
Group 70,9.470833333333331,0.5765720716567605
Group 70,9.472916666666666,0.576489856902496
Group 70,9.539583333333333,0.5764075952220019
Group 70,9.542361111111113,0.5763253217999034
Group 70,9.544444444444444,0.5762430190049301
Group 70,9.591666666666669,0.5761606809297705
Group 70,9.60138888888889,0.5760783075391165
Group 70,9.615972222222222,0.5759959341484624
Group 70,9.627083333333331,0.5759135489758744
Group 70,9.714583333333334,0.5758310162230834
Group 70,9.716666666666669,0.5757484657225855
Group 70,9.71875,0.5756659152220877
Group 70,9.727777777777778,0.5755833410393117
Group 70,9.7375,0.5755007135140405
Group 70,9.740277777777775,0.5754180444465243
Group 70,9.745833333333334,0.5753353635004151
Group 70,9.754166666666666,0.5752940051966627
Group 70,9.761805555555556,0.575211235035495
Group 70,9.76388888888889,0.5751284410470048
Group 70,9.784027777777778,0.5750456172507711
Group 70,9.792361111111113,0.5749627158426761
Group 70,9.803472222222222,0.5748796887356952
Group 70,9.80486111111111,0.5747966556326786
Group 70,9.813194444444443,0.5746304573803631
Group 70,9.81875,0.574547310157475
Group 70,9.82986111111111,0.574464120798153
Group 70,9.84722222222222,0.5743392734812597
Group 70,9.849305555555556,0.5742559876237364
Group 70,9.859027777777778,0.5741726655129378
Group 70,9.866666666666667,0.5740893131625694
Group 70,9.877777777777778,0.5740058941981458
Group 70,9.884027777777778,0.5739224570451263
Group 70,9.901388888888889,0.573838892330938
Group 70,9.919444444444444,0.5737552789122683
Group 70,9.965972222222222,0.5736714945549505
Group 70,9.970138888888888,0.5735876673474463
Group 70,9.972916666666666,0.5735037481569053
Group 70,9.974305555555556,0.5734198166849082
Group 70,9.98611111111111,0.5733358421931918
Group 70,9.988194444444444,0.573251849248247
Group 70,9.990277777777775,0.5731678439948402
Group 70,9.99375,0.5730838079499762
Group 70,10.000694444444443,0.5729997164154275
Group 70,10.002083333333331,0.5729155878415887
Group 70,10.0125,0.5728314160076298
Group 70,10.013194444444444,0.5727472008626713
Group 70,10.01736111111111,0.5726629547494312
Group 70,10.031944444444443,0.572578590731348
Group 70,10.034027777777778,0.5724941707400863
Group 70,10.0375,0.5724097320718357
Group 70,10.040277777777778,0.5723251749063032
Group 70,10.060416666666669,0.5722405239412232
Group 70,10.061111111111112,0.5721558416587309
Group 70,10.067361111111111,0.5720711092127245
Group 70,10.06875,0.5719863453796806
Group 70,10.07013888888889,0.571901506111603
Group 70,10.072222222222225,0.5718166353679491
Group 70,10.074305555555556,0.5717317079009406
Group 70,10.089583333333334,0.5716467046734799
Group 70,10.095833333333331,0.5715616635094404
Group 70,10.102083333333333,0.5714765780366441
Group 70,10.119444444444444,0.5713913593402473
Group 70,10.120833333333334,0.5712208583751328
Group 70,10.127083333333331,0.5711355760731956
Group 70,10.13263888888889,0.5710502746653735
Group 70,10.141666666666667,0.5709648839700965
Group 70,10.143055555555556,0.5708794485542698
Group 70,10.147222222222222,0.5707940067450122
Group 70,10.15972222222222,0.5707084945342639
Group 70,10.169444444444444,0.5705800722807683
Group 70,10.172222222222222,0.5704088040615636
Group 70,10.17986111111111,0.5703231249321513
Group 70,10.186111111111112,0.5701516765254379
Group 70,10.186805555555557,0.5700659265364885
Group 70,10.19097222222222,0.5699801249220187
Group 70,10.193055555555556,0.5696368151042671
Group 70,10.195833333333333,0.5695509294178588
Group 70,10.199305555555556,0.5694650113413136
Group 70,10.200694444444444,0.5693790867828312
Group 70,10.202777777777778,0.5692072117283349
Group 70,10.204166666666667,0.569121215775513
Group 70,10.207638888888887,0.5690351808222589
Group 70,10.209722222222222,0.5689491198451231
Group 70,10.210416666666667,0.5688630393367873
Group 70,10.213194444444444,0.5687768806030747
Group 70,10.213888888888889,0.5686907218693622
Group 70,10.218055555555557,0.5686045239577489
Group 70,10.21875,0.5685183129769349
Group 70,10.220833333333331,0.5684320823819135
Group 70,10.225,0.5683458125257316
Group 70,10.229166666666666,0.5682594968126895
Group 70,10.229861111111113,0.5681731745436917
Group 70,10.23611111111111,0.5680868063481238
Group 70,10.2375,0.5679140436912856
Group 70,10.239583333333334,0.5678276097754967
Group 70,10.241666666666667,0.5677411561199279
Group 70,10.245833333333334,0.5676546695396675
Group 70,10.251388888888888,0.5675680840196035
Group 70,10.254861111111111,0.5674814522430608
Group 70,10.255555555555556,0.567394774153517
Group 70,10.259027777777778,0.5672213252351667
Group 70,10.259722222222225,0.567134574248666
Group 70,10.265972222222222,0.5670477834346407
Group 70,10.268055555555556,0.5668741353613181
Group 70,10.270138888888887,0.5667872647559451
Group 70,10.275,0.5667003075198672
Group 70,10.285416666666666,0.566613263466796
Group 70,10.292361111111113,0.5665261658934401
Group 70,10.302777777777775,0.5664825970119595
Group 70,10.305555555555555,0.5663954257267378
Group 70,10.311111111111112,0.566264628538132
Group 70,10.311805555555557,0.5661773833908339
Group 70,10.313888888888888,0.5660901113471513
Group 70,10.32013888888889,0.566002798921556
Group 70,10.323611111111113,0.5659154460704222
Group 70,10.325,0.5657407133969925
Group 70,10.32638888888889,0.5655658862296882
Group 70,10.332638888888887,0.5654783237763316
Group 70,10.34375,0.5653030495961607
Group 70,10.344444444444443,0.5652154125060753
Group 70,10.345138888888888,0.5651277550289497
Group 70,10.34722222222222,0.565040097551824
Group 70,10.350694444444445,0.5649524128687775
Group 70,10.356944444444444,0.5648646737147367
Group 70,10.35763888888889,0.5647769141134449
Group 70,10.363194444444444,0.5646890521168497
Group 70,10.364583333333334,0.5646011764473637
Group 70,10.36736111111111,0.5645133007778778
Group 70,10.368055555555555,0.5644254045846855
Group 70,10.369444444444444,0.5643375083914931
Group 70,10.375694444444443,0.5642495916586077
Group 70,10.385416666666666,0.5641616749257223
Group 70,10.386111111111113,0.5640737444901042
Group 70,10.389583333333333,0.5639858140544861
Group 70,10.39375,0.5638978836188681
Group 70,10.4,0.5638098570994146
Group 70,10.400694444444444,0.5637218237077214
Group 70,10.40625,0.5636337696896477
Group 70,10.407638888888888,0.5635456468363503
Group 70,10.408333333333331,0.5634575239830532
Group 70,10.4125,0.56336938045173
Group 70,10.415277777777778,0.563281216229437
Group 70,10.415972222222225,0.5631930451069155
Group 70,10.421527777777778,0.563104804911834
Group 70,10.422916666666667,0.5630165439706253
Group 70,10.426388888888887,0.5629282553483937
Group 70,10.438888888888888,0.5628399459507393
Group 70,10.447916666666666,0.5627515741583149
Group 70,10.457638888888887,0.5626631468210807
Group 70,10.459722222222222,0.562574705584548
Group 70,10.468055555555557,0.5624862434875931
Group 70,10.540972222222225,0.5623977605170901
Group 70,10.561111111111112,0.5623092566598996
Group 70,10.561805555555557,0.5622207249340616
Group 70,10.570833333333333,0.5621321862372216
Group 70,10.611805555555556,0.5620435987049173
Group 70,10.613194444444444,0.5619549902233305
Group 70,10.627777777777778,0.5618663048307284
Group 70,10.630555555555556,0.5617775984359019
Group 70,10.63125,0.5616888710255827
Group 70,10.649305555555555,0.5616001225864887
Group 70,10.650694444444444,0.5615113601204564
Group 70,10.660416666666666,0.5614225274420637
Group 70,10.68402777777778,0.5613336525762347
Group 70,10.721527777777778,0.5612446932018168
Group 70,10.736805555555556,0.5611557056176719
Group 70,10.747222222222222,0.5610666544860973
Group 70,10.756944444444445,0.5609775680055501
Group 70,10.75763888888889,0.5608438533460859
Group 70,10.761805555555556,0.5607100642589328
Group 70,10.76736111111111,0.5606208573439285
Group 70,10.770138888888887,0.5605315865067718
Group 70,10.781944444444443,0.5604422943384713
Group 70,10.785416666666666,0.5603529737082475
Group 70,10.8,0.5602635960906213
Group 70,10.807638888888889,0.5601741542649363
Group 70,10.81597222222222,0.5600846838681522
Group 70,10.818055555555556,0.5599951920276365
Group 70,10.82638888888889,0.5599056214594939
Group 70,10.831944444444444,0.5598160222241827
Group 70,10.841666666666669,0.559681591097418
Group 70,10.845833333333331,0.5595919344548713
Group 70,10.852083333333333,0.5595022346978056
Group 70,10.863194444444444,0.5594125061700695
Group 70,10.875694444444443,0.5593227560487524
Group 70,10.8875,0.5592329338621378
Group 70,10.897916666666667,0.5591430539306266
Group 70,10.900694444444444,0.5590531595489657
Group 70,10.9125,0.5589632217819855
Group 70,10.914583333333333,0.5588732260934037
Group 70,10.919444444444444,0.5587831941600822
Group 70,10.92013888888889,0.5586931549731405
Group 70,10.925,0.5586030359062846
Group 70,10.930555555555555,0.5585128440864886
Group 70,10.940277777777778,0.55842263041437
Group 70,10.956944444444444,0.5583323073039108
Group 70,10.96111111111111,0.5582419622703665
Group 70,10.972916666666666,0.5580611258718338
Group 70,10.97638888888889,0.5579254436141455
Group 70,10.978472222222225,0.5578349374184096
Group 70,10.988888888888887,0.5577443871485585
Group 70,10.990277777777775,0.5576537780368456
Group 70,10.990972222222222,0.5573817960283737
Group 70,10.995138888888889,0.5572910689516212
Group 70,11.010416666666666,0.5572002087463629
Group 70,11.0125,0.557109311485556
Group 70,11.018055555555556,0.557018340010787
Group 70,11.022916666666667,0.5569273611067428
Group 70,11.026388888888889,0.556563326554177
Group 70,11.049305555555556,0.5564721688559451
Group 70,11.052777777777775,0.5563809663370799
Group 70,11.05625,0.5561071792626912
Group 70,11.059722222222222,0.5560158119449777
Group 70,11.064583333333331,0.5559243995632358
Group 70,11.069444444444445,0.5558328969050903
Group 70,11.075,0.5557413264113663
Group 70,11.07638888888889,0.5556497408269214
Group 70,11.077083333333333,0.5555581401442926
Group 70,11.084722222222222,0.5553747876227928
Group 70,11.088194444444444,0.555283050789687
Group 70,11.09027777777778,0.5551912457056514
Group 70,11.095138888888888,0.5551453013787971
Group 70,11.102083333333333,0.5550533213769119
Group 70,11.102777777777778,0.5549612651000436
Group 70,11.104166666666666,0.5548691477019028
Group 70,11.105555555555556,0.5547769920553819
Group 70,11.10763888888889,0.5546387126455974
Group 70,11.11875,0.5545464266701156
Group 70,11.12152777777778,0.5544540330635395
Group 70,11.123611111111112,0.5543616163566366
Group 70,11.141666666666667,0.554269045326102
Group 70,11.14375,0.5541764665645643
Group 70,11.144444444444444,0.5540838258981376
Group 70,11.146527777777775,0.5539911619921424
Group 70,11.150694444444444,0.5538984593211264
Group 70,11.155555555555557,0.5538056945481702
Group 70,11.174305555555556,0.5537126414196231
Group 70,11.2,0.5536194002574745
Group 70,11.204166666666667,0.553526104099696
Group 70,11.205555555555556,0.5534327528720883
Group 70,11.206944444444444,0.5533393465002956
Group 70,11.224305555555556,0.5532458296257814
Group 70,11.229166666666666,0.5531522969411448
Group 70,11.238194444444444,0.5530587405272858
Group 70,11.238888888888887,0.5528715802090025
Group 70,11.24375,0.5527779604341809
Group 70,11.261805555555556,0.5526842056919091
Group 70,11.272916666666667,0.5525904350428268
Group 70,11.275,0.5524966245963379
Group 70,11.280555555555557,0.5524027902511279
Group 70,11.294444444444444,0.5523089080637976
Group 70,11.297222222222222,0.5522148740282032
Group 70,11.30902777777778,0.5521207919302343
Group 70,11.3125,0.5520266937978219
Group 70,11.313888888888888,0.5519325555485385
Group 70,11.33125,0.5518384092704065
Group 70,11.34722222222222,0.5517442147821807
Group 70,11.35138888888889,0.5516499398202359
Group 70,11.370833333333334,0.5515556003692192
Group 70,11.418055555555556,0.5514612124851824
Group 70,11.420833333333333,0.5513667680233764
Group 70,11.454166666666667,0.5512721858520027
Group 70,11.4625,0.5511775387259228
Group 70,11.478472222222225,0.5510828184064992
Group 70,11.48263888888889,0.5509406768490046
Group 70,11.493055555555555,0.5508458913562133
Group 70,11.520833333333334,0.550751065070905
Group 70,11.526388888888889,0.5506562142890103
Group 70,11.56597222222222,0.5505612817462487
Group 70,11.578472222222222,0.5504663328315731
Group 70,11.643055555555556,0.5503713347587745
Group 70,11.663194444444445,0.5502762381998528
Group 70,11.66388888888889,0.5501810840863823
Group 70,11.685416666666669,0.5500858888127279
Group 70,11.693055555555556,0.5499906770621762
Group 70,11.706944444444444,0.5498954405812996
Group 70,11.7125,0.5498001793529615
Group 70,11.72638888888889,0.5497048768431065
Group 70,11.73263888888889,0.5496095247395779
Group 70,11.734027777777778,0.5495141312613622
Group 70,11.75347222222222,0.5494187129367814
Group 70,11.755555555555556,0.5493232199824167
Group 70,11.775,0.5491798309926014
Group 70,11.781944444444443,0.549084155063857
Group 70,11.784027777777778,0.5489884457811197
Group 70,11.786111111111111,0.5487969103443012
Group 70,11.793055555555556,0.5487010506219703
Group 70,11.82013888888889,0.548605107091524
Group 70,11.83125,0.5482209634716788
Group 70,11.83611111111111,0.5481248602262634
Group 70,11.842361111111112,0.5480287064046291
Group 70,11.853472222222225,0.5479324512528939
Group 70,11.85625,0.547836145347058
Group 70,11.861805555555556,0.547739788624633
Group 70,11.866666666666667,0.547643330090051
Group 70,11.87152777777778,0.547546812055139
Group 70,11.885416666666666,0.5474501406547055
Group 70,11.893055555555556,0.5473533752741214
Group 70,11.919444444444444,0.5472564814211786
Group 70,11.934722222222222,0.5471593812647874
Group 70,11.947222222222225,0.5470621603370572
Group 70,11.952083333333333,0.5469649048418862
Group 70,11.959722222222222,0.5468675454782618
Group 70,11.965972222222222,0.5467701167332986
Group 70,11.977083333333333,0.5466725576081789
Group 70,11.99236111111111,0.546574754127079
Group 70,12.002777777777778,0.546476827986413
Group 70,12.00347222222222,0.5463788842946867
Group 70,12.009027777777778,0.5462809054756614
Group 70,12.009722222222225,0.5461828827041783
Group 70,12.015277777777778,0.5460846748676765
Group 70,12.028472222222222,0.5459863166769582
Group 70,12.030555555555557,0.5458878875591149
Group 70,12.03125,0.5457401906198402
Group 70,12.032638888888888,0.5456416726686497
Group 70,12.039583333333333,0.5455430835146758
Group 70,12.044444444444444,0.5454444676282849
Group 70,12.046527777777778,0.545345833909003
Group 70,12.053472222222222,0.5451483521657805
Group 70,12.061111111111112,0.5450494769772132
Group 70,12.0625,0.5449505838488494
Group 70,12.063194444444443,0.5448516727709205
Group 70,12.064583333333331,0.5447527347515323
Group 70,12.070833333333333,0.5446537607808289
Group 70,12.07638888888889,0.5445547688213995
Group 70,12.077777777777778,0.5443566768720284
Group 70,12.07986111111111,0.5442079590839748
Group 70,12.08611111111111,0.5441087053982034
Group 70,12.095138888888888,0.5439099986674819
Group 70,12.102083333333333,0.5437110739171235
Group 70,12.109027777777778,0.5436114748927753
Group 70,12.115972222222222,0.5435118576168191
Group 70,12.12152777777778,0.5434122220792175
Group 70,12.123611111111112,0.5433125317064272
Group 70,12.129166666666666,0.5432127681126508
Group 70,12.129861111111111,0.5431129953570052
Group 70,12.13263888888889,0.5430131767583364
Group 70,12.135416666666666,0.5429133306285656
Group 70,12.138194444444444,0.5428134293808652
Group 70,12.140972222222222,0.5425635842969192
Group 70,12.14236111111111,0.542413552888228
Group 70,12.147916666666667,0.5423134673539743
Group 70,12.167361111111113,0.5422132708703985
Group 70,12.169444444444444,0.5421130743868228
Group 70,12.172222222222222,0.5419125702446547
Group 70,12.17986111111111,0.5418121974774303
Group 70,12.19375,0.5417117595874539
Group 70,12.207638888888887,0.5416113030719997
Group 70,12.221527777777778,0.5415107626407629
Group 70,12.228472222222225,0.5414100913705192
Group 70,12.229861111111113,0.5413093920138057
Group 70,12.231944444444444,0.5412086832897101
Group 70,12.240277777777775,0.5411079276938263
Group 70,12.247916666666669,0.541007078205858
Group 70,12.252083333333331,0.5409061628769631
Group 70,12.254166666666666,0.5407042757209019
Group 70,12.25625,0.540603256706288
Group 70,12.282638888888888,0.5405021999240267
Group 70,12.296527777777778,0.5404010769680073
Group 70,12.297222222222222,0.5402999350857374
Group 70,12.3125,0.5401986415096058
Group 70,12.350694444444445,0.5400972052798604
Group 70,12.354166666666666,0.5399957309341056
Group 70,12.35625,0.5398942470530805
Group 70,12.359027777777778,0.5397927631720555
Group 70,12.427777777777775,0.5396910594013212
Group 70,12.475,0.5395892693109022
Group 70,12.486805555555556,0.5394873350010296
Group 70,12.501388888888888,0.5393853525180426
Group 70,12.505555555555556,0.5392833603931456
Group 70,12.5125,0.5391813586226911
Group 70,12.526388888888889,0.5390793182444507
Group 70,12.63125,0.5389772198887225
Group 70,12.702777777777778,0.5388750634785844
Group 70,12.705555555555556,0.5387728876986302
Group 70,12.717361111111112,0.5386705955232555
Group 70,12.736805555555556,0.5385682936344466
Group 70,12.743055555555555,0.5384659431415476
Group 70,12.781944444444443,0.5383634074958955
Group 70,12.782638888888888,0.5382608327778817
Group 70,12.791666666666666,0.5381582091682006
Group 70,12.817361111111111,0.5380554876165364
Group 70,12.822916666666666,0.5379526777402364
Group 70,12.847916666666666,0.5378497399909558
Group 70,12.859722222222222,0.537746733241939
Group 70,12.86875,0.5376437166263754
Group 70,12.877777777777778,0.5375406605181472
Group 70,12.879166666666666,0.5374375945301273
Group 70,12.879861111111111,0.5372829658945091
Group 70,12.88125,0.5371797910570834
Group 70,12.884027777777778,0.5370766063104339
Group 70,12.886111111111113,0.5369734116507527
Group 70,12.89375,0.5367669429737746
Group 70,12.913194444444445,0.5366635993189857
Group 70,12.922916666666667,0.5365601161721829
Group 70,12.932638888888889,0.5364565930936238
Group 70,12.9375,0.5363530100480371
Group 70,12.938888888888888,0.5362493268835198
Group 70,12.944444444444445,0.5361455534288737
Group 70,12.945833333333333,0.5360416895091858
Group 70,12.952083333333333,0.5359377248680863
Group 70,12.959722222222222,0.53583369968857
Group 70,12.960416666666667,0.5357296543099896
Group 70,12.964583333333334,0.5356255887205743
Group 70,12.968055555555557,0.5355214421935043
Group 70,12.970833333333331,0.5354172956664345
Group 70,12.971527777777778,0.5353131187434523
Group 70,12.974305555555556,0.5352089215427237
Group 70,12.975,0.5351047141981865
Group 70,12.978472222222225,0.5350004764044399
Group 70,12.984027777777778,0.5348962081377464
Group 70,12.991666666666667,0.5347918585068182
Group 70,13.010416666666666,0.5346873048687915
Group 70,13.014583333333333,0.5345826386644519
Group 70,13.01875,0.5344779006866571
Group 70,13.019444444444444,0.5343731421800545
Group 70,13.022222222222222,0.5342683528591053
Group 70,13.02777777777778,0.5341635224160839
Group 70,13.04375,0.5340585374470556
Group 70,13.045833333333333,0.5339534078136998
Group 70,13.051388888888887,0.5337956667774182
Group 70,13.067361111111111,0.5336902985052552
Group 70,13.070833333333333,0.5335848886102315
Group 70,13.071527777777778,0.5334794057816044
Group 70,13.072222222222225,0.5333739125235893
Group 70,13.075,0.5332683566335195
Group 70,13.080555555555556,0.5331627798454311
Group 70,13.083333333333334,0.5330571612281876
Group 70,13.084027777777775,0.5329514588365104
Group 70,13.085416666666667,0.5328457564448331
Group 70,13.088194444444444,0.5326341837799752
Group 70,13.091666666666669,0.532528250171427
Group 70,13.093055555555557,0.5324221899742211
Group 70,13.097916666666666,0.5323161086452762
Group 70,13.099305555555556,0.5322099955966078
Group 70,13.11111111111111,0.5321037978523003
Group 70,13.113888888888887,0.5319974940269377
Group 70,13.11736111111111,0.5318911583295508
Group 70,13.12152777777778,0.5317848120017832
Group 70,13.127083333333331,0.5316782525764748
Group 70,13.135416666666666,0.5315715755595052
Group 70,13.136805555555556,0.5314648449951925
Group 70,13.13888888888889,0.5313581037128075
Group 70,13.145833333333334,0.5311443635262777
Group 70,13.147222222222222,0.5310373750352865
Group 70,13.147916666666667,0.5309303649849015
Group 70,13.15625,0.5308232901911162
Group 70,13.161805555555556,0.5307160856490195
Group 70,13.16388888888889,0.5306088486141339
Group 70,13.165972222222225,0.5303943311899924
Group 70,13.17013888888889,0.5302869204303345
Group 70,13.170833333333333,0.5301794987914344
Group 70,13.171527777777778,0.5300720336046926
Group 70,13.20138888888889,0.5299643282234867
Group 70,13.207638888888887,0.5298565680916804
Group 70,13.222916666666666,0.5297485222988395
Group 70,13.247916666666669,0.5295319005354787
Group 70,13.268055555555556,0.5294233787810908
Group 70,13.272222222222222,0.5293148013859348
Group 70,13.275694444444444,0.5292061905720667
Group 70,13.279861111111112,0.5290975240031607
Group 70,13.286111111111111,0.5289888016104753
Group 70,13.28888888888889,0.5288800568676219
Group 70,13.290277777777778,0.5287712561976223
Group 70,13.294444444444444,0.5286623883252325
Group 70,13.302777777777775,0.5285534419288749
Group 70,13.303472222222222,0.5284444843032454
Group 70,13.313194444444443,0.5283354367414824
Group 70,13.315277777777778,0.5282263554084089
Group 70,13.317361111111111,0.5280627334087987
Group 70,13.324305555555556,0.5279536069914793
Group 70,13.327777777777778,0.5278443337622561
Group 70,13.331944444444444,0.5277350492211046
Group 70,13.33611111111111,0.5275164122250523
Group 70,13.3375,0.5274070030345047
Group 70,13.338194444444444,0.5272975484318204
Group 70,13.34375,0.5271880824678529
Group 70,13.348611111111111,0.5270785710257117
Group 70,13.35138888888889,0.5269690368255816
Group 70,13.35625,0.5268595026254516
Group 70,13.363888888888887,0.5267499456484032
Group 70,13.372222222222222,0.5266403430796042
Group 70,13.38125,0.5265306834558499
Group 70,13.38263888888889,0.5263113642083415
Group 70,13.386805555555556,0.5262016703016703
Group 70,13.38888888888889,0.5260919649602126
Group 70,13.393055555555556,0.5259821794917316
Group 70,13.39375,0.525817484101013
Group 70,13.400694444444444,0.5257075609309282
Group 70,13.40625,0.5255976262674127
Group 70,13.408333333333331,0.5254876916038972
Group 70,13.409027777777778,0.5253776763853054
Group 70,13.40972222222222,0.5250475616027824
Group 70,13.411805555555556,0.5249374194669312
Group 70,13.415277777777778,0.5248272426552055
Group 70,13.42013888888889,0.5247170079896615
Group 70,13.426388888888887,0.5246067269875619
Group 70,13.427083333333334,0.5244963879977654
Group 70,13.43125,0.5243860025641134
Group 70,13.43402777777778,0.5242755938889762
Group 70,13.436805555555557,0.5241651735869777
Group 70,13.440277777777778,0.5240546834576382
Group 70,13.456944444444444,0.523833540010668
Group 70,13.48125,0.5237227929620398
Group 70,13.5,0.5236120459134118
Group 70,13.522222222222222,0.5235012871517167
Group 70,13.609027777777778,0.5233905049514941
Group 70,13.622916666666669,0.5232796523612259
Group 70,13.624305555555557,0.5231687880280985
Group 70,13.627777777777778,0.5230579236949711
Group 70,13.654166666666669,0.5229469770572163
Group 70,13.666666666666666,0.5228359833233615
Group 70,13.74375,0.5227248362180631
Group 70,13.747222222222222,0.5226134997247259
Group 70,13.776388888888889,0.5225019731562827
Group 70,13.824305555555556,0.5223902797032779
Group 70,13.834027777777775,0.5223343732093029
Group 70,13.839583333333334,0.5222225243071167
Group 70,13.864583333333334,0.5221106274731104
Group 70,13.890277777777778,0.5219985625176536
Group 70,13.899305555555555,0.5218864373834
Group 70,13.907638888888888,0.5218303687932213
Group 70,13.92361111111111,0.5217180868418941
Group 70,13.935416666666669,0.5216056960433499
Group 70,13.94375,0.5214932567900533
Group 70,13.95138888888889,0.5213807568964517
Group 70,13.964583333333334,0.5212681841323588
Group 70,13.970833333333331,0.5211555140396035
Group 70,13.990972222222222,0.5210426609616391
Group 70,13.997916666666669,0.5209297222684643
Group 70,14.025694444444444,0.5207600751596058
Group 70,14.034027777777778,0.520646780244962
Group 70,14.0375,0.5205334236631539
Group 70,14.043055555555556,0.5203065128420279
Group 70,14.04861111111111,0.5201930079308494
Group 70,14.056944444444444,0.5200793790518781
Group 70,14.077083333333333,0.5199654389973153
Group 70,14.077777777777778,0.5198514739695899
Group 70,14.086805555555555,0.5197374339402009
Group 70,14.088888888888889,0.5196233813981906
Group 70,14.122222222222222,0.5195090276610872
Group 70,14.129166666666666,0.5193946109607984
Group 70,14.15277777777778,0.5192800301950891
Group 70,14.157638888888888,0.5191653228767336
Group 70,14.163194444444445,0.5190504505849144
Group 70,14.16388888888889,0.5189355655803581
Group 70,14.169444444444444,0.5185907960760417
Group 70,14.178472222222222,0.5184756688041856
Group 70,14.186111111111112,0.518360426379468
Group 70,14.188194444444443,0.518245094212068
Group 70,14.192361111111111,0.5181297106889216
Group 70,14.19375,0.5180143143168304
Group 70,14.210416666666667,0.5178987892690345
Group 70,14.21527777777778,0.5177832642212387
Group 70,14.220833333333331,0.5176677133923564
Group 70,14.22222222222222,0.5176099315290467
Group 70,14.227777777777778,0.5174942515801072
Group 70,14.231944444444444,0.5173785457664504
Group 70,14.233333333333333,0.5172628399527935
Group 70,14.24375,0.5171470693977459
Group 70,14.24652777777778,0.5170312729200482
Group 70,14.248611111111112,0.5169154634737676
Group 70,14.249305555555557,0.5168575587506272
Group 70,14.254861111111111,0.5167416194148824
Group 70,14.265972222222222,0.516625615010479
Group 70,14.26875,0.5165095584868329
Group 70,14.289583333333333,0.5163933191353112
Group 70,14.297222222222222,0.5162769619205443
Group 70,14.3,0.5161605653560262
Group 70,14.301388888888887,0.5160441687915079
Group 70,14.304166666666667,0.5159277065552652
Group 70,14.30625,0.5158112180236428
Group 70,14.309722222222222,0.5154617129634348
Group 70,14.313194444444443,0.5153451058572334
Group 70,14.316666666666666,0.5152284987510319
Group 70,14.317361111111111,0.5151117727658142
Group 70,14.32638888888889,0.514995033553856
Group 70,14.33125,0.51487828110916
Group 70,14.334027777777775,0.514761528664464
Group 70,14.341666666666669,0.5146447232347694
Group 70,14.345138888888888,0.5145277983856873
Group 70,14.354861111111113,0.5144108203708219
Group 70,14.374305555555557,0.5142937091994226
Group 70,14.379861111111111,0.5141765179702557
Group 70,14.394444444444444,0.5140592198025882
Group 70,14.395138888888887,0.5139419082508304
Group 70,14.4,0.5138245699156133
Group 70,14.404166666666669,0.5137071108757424
Group 70,14.408333333333331,0.5135895443095733
Group 70,14.41388888888889,0.51347188347468
Group 70,14.424305555555556,0.5133541686916734
Group 70,14.425694444444444,0.5132363998986723
Group 70,14.457638888888887,0.5131182787479477
Group 70,14.461805555555555,0.513000157597223
Group 70,14.465972222222222,0.5128820092421799
Group 70,14.539583333333333,0.5127637519193203
Group 70,14.61111111111111,0.5126453990625588
Group 70,14.627083333333331,0.5125270052059623
Group 70,14.635416666666666,0.5124085703116339
Group 70,14.6375,0.5122900943416197
Group 70,14.686111111111112,0.5121715498329209
Group 70,14.733333333333333,0.512052881725916
Group 70,14.736805555555556,0.5119341585908068
Group 70,14.765277777777778,0.5118153803637556
Group 70,14.776388888888889,0.5116965193836432
Group 70,14.777083333333334,0.5115776584035309
Group 70,14.784027777777778,0.5114586868550649
Group 70,14.82013888888889,0.5113396322259087
Group 70,14.84722222222222,0.5112204804998861
Group 70,14.901388888888889,0.5111010783089484
Group 70,14.916666666666666,0.5109815923759714
Group 70,14.95625,0.5108619805800032
Group 70,14.96875,0.510742326760919
Group 70,14.977777777777778,0.5106226449034472
Group 70,14.98125,0.5105029209538802
Group 70,14.988888888888887,0.5103831267685103
Group 70,15.004166666666666,0.5102632481715007
Group 70,15.011805555555556,0.5101432991239756
Group 70,15.018055555555556,0.5098432501302549
Group 70,15.063194444444443,0.509722947334094
Group 70,15.071527777777778,0.5096025592974066
Group 70,15.072916666666666,0.5094821001178067
Group 70,15.0875,0.5093615839498309
Group 70,15.096527777777778,0.509241067781855
Group 70,15.1,0.5091204231318238
Group 70,15.104861111111113,0.5089997641857088
Group 70,15.114583333333334,0.5088790336913575
Group 70,15.115277777777775,0.5086978519798604
Group 70,15.120138888888889,0.5085768342917482
Group 70,15.12152777777778,0.5084558022036255
Group 70,15.13263888888889,0.5083346836228242
Group 70,15.136111111111113,0.5082134350399684
Group 70,15.139583333333333,0.5080921575229561
Group 70,15.145138888888887,0.508031424537357
Group 70,15.149305555555555,0.5079099149883167
Group 70,15.154166666666669,0.5076668668174884
Group 70,15.155555555555557,0.5075452408311881
Group 70,15.160416666666666,0.5074235419363718
Group 70,15.1625,0.5073018138466666
Group 70,15.171527777777778,0.5071799248957184
Group 70,15.172916666666667,0.5070580066445415
Group 70,15.178472222222222,0.5069360003869273
Group 70,15.183333333333334,0.5068139353735907
Group 70,15.189583333333331,0.5066918556589397
Group 70,15.20138888888889,0.5065696139567301
Group 70,15.202777777777778,0.50644734274892
Group 70,15.204166666666667,0.5062027412793481
Group 70,15.206944444444444,0.50608024817801
Group 70,15.2125,0.5059577402505886
Group 70,15.214583333333334,0.5058351878125964
Group 70,15.222916666666666,0.5055899046569109
Group 70,15.224305555555556,0.5054670096873782
Group 70,15.22638888888889,0.5053441147178457
Group 70,15.229861111111113,0.5052211449855868
Group 70,15.233333333333333,0.5050980554143879
Group 70,15.261805555555556,0.5049748757886314
Group 70,15.26875,0.5048515909068472
Group 70,15.28888888888889,0.5047281100236609
Group 70,15.313194444444443,0.5046044173119776
Group 70,15.316666666666666,0.5044806791027299
Group 70,15.31875,0.5043568801630728
Group 70,15.319444444444445,0.50423305082839
Group 70,15.321527777777778,0.5041092062868626
Group 70,15.338194444444444,0.5039853160911667
Group 70,15.363888888888887,0.5038611664874985
Group 70,15.36736111111111,0.5036127448597467
Group 70,15.372916666666669,0.5034883192279098
Group 70,15.381944444444445,0.5033638628395207
Group 70,15.383333333333333,0.5032393910633487
Group 70,15.385416666666666,0.503114888492576
Group 70,15.395833333333334,0.5029902625603261
Group 70,15.408333333333331,0.50286548204369
Group 70,15.409027777777778,0.5027406705564614
Group 70,15.424305555555556,0.5026156884133771
Group 70,15.425,0.5024906440823874
Group 70,15.427777777777775,0.5023654751587151
Group 70,15.433333333333334,0.5022402126041312
Group 70,15.438888888888888,0.5021147779855987
Group 70,15.44097222222222,0.5019893433670661
Group 70,15.44375,0.5018638773977168
Group 70,15.44513888888889,0.5017383957431605
Group 70,15.449305555555556,0.5016128826985718
Group 70,15.461805555555555,0.5014873382403817
Group 70,15.471527777777778,0.5013617937821916
Group 70,15.578472222222222,0.5012362178789274
Group 70,15.619444444444444,0.5011105002421381
Group 70,15.654861111111112,0.5009217817509598
Group 70,15.6625,0.5007959378163408
Group 70,15.686111111111112,0.5006700938817218
Group 70,15.715972222222222,0.5005441549824936
Group 70,15.725,0.5004181843885631
Group 70,15.813888888888888,0.5002919595974449
Group 70,15.821527777777778,0.5001656551390764
Group 70,15.831944444444444,0.500039238949227
Group 70,15.841666666666669,0.4997862466704771
Group 70,15.859027777777778,0.49965962233638267
Group 70,15.881944444444445,0.49953286951488696
Group 70,15.92986111111111,0.49940556756037247
Group 70,15.932638888888889,0.49927824937871274
Group 70,15.944444444444445,0.499150817462077
Group 70,15.959722222222222,0.49902315740646014
Group 70,16.007638888888888,0.4988952355511906
Group 70,16.050694444444446,0.49876680325989153
Group 70,16.05763888888889,0.4986382385471039
Group 70,16.05902777777778,0.49850959091073976
Group 70,16.0625,0.4983809266725385
Group 70,16.063194444444445,0.49825219596695347
Group 70,16.069444444444443,0.4981233820589993
Group 70,16.07777777777778,0.49799455149335614
Group 70,16.080555555555556,0.497865537360845
Group 70,16.084722222222222,0.4977363390898288
Group 70,16.095833333333335,0.49760685513064823
Group 70,16.105555555555554,0.4974770841422193
Group 70,16.10763888888889,0.4973472962256677
Group 70,16.10902777777778,0.4970876187442811
Group 70,16.122222222222224,0.49695764420676136
Group 70,16.125,0.4968275165177834
Group 70,16.127083333333335,0.4966973888288055
Group 70,16.147222222222222,0.49656690219046873
Group 70,16.15138888888889,0.49643634693815103
Group 70,16.158333333333335,0.49630570579421995
Group 70,16.164583333333333,0.496175013047467
Group 70,16.17152777777778,0.49604411342656013
Group 70,16.18402777777778,0.49591293687930993
Group 70,16.18611111111111,0.4957817256246786
Group 70,16.189583333333335,0.4955848566403141
Group 70,16.190277777777776,0.49538764818164305
Group 70,16.193055555555556,0.4952560885884465
Group 70,16.19375,0.4951244065654238
Group 70,16.196527777777778,0.4949926544614947
Group 70,16.197916666666668,0.49486083218334254
Group 70,16.204166666666666,0.49472893963745146
Group 70,16.20625,0.49459690629353964
Group 70,16.206944444444446,0.4944647847745618
Group 70,16.210416666666667,0.4943325926118096
Group 70,16.213194444444444,0.4942003650893777
Group 70,16.21388888888889,0.4940681375669458
Group 70,16.22013888888889,0.4939358392304705
Group 70,16.250694444444445,0.49380318558759945
Group 70,16.279166666666665,0.49367019254004013
Group 70,16.3,0.49353671405077687
Group 70,16.301388888888887,0.49340319945208877
Group 70,16.302777777777777,0.4932027919787126
Group 70,16.306944444444444,0.4930689331669393
Group 70,16.308333333333334,0.4929350198227875
Group 70,16.315277777777776,0.4926669746787838
Group 70,16.31597222222222,0.49253295210678194
Group 70,16.316666666666666,0.4923989112979354
Group 70,16.336111111111112,0.49226443119106716
Group 70,16.33888888888889,0.492129877567672
Group 70,16.34722222222222,0.4919951213032779
Group 70,16.351388888888888,0.4918603465816498
Group 70,16.352083333333333,0.4917254609799545
Group 70,16.354861111111113,0.4915905568754333
Group 70,16.363194444444446,0.4914554859709477
Group 70,16.366666666666667,0.4913203221959282
Group 70,16.369444444444444,0.49118510262190973
Group 70,16.37013888888889,0.49104982718742285
Group 70,16.37638888888889,0.4909143464791355
Group 70,16.377777777777776,0.490778790950631
Group 70,16.381944444444443,0.49064314175467993
Group 70,16.385416666666668,0.49050749255872894
Group 70,16.39097222222222,0.4903717682940475
Group 70,16.395138888888887,0.49023591242251574
Group 70,16.400694444444444,0.4900998869196238
Group 70,16.418055555555554,0.4899634448575638
Group 70,16.422916666666666,0.4898268506437758
Group 70,16.431944444444444,0.48955308965417477
Group 70,16.441666666666666,0.48941603671754147
Group 70,16.45347222222222,0.4892788685458157
Group 70,16.455555555555556,0.4891415271090309
Group 70,16.493055555555557,0.48900405056965235
Group 70,16.494444444444444,0.4888665160314524
Group 70,16.51388888888889,0.4887289814932526
Group 70,16.52777777777778,0.4885913113576207
Group 70,16.55,0.4884535830105149
Group 70,16.55902777777778,0.48831579638625244
Group 70,16.585416666666667,0.48817787355151543
Group 70,16.600694444444443,0.4880398337173428
Group 70,16.629166666666666,0.4879015200334212
Group 70,16.63125,0.4877631867416623
Group 70,16.643055555555556,0.4876247945763221
Group 70,16.665277777777778,0.48748636312292926
Group 70,16.677083333333332,0.48734791201156236
Group 70,16.699305555555554,0.48720932309871956
Group 70,16.700694444444444,0.4870706355601205
Group 70,16.722916666666666,0.4869319085206559
Group 70,16.725694444444443,0.4867931023893786
Group 70,16.73125,0.48665423686309434
Group 70,16.743055555555557,0.4865152523602061
Group 70,16.75,0.4862372436445717
Group 70,16.752083333333335,0.48609817965382546
Group 70,16.755555555555556,0.48582001188292195
Group 70,16.758333333333333,0.4856808682449775
Group 70,16.760416666666668,0.4855416647860366
Group 70,16.76388888888889,0.48540240143746755
Group 70,16.768055555555556,0.48526305813290677
Group 70,16.769444444444446,0.4851236547838309
Group 70,16.775694444444444,0.48498421136480707
Group 70,16.77986111111111,0.4848445671922287
Group 70,16.788194444444443,0.4847049029067059
Group 70,16.804861111111112,0.48449516474015175
Group 70,16.81111111111111,0.4844251914350189
Group 70,16.822916666666668,0.4842849409453156
Group 70,16.825,0.48414460917454033
Group 70,16.82638888888889,0.484004236716096
Group 70,16.841666666666665,0.4838638031641691
Group 70,16.854166666666668,0.48372314508185393
Group 70,16.872222222222224,0.48358232320555644
Group 70,16.879166666666666,0.48344146030919594
Group 70,16.882638888888888,0.48330055635690533
Group 70,16.883333333333333,0.4831596318616853
Group 70,16.90138888888889,0.48301837776671047
Group 70,16.950694444444444,0.48287681317768155
Group 70,16.95138888888889,0.4827351239719369
Group 70,16.961805555555557,0.482593289059649
Group 70,16.972916666666666,0.48245137072732736
Group 70,16.98402777777778,0.4823093688522053
Group 70,16.990972222222222,0.4821673042369322
Group 70,17.002083333333335,0.4820249670253493
Group 70,17.002777777777776,0.48173999808238427
Group 70,17.004166666666666,0.48159723915570407
Group 70,17.01527777777778,0.4814544167241632
Group 70,17.027083333333334,0.4813114033819015
Group 70,17.02777777777778,0.4811683262703135
Group 70,17.028472222222224,0.4808820869328535
Group 70,17.038194444444443,0.48073883936450884
Group 70,17.040972222222223,0.4805955490994226
Group 70,17.045833333333334,0.48045208774148246
Group 70,17.054861111111112,0.4803084977571007
Group 70,17.070833333333333,0.4801645850985967
Group 70,17.071527777777778,0.4800206508704497
Group 70,17.072222222222223,0.4798766950597223
Group 70,17.07847222222222,0.47973234953556537
Group 70,17.079166666666666,0.4795879822922504
Group 70,17.104861111111113,0.47944317915750034
Group 70,17.114583333333332,0.4792982008753239
Group 70,17.122916666666665,0.47915300299562824
Group 70,17.134722222222223,0.478861591712067
Group 70,17.139583333333334,0.4787156640595569
Group 70,17.149305555555557,0.4785694243576905
Group 70,17.15138888888889,0.4782765422130408
Group 70,17.15972222222222,0.477983121021499
Group 70,17.17013888888889,0.47783600402518583
Group 70,17.170833333333334,0.47768886437806496
Group 70,17.17222222222222,0.47754172473094403
Group 70,17.174305555555556,0.47739444894845184
Group 70,17.175694444444446,0.47724708224095114
Group 70,17.186805555555555,0.477099510477735
Group 70,17.191666666666666,0.4769517101337209
Group 70,17.19236111111111,0.47680388688557773
Group 70,17.197916666666668,0.47650778138215555
Group 70,17.2,0.4762113074164488
Group 70,17.202083333333334,0.47606300118554984
Group 70,17.216666666666665,0.4759144635876761
Group 70,17.219444444444445,0.47576578677930753
Group 70,17.22013888888889,0.4756170634949126
Group 70,17.221527777777776,0.4754682471421295
Group 70,17.226388888888888,0.47531922089322115
Group 70,17.228472222222223,0.47517017127864186
Group 70,17.23263888888889,0.4750209578475605
Group 70,17.23611111111111,0.47487150969344766
Group 70,17.239583333333332,0.4747220615393348
Group 70,17.243055555555557,0.474572613385222
Group 70,17.244444444444444,0.47442311815341065
Group 70,17.24652777777778,0.47427352864745026
Group 70,17.25347222222222,0.47412377382312204
Group 70,17.256944444444443,0.4739739006529551
Group 70,17.259027777777778,0.47367401207297855
Group 70,17.261805555555554,0.473523972791359
Group 70,17.266666666666666,0.473373838367519
Group 70,17.270138888888887,0.47322351323624956
Group 70,17.274305555555557,0.4730730207849103
Group 70,17.275,0.4729224804441673
Group 70,17.27777777777778,0.4727718681892487
Group 70,17.286805555555556,0.4726210156467506
Group 70,17.288194444444443,0.4723189731379493
Group 70,17.289583333333333,0.47216780687994386
Group 70,17.295833333333334,0.4720164225237784
Group 70,17.29722222222222,0.47186484371115034
Group 70,17.29861111111111,0.47171319182501464
Group 70,17.302083333333332,0.4715613935331965
Group 70,17.304166666666667,0.4714094974489532
Group 70,17.305555555555557,0.4712575279139922
Group 70,17.310416666666665,0.4711054848335231
Group 70,17.3125,0.4709533681125565
Group 70,17.315277777777776,0.4708010792303859
Group 70,17.323611111111113,0.47049595863464355
Group 70,17.325,0.4703431009482775
Group 70,17.325694444444444,0.47019006919264117
Group 70,17.330555555555556,0.47003661290374016
Group 70,17.336805555555557,0.4697296502177622
Group 70,17.340972222222224,0.46957601827983325
Group 70,17.341666666666665,0.4694222605790212
Group 70,17.34722222222222,0.4692682001062352
Group 70,17.35763888888889,0.46911381017364556
Group 70,17.36111111111111,0.4689589104509532
Group 70,17.364583333333332,0.46880383144617443
Group 70,17.372916666666665,0.468493262495233
Group 70,17.375,0.4683377976661322
Group 70,17.37986111111111,0.4681821002599932
Group 70,17.382638888888888,0.46802624736376813
Group 70,17.395138888888887,0.4677137089681997
Group 70,17.396527777777777,0.46755725681601096
Group 70,17.400694444444444,0.4674006998909093
Group 70,17.40763888888889,0.4672438276976249
Group 70,17.408333333333335,0.4670869028184653
Group 70,17.418055555555554,0.4669293427230635
Group 70,17.422916666666666,0.4667716495981993
Group 70,17.424305555555556,0.46661382317399025
Group 70,17.425,0.46645597005383665
Group 70,17.427777777777777,0.466298010023341
Group 70,17.430555555555557,0.46613996968779675
Group 70,17.435416666666665,0.4659816609869349
Group 70,17.438194444444445,0.465823298485325
Group 70,17.439583333333335,0.4656646122995014
Group 70,17.444444444444443,0.4655057637194913
Group 70,17.446527777777778,0.4653468880322151
Group 70,17.454166666666666,0.46518776787901545
Group 70,17.45486111111111,0.4650286205071786
Group 70,17.460416666666667,0.46486947313534177
Group 70,17.48263888888889,0.46471029851690815
Group 70,17.497222222222224,0.46447137291355756
Group 70,17.54722222222222,0.4643117881779748
Group 70,17.57847222222222,0.46415181856964477
Group 70,17.729861111111113,0.4639914897894825
Group 70,17.752083333333335,0.46383093910097406
Group 70,17.76597222222222,0.4636700821774086
Group 70,17.772222222222222,0.46350911356703633
Group 70,17.79513888888889,0.4633479210392787
Group 70,17.79861111111111,0.4629445187050985
Group 70,17.82777777777778,0.46262128985629064
Group 70,17.856944444444444,0.46245922249252946
Group 70,17.85902777777778,0.4622968991431113
Group 70,17.864583333333332,0.46213434749081056
Group 70,17.875,0.46197162412901804
Group 70,17.88125,0.4618087860521308
Group 70,17.897222222222222,0.46164580430303886
Group 70,17.903472222222224,0.46148267857713676
Group 70,17.904166666666665,0.46131949516887044
Group 70,17.927083333333332,0.4611560515921941
Group 70,17.930555555555557,0.4609925210774451
Group 70,17.947916666666668,0.4608288454086798
Group 70,17.954166666666666,0.4606648785538822
Group 70,17.963194444444444,0.4605007948927767
Group 70,17.96527777777778,0.46033665274524765
Group 70,17.96736111111111,0.4601724227585387
Group 70,17.97013888888889,0.46000784034696557
Group 70,17.972916666666666,0.4598432579353924
Group 70,17.978472222222223,0.45967829174420477
Group 70,17.981944444444444,0.4595132663298288
Group 70,17.983333333333334,0.45934824091545284
Group 70,17.98611111111111,0.45918300773526743
Group 70,17.986805555555556,0.4590173572995765
Group 70,17.99652777777778,0.45885170686388554
Group 70,17.997222222222224,0.4586859367385734
Group 70,18.002083333333335,0.4585200766999769
Group 70,18.005555555555556,0.45835409658171444
Group 70,18.01805555555556,0.45818796606464973
Group 70,18.01875,0.45785540357793975
Group 70,18.02430555555556,0.45768894096984014
Group 70,18.044444444444444,0.45752217509592147
Group 70,18.04513888888889,0.45735540922200274
Group 70,18.056944444444444,0.45718843024820865
Group 70,18.05763888888889,0.4570212375510983
Group 70,18.060416666666665,0.4568537691606436
Group 70,18.06111111111111,0.456518832379734
Group 70,18.1,0.45618154473113426
Group 70,18.103472222222223,0.45601258860345606
Group 70,18.12152777777778,0.45584341309293724
Group 70,18.12361111111111,0.4556741433517219
Group 70,18.124305555555555,0.4555048421652639
Group 70,18.125,0.45533550951018387
Group 70,18.13125,0.4551659877270453
Group 70,18.136111111111116,0.4549964027837789
Group 70,18.14027777777778,0.45482669133178943
Group 70,18.154166666666665,0.4546568214190605
Group 70,18.15625,0.45448672908033283
Group 70,18.169444444444444,0.45414622581823855
Group 70,18.17361111111111,0.4539759741871914
Group 70,18.18055555555556,0.45380553079534336
Group 70,18.18125,0.45363483095302803
Group 70,18.18263888888889,0.45337873300555737
Group 70,18.184722222222224,0.4532075497950588
Group 70,18.191666666666663,0.4530361723891994
Group 70,18.198611111111116,0.452864535271416
Group 70,18.20833333333333,0.45269260492393254
Group 70,18.209722222222226,0.4525204457282969
Group 70,18.257638888888888,0.45234762906007914
Group 70,18.275694444444444,0.4521746471751613
Group 70,18.29861111111111,0.4520015328385706
Group 70,18.320138888888888,0.45182828579647066
Group 70,18.324305555555554,0.4516547393068235
Group 70,18.325,0.4506130601079609
Group 70,18.34236111111111,0.45043914538001495
Group 70,18.35902777777778,0.4502651298708861
Group 70,18.375,0.4500909123704524
Group 70,18.429861111111112,0.44991655989616597
Group 70,18.480555555555554,0.44974146102093887
Group 70,18.52430555555556,0.44956615739161865
Group 70,18.565277777777776,0.44939068270098964
Group 70,18.648611111111112,0.4492149335094757
Group 70,18.709722222222226,0.4490388398467907
Group 70,18.715972222222224,0.44886264253863034
Group 70,18.730555555555554,0.44868641064128495
Group 70,18.735416666666666,0.4485099708415833
Group 70,18.73611111111111,0.44833349633013664
Group 70,18.75208333333333,0.44815695232685643
Group 70,18.76944444444445,0.44797956980070286
Group 70,18.770138888888887,0.4477133378852112
Group 70,18.77430555555556,0.4475353914075144
Group 70,18.804166666666667,0.44735716146270854
Group 70,18.820833333333333,0.44717864703275534
Group 70,18.825694444444444,0.4470000256438867
Group 70,18.86875,0.44682093909515114
Group 70,18.87152777777778,0.44664160096988714
Group 70,18.879166666666663,0.4464622628446232
Group 70,18.898611111111112,0.44610337035037506
Group 70,18.904166666666665,0.4459237796215706
Group 70,18.91111111111111,0.4457438265224497
Group 70,18.916666666666668,0.4455637643828729
Group 70,18.92013888888889,0.4453836658524028
Group 70,18.928472222222226,0.44520338507286333
Group 70,18.96388888888889,0.4450228484203601
Group 70,18.966666666666665,0.44484220184093237
Group 70,18.971527777777776,0.4446613716775824
Group 70,18.98611111111111,0.4444802837640505
Group 70,18.988888888888887,0.44429912204252453
Group 70,18.991666666666667,0.4441178494509119
Group 70,18.997222222222224,0.4439363916983273
Group 70,19.002777777777776,0.44375489685298863
Group 70,19.025694444444444,0.4435727688427884
Group 70,19.0375,0.44339004061669457
Group 70,19.038888888888888,0.44311543902258843
Group 70,19.044444444444444,0.44293218201720275
Group 70,19.05208333333333,0.4428403635715109
Group 70,19.059722222222224,0.4426565361063505
Group 70,19.06597222222222,0.44247247933458067
Group 70,19.08125,0.4421957033883747
Group 70,19.12986111111111,0.44201052930822887
Group 70,19.195833333333333,0.4417311294793362
Group 70,19.32847222222222,0.44154343832595644
Group 70,19.35625,0.4413556673549481
Group 70,19.36319444444445,0.4411678564326694
Group 70,19.385416666666668,0.4406967245911138
Group 70,19.45347222222222,0.4405075437692245
Group 70,19.494444444444444,0.44031799663335136
Group 70,19.5,0.4401284086907751
Group 70,19.500694444444445,0.43993849351981895
Group 70,19.566666666666663,0.4397482909718208
Group 70,19.60902777777778,0.4395578413005467
Group 70,19.61180555555556,0.43936706098748224
Group 70,19.631944444444443,0.4391759487382489
Group 70,19.681944444444444,0.43898429438575565
Group 70,19.74652777777778,0.4387923467275196
Group 70,19.756944444444443,0.43869622573152234
Group 70,19.771527777777777,0.4385038572922627
Group 70,19.794444444444444,0.4383111083440024
Group 70,19.806944444444444,0.4381177642291616
Group 70,19.82777777777778,0.43792394969068377
Group 70,19.829166666666666,0.43773009225390175
Group 70,19.8375,0.4375362348171197
Group 70,19.85833333333333,0.4373419038223086
Group 70,19.8875,0.4371467054720196
Group 70,19.888194444444444,0.4369513326427584
Group 70,19.895138888888887,0.43567970351261387
Group 70,19.92361111111111,0.4354831858294778
Group 70,19.92569444444445,0.4352865794250401
Group 70,19.93402777777778,0.4350895726002268
Group 70,19.94236111111111,0.4348921635382485
Group 70,19.947222222222223,0.43469466482637825
Group 70,19.959722222222226,0.43449689655302687
Group 70,19.97430555555556,0.43429872236987843
Group 70,19.975694444444443,0.43410054818672994
Group 70,19.9875,0.4339022834924222
Group 70,19.99375,0.43370361028569493
Group 70,19.99652777777778,0.43350466367547213
Group 70,20.025,0.4333053969948583
Group 70,20.027083333333334,0.4331058550206493
Group 70,20.074305555555554,0.4329053430507323
Group 70,20.07708333333333,0.43270417885786483
Group 70,20.084027777777777,0.4325025929371298
Group 70,20.084722222222226,0.43230077184849836
Group 70,20.104166666666668,0.4320982416204128
Group 70,20.113888888888887,0.4318950924706148
Group 70,20.116666666666667,0.43169160832810805
Group 70,20.119444444444444,0.43148802822514737
Group 70,20.135416666666668,0.43128357997675826
Group 70,20.13888888888889,0.43107879195207793
Group 70,20.14305555555556,0.4308736628576444
Group 70,20.15763888888889,0.43066838717262407
Group 70,20.160416666666663,0.4304627193659514
Group 70,20.16111111111111,0.43025655905974164
Group 70,20.16180555555556,0.4300503493501516
Group 70,20.163194444444443,0.42984364406327336
Group 70,20.17708333333333,0.4296362906411492
Group 70,20.178472222222226,0.4294282343260688
Group 70,20.186805555555555,0.42921952072493824
Group 70,20.197222222222223,0.4290099408808343
Group 70,20.198611111111116,0.42880010476399355
Group 70,20.200694444444444,0.42858959906700583
Group 70,20.216666666666665,0.42837821085538214
Group 70,20.28333333333333,0.42816598484059126
Group 70,20.28472222222222,0.42795370621647594
Group 70,20.31875,0.4277405287787592
Group 70,20.322916666666668,0.42752676539606116
Group 70,20.334027777777777,0.4273124125430172
Group 70,20.34861111111111,0.427097250200347
Group 70,20.34930555555556,0.4268820336469581
Group 70,20.352083333333333,0.42666649109020627
Group 70,20.353472222222223,0.4264508395910452
Group 70,20.3625,0.42623447691240945
Group 70,20.402083333333334,0.4260170658045735
Group 70,20.406944444444445,0.42579965469673753
Group 70,20.42569444444445,0.4256905871622353
Group 70,20.454166666666666,0.42547183557582097
Group 70,20.47361111111111,0.42525274606213626
Group 70,20.528472222222224,0.4250336565484515
Group 70,20.70555555555556,0.42492360122567874
Group 70,20.760416666666668,0.4247028043427347
Group 70,20.85833333333333,0.424480621342817
Group 70,20.975694444444443,0.4242573280122842
Group 70,20.977777777777774,0.42403385825826145
Group 70,21.02430555555556,0.42380956105738427
Group 70,21.029166666666665,0.4235850261905989
Group 70,21.031944444444445,0.4233603722387609
Group 70,21.074305555555554,0.4231345800402335
Group 70,21.115972222222226,0.4229078198151316
Group 70,21.13888888888889,0.42268026650880114
Group 70,21.14583333333333,0.4224521605905557
Group 70,21.15,0.4222237463377357
Group 70,21.17361111111111,0.42199477467486274
Group 70,21.18055555555556,0.4217652425700627
Group 70,21.191666666666663,0.4215352724268947
Group 70,21.20347222222222,0.42130467326254734
Group 70,21.219444444444445,0.4210735681208784
Group 70,21.2375,0.4208417632388961
Group 70,21.25625,0.42060963871421936
Group 70,21.266666666666666,0.4203773218742778
Group 70,21.279166666666665,0.4201447479755922
Group 70,21.292361111111116,0.4199119163058911
Group 70,21.294444444444444,0.4196786966911697
Group 70,21.33125,0.41944358257537634
Group 70,21.3375,0.419207608689258
Group 70,21.340972222222224,0.4189710355466568
Group 70,21.347916666666663,0.41873385975523497
Group 70,21.354861111111116,0.4184965495485162
Group 70,21.35833333333333,0.4182584969037218
Group 70,21.3625,0.4180203764955785
Group 70,21.37708333333333,0.4177815077090096
Group 70,21.397222222222226,0.41754161020242964
Group 70,21.40138888888889,0.4173014367136736
Group 70,21.40625,0.4170608478196328
Group 70,21.40833333333333,0.41681970248987305
Group 70,21.591666666666665,0.4165767297690978
Group 70,21.77638888888889,0.41633333115398297
Group 70,21.79930555555556,0.41608986136968235
Group 70,21.86458333333333,0.4158448143370736
Group 70,21.88055555555556,0.41535385233667566
Group 70,21.947916666666668,0.4151068384488751
Group 70,21.95833333333333,0.4148595302341304
Group 70,21.979166666666668,0.41461185290264735
Group 70,22.03263888888889,0.414363210112301
Group 70,22.06597222222222,0.41411374400145673
Group 70,22.079166666666666,0.41386382623199297
Group 70,22.093055555555555,0.4136128475623556
Group 70,22.096527777777776,0.413109821904025
Group 70,22.106944444444444,0.4127288414350081
Group 70,22.110416666666666,0.4124744631043856
Group 70,22.117361111111112,0.4122199277985514
Group 70,22.122222222222224,0.4119652352265411
Group 70,22.135416666666668,0.41170919716860044
Group 70,22.154166666666665,0.4114527604216876
Group 70,22.1625,0.41106714396393534
Group 70,22.18055555555556,0.41080950238200875
Group 70,22.213194444444444,0.4105512940209893
Group 70,22.244444444444444,0.41016312702380586
Group 70,22.25555555555556,0.40990369430589074
Group 70,22.271527777777777,0.4096439327759123
Group 70,22.275,0.4093835934478056
Group 70,22.278472222222224,0.40912283956662865
Group 70,22.28611111111111,0.40873108453352947
Group 70,22.289583333333333,0.4084693291159608
Group 70,22.3,0.4082070695146022
Group 70,22.30902777777778,0.4079442188581215
Group 70,22.32847222222222,0.40767957778198904
Group 70,22.346527777777776,0.4074139884805024
Group 70,22.366666666666667,0.40714805245669006
Group 70,22.39930555555556,0.4068810701272103
Group 70,22.40138888888889,0.4066136491149676
Group 70,22.422916666666666,0.40634516865995607
Group 70,22.429861111111112,0.40607633295459056
Group 70,22.45625,0.40580669395528474
Group 70,22.45833333333333,0.4055359756804646
Group 70,22.469444444444445,0.4052644417161657
Group 70,22.61805555555556,0.40499153636820867
Group 70,22.7625,0.40471649967118445
Group 70,22.802777777777777,0.4044405252424963
Group 70,22.81388888888889,0.40416455081380814
Group 70,22.825,0.4038882934311603
Group 70,22.83333333333333,0.40361108801356854
Group 70,22.850694444444443,0.40333388259597686
Group 70,22.935416666666665,0.40305398399597964
Group 70,22.946527777777774,0.40277222657969436
Group 70,22.963194444444444,0.4024896785428093
Group 70,22.965972222222224,0.40220673325033635
Group 70,22.985416666666666,0.4019215813657207
Group 70,22.99861111111111,0.4016337750059887
Group 70,23.008333333333333,0.40134565895505186
Group 70,23.027083333333334,0.4010564008224716
Group 70,23.041666666666668,0.4007656749066888
Group 70,23.05069444444445,0.40047463229600855
Group 70,23.07847222222222,0.4001828475001644
Group 70,23.104861111111116,0.39988827050531706
Group 70,23.11319444444445,0.3992969384971761
Group 70,23.12847222222222,0.3989993997948682
Group 70,23.154166666666665,0.39870108248661035
Group 70,23.194444444444443,0.39840175734960837
Group 70,23.226388888888888,0.39809982346757006
Group 70,23.227083333333333,0.3977974308937246
Group 70,23.23333333333333,0.3974948082760801
Group 70,23.23819444444445,0.39719114532094174
Group 70,23.25625,0.396887250029954
Group 70,23.271527777777777,0.3965821868093315
Group 70,23.304861111111112,0.3962751158168349
Group 70,23.347916666666663,0.3958101860759469
Group 70,23.36319444444445,0.39534434435047505
Group 70,23.5375,0.39503169560049445
Group 70,23.79583333333333,0.3947181783817639
Group 70,23.811805555555555,0.3944044119442585
Group 70,23.89375,0.39409002022489287
Group 70,23.961111111111112,0.39377386296839473
Group 70,23.97083333333333,0.39345694235433565
Group 70,24.00555555555556,0.39281899027917666
Group 70,24.008333333333333,0.3924998846818743
Group 70,24.04375,0.3921793457805416
Group 70,24.044444444444444,0.39185880687920893
Group 70,24.05208333333333,0.39153681936328516
Group 70,24.060416666666665,0.39121483184736144
Group 70,24.06875,0.39089111249953573
Group 70,24.15763888888889,0.39056428046567326
Group 70,24.185416666666665,0.3902355226538335
Group 70,24.20138888888889,0.3899046743938472
Group 70,24.209027777777777,0.3895732637058796
Group 70,24.215972222222224,0.38924057944993945
Group 70,24.25486111111111,0.388741126182895
Group 70,24.26805555555556,0.38840686898067417
Group 70,24.27083333333333,0.38807174657430604
Group 70,24.31805555555556,0.3877350248853044
Group 70,24.351388888888888,0.38739653948601566
Group 70,24.51527777777778,0.3870549199626594
Group 70,24.54722222222222,0.38671314961390646
Group 70,24.7375,0.38636909876905423
Group 70,24.76875,0.38602319984446243
Group 70,24.78680555555556,0.3856763685777558
Group 70,24.7875,0.3853295373110492
Group 70,24.788888888888888,0.3849827060443426
Group 70,24.790972222222223,0.38428904351092935
Group 70,24.792361111111116,0.3839417420707929
Group 70,24.806944444444444,0.3835938111763019
Group 70,24.81597222222222,0.38324588028181095
Group 70,24.820138888888888,0.38289794938731997
Group 70,24.823611111111116,0.382550018492829
Group 70,24.82777777777778,0.382202087598338
Group 70,24.86111111111111,0.38185336306585776
Group 70,24.867361111111112,0.3815046385333775
Group 70,24.869444444444444,0.38115591400089727
Group 70,24.875,0.38080702986908865
Group 70,24.875694444444445,0.38045814573728004
Group 70,24.883333333333333,0.38010926160547137
Group 70,24.886805555555554,0.3797600569553975
Group 70,24.897222222222226,0.37941020890661314
Group 70,24.89930555555556,0.3790603608578288
Group 70,24.90138888888889,0.37871051280904444
Group 70,24.903472222222224,0.37836066476026015
Group 70,25.0375,0.37800287689760265
Group 70,25.06805555555556,0.3774649221392095
Group 70,25.072916666666668,0.37710577378322546
Group 70,25.074305555555554,0.37674525201096615
Group 70,25.08125,0.3763840389217898
Group 70,25.160416666666663,0.37602108420730396
Group 70,25.181944444444444,0.3756570754132988
Group 70,25.225,0.3751086709236443
Group 70,25.273611111111112,0.37474001375320337
Group 70,25.323611111111116,0.374369900159373
Group 70,25.36875,0.37399905330433647
Group 70,25.39444444444445,0.3736269149428396
Group 70,25.404166666666665,0.37325403379020206
Group 70,25.419444444444444,0.3728807797564118
Group 70,25.678472222222226,0.3725052704112392
Group 70,25.71875,0.3721282407853169
Group 70,25.790972222222223,0.3717500616788278
Group 70,25.917361111111116,0.37059794371907934
Group 70,25.990277777777777,0.3702082508234757
Group 70,25.99513888888889,0.3696187472393619
Group 70,26.02430555555556,0.36922322156013304
Group 70,26.12013888888889,0.3688210176150784
Group 70,26.134027777777774,0.36801573155041667
Group 70,26.258333333333333,0.3676079578866489
Group 70,26.88958333333333,0.36718974633046386
Group 70,27.04375,0.36676103676090116
Group 70,27.071527777777774,0.36633182548324067
Group 70,27.163194444444443,0.36590033923414383
Group 70,27.261111111111116,0.36546603616086887
Group 70,27.308333333333334,0.36502991917261013
Group 70,27.310416666666665,0.3645935415047409
Group 70,27.33125,0.36415716383687163
Group 70,27.35763888888889,0.36372078616900244
Group 70,27.811805555555555,0.363282832182044
Group 70,27.886111111111116,0.36284381969602336
Group 70,27.913888888888888,0.36240213519243725
Group 70,27.990277777777777,0.3619577426293564
Group 70,27.992361111111112,0.3617354098636136
Group 70,28.052777777777777,0.36128937359991004
Group 70,28.072916666666668,0.36084278599348246
Group 70,28.073611111111116,0.36039341764230753
Group 70,28.091666666666665,0.35994376896153113
Group 70,28.1,0.3597182402842369
Group 70,28.115972222222226,0.3592617450554498
Group 70,28.124305555555555,0.35834875459787563
Group 70,28.125694444444445,0.3578910933531784
Group 70,28.13888888888889,0.3574331392989837
Group 70,28.175,0.35697430343338804
Group 70,28.210416666666667,0.3565151724964962
Group 70,28.23472222222222,0.35605455857854207
Group 70,28.247222222222224,0.35559394466058797
Group 70,28.271527777777777,0.3551330322242165
Group 70,28.288194444444443,0.35467211978784496
Group 70,28.29652777777778,0.3542112073514735
Group 70,28.3375,0.35328818140397783
Group 70,28.343055555555555,0.3528260647507352
Group 70,28.41180555555556,0.352362429974453
Group 70,28.88125,0.351895415488072
Group 70,28.931944444444444,0.3514265341882878
Group 70,28.980555555555554,0.35095355096596165
Group 70,29.044444444444444,0.35047896874694073
Group 70,29.04513888888889,0.3500043865279198
Group 70,29.229861111111116,0.3495236112717001
Group 70,29.302777777777777,0.34904184199358607
Group 70,29.341666666666665,0.3485597400018822
Group 70,29.76388888888889,0.34807730437558204
Group 70,29.94375,0.3475911628890239
Group 70,30.025,0.34710194239234693
Group 70,30.029166666666665,0.3466127218956699
Group 70,30.044444444444444,0.34612280992125904
Group 70,30.148611111111112,0.3456283487642287
Group 70,30.21736111111111,0.34513317921012526
Group 70,30.22013888888889,0.3446376541861337
Group 70,30.23402777777778,0.34414177266931917
Group 70,30.277083333333334,0.34364517559476027
Group 70,30.3,0.34314821944784085
Group 70,30.33888888888889,0.3426487315010463
Group 70,30.351388888888888,0.34214887923043935
Group 70,30.385416666666668,0.3416479291876422
Group 70,30.39930555555556,0.34114624353538425
Group 70,30.43125,0.3403903803665466
Group 70,30.652083333333334,0.3398849751989645
Group 70,30.89444444444445,0.33937692590868207
Group 70,30.931944444444444,0.33886773322164726
Group 70,31.0,0.33835739024992795
Group 70,31.14930555555556,0.33784627636737513
Group 70,31.28611111111111,0.3370778617888292
Group 70,31.42708333333333,0.3365604744338195
Group 70,31.88125,0.33603867524865083
Group 70,31.936805555555555,0.3355132042943918
Group 70,31.95347222222222,0.3349873215290401
Group 70,32.02013888888889,0.3344589503594359
Group 70,32.05,0.3339293241514241
Group 70,32.15277777777778,0.3333963164512623
Group 70,32.15972222222222,0.33286202748259036
Group 70,32.201388888888886,0.33232773851391845
Group 70,32.352777777777774,0.33179129341542946
Group 70,32.92986111111111,0.3312504763112478
Group 70,32.956944444444446,0.3301679584148059
Group 70,33.013888888888886,0.32962312680026
Group 70,33.045138888888886,0.3290732967305348
Group 70,33.09791666666667,0.3276729848295538
Group 70,33.106944444444444,0.32710997282812854
Group 70,33.11388888888889,0.32654550350487027
Group 70,33.142361111111114,0.324281756513502
Group 70,33.269444444444446,0.3237006064122233
Group 70,33.83402777777778,0.32311045033854563
Group 70,33.858333333333334,0.3219290592952602
Group 70,33.87013888888889,0.321336733519188
Group 70,33.97847222222222,0.320742765435049
Group 70,33.99027777777778,0.3195526253035646
Group 70,34.050694444444446,0.3189542121475654
Group 70,34.18680555555556,0.3183489859385567
Group 70,34.24930555555556,0.3177426069177214
Group 70,34.303472222222226,0.31712801773606236
Group 70,34.35138888888889,0.3165122351773515
Group 70,34.36944444444445,0.31589585302510736
Group 70,34.8125,0.315274010794743
Group 70,35.00972222222222,0.31463901782234677
Group 70,35.046527777777776,0.31400209673363755
Group 70,35.07013888888889,0.3133560018843914
Group 70,35.115972222222226,0.31270857212843195
Group 70,35.765277777777776,0.312379405210402
Group 70,35.77013888888889,0.31171406036437344
Group 70,35.97013888888889,0.311045146071746
Group 70,35.97708333333333,0.3103747901534879
Group 70,36.078472222222224,0.30969785495140834
Group 70,36.14861111111111,0.30901494898679666
Group 70,36.16319444444444,0.308331287595233
Group 70,36.19305555555555,0.3076461069561324
Group 70,36.52916666666667,0.3069469112585048
Group 70,36.87083333333333,0.3062429045813064
Group 70,36.99236111111111,0.3055331875370855
Group 70,37.31041666666667,0.3048201579278974
Group 70,37.35486111111111,0.3041029340268906
Group 70,37.77777777777778,0.303379740366898
Group 70,37.821527777777774,0.30265133762892227
Group 70,37.89305555555556,0.3019194117821776
Group 70,38.052083333333336,0.3011748509639725
Group 70,38.30833333333333,0.30041044778893705
Group 70,38.38958333333333,0.29963318919181176
Group 70,38.92361111111112,0.2984566190771842
Group 70,39.02013888888889,0.29766600551671485
Group 70,39.21736111111111,0.296840302311398
Group 70,39.36111111111112,0.2960099797874501
Group 70,39.65347222222222,0.29517732161645865
Group 70,39.831944444444446,0.29434112523794176
Group 70,39.95902777777778,0.2934904283441905
Group 70,40.03611111111111,0.29262722120200163
Group 70,40.03680555555555,0.29176146019252824
Group 70,40.076388888888886,0.29089312251338384
Group 70,40.113194444444446,0.29001162820273724
Group 70,40.29097222222222,0.2891260965135686
Group 70,41.24305555555556,0.2882197451138395
Group 70,41.47152777777778,0.2872900040005691
Group 70,42.07361111111111,0.28633396405381173
Group 70,43.825,0.2853397489008472
Group 70,44.19861111111111,0.2843151896588334
Group 70,44.81111111111111,0.2832831926001806
Group 70,45.78611111111111,0.28223399559055035
Group 70,46.00347222222222,0.281166948348242
Group 70,46.76736111111112,0.2800512064897172
Group 70,46.8875,0.2789242398640041
Group 70,47.01041666666666,0.27777403681301854
Group 70,47.85069444444444,0.2765995165727943
Group 70,50.852777777777774,0.2753591599962347
Group 70,51.15069444444445,0.27409314086981523
Group 70,53.80763888888889,0.27275935429623943
Group 70,53.94583333333333,0.2707586744358758
Group 70,54.09930555555555,0.2693807676957441
Group 70,54.9625,0.2679957766021927
Group 70,55.19583333333333,0.2659020595974881
Group 70,55.27361111111111,0.2644801234499079
Group 70,56.074305555555554,0.263030917294018
Group 70,57.12569444444444,0.26156556399432984
Group 70,59.94027777777778,0.260070903628648
Group 70,60.86666666666667,0.25854556108537147
Group 70,61.27222222222223,0.25694960083175805
Group 70,61.79236111111111,0.25534866873934836
Group 70,61.81527777777778,0.25372740735052707
Group 70,64.08125,0.2520358913015236
Group 70,65.04930555555555,0.2502795436269485
Group 70,65.76319444444445,0.24841872917619048
Group 70,67.79166666666667,0.2465004378312006
Group 70,75.92986111111111,0.24443767266106503
Group 70,83.03055555555555,0.2420174976842228
Group 70,89.89791666666666,0.23948328304878588
Group 70,90.14583333333331,0.23690819398374519
Group 70,100.09861111111113,0.23537975402255973
Group 70,105.87361111111112,0.23189264655555886
Group 70,107.05625,0.2282118108959468
Group 70,117.91875,0.2238649192598335
Group 70,130.06944444444446,0.21910183587132642
Group 70,134.88194444444446,0.2117984413422822
Group 70,163.3736111111111,0.20349262011317312
Group 70,165.75208333333333,0.19464511489086125
Group 70,172.4326388888889,0.17518060340177513
Group 25,5.001388888888889,0.9997395494204975
Group 25,5.002777777777778,0.9992185125217767
Group 25,5.003472222222222,0.9989578581556565
Group 25,5.004166666666666,0.9986971357602095
Group 25,5.004861111111111,0.998436311227496
Group 25,5.00625,0.998175418540998
Group 25,5.008333333333334,0.9979144576472618
Group 25,5.009027777777778,0.9976534284927635
Group 25,5.009722222222222,0.997392331023909
Group 25,5.014583333333333,0.9971310625678452
Group 25,5.018055555555556,0.9963468462386531
Group 25,5.020138888888889,0.995823486109309
Group 25,5.020833333333333,0.9955616684450237
Group 25,5.022222222222222,0.9952998163491675
Group 25,5.022916666666666,0.9950378953448651
Group 25,5.023611111111111,0.9947759053776863
Group 25,5.025,0.9942517183639187
Group 25,5.032638888888889,0.993989313582086
Group 25,5.035416666666666,0.9937267701817737
Group 25,5.0375,0.9934641226939498
Group 25,5.038194444444445,0.9929386888065009
Group 25,5.038888888888889,0.9926759023333485
Group 25,5.039583333333334,0.9921501206054176
Group 25,5.040972222222222,0.9918869857106808
Group 25,5.041666666666667,0.9916237460647916
Group 25,5.042361111111111,0.991360366583765
Group 25,5.043055555555555,0.9908334676379326
Group 25,5.04375,0.9905699130515148
Group 25,5.045138888888889,0.9900425934278514
Group 25,5.0465277777777775,0.9897788282504363
Group 25,5.047222222222223,0.9895149224170139
Group 25,5.047916666666667,0.9892509813867613
Group 25,5.048611111111111,0.9889870051408942
Group 25,5.050694444444445,0.9887229936606111
Group 25,5.052083333333333,0.9880627886701859
Group 25,5.054166666666666,0.9877983886732177
Group 25,5.054861111111111,0.9872694470996309
Group 25,5.058333333333334,0.987004834543453
Group 25,5.059027777777778,0.9867401155319087
Group 25,5.060416666666667,0.9864752544084266
Group 25,5.0625,0.9862103221526435
Group 25,5.065972222222222,0.9856801728059682
Group 25,5.072916666666667,0.9854149911614145
Group 25,5.075,0.98514973813553
Group 25,5.076388888888889,0.9848843779367055
Group 25,5.0777777777777775,0.9843535145070132
Group 25,5.078472222222223,0.9840878678967023
Group 25,5.079166666666667,0.9838221136790689
Group 25,5.079861111111111,0.9835562876553782
Group 25,5.082638888888889,0.9832903538206734
Group 25,5.084027777777778,0.983024312058276
Group 25,5.086111111111111,0.9824918682873576
Group 25,5.086805555555555,0.9819592080172099
Group 25,5.0875,0.9816927333338944
Group 25,5.0881944444444445,0.9808932007697566
Group 25,5.088888888888889,0.9804930539649824
Group 25,5.090277777777778,0.9802262168295994
Group 25,5.090972222222222,0.9799593070360448
Group 25,5.093055555555556,0.97969239724249
Group 25,5.095138888888889,0.9794254510852033
Group 25,5.098611111111111,0.9791583957474841
Group 25,5.101388888888889,0.9788912311101723
Group 25,5.102083333333334,0.9783566829976207
Group 25,5.103472222222222,0.9780891897145045
Group 25,5.104861111111111,0.9775539835915418
Group 25,5.105555555555555,0.9772861238892286
Group 25,5.107638888888889,0.9770181540170353
Group 25,5.108333333333333,0.9767501106277303
Group 25,5.110416666666667,0.9764819936607724
Group 25,5.111805555555556,0.9762138030555373
Group 25,5.113194444444445,0.9759455018866339
Group 25,5.114583333333333,0.9756770531170322
Group 25,5.118055555555555,0.9754085304658372
Group 25,5.1194444444444445,0.9748712633050188
Group 25,5.120833333333334,0.9746023703900264
Group 25,5.121527777777778,0.9740642876458497
Group 25,5.122916666666667,0.9737949859351376
Group 25,5.125,0.973525497908035
Group 25,5.128472222222222,0.9732558979363075
Group 25,5.134027777777778,0.9729862232624542
Group 25,5.138194444444444,0.9727163990186211
Group 25,5.138888888888889,0.9724464999067957
Group 25,5.1402777777777775,0.9721764133910598
Group 25,5.144444444444445,0.9716361653147102
Group 25,5.1506944444444445,0.9713658534033693
Group 25,5.151388888888889,0.9710955038755643
Group 25,5.154861111111111,0.970825041404077
Group 25,5.15625,0.9705545035633625
Group 25,5.158333333333333,0.9702838525584647
Group 25,5.159027777777778,0.9700130126833612
Group 25,5.163888888888889,0.9697420971652259
Group 25,5.164583333333334,0.9692001904330855
Group 25,5.167361111111111,0.9689289337327124
Group 25,5.16875,0.9686576010713478
Group 25,5.172916666666667,0.9683861543567419
Group 25,5.174305555555556,0.9681145172867961
Group 25,5.175,0.9675711669192997
Group 25,5.175694444444445,0.9672993390876045
Group 25,5.176388888888889,0.9670274348461182
Group 25,5.179166666666666,0.966755454130369
Group 25,5.18125,0.9664833968757944
Group 25,5.182638888888889,0.9662112630177413
Group 25,5.183333333333334,0.9659390908309757
Group 25,5.184722222222222,0.9656668419327709
Group 25,5.1875,0.965122113774862
Group 25,5.188888888888889,0.9645771549302687
Group 25,5.192361111111111,0.964304444397351
Group 25,5.19375,0.9640316181293082
Group 25,5.195833333333334,0.963758637351132
Group 25,5.196527777777778,0.9634855405425882
Group 25,5.198611111111111,0.9632123663037044
Group 25,5.200694444444444,0.962939075803973
Group 25,5.201388888888889,0.9626657077199974
Group 25,5.214583333333334,0.9623921065525339
Group 25,5.215277777777778,0.962118271837339
Group 25,5.224305555555556,0.9618442031087142
Group 25,5.225,0.9615700562644478
Group 25,5.231944444444444,0.961295792129746
Group 25,5.232638888888889,0.9610214105706966
Group 25,5.233333333333333,0.9607469506504994
Group 25,5.239583333333333,0.9604721767478395
Group 25,5.240277777777778,0.960197166818921
Group 25,5.241666666666666,0.9599220386908927
Group 25,5.248611111111111,0.9596468711292785
Group 25,5.251388888888889,0.9593715061734308
Group 25,5.252083333333333,0.9590959830527607
Group 25,5.252777777777778,0.9585446200271484
Group 25,5.259027777777778,0.9582685017439776
Group 25,5.259722222222222,0.9579923436743107
Group 25,5.261111111111111,0.9577159465757319
Group 25,5.268055555555556,0.9574394696858428
Group 25,5.26875,0.9571628729879703
Group 25,5.269444444444445,0.9568861963373018
Group 25,5.270833333333333,0.9566093996360182
Group 25,5.272222222222222,0.9563324827451118
Group 25,5.274305555555555,0.9560554455253131
Group 25,5.278472222222222,0.955778328004871
Group 25,5.29375,0.9555010094707044
Group 25,5.294444444444444,0.9552236909365378
Group 25,5.297222222222223,0.9549462515839569
Group 25,5.297916666666667,0.9543911309610335
Group 25,5.298611111111111,0.9541133686994033
Group 25,5.299305555555556,0.9538355660006993
Group 25,5.300694444444445,0.9535576418847317
Group 25,5.307638888888889,0.9532796367413251
Group 25,5.311111111111111,0.9530015504995686
Group 25,5.315277777777778,0.9524452156773271
Group 25,5.325,0.9521668450166001
Group 25,5.3277777777777775,0.9518883522277682
Group 25,5.33125,0.9516095739726129
Group 25,5.336111111111111,0.9513305913944913
Group 25,5.348611111111111,0.9510515269792978
Group 25,5.355555555555555,0.9507721756716229
Group 25,5.358333333333333,0.9504927422621675
Group 25,5.388194444444444,0.9502131033265211
Group 25,5.399305555555555,0.9499333408936266
Group 25,5.403472222222222,0.949653578460732
Group 25,5.44375,0.9493737335871616
Group 25,5.454166666666667,0.9490937236377185
Group 25,5.482638888888889,0.9488133414446202
Group 25,5.5,0.9485329178177708
Group 25,5.590277777777778,0.9482523697793745
Group 25,5.642361111111111,0.9479716971821334
Group 25,5.65,0.9476908166792645
Group 25,5.661111111111111,0.947409852903196
Group 25,5.672916666666667,0.9471288057798192
Group 25,5.720833333333333,0.9468476335055785
Group 25,5.747222222222222,0.9465663359317503
Group 25,5.761111111111111,0.9462849547379537
Group 25,5.764583333333333,0.9460034479836066
Group 25,5.821527777777778,0.9457216057527162
Group 25,5.833333333333333,0.9454396795026782
Group 25,5.841666666666667,0.9451576270923253
Group 25,5.851388888888889,0.9448754483709961
Group 25,5.852083333333334,0.9443109223376154
Group 25,5.857638888888889,0.9440283214331301
Group 25,5.879166666666666,0.9437453817294187
Group 25,5.885416666666667,0.9434623996059617
Group 25,5.886805555555555,0.9431793325793772
Group 25,5.9125,0.9427546045701101
Group 25,5.922916666666667,0.9424712397956675
Group 25,5.923611111111111,0.9421877471682661
Group 25,5.924305555555556,0.9419040411317807
Group 25,5.925,0.941620206856918
Group 25,5.926388888888889,0.9410522815210574
Group 25,5.930555555555555,0.9407680186358374
Group 25,5.9319444444444445,0.9404836698316554
Group 25,5.936805555555556,0.9401991920125896
Group 25,5.9375,0.9399146280924889
Group 25,5.939583333333333,0.9396299348839193
Group 25,5.940277777777778,0.93934511223012
Group 25,5.942361111111111,0.9390601167470404
Group 25,5.944444444444445,0.9387749914648946
Group 25,5.950694444444444,0.938489779558024
Group 25,5.953472222222223,0.938204437575793
Group 25,5.954166666666667,0.9379189653598867
Group 25,5.956944444444445,0.9376333192611018
Group 25,5.960416666666666,0.9373475425712936
Group 25,5.966666666666667,0.9370616787278744
Group 25,5.969444444444444,0.9367757276510579
Group 25,5.974305555555556,0.9364895144742625
Group 25,5.978472222222222,0.9362032137972603
Group 25,5.986111111111111,0.9359167379056456
Group 25,5.986805555555556,0.935630042626765
Group 25,5.988194444444445,0.9353432155137587
Group 25,5.990277777777778,0.9350563444156099
Group 25,5.993055555555555,0.9347693852796838
Group 25,5.995138888888889,0.9344823380248766
Group 25,5.997916666666667,0.9341952025699602
Group 25,6.003472222222222,0.9339078904978182
Group 25,6.007638888888889,0.9336204457792902
Group 25,6.021527777777778,0.9333327796428614
Group 25,6.023611111111111,0.9330449804508655
Group 25,6.025,0.9327570924593657
Group 25,6.0256944444444445,0.9324691155861149
Group 25,6.035416666666666,0.9321808716554855
Group 25,6.036111111111111,0.9318924047293968
Group 25,6.041666666666667,0.9316038484808353
Group 25,6.042361111111111,0.9313151133658559
Group 25,6.043055555555555,0.9310262439138194
Group 25,6.045833333333333,0.9307372848064593
Group 25,6.049305555555556,0.9304481910699145
Group 25,6.050694444444445,0.9301590074829463
Group 25,6.051388888888889,0.9295804604405062
Group 25,6.057638888888889,0.9292909616985441
Group 25,6.064583333333333,0.9290013276135516
Group 25,6.065277777777778,0.9287115580166665
Group 25,6.066666666666666,0.9284217432068625
Group 25,6.068055555555556,0.9281318379006309
Group 25,6.069444444444445,0.9278417060350789
Group 25,6.070833333333334,0.9275513926101618
Group 25,6.076388888888889,0.927260897341571
Group 25,6.078472222222223,0.9269703110371708
Group 25,6.0881944444444445,0.9266794968219434
Group 25,6.093055555555556,0.9263884542664089
Group 25,6.097916666666666,0.9260972287227853
Group 25,6.098611111111111,0.9258058199031747
Group 25,6.10625,0.9255143193301574
Group 25,6.114583333333333,0.9252225890482566
Group 25,6.123611111111111,0.9249307207236357
Group 25,6.128472222222222,0.9246386680805275
Group 25,6.129166666666666,0.9243464308276576
Group 25,6.129861111111111,0.9240541011531389
Group 25,6.138888888888889,0.9237615864012703
Group 25,6.139583333333333,0.9234688862788364
Group 25,6.146527777777778,0.9231760933535736
Group 25,6.151388888888889,0.9228831610694697
Group 25,6.161111111111111,0.9225899961517221
Group 25,6.1625,0.9222967380474144
Group 25,6.163194444444445,0.9220033400076347
Group 25,6.165277777777778,0.9217098018541781
Group 25,6.166666666666667,0.9214160766145815
Group 25,6.1715277777777775,0.9211221639904619
Group 25,6.172916666666667,0.9208281106260595
Group 25,6.174305555555556,0.9205339163415145
Group 25,6.177777777777778,0.9202395338930522
Group 25,6.188888888888889,0.9199450101184025
Group 25,6.193055555555556,0.9196502976371856
Group 25,6.2,0.9193554434218483
Group 25,6.202083333333333,0.9190604946109974
Group 25,6.2027777777777775,0.9187653563660998
Group 25,6.209722222222222,0.9184700758401907
Group 25,6.2125,0.9181747003535079
Group 25,6.218055555555556,0.91787903952583
Group 25,6.229861111111111,0.9175831404157315
Group 25,6.230555555555555,0.9172870503413799
Group 25,6.233333333333333,0.9169909124720202
Group 25,6.2340277777777775,0.9166945832063966
Group 25,6.242361111111111,0.9163982539407731
Group 25,6.245138888888889,0.9161016849265528
Group 25,6.254861111111111,0.9158049718302202
Group 25,6.269444444444445,0.915508066344135
Group 25,6.270833333333333,0.9152110645383462
Group 25,6.274305555555555,0.9149139663190512
Group 25,6.302083333333333,0.9146165300491165
Group 25,6.302777777777778,0.9143189970204733
Group 25,6.311805555555556,0.9140213671386307
Group 25,6.313888888888889,0.9137236403089438
Group 25,6.315972222222222,0.9134258649658417
Group 25,6.363888888888889,0.9131279925168067
Group 25,6.370138888888889,0.9128299742424866
Group 25,6.371527777777778,0.9125318099523535
Group 25,6.384027777777778,0.9122334994554746
Group 25,6.413194444444445,0.911636585665548
Group 25,6.495833333333334,0.911188386754208
Group 25,6.550694444444445,0.9108893913852977
Group 25,6.665972222222222,0.9105901995996561
Group 25,6.678472222222222,0.9102908602835484
Group 25,6.781944444444444,0.9099912253723293
Group 25,6.808333333333334,0.9096912447475156
Group 25,6.818055555555556,0.9093911651681829
Group 25,6.819444444444445,0.9090909865363399
Group 25,6.823611111111111,0.9087906591539361
Group 25,6.824305555555555,0.9081898058255697
Group 25,6.836805555555555,0.907889080724303
Group 25,6.840972222222222,0.9075882061325137
Group 25,6.852777777777778,0.9072872317647032
Group 25,6.853472222222222,0.9069861075590063
Group 25,6.860416666666667,0.906684833316336
Group 25,6.875,0.906383308596244
Group 25,6.895833333333333,0.9060816835351471
Group 25,6.910416666666666,0.905779907787092
Group 25,6.923611111111111,0.9054780314638836
Group 25,6.936111111111111,0.9051760041018209
Group 25,6.970833333333333,0.9048736236093866
Group 25,6.975,0.904570939674411
Group 25,6.977777777777778,0.904268053037989
Group 25,6.979861111111111,0.9039648109008199
Group 25,6.982638888888889,0.9036613651771205
Group 25,7.014583333333333,0.9033574602283473
Group 25,7.020138888888889,0.9030534530063287
Group 25,7.020833333333333,0.9027493434077409
Group 25,7.039583333333334,0.9024451825777517
Group 25,7.052083333333333,0.9021409191985954
Group 25,7.052777777777778,0.9018363990570937
Group 25,7.055555555555555,0.9012269471908615
Group 25,7.05625,0.9009219118389608
Group 25,7.069444444444445,0.9006165663341856
Group 25,7.072222222222222,0.9003111172698023
Group 25,7.076388888888889,0.9000055645403708
Group 25,7.096527777777778,0.8996997002873409
Group 25,7.102083333333334,0.8993936279279985
Group 25,7.110416666666667,0.8990874513738102
Group 25,7.115972222222222,0.898781170518292
Group 25,7.116666666666666,0.8984747330240818
Group 25,7.117361111111111,0.8981680863575207
Group 25,7.125,0.8978612825705498
Group 25,7.14375,0.8975543739113221
Group 25,7.149305555555555,0.8972473602722213
Group 25,7.157638888888889,0.8969401363858072
Group 25,7.159722222222222,0.8963252673977107
Group 25,7.165277777777778,0.8960174633910494
Group 25,7.216666666666667,0.895709341842428
Group 25,7.218055555555556,0.8954010612222791
Group 25,7.21875,0.8950926213114206
Group 25,7.222222222222222,0.8947840218901789
Group 25,7.2375,0.8944753160002737
Group 25,7.241666666666666,0.8941664502143621
Group 25,7.2652777777777775,0.893548505190026
Group 25,7.267361111111111,0.8932393188560502
Group 25,7.276388888888889,0.8929299183299484
Group 25,7.279861111111111,0.8924654151645262
Group 25,7.290972222222222,0.8921555851297529
Group 25,7.305555555555555,0.8918455936130296
Group 25,7.323611111111111,0.8915354943106606
Group 25,7.329166666666667,0.8912251251220407
Group 25,7.397222222222222,0.8906040623170776
Group 25,7.402083333333334,0.890293314214385
Group 25,7.404166666666667,0.8899824576102598
Group 25,7.4222222222222225,0.8896712749327736
Group 25,7.445833333333334,0.8893599289048006
Group 25,7.527083333333334,0.8890484192974786
Group 25,7.545138888888889,0.8887365272016015
Group 25,7.641666666666667,0.888424416041917
Group 25,7.663194444444445,0.8881120854333594
Group 25,7.672916666666667,0.8877996449459599
Group 25,7.711111111111111,0.887487039437176
Group 25,7.741666666666666,0.8871741584079367
Group 25,7.7875,0.8868610565344911
Group 25,7.788888888888889,0.8865478440829515
Group 25,7.794444444444444,0.8862344101624697
Group 25,7.884722222222222,0.885920698866837
Group 25,7.892361111111111,0.8856065982822361
Group 25,7.895833333333333,0.8852924419862864
Group 25,7.901388888888889,0.8849781741687549
Group 25,7.935416666666667,0.884663571191802
Group 25,7.95,0.8843488562963229
Group 25,7.952083333333333,0.8838766999395176
Group 25,7.956944444444445,0.8835613675456754
Group 25,7.9625,0.8832458099144092
Group 25,7.968055555555556,0.8829300830833405
Group 25,7.981944444444444,0.8826141302892511
Group 25,7.9840277777777775,0.8822980077497491
Group 25,7.997222222222222,0.8819817719046775
Group 25,8.003472222222221,0.8816653091232263
Group 25,8.029861111111112,0.8813486189978227
Group 25,8.052083333333334,0.881031815037004
Group 25,8.052777777777777,0.8807148971179259
Group 25,8.053472222222222,0.8803976938414563
Group 25,8.059722222222222,0.8800804334112432
Group 25,8.065972222222221,0.8797626574829488
Group 25,8.07013888888889,0.8794447092872556
Group 25,8.089583333333334,0.8791265310277451
Group 25,8.090277777777779,0.8788082375697336
Group 25,8.090972222222222,0.8784897710948034
Group 25,8.095138888888888,0.8781711891288578
Group 25,8.10138888888889,0.8778523758454566
Group 25,8.104861111111111,0.8775333887902802
Group 25,8.109027777777778,0.877214285739811
Group 25,8.109722222222222,0.8768950665674167
Group 25,8.116666666666667,0.876575731146234
Group 25,8.120138888888889,0.8762561628884337
Group 25,8.122916666666667,0.8759364780424328
Group 25,8.128472222222221,0.8756165012468009
Group 25,8.133333333333333,0.8752962318608292
Group 25,8.134722222222223,0.8746554586310628
Group 25,8.136805555555556,0.8743347783529213
Group 25,8.140972222222222,0.8740139215535258
Group 25,8.147222222222222,0.8736927700115256
Group 25,8.158333333333333,0.873371382198389
Group 25,8.1625,0.8730499352413782
Group 25,8.192361111111111,0.87272825140378
Group 25,8.193055555555556,0.8724064489511975
Group 25,8.198611111111111,0.8720845871364212
Group 25,8.20625,0.8717624875659183
Group 25,8.214583333333334,0.8714400901962563
Group 25,8.23125,0.8711174541021445
Group 25,8.233333333333333,0.8707945189940436
Group 25,8.238194444444444,0.8704715239944166
Group 25,8.244444444444444,0.8701484690588092
Group 25,8.25763888888889,0.8698251740675185
Group 25,8.261111111111111,0.869501758869873
Group 25,8.2875,0.8691780426528701
Group 25,8.309722222222222,0.8688541454877302
Group 25,8.322222222222223,0.8685300671044823
Group 25,8.323611111111111,0.8682057466910751
Group 25,8.325694444444444,0.8678813050816987
Group 25,8.347222222222221,0.8675568028176935
Group 25,8.352083333333333,0.8672320576173127
Group 25,8.354861111111111,0.8669071299074523
Group 25,8.364583333333334,0.8665820194143312
Group 25,8.394444444444444,0.866256603710458
Group 25,8.425,0.865930882107258
Group 25,8.443055555555556,0.8656049766190731
Group 25,8.679166666666667,0.865278948379292
Group 25,8.684027777777779,0.8649525511901636
Group 25,8.729166666666666,0.8646258457883921
Group 25,8.772916666666667,0.8642987696220261
Group 25,8.794444444444444,0.863971507687296
Group 25,8.800694444444444,0.8636439355516801
Group 25,8.82013888888889,0.8633156786396498
Group 25,8.829166666666667,0.8629872344020086
Group 25,8.831944444444444,0.8626582893917545
Group 25,8.840972222222222,0.8623289676550139
Group 25,8.869444444444444,0.8619995201029013
Group 25,8.871527777777779,0.8616697574708803
Group 25,8.876388888888888,0.8613398685897659
Group 25,8.910416666666666,0.8610094101709705
Group 25,8.913194444444445,0.8606784436477452
Group 25,8.92986111111111,0.860347158642492
Group 25,8.959027777777777,0.8600158098427068
Group 25,9.009027777777778,0.859684269437987
Group 25,9.024305555555555,0.8593526011241607
Group 25,9.030555555555557,0.8590206124816557
Group 25,9.057638888888889,0.8586884312703326
Group 25,9.063194444444443,0.8583559928532709
Group 25,9.071527777777778,0.8580231677300242
Group 25,9.074305555555556,0.8576902134546148
Group 25,9.084722222222222,0.8573569357342128
Group 25,9.09375,0.8570235284094084
Group 25,9.116666666666667,0.8566899264131417
Group 25,9.123611111111112,0.8563559993320996
Group 25,9.127083333333331,0.8560218768196798
Group 25,9.138194444444444,0.8556872972313195
Group 25,9.145138888888887,0.8553525867688782
Group 25,9.146527777777775,0.8550176141482521
Group 25,9.154861111111112,0.8546825102430401
Group 25,9.16875,0.8540117764700418
Group 25,9.172916666666667,0.8536760140259805
Group 25,9.180555555555555,0.8533401194699993
Group 25,9.185416666666669,0.85300409264603
Group 25,9.186111111111112,0.8523316416467033
Group 25,9.189583333333331,0.8519950177755947
Group 25,9.205555555555556,0.8516582608515728
Group 25,9.218055555555557,0.851321170702809
Group 25,9.21875,0.8509838133932379
Group 25,9.225,0.8506462553553985
Group 25,9.227777777777778,0.8503084292015639
Group 25,9.228472222222225,0.849970468776603
Group 25,9.238194444444444,0.8492942790639725
Group 25,9.238888888888887,0.8489559148093654
Group 25,9.24375,0.8486172130679692
Group 25,9.263194444444444,0.8482783084301625
Group 25,9.304166666666667,0.8479392683388635
Group 25,9.307638888888889,0.8476000926315279
Group 25,9.35763888888889,0.8472605772729734
Group 25,9.370833333333334,0.8469209258088432
Group 25,9.377777777777778,0.8465810016965377
Group 25,9.3875,0.8462409410411064
Group 25,9.393055555555556,0.8459006752827465
Group 25,9.403472222222222,0.8450488115614143
Group 25,9.436111111111112,0.8447075845024354
Group 25,9.443055555555556,0.8443662195460796
Group 25,9.661805555555556,0.8440243708741987
Group 25,9.710416666666667,0.8436818285158894
Group 25,9.738194444444444,0.8433387987014896
Group 25,9.79513888888889,0.842995559467179
Group 25,9.838194444444444,0.8426519004539433
Group 25,9.859027777777778,0.8423080310801608
Group 25,9.88263888888889,0.8419638103890779
Group 25,9.902083333333334,0.8416193080116683
Group 25,9.917361111111113,0.8412745939801255
Group 25,9.921527777777778,0.8409296679473334
Group 25,9.935416666666669,0.8405843878537397
Group 25,9.938194444444443,0.8402387528258393
Group 25,9.943055555555556,0.8398930466942508
Group 25,9.944444444444445,0.8392012072818174
Group 25,9.95625,0.8388550021633018
Group 25,9.970833333333331,0.8385086541029536
Group 25,9.981944444444444,0.8381618763303718
Group 25,9.98263888888889,0.8378146675994975
Group 25,9.985416666666667,0.8374670266585849
Group 25,9.991666666666667,0.8371192413485107
Group 25,9.994444444444444,0.8367713114892636
Group 25,9.995833333333334,0.8364231644905163
Group 25,9.999305555555557,0.8360745822173384
Group 25,10.000694444444443,0.8353761072113088
Group 25,10.004166666666666,0.8350256977703645
Group 25,10.022916666666667,0.8346750676222351
Group 25,10.029861111111112,0.834324290119557
Group 25,10.034027777777778,0.8339732174117432
Group 25,10.042361111111113,0.8332704803420893
Group 25,10.047916666666667,0.8329185181539828
Group 25,10.063888888888888,0.8325661837554404
Group 25,10.07638888888889,0.8322135508948917
Group 25,10.09027777777778,0.8318603942851337
Group 25,10.092361111111112,0.8315064864381713
Group 25,10.093055555555557,0.831152503259611
Group 25,10.094444444444443,0.8307982937973226
Group 25,10.102083333333333,0.8304437820440488
Group 25,10.11875,0.8295569347757403
Group 25,10.120138888888889,0.8292014357679084
Group 25,10.127083333333331,0.8288457842835558
Group 25,10.129861111111111,0.828489903740712
Group 25,10.153472222222222,0.8281335639971675
Group 25,10.159027777777778,0.8277766867879466
Group 25,10.165972222222225,0.8274195015940791
Group 25,10.189583333333331,0.8270622392876913
Group 25,10.210416666666667,0.8267042811663808
Group 25,10.218055555555557,0.8263454685443468
Group 25,10.227777777777778,0.8256272195495233
Group 25,10.228472222222225,0.8252676258127858
Group 25,10.229861111111113,0.8249077968937482
Group 25,10.254166666666666,0.8245473390406156
Group 25,10.269444444444444,0.8241867235413632
Group 25,10.276388888888889,0.8238258712105658
Group 25,10.303472222222222,0.8234648607499127
Group 25,10.313194444444443,0.8231029777084933
Group 25,10.323611111111113,0.8227406167233695
Group 25,10.329166666666667,0.8223780960726872
Group 25,10.34027777777778,0.8220153355539079
Group 25,10.341666666666669,0.8216524148759592
Group 25,10.342361111111112,0.8212890126579689
Group 25,10.343055555555557,0.8209254495713564
Group 25,10.346527777777778,0.8205613220709921
Group 25,10.349305555555556,0.820196871117374
Group 25,10.368055555555555,0.8198320148579802
Group 25,10.372222222222222,0.8194665079409682
Group 25,10.404166666666669,0.8191006746784945
Group 25,10.427083333333334,0.8187345143411326
Group 25,10.432638888888889,0.8183678620731786
Group 25,10.4875,0.8180009632334238
Group 25,10.588888888888889,0.8176333223510717
Group 25,10.655555555555557,0.8172653505588345
Group 25,10.666666666666666,0.8168969641037709
Group 25,10.683333333333334,0.8165278285574067
Group 25,10.71527777777778,0.8161582753423999
Group 25,10.739583333333334,0.8157883871596026
Group 25,10.765972222222222,0.8154181632489333
Group 25,10.772916666666667,0.8150475186292747
Group 25,10.80902777777778,0.8146764521514104
Group 25,10.835416666666667,0.8143049626611453
Group 25,10.858333333333333,0.8139328790592895
Group 25,10.86875,0.813560454955396
Group 25,10.875,0.8131877749485451
Group 25,10.879166666666666,0.8128147530334311
Group 25,10.8875,0.8124415598502202
Group 25,10.911805555555556,0.8120679376106937
Group 25,10.916666666666666,0.81169397125674
Group 25,10.950694444444444,0.8113197462815179
Group 25,10.961805555555555,0.8109451757615357
Group 25,10.963194444444444,0.8105702588980306
Group 25,10.970138888888888,0.8101950817358469
Group 25,10.974305555555556,0.809819643792503
Group 25,10.990277777777775,0.8094436829550878
Group 25,10.997222222222222,0.8090675474146812
Group 25,10.998611111111112,0.8086909742020143
Group 25,11.008333333333333,0.8083139620928292
Group 25,11.022222222222222,0.807936597964868
Group 25,11.02777777777778,0.8075589692675252
Group 25,11.035416666666666,0.8071808100686174
Group 25,11.038194444444445,0.8068022074372532
Group 25,11.040972222222225,0.8064231601234466
Group 25,11.078472222222222,0.8060433988048107
Group 25,11.079166666666667,0.805663189654431
Group 25,11.104861111111113,0.8050923371346003
Group 25,11.109027777777778,0.8047107767852474
Group 25,11.109722222222222,0.804328854252364
Group 25,11.11875,0.8039462959388076
Group 25,11.134027777777778,0.8035633731972316
Group 25,11.136805555555556,0.8031802678941579
Group 25,11.144444444444444,0.8027964302511977
Group 25,11.154166666666669,0.8024123171266756
Group 25,11.155555555555557,0.8020280200399291
Group 25,11.177083333333334,0.8016433543228836
Group 25,11.188194444444443,0.8012585039367468
Group 25,11.211805555555555,0.8008733760809733
Group 25,11.21527777777778,0.8004878774643278
Group 25,11.220833333333331,0.8001021001739836
Group 25,11.22222222222222,0.7997162298580087
Group 25,11.224305555555556,0.7993299868105043
Group 25,11.24652777777778,0.7989434636060505
Group 25,11.247916666666669,0.7985566597021018
Group 25,11.2875,0.7981695745544032
Group 25,11.300694444444444,0.7977821135958816
Group 25,11.310416666666669,0.7973944643667291
Group 25,11.334027777777775,0.7970066265922316
Group 25,11.34722222222222,0.796230384443128
Group 25,11.655555555555557,0.7958406485721328
Group 25,11.729861111111113,0.7954502435446261
Group 25,11.73263888888889,0.7946684742635012
Group 25,11.769444444444444,0.7942768190272945
Group 25,11.778472222222222,0.7938850672053328
Group 25,11.784027777777778,0.79349321870227
Group 25,11.8375,0.793100982805729
Group 25,11.85,0.792708552829081
Group 25,11.8625,0.792315636569934
Group 25,11.86736111111111,0.7919224278172938
Group 25,11.872222222222222,0.7913318816369677
Group 25,11.89236111111111,0.7909373991436293
Group 25,11.897222222222222,0.7905427198027392
Group 25,11.900694444444444,0.7901477446741842
Group 25,11.922916666666667,0.7897525720086808
Group 25,11.926388888888887,0.7893568052474637
Group 25,11.942361111111111,0.7889601435362841
Group 25,11.95138888888889,0.7885631824577752
Group 25,11.965972222222222,0.7881660214492344
Group 25,11.984722222222222,0.7877684597738501
Group 25,11.9875,0.7873697915249768
Group 25,11.99652777777778,0.7869709213165041
Group 25,11.997916666666669,0.7865718488411915
Group 25,12.005555555555556,0.7861724724264461
Group 25,12.013194444444444,0.7857727914541907
Group 25,12.014583333333333,0.7853729070819493
Group 25,12.022916666666667,0.7849727170656018
Group 25,12.039583333333333,0.7845719140443786
Group 25,12.04375,0.7841707010993291
Group 25,12.050694444444444,0.7837691800030161
Group 25,12.058333333333334,0.7833674531039884
Group 25,12.0625,0.782965520085464
Group 25,12.064583333333331,0.7825631739805897
Group 25,12.090972222222222,0.7821603100557606
Group 25,12.099305555555556,0.7817567185645038
Group 25,12.103472222222225,0.7813528142924476
Group 25,12.105555555555556,0.780948596592348
Group 25,12.10763888888889,0.7805440648147814
Group 25,12.111805555555556,0.7801393232722278
Group 25,12.113888888888887,0.779734371638035
Group 25,12.118055555555555,0.7793288935456596
Group 25,12.133333333333333,0.778922887349491
Group 25,12.140972222222222,0.778516563464593
Group 25,12.149305555555555,0.7781099212272127
Group 25,12.15277777777778,0.7777030663664403
Group 25,12.161111111111111,0.7772959985483997
Group 25,12.16388888888889,0.7768886107084897
Group 25,12.190277777777778,0.7764811160267648
Group 25,12.191666666666666,0.7760731931919728
Group 25,12.2,0.7756650558303151
Group 25,12.200694444444444,0.775256703602976
Group 25,12.21875,0.7748480284824685
Group 25,12.229166666666666,0.7744391377022667
Group 25,12.24652777777778,0.7740299228342602
Group 25,12.252083333333331,0.7736202748200584
Group 25,12.266666666666667,0.7732106268058566
Group 25,12.280555555555557,0.7727999998133946
Group 25,12.294444444444444,0.7723888266291364
Group 25,12.385416666666666,0.7719768859216009
Group 25,12.390972222222222,0.7715645051064718
Group 25,12.449305555555556,0.7711517934161233
Group 25,12.509722222222225,0.7707383071998144
Group 25,12.56597222222222,0.7703243768522312
Group 25,12.686111111111112,0.7699100011788303
Group 25,12.7,0.7694951789799193
Group 25,12.729861111111113,0.7690800210738066
Group 25,12.822916666666666,0.7688723300068139
Group 25,12.835416666666667,0.7684568356377207
Group 25,12.870138888888889,0.7676244967959793
Group 25,12.894444444444444,0.7665815287296804
Group 25,12.910416666666666,0.766163773128193
Group 25,12.922916666666667,0.7657455614616382
Group 25,12.949305555555556,0.7653270069049497
Group 25,12.96875,0.7649078792998539
Group 25,12.99375,0.7644884069229414
Group 25,12.998611111111112,0.764068819432863
Group 25,13.009722222222225,0.7636490014002075
Group 25,13.0375,0.7632287212673511
Group 25,13.05,0.7628079777605885
Group 25,13.063194444444443,0.7623864204365981
Group 25,13.06875,0.7619645131757036
Group 25,13.109027777777778,0.7615419039060554
Group 25,13.109722222222222,0.761118825070552
Group 25,13.11111111111111,0.7606950395332076
Group 25,13.12152777777778,0.7602707812847228
Group 25,13.129166666666666,0.7598460490046755
Group 25,13.145833333333334,0.7594209603059315
Group 25,13.147916666666667,0.7589956335289471
Group 25,13.15972222222222,0.7585694709048432
Group 25,13.160416666666666,0.7581429488520431
Group 25,13.161805555555556,0.7577158260639575
Group 25,13.16388888888889,0.7572884623718741
Group 25,13.165972222222225,0.7566463297016888
Group 25,13.172222222222222,0.756217756306219
Group 25,13.17986111111111,0.7557885748327196
Group 25,13.188888888888888,0.7553590274756108
Group 25,13.207638888888887,0.7549293579491742
Group 25,13.21875,0.7544994437362191
Group 25,13.225,0.7540690390335744
Group 25,13.227083333333333,0.7536380192913431
Group 25,13.229861111111113,0.7532065059679585
Group 25,13.230555555555556,0.7527743737212758
Group 25,13.25,0.7523413714930782
Group 25,13.334722222222222,0.7519072449082583
Group 25,13.350694444444445,0.7514724907915146
Group 25,13.395138888888887,0.7510373590655207
Group 25,13.397916666666667,0.7506019750892509
Group 25,13.613888888888887,0.750165958838836
Group 25,13.618055555555555,0.7497295621204888
Group 25,13.691666666666666,0.749292146973394
Group 25,13.702083333333333,0.7488546041138475
Group 25,13.7625,0.7484156506530539
Group 25,13.771527777777775,0.7479764395904641
Group 25,13.780555555555557,0.7475368413303463
Group 25,13.845833333333331,0.7470968549611112
Group 25,13.85138888888889,0.746656479567677
Group 25,13.872222222222222,0.7462158442890888
Group 25,13.94513888888889,0.7457735112456454
Group 25,13.9875,0.7453301262805766
Group 25,13.994444444444444,0.7448859486129481
Group 25,14.028472222222222,0.7444413732929762
Group 25,14.029166666666669,0.7439965323170019
Group 25,14.050694444444444,0.7435515583144199
Group 25,14.061805555555557,0.7431060510895461
Group 25,14.064583333333331,0.7426602766137875
Group 25,14.083333333333334,0.7422142344056111
Group 25,14.10625,0.7417675210535764
Group 25,14.12847222222222,0.7413197290094752
Group 25,14.129861111111111,0.7408709882534162
Group 25,14.15277777777778,0.7404207476042194
Group 25,14.238888888888887,0.7399702330026956
Group 25,14.25763888888889,0.739292604584195
Group 25,14.288194444444445,0.7388407142390947
Group 25,14.368055555555555,0.7383885473393155
Group 25,14.383333333333333,0.7379356871446885
Group 25,14.4,0.7372557709710293
Group 25,14.414583333333333,0.7368019354702777
Group 25,14.61875,0.7363472597927274
Group 25,14.825,0.7358921625987889
Group 25,14.875694444444443,0.7354367837852995
Group 25,14.897916666666667,0.7349808403359596
Group 25,14.905555555555557,0.7345243304972415
Group 25,14.916666666666666,0.7342959336283059
Group 25,14.939583333333331,0.7338374285183288
Group 25,14.94097222222222,0.7333780623658916
Group 25,14.957638888888887,0.7329184082998522
Group 25,14.983333333333333,0.7324583214145416
Group 25,15.002777777777778,0.7319963483326024
Group 25,15.0125,0.731533791398427
Group 25,15.029166666666669,0.7310702085141441
Group 25,15.044444444444444,0.7306061842624689
Group 25,15.057638888888889,0.7301415698368647
Group 25,15.086805555555555,0.7296766595727217
Group 25,15.13263888888889,0.7292108589601632
Group 25,15.145833333333334,0.7287441640104287
Group 25,15.170833333333333,0.7282761202313598
Group 25,15.191666666666666,0.7278074740793448
Group 25,15.234027777777778,0.7273385259646029
Group 25,15.241666666666667,0.7268694266250578
Group 25,15.254166666666666,0.726399569206425
Group 25,15.259722222222225,0.7259292554678646
Group 25,15.2625,0.7254578728344439
Group 25,15.286111111111111,0.7249860303155272
Group 25,15.29513888888889,0.7245138805074416
Group 25,15.30902777777778,0.7240414228090343
Group 25,15.32013888888889,0.7235683477206258
Group 25,15.338194444444444,0.7230943429071829
Group 25,15.338888888888889,0.7226200271689689
Group 25,15.345833333333331,0.7221453998933243
Group 25,15.35625,0.7216703042354997
Group 25,15.433333333333334,0.721193482098575
Group 25,15.711805555555555,0.7207157123191126
Group 25,15.74375,0.7202369904909365
Group 25,15.815277777777778,0.7197566723912427
Group 25,15.85625,0.7192757123695981
Group 25,15.94375,0.7187934624786362
Group 25,15.947222222222225,0.7183104023560027
Group 25,15.99652777777778,0.7178268544580855
Group 25,16.019444444444446,0.7173428174692398
Group 25,16.034027777777776,0.7168581263763552
Group 25,16.059722222222224,0.7161303516287649
Group 25,16.06388888888889,0.7156441803106192
Group 25,16.06875,0.7151571818891761
Group 25,16.083333333333332,0.7146695193035033
Group 25,16.117361111111112,0.7141810233914708
Group 25,16.159027777777776,0.7136913552232216
Group 25,16.169444444444444,0.7132005083489278
Group 25,16.170833333333334,0.712708984911058
Group 25,16.177777777777777,0.7122169524741158
Group 25,16.2125,0.7117244096300811
Group 25,16.25347222222222,0.7112313549645943
Group 25,16.259027777777778,0.7107379582563289
Group 25,16.263194444444444,0.7102440472359979
Group 25,16.320833333333333,0.709748412869469
Group 25,16.327083333333334,0.70925277850294
Group 25,16.332638888888887,0.7087569708982543
Group 25,16.34722222222222,0.7082604686419333
Group 25,16.35902777777778,0.7077634437516582
Group 25,16.372222222222224,0.7072658947578082
Group 25,16.372916666666665,0.7067679955006749
Group 25,16.375694444444445,0.7062686892516459
Group 25,16.380555555555556,0.705768321777858
Group 25,16.39097222222222,0.7052672438071247
Group 25,16.43888888888889,0.7047652742385786
Group 25,16.454166666666666,0.7042629468870187
Group 25,16.552777777777777,0.7037586411606406
Group 25,16.691666666666666,0.7032528857591597
Group 25,16.774305555555557,0.702746584185539
Group 25,16.860416666666666,0.702238452165159
Group 25,16.866666666666667,0.7017301362388723
Group 25,16.925,0.7012199725629443
Group 25,16.946527777777778,0.7007086929620964
Group 25,17.002777777777776,0.700196853157157
Group 25,17.011111111111113,0.6996837004615489
Group 25,17.018055555555556,0.6991697939610263
Group 25,17.019444444444446,0.698655509449102
Group 25,17.024305555555557,0.6981406564576141
Group 25,17.05625,0.6976242802324236
Group 25,17.070138888888888,0.6971071384383299
Group 25,17.097916666666666,0.6965896127230824
Group 25,17.125694444444445,0.6960707377787821
Group 25,17.12638888888889,0.6955512820043204
Group 25,17.159027777777776,0.6950304648706593
Group 25,17.1625,0.6945090616712065
Group 25,17.17222222222222,0.693986284808827
Group 25,17.18888888888889,0.6934627191469569
Group 25,17.191666666666666,0.6929385598732253
Group 25,17.20277777777778,0.6924140038097331
Group 25,17.206944444444446,0.6918884523836915
Group 25,17.229166666666668,0.6913619010500661
Group 25,17.235416666666666,0.6892532867883808
Group 25,17.24513888888889,0.6887241096008273
Group 25,17.24652777777778,0.6881945255103998
Group 25,17.255555555555556,0.6876635112160246
Group 25,17.259722222222223,0.6871316755538313
Group 25,17.275,0.686598602104992
Group 25,17.29722222222222,0.6860642841267002
Group 25,17.29861111111111,0.6855293412151005
Group 25,17.308333333333334,0.6849933526762301
Group 25,17.324305555555554,0.6844563135914192
Group 25,17.32847222222222,0.6839175837105916
Group 25,17.339583333333334,0.6833773644501567
Group 25,17.352083333333333,0.6828358609917968
Group 25,17.375694444444445,0.6822928503667536
Group 25,17.388194444444444,0.6817491907250272
Group 25,17.39375,0.6812046626174193
Group 25,17.410416666666666,0.6806594808146043
Group 25,17.539583333333333,0.6801134242716322
Group 25,17.57638888888889,0.6795662694652995
Group 25,17.76527777777778,0.6790188942985937
Group 25,17.786805555555556,0.6784699703743425
Group 25,17.809722222222224,0.677919487639759
Group 25,17.905555555555555,0.6773674359397265
Group 25,17.961111111111112,0.6768131254356842
Group 25,17.97222222222222,0.6762581331229037
Group 25,17.979861111111113,0.6757029129807667
Group 25,17.98611111111111,0.675147236243118
Group 25,17.986805555555556,0.6745908726368196
Group 25,17.988888888888887,0.6740328983831911
Group 25,18.002777777777776,0.6734742304193427
Group 25,18.069444444444443,0.6729148664405891
Group 25,18.073611111111116,0.6723534022216149
Group 25,18.07777777777778,0.6717912338251084
Group 25,18.09583333333333,0.6712278868785045
Group 25,18.10972222222222,0.6706628802397179
Group 25,18.12361111111111,0.6700964419962722
Group 25,18.132638888888888,0.6695283229271782
Group 25,18.134027777777774,0.6689589961219681
Group 25,18.154166666666665,0.668388941587565
Group 25,18.169444444444444,0.667817913017221
Group 25,18.17013888888889,0.6672451703817003
Group 25,18.18611111111111,0.6663842088715304
Group 25,18.191666666666663,0.6658094920031633
Group 25,18.198611111111116,0.6652335322349945
Group 25,18.23472222222222,0.6646568234944353
Group 25,18.372222222222224,0.6640786096418956
Group 25,18.584722222222226,0.6632097758743746
Group 25,18.75138888888889,0.6626269904825693
Group 25,18.76736111111111,0.662043178156153
Group 25,18.772222222222226,0.6614585925683771
Group 25,18.85,0.6608737485431178
Group 25,18.92083333333333,0.6602863052110794
Group 25,19.0,0.659697552375403
Group 25,19.009027777777774,0.6591080103268101
Group 25,19.02430555555556,0.657631513887906
Group 25,19.058333333333334,0.6570371790357704
Group 25,19.104861111111116,0.6564420366634555
Group 25,19.11111111111111,0.6555481074260563
Group 25,19.133333333333333,0.6549494333553475
Group 25,19.134027777777774,0.6543499373065097
Group 25,19.188194444444445,0.6537479594433022
Group 25,19.190277777777776,0.6531448709198304
Group 25,19.19375,0.6522394020599601
Group 25,19.22430555555556,0.6516349169792743
Group 25,19.28333333333333,0.6510276150995173
Group 25,19.29722222222222,0.6504191780760599
Group 25,19.73125,0.649809600589578
Group 25,19.82638888888889,0.6491968616922753
Group 25,19.869444444444444,0.6485815092167376
Group 25,19.981944444444444,0.6479641065425664
Group 25,20.022916666666667,0.647342259991182
Group 25,20.06388888888889,0.6467189164572473
Group 25,20.110416666666666,0.6460931603697222
Group 25,20.116666666666667,0.6454664938708184
Group 25,20.138194444444444,0.6448373842276695
Group 25,20.14444444444445,0.6442073525869976
Group 25,20.14930555555556,0.6435760861954375
Group 25,20.15833333333333,0.6429442000037876
Group 25,20.175,0.6423116921828297
Group 25,20.18958333333333,0.6416776233850183
Group 25,20.226388888888888,0.6410422990054292
Group 25,20.25555555555556,0.6400883670128616
Group 25,20.257638888888888,0.6394498748761904
Group 25,20.259722222222223,0.6388094643855784
Group 25,20.273611111111112,0.6381684112351663
Group 25,20.28680555555556,0.6375267134863125
Group 25,20.323611111111116,0.6368820959802596
Group 25,20.3375,0.6362355151721578
Group 25,20.34513888888889,0.6355879472177841
Group 25,20.350694444444443,0.6349390570215434
Group 25,20.36180555555556,0.6342895029990149
Group 25,20.36458333333333,0.6336379472691751
Group 25,20.372222222222224,0.6323341654846707
Group 25,20.445833333333333,0.6316805901198287
Group 25,20.447222222222223,0.6310259988347303
Group 25,20.450694444444444,0.6303700466529895
Group 25,20.727083333333333,0.6297123835891888
Group 25,20.844444444444445,0.6290523077154055
Group 25,20.92708333333333,0.6283904957136008
Group 25,20.959722222222226,0.6277272867471485
Group 25,20.990277777777777,0.6270619690081478
Group 25,21.00486111111111,0.6263927459889289
Group 25,21.02986111111111,0.6257199288611213
Group 25,21.03263888888889,0.6250463874952858
Group 25,21.034027777777776,0.6243702962162212
Group 25,21.073611111111116,0.6236920014892073
Group 25,21.084722222222226,0.6230122281905816
Group 25,21.188194444444445,0.6223294750637973
Group 25,21.20208333333333,0.6216448441781386
Group 25,21.215972222222224,0.6209575640850726
Group 25,21.319444444444443,0.6199214836110708
Group 25,21.34513888888889,0.6192272826215848
Group 25,21.35625,0.6185319122873663
Group 25,21.385416666666668,0.6178357593191194
Group 25,21.388194444444444,0.6171380340121525
Group 25,21.395138888888887,0.6164395189764851
Group 25,21.558333333333334,0.615739814641665
Group 25,21.75208333333333,0.6150381168472016
Group 25,21.808333333333334,0.6143348142550378
Group 25,21.81875,0.6136294929987175
Group 25,21.825,0.6129233600953818
Group 25,21.875694444444445,0.6122139580582344
Group 25,21.979166666666668,0.611503320846327
Group 25,22.01388888888889,0.6107897813820955
Group 25,22.039583333333333,0.6100733124303276
Group 25,22.075,0.6093551566770253
Group 25,22.0875,0.6086357291012555
Group 25,22.101388888888888,0.6079137412850026
Group 25,22.11111111111111,0.60718830722619
Group 25,22.11180555555556,0.6064606999077643
Group 25,22.191666666666663,0.6057313424815374
Group 25,22.23958333333333,0.6050006653494728
Group 25,22.25208333333333,0.604267775385391
Group 25,22.288194444444443,0.6035313125269078
Group 25,22.310416666666665,0.6027944000574
Group 25,22.3125,0.6020561337989097
Group 25,22.356944444444444,0.6013137711185165
Group 25,22.39027777777778,0.6005691101016514
Group 25,22.40138888888889,0.5998235246142501
Group 25,22.42361111111111,0.5990742135279113
Group 25,22.44305555555556,0.598321607732022
Group 25,22.45555555555556,0.5975647176526646
Group 25,22.478472222222223,0.5968063867926993
Group 25,22.535416666666663,0.5956652655942429
Group 25,22.863888888888887,0.5949001207444108
Group 25,22.89444444444445,0.5941334968774722
Group 25,22.945138888888888,0.5933643920271453
Group 25,22.990972222222226,0.5925932882038482
Group 25,23.013194444444444,0.5918186564545621
Group 25,23.038888888888888,0.5910399476960693
Group 25,23.04375,0.5894784154696596
Group 25,23.061805555555555,0.5886924442490334
Group 25,23.094444444444445,0.5879017223628695
Group 25,23.096527777777776,0.5871088677136951
Group 25,23.14236111111111,0.5863133272425383
Group 25,23.147916666666667,0.5855156220354056
Group 25,23.167361111111116,0.5847135458408366
Group 25,23.18055555555556,0.5839081552818272
Group 25,23.207638888888887,0.5830971717328246
Group 25,23.209027777777777,0.5822827902080582
Group 25,23.240277777777777,0.5814672680929208
Group 25,23.25486111111111,0.5806483001096914
Group 25,23.320833333333333,0.5794163730231786
Group 25,23.3375,0.5785939225291784
Group 25,23.352083333333333,0.5777667689587292
Group 25,23.39027777777778,0.5769342520005755
Group 25,23.406944444444445,0.5760993254419638
Group 25,23.4375,0.5752631870886374
Group 25,23.445138888888888,0.5744246110141642
Group 25,23.85,0.5735742414937879
Group 25,23.87013888888889,0.5727200728541842
Group 25,23.89444444444445,0.5709989005841491
Group 25,23.90833333333333,0.5701311210999788
Group 25,23.98958333333333,0.5692593609759726
Group 25,24.016666666666666,0.5683849226334596
Group 25,24.020138888888887,0.5675050698120456
Group 25,24.028472222222224,0.5666224802789009
Group 25,24.15138888888889,0.565735052745183
Group 25,24.176388888888887,0.5648448323632078
Group 25,24.197222222222223,0.5630601725453146
Group 25,24.45486111111111,0.5621527427748951
Group 25,24.73958333333333,0.5612408972878312
Group 25,24.760416666666668,0.5603260791993425
Group 25,24.83194444444445,0.5594090152399328
Group 25,24.929861111111112,0.5584782182095834
Group 25,24.936805555555555,0.557541959671093
Group 25,24.950694444444444,0.5566049143607213
Group 25,24.980555555555554,0.5556647033567337
Group 25,25.038888888888888,0.5547180854634514
Group 25,25.075,0.5537633211166985
Group 25,25.09930555555556,0.5528044235909553
Group 25,25.13125,0.5518405100363067
Group 25,25.17152777777778,0.5508672463501758
Group 25,25.23125,0.5498879268011089
Group 25,25.273611111111112,0.5488971377438095
Group 25,25.28125,0.5478991429479118
Group 25,25.30069444444445,0.546894744885679
Group 25,25.35902777777778,0.5458782119026202
Group 25,25.38055555555556,0.5448511597635748
Group 25,25.879166666666663,0.543817286595143
Group 25,25.910416666666663,0.5427824297224595
Group 25,25.96180555555556,0.5417436116751438
Group 25,26.008333333333333,0.5401763688255532
Group 25,26.030555555555555,0.5391295153975968
Group 25,26.03125,0.5380796039752062
Group 25,26.047916666666666,0.5370266106210473
Group 25,26.066666666666663,0.5359673865369821
Group 25,26.119444444444444,0.5349029031476336
Group 25,26.163194444444443,0.533835232682269
Group 25,26.164583333333333,0.5327643495675602
Group 25,26.215972222222224,0.5316891440184834
Group 25,26.238888888888887,0.5306106670529287
Group 25,26.25208333333333,0.5295211174285901
Group 25,26.293055555555554,0.5284259341453872
Group 25,26.34236111111111,0.5273238988291299
Group 25,26.929861111111112,0.525667383963698
Group 25,26.941666666666663,0.5245607157869324
Group 25,26.959722222222226,0.5234505343778595
Group 25,26.969444444444445,0.5223368098366301
Group 25,27.035416666666663,0.5212159153949205
Group 25,27.03680555555556,0.5200877424178754
Group 25,27.051388888888887,0.518955886612831
Group 25,27.29861111111111,0.5178115516919648
Group 25,27.80902777777778,0.5166570108855166
Group 25,27.820138888888888,0.5154972869553585
Group 25,27.84930555555556,0.5143296826813939
Group 25,28.090972222222224,0.5131473155947699
Group 25,28.1,0.5119594745864486
Group 25,28.92152777777778,0.5107491684999559
Group 25,29.022916666666667,0.5095316496239131
Group 25,29.19097222222222,0.5083082843186936
Group 25,30.26597222222222,0.5064621283223787
Group 25,31.040277777777774,0.50521468465656
Group 25,31.05902777777778,0.5033388875600628
Group 25,31.22430555555556,0.5020726262077105
Group 25,31.36458333333333,0.500166021298061
Group 25,31.636111111111116,0.4988769336143031
Group 25,32.99652777777778,0.49757438287379574
Group 25,33.052083333333336,0.496263251430123
Group 25,33.06041666666667,0.4949469032830935
Group 25,34.03263888888889,0.49362174423815885
Group 25,34.05763888888889,0.4929537851796499
Group 25,36.11597222222223,0.49159951653904643
Group 25,37.94722222222222,0.49023015855425806
Group 25,38.0125,0.48885503889491927
Group 25,38.11180555555556,0.487474092457363
Group 25,41.22986111111111,0.48607330483535904
Group 25,41.49236111111111,0.4846561814976466
Group 25,45.26875,0.4832328153258474
Group 25,46.00347222222222,0.4817794835504313
Group 25,46.93402777777778,0.4802902115765505
Group 25,47.11111111111112,0.47879164617381553
Group 25,49.013888888888886,0.47654379806971314
Group 25,50.24583333333333,0.4750212939225255
Group 25,54.168055555555554,0.4734714691462693
Group 25,54.9625,0.4726914502514649
Group 25,56.13819444444445,0.47110523733115794
Group 25,60.81319444444444,0.46949736962695604
Group 25,61.03194444444444,0.46788674400216373
Group 25,66.12083333333334,0.4662621372521562
Group 25,74.925,0.46462325452016273
Group 25,74.98472222222222,0.4629814762356391
Group 25,75.10208333333334,0.4613367818262763
Group 25,75.58541666666666,0.459689150462611
Group 25,75.77986111111112,0.4580296228436124
Group 25,75.8375,0.4563640605787265
Group 25,75.90347222222222,0.45469545341024853
Group 25,76.06527777777778,0.45302070035901376
Group 25,76.10277777777777,0.45133973301074287
Group 25,76.125,0.4496524816723849
Group 25,76.62222222222222,0.44795887533840234
Group 25,76.71944444444445,0.44626206141666597
Group 25,76.84861111111111,0.4445555143366787
Group 25,76.91319444444444,0.44283908377939424
Group 25,76.92986111111111,0.4411193203472413
Group 25,76.93194444444444,0.4393928259427511
Group 25,76.9375,0.4376595209094463
Group 25,76.94930555555555,0.43592277677885327
Group 25,76.95347222222222,0.43417208289620723
Group 25,77.01666666666667,0.43241430118407687
Group 25,77.01875,0.4306348184631547
Group 25,77.02291666666666,0.4288479519965026
Group 25,77.02638888888889,0.42705360910111984
Group 25,77.05972222222222,0.4252478855954068
Group 25,77.08125,0.42343446177623667
Group 25,77.27430555555556,0.4216171464896434
Group 25,77.52986111111112,0.41979590611603795
Group 25,77.68055555555556,0.41797070652422913
Group 25,77.72708333333334,0.4161415130602281
Group 25,79.70277777777778,0.41429199522440485
Group 25,79.86180555555555,0.41243418358662726
Group 25,79.90069444444444,0.4105679655613484
Group 25,79.93472222222222,0.4086974964699527
Group 25,79.95347222222222,0.40682273731183366
Group 25,80.01041666666667,0.40399757941383485
Group 25,80.02083333333333,0.40210531908871144
Group 25,80.02569444444444,0.40019053185495573
Group 25,80.03055555555555,0.39825724426145354
Group 25,80.05833333333334,0.3963145259967635
Group 25,80.06388888888888,0.3943525728977696
Group 25,80.10416666666667,0.39238081003328074
Group 25,80.83125,0.39038902927169045
Group 25,81.0736111111111,0.3883870342497844
Group 25,81.8375,0.3863589035226314
Group 25,81.95277777777778,0.38430925416707373
Group 25,82.02152777777778,0.3822486147345425
Group 25,82.02986111111112,0.3801711766109852
Group 25,82.03680555555556,0.3780880468761305
Group 25,82.10972222222222,0.3759933762563181
Group 25,82.66319444444444,0.3738869707870951
Group 25,86.08819444444444,0.37173819509291633
Group 25,86.1451388888889,0.3695706254422288
Group 25,87.90069444444444,0.3673773279618595
Group 25,88.00763888888889,0.3651575253759873
Group 25,88.09722222222223,0.3629104021429043
Group 25,88.77708333333334,0.3605384387302056
Group 25,88.8125,0.35814283448615103
Group 25,89.13680555555555,0.3556981734998974
Group 25,89.13888888888889,0.35322804729503704
Group 25,89.14444444444445,0.35073173600673285
Group 25,91.11597222222224,0.34816227273928435
Group 25,91.23680555555556,0.3455737056557209
Group 25,92.03472222222224,0.34290518283212457
Group 25,93.07847222222222,0.34019446992436075
Group 25,93.13888888888889,0.33742866122578874
Group 25,99.975,0.3345197934566009
Group 25,104.19097222222224,0.33153300958645265
Group 25,104.68194444444444,0.32849142234254025
Group 25,112.14930555555556,0.32539244666006345
Group 25,113.01458333333332,0.32207211557169546
Group 25,113.84166666666668,0.3187345806953048
Group 25,115.11597222222224,0.3153256546985636
Group 25,115.8625,0.31180246302595394
Group 25,117.01944444444445,0.3081124930493155
Group 25,118.01597222222222,0.30428500866360964
Group 25,118.03472222222224,0.30033325530434196
Group 25,120.89305555555556,0.29619072764497173
Group 25,121.00277777777778,0.2918981084037402
Group 25,121.04791666666668,0.2874073682744519
Group 25,121.7625,0.28265683326165103
Group 25,121.76597222222222,0.2775639173470267
Group 25,121.98055555555555,0.27201263900008615
Group 25,123.06597222222224,0.26603433924184244
Group 25,123.26805555555556,0.2476871434320602
Group 25,133.97430555555556,0.24108215294053864
Group 25,159.1784722222222,0.23409426444950854
Group 25,179.88888888888889,0.22641904266427873
Group 25,180.20625,0.21803315219523137
Group 25,188.91041666666663,0.20894843752043007
Group 25,193.8215277777778,0.19875583081211642
Group 25,212.74791666666667,0.18550544209130865
Group 25,226.74791666666667,0.15900466464969312
Group 25,228.0090277777778,0.1236702947275391
Group 25,233.86180555555555,0.06183514736376954
Group 24,0.9118055555555556,0.9998518957345972
Group 24,5.002083333333333,0.9992592152984772
Group 24,5.002777777777778,0.998666534862357
Group 24,5.004166666666666,0.9977775142081768
Group 24,5.007638888888889,0.9971847457458521
Group 24,5.008333333333334,0.9968883615146897
Group 24,5.009027777777778,0.9962955930523649
Group 24,5.009722222222222,0.995406043415711
Group 24,5.010416666666667,0.9948129219836147
Group 24,5.011111111111111,0.9933294550555151
Group 24,5.011805555555555,0.9930325399591002
Group 24,5.0125,0.9921416614842565
Group 24,5.013194444444444,0.991844701992642
Group 24,5.013888888888889,0.9912507830094128
Group 24,5.014583333333333,0.9900625890831204
Group 24,5.0152777777777775,0.9891709085765911
Group 24,5.015972222222223,0.9882788259895687
Group 24,5.016666666666667,0.9879813308583256
Group 24,5.017361111111111,0.9873862510023652
Group 24,5.018055555555556,0.987088711074385
Group 24,5.01875,0.9858983719594324
Group 24,5.019444444444445,0.9856006973302177
Group 24,5.020138888888889,0.9853029777418383
Group 24,5.020833333333333,0.9844096840176843
Group 24,5.022222222222222,0.9835157142728521
Group 24,5.022916666666666,0.9829194634609256
Group 24,5.023611111111111,0.9826212928364872
Group 24,5.024305555555555,0.9823230317064716
Group 24,5.025,0.9817262376410363
Group 24,5.0256944444444445,0.9811291713569305
Group 24,5.026388888888889,0.9803821566079151
Group 24,5.027777777777778,0.9800833507083089
Group 24,5.028472222222222,0.9788879448833864
Group 24,5.029166666666667,0.9782899681302505
Group 24,5.029861111111111,0.9779908883478812
Group 24,5.030555555555556,0.9776917170758261
Group 24,5.03125,0.976195860715551
Group 24,5.031944444444444,0.9752972453175311
Group 24,5.032638888888889,0.9749974766851913
Group 24,5.034027777777778,0.9746976619629634
Group 24,5.034722222222222,0.9740977557238725
Group 24,5.035416666666666,0.9734977571062416
Group 24,5.036805555555556,0.9731977115654475
Group 24,5.0375,0.9722975749430656
Group 24,5.038194444444445,0.9716969277925215
Group 24,5.040277777777778,0.9713963254946739
Group 24,5.040972222222222,0.9707949347963333
Group 24,5.041666666666667,0.9695915943131647
Group 24,5.042361111111111,0.9689894570088249
Group 24,5.043055555555555,0.968688341577809
Group 24,5.04375,0.9680859234549373
Group 24,5.044444444444444,0.9677846675273023
Group 24,5.045138888888889,0.9674832708697104
Group 24,5.045833333333333,0.967181827258285
Group 24,5.0465277777777775,0.9662772144814262
Group 24,5.047222222222223,0.9659754885752649
Group 24,5.047916666666667,0.965070169466947
Group 24,5.048611111111111,0.9647681603386519
Group 24,5.050694444444445,0.9638619911210514
Group 24,5.051388888888889,0.9632569302352252
Group 24,5.052083333333333,0.9626515841675205
Group 24,5.053472222222222,0.9623487683184587
Group 24,5.054861111111111,0.9620456663441851
Group 24,5.05625,0.9608324940032719
Group 24,5.057638888888889,0.9602251409729284
Group 24,5.058333333333334,0.9599211279474502
Group 24,5.059027777777778,0.9596170186086422
Group 24,5.060416666666667,0.959312764639521
Group 24,5.063194444444444,0.9590081725567651
Group 24,5.063888888888889,0.9587034352918917
Group 24,5.065277777777778,0.9583985041737962
Group 24,5.065972222222222,0.9580935245384188
Group 24,5.067361111111111,0.9574831766966998
Group 24,5.068055555555556,0.9568725369156432
Group 24,5.069444444444445,0.9565670708224538
Group 24,5.070138888888889,0.9562613606687873
Group 24,5.070833333333334,0.9559555038446489
Group 24,5.071527777777778,0.9556494021783521
Group 24,5.072916666666667,0.9553430551989713
Group 24,5.073611111111111,0.954730066392299
Group 24,5.074305555555555,0.9544233258087191
Group 24,5.075,0.9541164372795202
Group 24,5.075694444444444,0.9535020673907375
Group 24,5.076388888888889,0.953194585266458
Group 24,5.077083333333333,0.9525794225783222
Group 24,5.079166666666667,0.9519635638923172
Group 24,5.079861111111111,0.95165538533489
Group 24,5.080555555555556,0.9510384288452078
Group 24,5.083333333333333,0.9507297503548329
Group 24,5.084722222222222,0.9504209716116192
Group 24,5.085416666666666,0.9501121427012661
Group 24,5.086805555555555,0.9498030626288194
Group 24,5.0875,0.9494936805237285
Group 24,5.0881944444444445,0.9488747146302972
Group 24,5.089583333333334,0.9485649285661019
Group 24,5.090972222222222,0.9482549906708017
Group 24,5.092361111111111,0.9479449007457947
Group 24,5.095833333333333,0.9473246194431638
Group 24,5.097222222222222,0.9470142247447879
Group 24,5.097916666666666,0.9467037791703756
Group 24,5.098611111111111,0.9463932317604461
Group 24,5.100694444444445,0.9457720350215157
Group 24,5.101388888888889,0.9454611814356417
Group 24,5.102083333333334,0.9448392697885866
Group 24,5.103472222222222,0.9445280579078921
Group 24,5.104166666666667,0.9439050182918579
Group 24,5.105555555555555,0.9435933441897307
Group 24,5.10625,0.9432815671059079
Group 24,5.1090277777777775,0.942969686938242
Group 24,5.111111111111111,0.9426576003299553
Group 24,5.111805555555556,0.9420331169908828
Group 24,5.1125,0.9414084265950001
Group 24,5.115277777777778,0.9410957182652891
Group 24,5.115972222222222,0.9407828539972488
Group 24,5.1194444444444445,0.940469885649279
Group 24,5.120138888888889,0.9401566567115107
Group 24,5.122916666666667,0.939686500023707
Group 24,5.123611111111111,0.9393726434772729
Group 24,5.129166666666666,0.9390585245528532
Group 24,5.129861111111111,0.9387443005192067
Group 24,5.132638888888889,0.9381157472547144
Group 24,5.136111111111111,0.9378009433126825
Group 24,5.138194444444444,0.9371712297365115
Group 24,5.139583333333333,0.9368561612444164
Group 24,5.1402777777777775,0.936540986757875
Group 24,5.140972222222223,0.9362256530923
Group 24,5.145138888888889,0.9355947732721569
Group 24,5.147222222222222,0.9349634677571285
Group 24,5.148611111111111,0.9346474415723196
Group 24,5.151388888888889,0.9343312015311853
Group 24,5.154166666666667,0.9336985073029604
Group 24,5.154861111111111,0.933065061911303
Group 24,5.155555555555556,0.9327479085931822
Group 24,5.158333333333333,0.9324305394510953
Group 24,5.159027777777778,0.9321130622500565
Group 24,5.161805555555556,0.9317953144872305
Group 24,5.1625,0.9311594937335715
Group 24,5.163194444444445,0.9308412574062532
Group 24,5.165277777777778,0.9298862219164383
Group 24,5.165972222222222,0.9295673855639898
Group 24,5.166666666666667,0.929248275579244
Group 24,5.16875,0.9289290011330736
Group 24,5.170833333333333,0.928609452113076
Group 24,5.1715277777777775,0.9282897380651802
Group 24,5.172916666666667,0.9276497589282859
Group 24,5.173611111111111,0.9273294931734342
Group 24,5.174305555555556,0.9270091167722687
Group 24,5.175,0.9263680316292726
Group 24,5.175694444444445,0.9260471559688538
Group 24,5.179861111111111,0.9257259464107653
Group 24,5.18125,0.9254045695850717
Group 24,5.1819444444444445,0.9250830252592951
Group 24,5.182638888888889,0.9247612572505093
Group 24,5.1875,0.9244393212166535
Group 24,5.188194444444444,0.9241170484883229
Group 24,5.190277777777778,0.923794494544697
Group 24,5.192361111111111,0.9234718279381499
Group 24,5.195138888888889,0.9228258175653354
Group 24,5.195833333333334,0.9225024728500006
Group 24,5.196527777777778,0.9216936858318961
Group 24,5.197222222222222,0.9213698868907995
Group 24,5.197916666666667,0.9210459171696704
Group 24,5.20625,0.9207218334549732
Group 24,5.206944444444445,0.9203975214319174
Group 24,5.207638888888889,0.9200731522613688
Group 24,5.2131944444444445,0.9197484396613119
Group 24,5.215972222222222,0.9194234976229224
Group 24,5.217361111111111,0.919098325740474
Group 24,5.220833333333333,0.918772923607091
Group 24,5.222916666666666,0.9184472330988999
Group 24,5.223611111111111,0.9181213114405965
Group 24,5.225,0.9174687731950808
Group 24,5.226388888888889,0.9171420974702472
Group 24,5.227083333333334,0.9164880471243958
Group 24,5.228472222222222,0.9161605545222431
Group 24,5.23125,0.9158328276202498
Group 24,5.2340277777777775,0.9155048659988997
Group 24,5.239583333333333,0.9151766692374733
Group 24,5.240972222222222,0.9148482958362398
Group 24,5.249305555555556,0.9145195684572114
Group 24,5.25,0.9141907819864377
Group 24,5.250694444444444,0.9138618772258741
Group 24,5.252083333333333,0.913532854047755
Group 24,5.252777777777778,0.9132037716075361
Group 24,5.254861111111111,0.9128745111887124
Group 24,5.255555555555556,0.9125451319676448
Group 24,5.259722222222222,0.9122155743179634
Group 24,5.260416666666667,0.9118858379816835
Group 24,5.263888888888889,0.9115558630086488
Group 24,5.267361111111111,0.9112257087663421
Group 24,5.269444444444445,0.9108953749948118
Group 24,5.275,0.910564801460065
Group 24,5.277777777777778,0.9102339877265646
Group 24,5.278472222222222,0.9095717585612487
Group 24,5.28125,0.9092402215615909
Group 24,5.281944444444444,0.9089085031297917
Group 24,5.284722222222222,0.9085766030008416
Group 24,5.285416666666666,0.9082445815855299
Group 24,5.286805555555556,0.9075796880411774
Group 24,5.304861111111111,0.9072467534527544
Group 24,5.30625,0.906913635496649
Group 24,5.309027777777778,0.9065800273908934
Group 24,5.311111111111111,0.9062462964770739
Group 24,5.314583333333333,0.9059124426194658
Group 24,5.31875,0.9055782808921994
Group 24,5.322222222222222,0.9052439958125049
Group 24,5.323611111111111,0.9049095872436786
Group 24,5.324305555555555,0.904574745583274
Group 24,5.3277777777777775,0.9042397178997247
Group 24,5.328472222222223,0.9039042551959964
Group 24,5.333333333333333,0.9032330806979856
Group 24,5.334027777777778,0.902896993970284
Group 24,5.334722222222222,0.902560719484634
Group 24,5.335416666666666,0.902224256961061
Group 24,5.342361111111111,0.9018874804560363
Group 24,5.348611111111111,0.9015505781473115
Group 24,5.349305555555556,0.9012134868860862
Group 24,5.35,0.9008762694915544
Group 24,5.358333333333333,0.9005387994524117
Group 24,5.3590277777777775,0.9002008862068386
Group 24,5.377083333333333,0.8998625284221338
Group 24,5.38125,0.899523979690598
Group 24,5.489583333333333,0.8991851121148999
Group 24,5.558333333333334,0.8988461167851677
Group 24,5.578472222222223,0.8985068655616217
Group 24,5.582638888888889,0.898167486197859
Group 24,5.598611111111111,0.8978279785485686
Group 24,5.614583333333333,0.8974882139398463
Group 24,5.615277777777778,0.897148256283051
Group 24,5.642361111111111,0.896808234203732
Group 24,5.675,0.8964676956678657
Group 24,5.701388888888889,0.8961268982165569
Group 24,5.702083333333333,0.8957859711105206
Group 24,5.705555555555556,0.8954448492631822
Group 24,5.711111111111111,0.8951035974151399
Group 24,5.7131944444444445,0.894762150305693
Group 24,5.725694444444445,0.8944205728480462
Group 24,5.730555555555555,0.8940789301540629
Group 24,5.731944444444444,0.8937370915265905
Group 24,5.732638888888889,0.893394925718196
Group 24,5.741666666666666,0.8930524976132829
Group 24,5.7444444444444445,0.8927100038462212
Group 24,5.745138888888889,0.8923672470776107
Group 24,5.747916666666667,0.8920243586061111
Group 24,5.75,0.8916811403073015
Group 24,5.751388888888889,0.8913377237310229
Group 24,5.754166666666666,0.8906504934120322
Group 24,5.756944444444445,0.8899624667659046
Group 24,5.760416666666667,0.8896175200733597
Group 24,5.774305555555555,0.8892723056689851
Group 24,5.78125,0.8889268901297855
Group 24,5.781944444444444,0.8885810714602155
Group 24,5.782638888888889,0.8878890301273026
Group 24,5.785416666666666,0.88754273955393
Group 24,5.7875,0.8871962461947445
Group 24,5.793055555555555,0.8868494819789169
Group 24,5.8,0.886502446376499
Group 24,5.800694444444445,0.885808103359952
Group 24,5.803472222222222,0.8854605231742114
Group 24,5.804166666666666,0.8851126015541037
Group 24,5.805555555555555,0.884764543118573
Group 24,5.810416666666667,0.8844162106212823
Group 24,5.815972222222222,0.8840674660587345
Group 24,5.81875,0.88371851501628
Group 24,5.825694444444444,0.8830203372441952
Group 24,5.834722222222222,0.8826709721256021
Group 24,5.8375,0.8823214686719788
Group 24,5.838888888888889,0.8819717574279551
Group 24,5.842361111111111,0.8816219074646755
Group 24,5.855555555555555,0.8812715709228656
Group 24,5.859722222222223,0.8809210950545328
Group 24,5.8625,0.8805702702456699
Group 24,5.864583333333333,0.8802190256225165
Group 24,5.870138888888889,0.8798675004525395
Group 24,5.886111111111111,0.8795159050477632
Group 24,5.886805555555555,0.8791639579068877
Group 24,5.888888888888889,0.8788117287570852
Group 24,5.8902777777777775,0.8784593583766693
Group 24,5.890972222222223,0.8781068465956193
Group 24,5.891666666666667,0.8777537678474908
Group 24,5.893055555555556,0.877400547015359
Group 24,5.904861111111111,0.8770471839275558
Group 24,5.911111111111111,0.8766933932119738
Group 24,5.9125,0.8763393882076485
Group 24,5.915277777777778,0.8759853116871604
Group 24,5.9215277777777775,0.8756307335403533
Group 24,5.923611111111111,0.8752757960723596
Group 24,5.929166666666666,0.8749207146135067
Group 24,5.93125,0.8742096859953731
Group 24,5.9319444444444445,0.8738536649463015
Group 24,5.933333333333334,0.8734974261917371
Group 24,5.934722222222222,0.8731408238540389
Group 24,5.935416666666667,0.8727837840569201
Group 24,5.938194444444444,0.8724265981416114
Group 24,5.939583333333333,0.8720691927347529
Group 24,5.941666666666666,0.8717114207582464
Group 24,5.94375,0.8713533548635007
Group 24,5.947222222222222,0.8706367813808827
Group 24,5.95,0.8702776077912042
Group 24,5.954166666666667,0.8699180632310756
Group 24,5.954861111111111,0.869558146779594
Group 24,5.955555555555556,0.869198081294385
Group 24,5.960416666666666,0.8688377172474139
Group 24,5.963888888888889,0.8684768293067088
Group 24,5.967361111111111,0.8681156411888853
Group 24,5.970138888888889,0.8677541522689649
Group 24,5.98125,0.8673919088324094
Group 24,5.982638888888889,0.8666672706462503
Group 24,5.9840277777777775,0.8663040404406147
Group 24,5.986111111111111,0.8659405053837785
Group 24,5.986805555555556,0.8655768176452721
Group 24,5.989583333333333,0.865212670898261
Group 24,5.99375,0.8648477562331838
Group 24,5.998611111111111,0.8644823018675666
Group 24,6.002777777777778,0.864116538253491
Group 24,6.003472222222222,0.8637506197532777
Group 24,6.005555555555556,0.8633840801310613
Group 24,6.007638888888889,0.8630172290241435
Group 24,6.010416666666667,0.8626499876500907
Group 24,6.011805555555555,0.8619150355839351
Group 24,6.0152777777777775,0.8615468531680514
Group 24,6.025,0.8611781981174874
Group 24,6.0256944444444445,0.8608091481075806
Group 24,6.026388888888889,0.8604396228239971
Group 24,6.027083333333334,0.8600699387755227
Group 24,6.029861111111111,0.8596999366508614
Group 24,6.03125,0.8593295359887972
Group 24,6.036111111111111,0.8589585756883489
Group 24,6.038194444444445,0.8585872946960479
Group 24,6.041666666666667,0.8582155314162488
Group 24,6.047916666666667,0.8578432036368926
Group 24,6.048611111111111,0.8574704714171937
Group 24,6.055555555555555,0.857097496005529
Group 24,6.057638888888889,0.8567241143910636
Group 24,6.066666666666666,0.8563501623551005
Group 24,6.073611111111111,0.855975719783017
Group 24,6.079861111111111,0.8556011133410988
Group 24,6.080555555555556,0.8552261785850335
Group 24,6.083333333333333,0.8548501723513183
Group 24,6.084027777777778,0.8544740006583145
Group 24,6.088888888888889,0.8540974974634881
Group 24,6.1,0.8537206620355315
Group 24,6.109722222222223,0.852966325245573
Group 24,6.116666666666666,0.8525880696689674
Group 24,6.123611111111111,0.8522093099756449
Group 24,6.124305555555556,0.851830128970094
Group 24,6.129166666666666,0.851450610088842
Group 24,6.131944444444445,0.8510708372921922
Group 24,6.134027777777778,0.8506907252612445
Group 24,6.134722222222222,0.8503103582926501
Group 24,6.135416666666667,0.8499293095100856
Group 24,6.143055555555556,0.849547061113634
Group 24,6.145138888888889,0.8491643822572764
Group 24,6.147222222222222,0.848781703400919
Group 24,6.149305555555555,0.8483990245445615
Group 24,6.154861111111111,0.8480163456882039
Group 24,6.155555555555556,0.8476334076228672
Group 24,6.163888888888889,0.8472504695575305
Group 24,6.174305555555556,0.846867271697034
Group 24,6.175694444444445,0.8464840738365377
Group 24,6.179861111111111,0.8457173310160335
Group 24,6.18125,0.8449495440609577
Group 24,6.1875,0.8445648640955306
Group 24,6.190972222222222,0.8441801841301032
Group 24,6.19375,0.8437955041646761
Group 24,6.195833333333334,0.8434105609602214
Group 24,6.205555555555556,0.8430252660488645
Group 24,6.2131944444444445,0.8426397068144493
Group 24,6.217361111111111,0.842254147580034
Group 24,6.219444444444444,0.8418682350267328
Group 24,6.222222222222222,0.841481702320109
Group 24,6.223611111111111,0.8410946362196856
Group 24,6.225,0.8407071242933002
Group 24,6.24375,0.8403192548011233
Group 24,6.245138888888889,0.8399309372157254
Group 24,6.255555555555556,0.8395424400199735
Group 24,6.259722222222222,0.8391534027447094
Group 24,6.28125,0.8387636426876984
Group 24,6.286805555555556,0.8383735200631925
Group 24,6.290277777777778,0.8379831249432562
Group 24,6.2965277777777775,0.8375918183240906
Group 24,6.297222222222223,0.8372001457412875
Group 24,6.298611111111111,0.8368081063379903
Group 24,6.305555555555555,0.8364157912389101
Group 24,6.308333333333334,0.8360230155679832
Group 24,6.3125,0.8356300552786445
Group 24,6.338888888888889,0.8352365398299614
Group 24,6.342361111111111,0.8348425603300416
Group 24,6.376388888888889,0.8344473685855066
Group 24,6.380555555555556,0.8340518958989732
Group 24,6.402083333333334,0.8336560478230839
Group 24,6.471527777777778,0.8332599176031631
Group 24,6.473611111111111,0.8328635047023053
Group 24,6.4840277777777775,0.8324664303258084
Group 24,6.488888888888889,0.8320689767902028
Group 24,6.691666666666666,0.83167114318906
Group 24,6.709027777777778,0.8312731191913625
Group 24,6.720138888888889,0.830874235736856
Group 24,6.745138888888889,0.8304745848298157
Group 24,6.754166666666666,0.8300743561142351
Group 24,6.761805555555555,0.8296739343312567
Group 24,6.7652777777777775,0.8292729319463696
Group 24,6.76875,0.8288715413694353
Group 24,6.7875,0.8284699563203222
Group 24,6.8069444444444445,0.8280676888008659
Group 24,6.809722222222222,0.8276649321428888
Group 24,6.865972222222222,0.8272617831257709
Group 24,6.884722222222222,0.826857945301448
Group 24,6.895138888888889,0.8264535149051155
Group 24,6.9006944444444445,0.8260486882997248
Group 24,6.902777777777778,0.8256429669400491
Group 24,6.909027777777778,0.8252370461106784
Group 24,6.916666666666667,0.8248307255562172
Group 24,6.930555555555555,0.8244239039899749
Group 24,6.934027777777778,0.8240165799267387
Group 24,6.942361111111111,0.8236089536195773
Group 24,6.959027777777778,0.8232011254672527
Group 24,6.965277777777778,0.8227929940218053
Group 24,6.965972222222222,0.8223840511818342
Group 24,6.974305555555556,0.8219744973714848
Group 24,6.982638888888889,0.8215643304566287
Group 24,6.990277777777778,0.8211533427975709
Group 24,7.002083333333333,0.8203305438568921
Group 24,7.016666666666667,0.8199183174529439
Group 24,7.034027777777778,0.8190928270754427
Group 24,7.040972222222222,0.8182656694616327
Group 24,7.047916666666667,0.8178513577302597
Group 24,7.053472222222222,0.8174362047567926
Group 24,7.0569444444444445,0.8170205240017676
Group 24,7.061111111111111,0.8166047374755581
Group 24,7.063194444444444,0.8161887391375674
Group 24,7.067361111111111,0.8157717844815585
Group 24,7.099305555555556,0.8153537615328106
Group 24,7.103472222222222,0.8149353095125217
Group 24,7.104166666666667,0.8145164273179637
Group 24,7.14375,0.8140967897974496
Group 24,7.165972222222222,0.8136763938306034
Group 24,7.185416666666667,0.81325545415454
Group 24,7.220138888888889,0.8128336411596466
Group 24,7.229166666666667,0.8124112802133437
Group 24,7.2347222222222225,0.8119875976682521
Group 24,7.247916666666667,0.8115634725193004
Group 24,7.281944444444444,0.8111391256055648
Group 24,7.319444444444445,0.8107144454350905
Group 24,7.38125,0.8102884262835219
Group 24,7.411111111111111,0.8098615093044474
Group 24,7.4118055555555555,0.8094342544855055
Group 24,7.413888888888889,0.8090068868749007
Group 24,7.418055555555555,0.808579519264296
Group 24,7.419444444444444,0.8081521516536913
Group 24,7.4222222222222225,0.8077247840430865
Group 24,7.424305555555556,0.8072974164324817
Group 24,7.43125,0.8068700488218769
Group 24,7.439583333333333,0.806442681211272
Group 24,7.480555555555555,0.8060153136006672
Group 24,7.544444444444444,0.8055871514154876
Group 24,7.5993055555555555,0.8051580770339082
Group 24,7.605555555555555,0.8047279712235268
Group 24,7.634722222222222,0.8040819493038932
Group 24,7.6618055555555555,0.8036505748675714
Group 24,7.7340277777777775,0.8032187368370138
Group 24,7.7444444444444445,0.8027865502689014
Group 24,7.752083333333333,0.8023542473339155
Group 24,7.760416666666667,0.8019213613089173
Group 24,7.777083333333334,0.8014881244848715
Group 24,7.778472222222222,0.8010541839735099
Group 24,7.788888888888889,0.8006197728108345
Group 24,7.802777777777778,0.80018512581148
Group 24,7.804861111111111,0.7993153593703807
Group 24,7.809722222222222,0.7988794088062299
Group 24,7.813888888888889,0.798442743373704
Group 24,7.84375,0.7980053603315929
Group 24,7.847916666666666,0.7975674973080913
Group 24,7.854166666666667,0.7971293937665873
Group 24,7.856944444444444,0.796690324973546
Group 24,7.868055555555555,0.7962510140692319
Group 24,7.872916666666667,0.7958112178725629
Group 24,7.874305555555556,0.7953711784930371
Group 24,7.888194444444444,0.7949296735368933
Group 24,7.889583333333333,0.7944873086656985
Group 24,7.897222222222222,0.7940442036413451
Group 24,7.901388888888889,0.7936004795823111
Group 24,7.90625,0.7931563830632388
Group 24,7.929166666666666,0.7927112896945163
Group 24,7.930555555555555,0.7922651944273839
Group 24,7.932638888888889,0.7918182182951258
Group 24,7.938888888888889,0.7913711159697191
Group 24,7.941666666666666,0.7909232545571726
Group 24,7.952083333333333,0.7904745037744452
Group 24,7.958333333333333,0.7900243474511112
Group 24,7.966666666666667,0.7895736775438373
Group 24,7.970138888888889,0.7891222346178546
Group 24,7.988194444444445,0.7886704039653394
Group 24,7.991666666666666,0.7882183143098705
Group 24,7.99375,0.7877655754733915
Group 24,8.004166666666666,0.7873124460080632
Group 24,8.004861111111111,0.7868584019215533
Group 24,8.009027777777778,0.7859482129083416
Group 24,8.029861111111112,0.78549113340098
Group 24,8.031944444444445,0.7850335213220979
Group 24,8.039583333333333,0.7845756423361999
Group 24,8.043055555555556,0.7841170943278211
Group 24,8.050694444444444,0.7836584122018615
Group 24,8.053472222222222,0.7831987884996903
Group 24,8.058333333333334,0.7827386246991617
Group 24,8.061111111111112,0.7822776478883847
Group 24,8.069444444444445,0.7818161271521674
Group 24,8.1,0.7813533771508936
Group 24,8.151388888888889,0.7808900783799769
Group 24,8.15625,0.7804258155509758
Group 24,8.186805555555555,0.7794959069235692
Group 24,8.192361111111111,0.7790290031158882
Group 24,8.202777777777778,0.7785618193059236
Group 24,8.216666666666667,0.7780936522468099
Group 24,8.240277777777777,0.7776244971957115
Group 24,8.245833333333334,0.7771544914554904
Group 24,8.265972222222222,0.7766836314182559
Group 24,8.294444444444444,0.7762121997755135
Group 24,8.29513888888889,0.7757406249275332
Group 24,8.307638888888889,0.7752679005979003
Group 24,8.313888888888888,0.7747947435026314
Group 24,8.328472222222222,0.7743205729129725
Group 24,8.330555555555556,0.7738458208756256
Group 24,8.334027777777777,0.7733707774005638
Group 24,8.352083333333333,0.7728951496161847
Group 24,8.359027777777778,0.772419228957554
Group 24,8.381944444444445,0.7719431616361626
Group 24,8.439583333333333,0.7714659170230954
Group 24,8.552777777777777,0.7709876368513514
Group 24,8.60138888888889,0.7705089112153058
Group 24,8.61736111111111,0.7700294408287376
Group 24,8.678472222222222,0.7695495221993648
Group 24,8.697222222222223,0.769069004233583
Group 24,8.740972222222222,0.7685875838866449
Group 24,8.772222222222222,0.7681058618033566
Group 24,8.796527777777778,0.7676233832469475
Group 24,8.83125,0.7671399932071195
Group 24,8.873611111111112,0.7666559932114051
Group 24,8.885416666666666,0.7661718403896739
Group 24,8.938888888888888,0.7656867679994303
Group 24,8.940277777777778,0.7652006176705417
Group 24,8.95138888888889,0.7647138488297844
Group 24,8.959027777777777,0.764225681674451
Group 24,8.977777777777778,0.7637364206746594
Group 24,9.004861111111111,0.7632457451714955
Group 24,9.022222222222222,0.7627542797850361
Group 24,9.066666666666666,0.7622610665423687
Group 24,9.08125,0.7617664130274159
Group 24,9.082638888888887,0.7612709551978046
Group 24,9.125694444444443,0.7607743661859339
Group 24,9.145138888888887,0.7602772904811407
Group 24,9.16875,0.7597787479955793
Group 24,9.170833333333333,0.7592795503950566
Group 24,9.177777777777775,0.7587800243750599
Group 24,9.193055555555556,0.7582790141245647
Group 24,9.198611111111113,0.7577776726276227
Group 24,9.22638888888889,0.7572750008713192
Group 24,9.231944444444444,0.7567713261118437
Group 24,9.236805555555556,0.7562669800098031
Group 24,9.24652777777778,0.7557621288883012
Group 24,9.248611111111112,0.7552567713965672
Group 24,9.250694444444443,0.7547505671261941
Group 24,9.294444444444444,0.7542435126638991
Group 24,9.311805555555557,0.7534826752267803
Group 24,9.314583333333331,0.75272158161544
Group 24,9.361805555555556,0.7522131577170169
Group 24,9.3875,0.7517043899404076
Group 24,9.538194444444445,0.7511944140991996
Group 24,9.713888888888889,0.7506828755128194
Group 24,9.731944444444444,0.7501709881104923
Group 24,9.734027777777778,0.7496580506827245
Group 24,9.74236111111111,0.7491440581899698
Group 24,9.78888888888889,0.7486297128015799
Group 24,9.79375,0.7481148367955265
Group 24,9.822916666666666,0.7475987175566197
Group 24,9.8375,0.7470815271605238
Group 24,9.840972222222222,0.7465639784752722
Group 24,9.868055555555555,0.7460451709850183
Group 24,9.903472222222222,0.7455260024596286
Group 24,9.90972222222222,0.7450052018990561
Group 24,9.947222222222225,0.7444825746090532
Group 24,9.948611111111113,0.7439590284947009
Group 24,9.952777777777778,0.7434349291438769
Group 24,9.960416666666667,0.7429095334342346
Group 24,9.967361111111112,0.7423824603349551
Group 24,9.997222222222222,0.7418548253240561
Group 24,10.013194444444444,0.7413268147722241
Group 24,10.029166666666669,0.740797673576812
Group 24,10.031944444444443,0.740266254872668
Group 24,10.041666666666666,0.739733880723173
Group 24,10.078472222222222,0.7392011231569338
Group 24,10.080555555555556,0.7381321410554776
Group 24,10.089583333333334,0.737596097380056
Group 24,10.095833333333331,0.7370584908950851
Group 24,10.099305555555556,0.7365199023010808
Group 24,10.102777777777778,0.73598032728108
Group 24,10.134722222222225,0.7354389662459339
Group 24,10.147222222222222,0.7348974058878736
Group 24,10.161111111111111,0.7343544451151451
Group 24,10.168055555555556,0.7338112835433144
Group 24,10.2,0.7332671149978615
Group 24,10.240277777777775,0.7327221375805459
Group 24,10.245833333333334,0.7321765514766141
Group 24,10.30625,0.7316299471082105
Group 24,10.311111111111112,0.7310814988719975
Group 24,10.32013888888889,0.7305322265212296
Group 24,10.352083333333333,0.7299819197592551
Group 24,10.373611111111112,0.7294311978280901
Group 24,10.379861111111111,0.7288798514956425
Group 24,10.383333333333333,0.7283280877927693
Group 24,10.42361111111111,0.7277754868156882
Group 24,10.42986111111111,0.7266681829179086
Group 24,10.443055555555556,0.7261136860213668
Group 24,10.454166666666667,0.7255570638013428
Group 24,10.592361111111112,0.7249995862263898
Group 24,10.595138888888888,0.7244403887051971
Group 24,10.70138888888889,0.7238785892568022
Group 24,10.76736111111111,0.7233156976632898
Group 24,10.802083333333334,0.7204946536006406
Group 24,10.804166666666667,0.7199259916798824
Group 24,10.822916666666666,0.7193566551898232
Group 24,10.838888888888889,0.7187859636744007
Group 24,10.872916666666669,0.7182143644985165
Group 24,10.940277777777778,0.7176418540445519
Group 24,10.95486111111111,0.7170679701148882
Group 24,10.96111111111111,0.7164917805045106
Group 24,11.010416666666666,0.7159144301576094
Group 24,11.022916666666667,0.7153354455800456
Group 24,11.08611111111111,0.7147562265957702
Group 24,11.113888888888887,0.7141763026796681
Group 24,11.120138888888889,0.7135954354143735
Group 24,11.129166666666666,0.7121408992639161
Group 24,11.149305555555555,0.7115578940250591
Group 24,11.167361111111113,0.710972971794048
Group 24,11.259027777777778,0.7103873268419936
Group 24,11.484722222222222,0.7097999871753197
Group 24,11.521527777777775,0.7092099622483244
Group 24,11.643055555555556,0.7089142116385462
Group 24,11.801388888888887,0.7083209779886395
Group 24,11.865972222222222,0.7077264996185273
Group 24,11.886805555555556,0.7071305194083223
Group 24,11.933333333333334,0.7065337847927878
Group 24,11.967361111111112,0.7059337561008194
Group 24,11.995833333333334,0.7053321934624719
Group 24,12.01388888888889,0.7047298602485842
Group 24,12.033333333333331,0.704126495642207
Group 24,12.05,0.7035210558351199
Group 24,12.073611111111113,0.7029119466958688
Group 24,12.09722222222222,0.7023025735301159
Group 24,12.294444444444444,0.7016878666823873
Group 24,12.325,0.7010718106097951
Group 24,12.689583333333331,0.7004524892223306
Group 24,12.727083333333333,0.6998326197628418
Group 24,12.772916666666667,0.6992113746498699
Group 24,12.790277777777778,0.6985879137718941
Group 24,12.796527777777778,0.6979633380778647
Group 24,12.809722222222222,0.6973356732054925
Group 24,12.817361111111111,0.6967074428692713
Group 24,12.834722222222222,0.6960777931242471
Group 24,12.875,0.6954475733024958
Group 24,12.886111111111113,0.6948170677963286
Group 24,12.897916666666667,0.6941862760870264
Group 24,12.911111111111111,0.6935537601179266
Group 24,12.91388888888889,0.6929192187088525
Group 24,12.972916666666666,0.6922843866257478
Group 24,13.040277777777778,0.6916486801182861
Group 24,13.063888888888888,0.691011802880608
Group 24,13.07986111111111,0.690374043948554
Group 24,13.127777777777778,0.6897348087226757
Group 24,13.133333333333333,0.6890946836101721
Group 24,13.14236111111111,0.6884542610417611
Group 24,13.144444444444444,0.6878129436118201
Group 24,13.147222222222222,0.6871692253679158
Group 24,13.152083333333334,0.6865252054753498
Group 24,13.166666666666666,0.6858796716667223
Group 24,13.176388888888887,0.6852329204440285
Group 24,13.177083333333334,0.6845852522772572
Group 24,13.182638888888889,0.6839366636914901
Group 24,13.22222222222222,0.6832852954403553
Group 24,13.30625,0.6826336165701213
Group 24,13.3125,0.6819813149776034
Group 24,13.37152777777778,0.6813252482965282
Group 24,13.391666666666667,0.6806672808911235
Group 24,13.395138888888887,0.6800080389725849
Group 24,13.407638888888888,0.6793468741315809
Group 24,13.421527777777778,0.6786847426753123
Group 24,13.427083333333334,0.678020667584632
Group 24,13.75,0.6773552891081014
Group 24,13.858333333333333,0.6766836428125059
Group 24,13.897222222222222,0.6756741694517713
Group 24,13.946527777777778,0.6749991702814898
Group 24,13.973611111111111,0.6743218003163302
Group 24,14.091666666666669,0.6736410110176767
Group 24,14.10138888888889,0.6729598775383868
Group 24,14.102777777777778,0.6722780539542548
Group 24,14.105555555555556,0.6715941495250032
Group 24,14.111805555555556,0.6709084995510113
Group 24,14.114583333333334,0.6702224990402229
Group 24,14.164583333333333,0.6695350913488995
Group 24,14.172916666666667,0.6688469771748514
Group 24,14.17361111111111,0.6681581543353304
Group 24,14.177083333333334,0.6674679083081245
Group 24,14.177777777777775,0.6667776622809186
Group 24,14.30625,0.6660838249632486
Group 24,14.329166666666667,0.6653874487740554
Group 24,14.350694444444445,0.6646903430131607
Group 24,14.440277777777778,0.6639880816893221
Group 24,14.441666666666666,0.6632832111142803
Group 24,14.44513888888889,0.6625775906769248
Group 24,14.720138888888888,0.6618689515425109
Group 24,14.8375,0.6611580289307575
Group 24,15.056944444444444,0.6604463410632324
Group 24,15.061805555555557,0.6597300218212984
Group 24,15.075694444444444,0.6590117528808288
Group 24,15.138194444444444,0.6582911276726485
Group 24,15.177083333333334,0.6575677308290522
Group 24,15.178472222222222,0.6568431382881937
Group 24,15.185416666666669,0.6561149308178077
Group 24,15.230555555555556,0.6553859142280102
Group 24,15.24236111111111,0.6546556792260848
Group 24,15.289583333333333,0.6539229923998665
Group 24,15.318055555555556,0.6531886600108717
Group 24,15.323611111111113,0.6524535011363519
Group 24,15.33125,0.6517162655418476
Group 24,15.331944444444444,0.6509790299473432
Group 24,15.334722222222222,0.649501211491163
Group 24,15.359027777777778,0.6487572238491343
Group 24,15.38263888888889,0.6480119542065734
Group 24,15.390972222222222,0.6472636725042563
Group 24,15.424305555555556,0.6465127865732769
Group 24,15.446527777777778,0.645761027519122
Group 24,15.758333333333333,0.6450079534345516
Group 24,15.760416666666666,0.6442535581673767
Group 24,15.89861111111111,0.6434987209580417
Group 24,15.919444444444444,0.6427421087052987
Group 24,16.002083333333335,0.6419837109369149
Group 24,16.00486111111111,0.6412208069429316
Group 24,16.074305555555554,0.6404574488394281
Group 24,16.147222222222222,0.639691809330953
Group 24,16.155555555555555,0.6389247927730022
Group 24,16.185416666666665,0.6381550038660467
Group 24,16.215972222222224,0.6366117027684263
Group 24,16.219444444444445,0.6358367646031574
Group 24,16.24375,0.635060880814746
Group 24,16.247222222222224,0.6342811866700993
Group 24,16.250694444444445,0.6334995709132661
Group 24,16.270833333333332,0.6327155367908488
Group 24,16.291666666666668,0.6319290662665593
Group 24,16.308333333333334,0.631138166308779
Group 24,16.31875,0.6295543817007268
Group 24,16.32847222222222,0.6287534219275707
Group 24,16.33125,0.6279509287279184
Group 24,16.331944444444446,0.6271437938580882
Group 24,16.356944444444444,0.6263340536465218
Group 24,16.35902777777778,0.6255206327976303
Group 24,16.364583333333332,0.6247061528070084
Group 24,16.372222222222224,0.6238900768399188
Group 24,16.37638888888889,0.6230723965295126
Group 24,16.39097222222222,0.6222536417377524
Group 24,16.413888888888888,0.6214338082176765
Group 24,16.417361111111113,0.6206128916942713
Group 24,16.427777777777777,0.618968884034154
Group 24,16.44236111111111,0.6177325946519286
Group 24,16.760416666666668,0.6169034233839396
Group 24,16.880555555555556,0.6160720171529639
Group 24,16.955555555555556,0.6152372312218624
Group 24,16.975694444444443,0.6144013110707456
Group 24,17.006944444444443,0.6135631101006628
Group 24,17.040972222222223,0.612719144337113
Group 24,17.10763888888889,0.6118710901580997
Group 24,17.124305555555555,0.6110206786359899
Group 24,17.160416666666666,0.6101690818713403
Group 24,17.18125,0.6093168904162127
Group 24,17.194444444444443,0.6084623085222208
Group 24,17.197916666666668,0.6076065246846368
Group 24,17.20138888888889,0.6067477168758953
Group 24,17.20625,0.6058864710038216
Group 24,17.23125,0.6050209189023876
Group 24,17.269444444444446,0.6037179305630429
Group 24,17.281944444444445,0.6028448749873914
Group 24,17.29722222222222,0.6019680097146825
Group 24,17.30625,0.6010885823812789
Group 24,17.313194444444445,0.6002059266068571
Group 24,17.323611111111113,0.599320667128086
Group 24,17.334722222222222,0.5984340980938728
Group 24,17.336805555555557,0.5975462136753359
Group 24,17.343055555555555,0.5966570080002238
Group 24,17.352777777777778,0.5957644769486155
Group 24,17.360416666666666,0.5948692636098497
Group 24,17.38125,0.5939727010422388
Group 24,17.40625,0.5930706923846195
Group 24,17.43402777777778,0.592166621207204
Group 24,17.645833333333332,0.5912611676579576
Group 24,17.855555555555554,0.5903451937343975
Group 24,17.86875,0.5894242183931583
Group 24,17.8875,0.588498905648428
Group 24,17.935416666666665,0.587565521182689
Group 24,17.938194444444445,0.5866276671983591
Group 24,17.976388888888888,0.5856845359006125
Group 24,18.000694444444445,0.584738357328883
Group 24,18.035416666666663,0.5837797698578521
Group 24,18.06388888888889,0.5828196057626911
Group 24,18.08888888888889,0.5818562675713479
Group 24,18.125,0.5808873145862166
Group 24,18.1625,0.5784486608725884
Group 24,18.19236111111111,0.5774590138907706
Group 24,18.78472222222222,0.5764564808805435
Group 24,18.78611111111111,0.5754522012971279
Group 24,18.97222222222222,0.5744470446136395
Group 24,18.98611111111111,0.5734401260428882
Group 24,19.04375,0.572430548356193
Group 24,19.05208333333333,0.5714173969431732
Group 24,19.084027777777777,0.5704024459716934
Group 24,19.09930555555556,0.5693829599199121
Group 24,19.263194444444444,0.5683505338819792
Group 24,19.271527777777777,0.5673152870078773
Group 24,19.325,0.5662781475435119
Group 24,19.88055555555556,0.565232389191631
Group 24,19.966666666666665,0.5641837205660435
Group 24,19.997916666666665,0.5631330991124754
Group 24,20.06111111111111,0.5620785427470962
Group 24,20.075694444444444,0.5610210102113538
Group 24,20.08333333333333,0.559959475660339
Group 24,20.101388888888888,0.5588969339607938
Group 24,20.160416666666663,0.5578282973757827
Group 24,20.16875,0.55675555065006
Group 24,20.210416666666667,0.5556755204839106
Group 24,20.227777777777774,0.5545891558299831
Group 24,20.27777777777778,0.5534942117908321
Group 24,20.279166666666665,0.5523960089896598
Group 24,20.291666666666668,0.5512890029596204
Group 24,20.29513888888889,0.5501752878021262
Group 24,20.335416666666667,0.5490593135875174
Group 24,20.41111111111111,0.5479307230148812
Group 24,20.660416666666663,0.5467903885236952
Group 24,20.86458333333333,0.5456428745918511
Group 24,20.918055555555554,0.5444941527506051
Group 24,20.95,0.5433417841733552
Group 24,20.971527777777776,0.5421857378240502
Group 24,21.084722222222226,0.54101974699002
Group 24,21.106944444444444,0.5398448941192491
Group 24,21.129166666666663,0.5386674788648995
Group 24,21.135416666666668,0.5374835942959657
Group 24,21.136805555555554,0.536290511955686
Group 24,21.22430555555556,0.5350907568953824
Group 24,21.36458333333333,0.5338773991699961
Group 24,21.403472222222224,0.5326598908480576
Group 24,21.404166666666665,0.5314367912135042
Group 24,21.74652777777778,0.530209454513242
Group 24,21.82986111111111,0.5289806956383561
Group 24,21.979861111111116,0.5277505079740809
Group 24,22.02083333333333,0.5265160038618607
Group 24,22.044444444444444,0.525265372023709
Group 24,22.04513888888889,0.5239996723320857
Group 24,22.200694444444444,0.5227216243507878
Group 24,22.261805555555554,0.5214293582831716
Group 24,22.292361111111116,0.5201338816166295
Group 24,22.369444444444444,0.5188270125673415
Group 24,22.377777777777776,0.5175085195239684
Group 24,22.445138888888888,0.5161798712068337
Group 24,22.47013888888889,0.5148391442686341
Group 24,22.804166666666667,0.5134949167379066
Group 24,22.99861111111111,0.5121471610509305
Group 24,23.01875,0.5107904798296036
Group 24,23.10902777777778,0.5094118280621822
Group 24,23.289583333333333,0.5073183547961733
Group 24,24.03611111111111,0.5044642430954915
Group 24,25.322916666666668,0.5029673165581161
Group 24,25.7375,0.5014659215833158
Group 24,25.927777777777777,0.49994862681301827
Group 24,26.00208333333333,0.49841739059000745
Group 24,26.788194444444443,0.49686951049500744
Group 24,26.813194444444445,0.4953167932747105
Group 24,26.81388888888889,0.4937567403825067
Group 24,26.85,0.49218925866700675
Group 24,26.927777777777777,0.4906066565491064
Group 24,27.179861111111112,0.48901118774732066
Group 24,29.056944444444444,0.4873073160130095
Group 24,30.94097222222222,0.4855762065422705
Group 24,31.99375,0.4838357900313663
Group 24,32.06388888888889,0.48208276180661497
Group 24,32.975,0.48029395749564424
Group 24,33.142361111111114,0.47847466220210016
Group 24,33.40902777777778,0.4766308292071017
Group 24,33.950694444444444,0.47477261934664516
Group 24,34.64930555555556,0.4728960477286743
Group 24,35.765277777777776,0.4700811903017179
Group 24,36.31041666666667,0.4661962217868277
Group 24,36.98680555555556,0.46414700762512734
Group 24,39.170138888888886,0.46199319320459303
Group 24,39.827777777777776,0.4598139800290997
Group 24,40.00555555555555,0.4576086371992239
Group 24,40.01319444444445,0.45533197731266056
Group 24,40.88194444444444,0.4530029134900895
Group 24,40.96805555555556,0.4506557481352185
Group 24,41.28402777777778,0.4482713261874131
Group 24,43.013888888888886,0.44584167130292846
Group 24,43.10416666666666,0.44337845764932116
Group 24,43.10625,0.4408945447213138
Group 24,44.07986111111112,0.4383533657892025
Group 24,46.09444444444444,0.43575186213466716
Group 24,46.19375,0.4331425695470344
Group 24,46.92916666666667,0.43050145631808906
Group 24,47.11527777777778,0.42782753422915687
Group 24,47.85486111111111,0.4250762317582298
Group 24,47.857638888888886,0.42225180496913856
Group 24,48.93472222222222,0.41939875223286055
Group 24,52.74236111111111,0.41649633872259856
Group 24,53.0625,0.41355290169982395
Group 24,53.92847222222223,0.4106094646770494
Group 24,54.19027777777778,0.40760133673069743
Group 24,58.70555555555556,0.40455953571031905
Group 24,58.88472222222222,0.4014594626397419
Group 24,58.982638888888886,0.39831076097197926
Group 24,59.31527777777778,0.39504591866893024
Group 24,61.90833333333333,0.3916403504045429
Group 24,65.10416666666667,0.38811205895945694
Group 24,66.7701388888889,0.384583767514371
Group 24,67.03263888888888,0.3810062440956327
Group 24,73.92569444444445,0.3773776131994838
Group 24,76.76875,0.37367783267792026
Group 24,81.9486111111111,0.36990330911551705
Group 24,82.3013888888889,0.3660898729390684
Group 24,102.20277777777778,0.36197650358020245
Group 24,105.86736111111112,0.35769275797570305
Group 24,106.05763888888887,0.3533306511711213
Group 24,106.125,0.3488296237676675
Group 24,108.04375,0.3442397602970403
Group 24,109.94305555555556,0.33942521819498384
Group 24,114.82083333333334,0.33450601213418696
Group 24,147.94930555555555,0.32897698714023343
Group 24,186.29791666666668,0.3197100297560015
Group 24,195.19930555555555,0.30987279807120144
Group 24,203.03541666666663,0.2991875291721945
Group 39,1.0659722222222223,0.9995769881556683
Group 39,4.955555555555556,0.9991537076186555
Group 39,4.979166666666667,0.9987303374035629
Group 39,5.004166666666666,0.9983068774343437
Group 39,5.006944444444445,0.9978833276348382
Group 39,5.010416666666667,0.9970360482227093
Group 39,5.0125,0.9966121383382609
Group 39,5.013888888888889,0.9961880480666275
Group 39,5.0152777777777775,0.9957638675053899
Group 39,5.016666666666667,0.9953395965776075
Group 39,5.017361111111111,0.9944908738348426
Group 39,5.019444444444445,0.9936417887771394
Group 39,5.020138888888889,0.9919428927929084
Group 39,5.020833333333333,0.9915178047737128
Group 39,5.021527777777778,0.991092534430683
Group 39,5.022222222222222,0.9893910880196432
Group 39,5.022916666666666,0.9889653603569841
Group 39,5.024305555555555,0.9881133548774605
Group 39,5.025,0.9876869844977938
Group 39,5.0256944444444445,0.9868340596407146
Group 39,5.026388888888889,0.9864074128358548
Group 39,5.027777777777778,0.9859806737431289
Group 39,5.029166666666667,0.985553842282634
Group 39,5.029861111111111,0.9846999944660582
Group 39,5.030555555555556,0.9829915581277956
Group 39,5.031944444444444,0.9821367828598584
Group 39,5.033333333333333,0.9817091160700218
Group 39,5.034027777777778,0.9812812628923926
Group 39,5.034722222222222,0.980425369946128
Group 39,5.035416666666666,0.979141250273638
Group 39,5.036111111111111,0.978284421351937
Group 39,5.0375,0.9778558191958135
Group 39,5.038194444444445,0.9774271230891955
Group 39,5.039583333333334,0.9761404704480074
Group 39,5.040277777777778,0.9757113033913145
Group 39,5.040972222222222,0.9739938797549821
Group 39,5.041666666666667,0.9731342205495497
Group 39,5.04375,0.9722738012564024
Group 39,5.044444444444444,0.9718433058828109
Group 39,5.045138888888889,0.9714127151402842
Group 39,5.045833333333333,0.970551342748229
Group 39,5.0465277777777775,0.9688274504875749
Group 39,5.047222222222223,0.9666701860687649
Group 39,5.047916666666667,0.9658063163761208
Group 39,5.048611111111111,0.9653741882703596
Group 39,5.049305555555556,0.9645095450206773
Group 39,5.050694444444445,0.9636443200419639
Group 39,5.051388888888889,0.9610463124390649
Group 39,5.052777777777778,0.9606127251110977
Group 39,5.053472222222222,0.9601790399078873
Group 39,5.054861111111111,0.9593110814537333
Group 39,5.055555555555555,0.9584425336208191
Group 39,5.05625,0.9571391212904191
Group 39,5.0569444444444445,0.9558345245780742
Group 39,5.057638888888889,0.9540938744081163
Group 39,5.058333333333334,0.9536582151047336
Group 39,5.059027777777778,0.9510436620818282
Group 39,5.059722222222222,0.9506072033107948
Group 39,5.060416666666667,0.9488601650322545
Group 39,5.061111111111111,0.9471099041790707
Group 39,5.061805555555556,0.9466719342811845
Group 39,5.0625,0.945795791815399
Group 39,5.063194444444444,0.9449190402123255
Group 39,5.063888888888889,0.9440414743519008
Group 39,5.064583333333333,0.9436024873840553
Group 39,5.065277777777778,0.9431633982787113
Group 39,5.065972222222222,0.9418458242648179
Group 39,5.066666666666666,0.9414063255134111
Group 39,5.067361111111111,0.9405271227812014
Group 39,5.068055555555556,0.9396473032089084
Group 39,5.06875,0.938767071543139
Group 39,5.069444444444445,0.9378864270107345
Group 39,5.070138888888889,0.937445794439905
Group 39,5.070833333333334,0.9365643221367174
Group 39,5.071527777777778,0.9361233784822275
Group 39,5.072222222222222,0.935682330954085
Group 39,5.073611111111111,0.9343585643929616
Group 39,5.074305555555555,0.932592291114336
Group 39,5.075,0.9321501994854597
Group 39,5.075694444444444,0.9317078980859412
Group 39,5.076388888888889,0.9308230852672461
Group 39,5.077083333333333,0.9286100013745517
Group 39,5.078472222222223,0.9281664331866489
Group 39,5.079166666666667,0.9272790847801607
Group 39,5.079861111111111,0.9268350919217551
Group 39,5.080555555555556,0.9263909926922765
Group 39,5.08125,0.9255025812871533
Group 39,5.082638888888889,0.9250581622805328
Group 39,5.083333333333333,0.924613636493757
Group 39,5.084027777777778,0.9237243711544988
Group 39,5.084722222222222,0.9232793100265033
Group 39,5.085416666666666,0.9223889731798046
Group 39,5.086111111111111,0.9210528230496553
Group 39,5.086805555555555,0.9197144077097913
Group 39,5.0875,0.9188214811003643
Group 39,5.0881944444444445,0.9170343252898118
Group 39,5.090972222222222,0.9165869914725973
Group 39,5.091666666666667,0.915692105466766
Group 39,5.095138888888889,0.9147967819708317
Group 39,5.095833333333333,0.9143489010494262
Group 39,5.096527777777778,0.9132289244435352
Group 39,5.097916666666666,0.9127803837144371
Group 39,5.098611111111111,0.9114344308261877
Group 39,5.099305555555556,0.9105364658697087
Group 39,5.1,0.9096380579112778
Group 39,5.100694444444445,0.9087389839721514
Group 39,5.101388888888889,0.9078394650570589
Group 39,5.102083333333334,0.9073894826704135
Group 39,5.102777777777778,0.9069393886809937
Group 39,5.103472222222222,0.9060389772750062
Group 39,5.104166666666667,0.9046876887182947
Group 39,5.106944444444444,0.9037861563927159
Group 39,5.107638888888889,0.9028837238850846
Group 39,5.1090277777777775,0.9024321691344545
Group 39,5.109722222222223,0.9015288336298154
Group 39,5.110416666666667,0.901076712850663
Group 39,5.111111111111111,0.9006244786158573
Group 39,5.111805555555556,0.9001721308114293
Group 39,5.1125,0.8992669803530972
Group 39,5.113888888888889,0.8979085710172162
Group 39,5.114583333333333,0.8970018216397689
Group 39,5.116666666666666,0.8965482176844517
Group 39,5.117361111111111,0.8956407802171598
Group 39,5.11875,0.8947324224278929
Group 39,5.1194444444444445,0.8942780128685084
Group 39,5.122916666666667,0.8938234878302017
Group 39,5.123611111111111,0.893368962791895
Group 39,5.127083333333333,0.8924596814048295
Group 39,5.128472222222222,0.8920046930380668
Group 39,5.129861111111111,0.8910942519122307
Group 39,5.130555555555556,0.8906387986784395
Group 39,5.131944444444445,0.8901832289604455
Group 39,5.132638888888889,0.889271622991208
Group 39,5.134027777777778,0.8888154692989837
Group 39,5.134722222222222,0.8883591985241895
Group 39,5.135416666666667,0.8879028105465249
Group 39,5.136111111111111,0.8874463052454726
Group 39,5.136805555555555,0.8869896825002987
Group 39,5.1375,0.8865329421900514
Group 39,5.138888888888889,0.8856192261970702
Group 39,5.139583333333333,0.8847050386087378
Group 39,5.141666666666667,0.8837901419814278
Group 39,5.142361111111111,0.8833323382300776
Group 39,5.143055555555556,0.8824164934003937
Group 39,5.144444444444445,0.8819583332272887
Group 39,5.145833333333333,0.8815000540206234
Group 39,5.147916666666666,0.8810415364372577
Group 39,5.148611111111111,0.8796656256567726
Group 39,5.149305555555555,0.8792063901435089
Group 39,5.1506944444444445,0.8782876791820213
Group 39,5.151388888888889,0.8778278427007742
Group 39,5.152777777777778,0.8769079287969745
Group 39,5.154166666666667,0.8764477304612113
Group 39,5.154861111111111,0.8759874112750446
Group 39,5.15625,0.875526971111431
Group 39,5.156944444444444,0.8750661674424249
Group 39,5.157638888888889,0.874144317384545
Group 39,5.158333333333333,0.8729913968920833
Group 39,5.159027777777778,0.872529862978844
Group 39,5.160416666666666,0.8720680848031473
Group 39,5.1625,0.8716060619767616
Group 39,5.163888888888889,0.8711437941104254
Group 39,5.164583333333334,0.8706812808138443
Group 39,5.165972222222222,0.8697560084644141
Group 39,5.166666666666667,0.86882999727627
Group 39,5.167361111111111,0.8683667448117132
Group 39,5.168055555555555,0.8679032450813626
Group 39,5.16875,0.8674396215530072
Group 39,5.170138888888889,0.8665121266355488
Group 39,5.172222222222223,0.8655841350675322
Group 39,5.176388888888889,0.8651198904255007
Group 39,5.177777777777778,0.8646555211874838
Group 39,5.178472222222222,0.8637265332517465
Group 39,5.179166666666666,0.8627965450598201
Group 39,5.179861111111111,0.8623313002256007
Group 39,5.18125,0.8618658042470713
Group 39,5.183333333333334,0.8609343091870907
Group 39,5.184027777777778,0.8604683095610084
Group 39,5.184722222222222,0.8595360578713431
Group 39,5.185416666666667,0.8586033003478799
Group 39,5.1875,0.8576697822175751
Group 39,5.188194444444444,0.8572026418133171
Group 39,5.188888888888889,0.8562681063629892
Group 39,5.189583333333333,0.8553330606557951
Group 39,5.190277777777778,0.8548650261492803
Group 39,5.190972222222222,0.8543968634843573
Group 39,5.191666666666666,0.8539285725205402
Group 39,5.19375,0.8525229287797657
Group 39,5.199305555555555,0.8515848017604757
Group 39,5.2,0.8511154797424209
Group 39,5.204861111111111,0.8506460282919286
Group 39,5.205555555555556,0.8497068662402676
Group 39,5.20625,0.8492370255622249
Group 39,5.206944444444445,0.8478271135109319
Group 39,5.207638888888889,0.8468863899453164
Group 39,5.209722222222222,0.8464157667778003
Group 39,5.210416666666666,0.8454742586946213
Group 39,5.211805555555555,0.8450029798436209
Group 39,5.2125,0.8445315695340847
Group 39,5.2131944444444445,0.8431157580176822
Group 39,5.215972222222222,0.8426434242596892
Group 39,5.218055555555556,0.842170958084046
Group 39,5.21875,0.8416983593421357
Group 39,5.219444444444444,0.8412256278850494
Group 39,5.220138888888889,0.8402791011588777
Group 39,5.220833333333333,0.8398055710934177
Group 39,5.221527777777778,0.8393316401842228
Group 39,5.225,0.8388575754340482
Group 39,5.225694444444445,0.8379091779491029
Group 39,5.226388888888889,0.8374343073466948
Group 39,5.227777777777778,0.8364842967881619
Group 39,5.229861111111111,0.8355337464509027
Group 39,5.23125,0.8350580654110786
Group 39,5.233333333333333,0.8345822488495909
Group 39,5.234722222222223,0.8341062966118665
Group 39,5.235416666666667,0.8331538486568429
Group 39,5.236805555555556,0.8322005833837802
Group 39,5.238888888888889,0.8317236776053367
Group 39,5.242361111111111,0.8307693188243783
Group 39,5.24375,0.83029186519287
Group 39,5.2444444444444445,0.829814274243665
Group 39,5.245833333333334,0.8293364082636803
Group 39,5.247916666666667,0.8288584045701565
Group 39,5.248611111111111,0.8279018455342995
Group 39,5.251388888888889,0.8269447335741441
Group 39,5.252083333333333,0.8264657618199743
Group 39,5.253472222222222,0.8259866512334121
Group 39,5.254166666666666,0.8255074016533521
Group 39,5.25625,0.825027873682598
Group 39,5.256944444444445,0.8240682599882884
Group 39,5.259027777777778,0.8235880337295539
Group 39,5.259722222222222,0.822627301115113
Group 39,5.2625,0.8221466541381249
Group 39,5.263194444444444,0.8216655852942758
Group 39,5.265972222222223,0.8211842346291942
Group 39,5.266666666666667,0.820221251064692
Group 39,5.267361111111111,0.819257701871077
Group 39,5.269444444444445,0.8187755019288339
Group 39,5.270833333333333,0.8182930178381275
Group 39,5.271527777777778,0.8168451387148515
Group 39,5.274305555555555,0.8158790297394348
Group 39,5.280555555555556,0.8153954025730213
Group 39,5.28125,0.8144278613062483
Group 39,5.281944444444444,0.8139432270537602
Group 39,5.282638888888889,0.8134584484789813
Group 39,5.284027777777778,0.8129735254098434
Group 39,5.284722222222222,0.8124884576739186
Group 39,5.286111111111111,0.812002955159623
Group 39,5.2875,0.8110316597587143
Group 39,5.290972222222222,0.8105457210770134
Group 39,5.291666666666667,0.8100596366865624
Group 39,5.292361111111111,0.8095734064124408
Group 39,5.293055555555555,0.8090870300793603
Group 39,5.295138888888889,0.8081136922988138
Group 39,5.295833333333333,0.8076265833824191
Group 39,5.2965277777777775,0.8066520716679305
Group 39,5.297222222222223,0.8061640788841024
Group 39,5.299305555555556,0.8056759383579842
Group 39,5.301388888888889,0.8051875018994465
Group 39,5.304166666666666,0.8046984721381957
Group 39,5.305555555555555,0.8042088472692341
Group 39,5.30625,0.80371907330622
Group 39,5.308333333333334,0.8032291500673866
Group 39,5.309027777777778,0.8027390773705791
Group 39,5.309722222222222,0.8022488550332536
Group 39,5.311111111111111,0.8017583329574155
Group 39,5.3125,0.8012676607830229
Group 39,5.313888888888889,0.800776838326188
Group 39,5.314583333333333,0.8002858654026281
Group 39,5.315972222222222,0.7997947418276649
Group 39,5.318055555555556,0.7993034674162228
Group 39,5.322222222222222,0.7988117396601994
Group 39,5.325694444444444,0.7983194057682671
Group 39,5.328472222222223,0.7978269200151713
Group 39,5.329861111111111,0.7968416444115712
Group 39,5.33125,0.7963487018539396
Group 39,5.332638888888889,0.7953622060944426
Group 39,5.335416666666666,0.7948680388337439
Group 39,5.336111111111111,0.7943737179140712
Group 39,5.336805555555555,0.7933847683741844
Group 39,5.341666666666667,0.7928895219519783
Group 39,5.344444444444444,0.792394120813614
Group 39,5.347916666666666,0.7914030087175369
Group 39,5.350694444444445,0.7909071421707214
Group 39,5.351388888888889,0.7904109645407523
Group 39,5.352083333333334,0.789418297709304
Group 39,5.354166666666667,0.7889213393852819
Group 39,5.357638888888889,0.7884240678193283
Group 39,5.3625,0.7879263253522707
Group 39,5.363194444444445,0.7874284256206104
Group 39,5.370833333333334,0.7869302108622298
Group 39,5.396527777777778,0.7864316804784083
Group 39,5.409027777777778,0.7859326756050082
Group 39,5.417361111111111,0.7854331950358281
Group 39,5.418055555555555,0.7849332375596754
Group 39,5.427083333333333,0.7844329614363104
Group 39,5.441666666666666,0.7839323660556873
Group 39,5.480555555555555,0.7834312907178441
Group 39,5.513194444444444,0.7829300550871865
Group 39,5.581944444444445,0.7824286589584083
Group 39,5.604861111111111,0.7819271021257427
Group 39,5.627777777777778,0.7809236666401786
Group 39,5.65,0.7804216263530426
Group 39,5.654861111111111,0.7799194245342825
Group 39,5.6625,0.7794170609758063
Group 39,5.674305555555556,0.7789145354690521
Group 39,5.675,0.7774064724768565
Group 39,5.686805555555556,0.7766512200748388
Group 39,5.688888888888889,0.776147555210977
Group 39,5.689583333333333,0.7756437268726383
Group 39,5.698611111111111,0.7751395710540665
Group 39,5.701388888888889,0.7746352512290475
Group 39,5.704861111111111,0.773121306112639
Group 39,5.706944444444445,0.772616163148828
Group 39,5.707638888888889,0.7718582009220633
Group 39,5.709722222222222,0.771352727313077
Group 39,5.7125,0.7708470880293582
Group 39,5.713888888888889,0.7703412828534859
Group 39,5.716666666666667,0.7698353115675394
Group 39,5.720138888888889,0.769328840967824
Group 39,5.722916666666666,0.768822203601365
Group 39,5.724305555555556,0.7683152321515785
Group 39,5.728472222222222,0.7678080933844817
Group 39,5.729861111111111,0.7673007870789751
Group 39,5.746527777777778,0.7667926408623664
Group 39,5.748611111111111,0.7662843262181089
Group 39,5.749305555555556,0.7657758429226755
Group 39,5.75,0.7652671907520194
Group 39,5.751388888888889,0.7647576919565787
Group 39,5.752083333333333,0.7642480233847982
Group 39,5.753472222222222,0.7637381848101585
Group 39,5.758333333333334,0.7632281760056109
Group 39,5.760416666666667,0.762717996743575
Group 39,5.7652777777777775,0.762207646795938
Group 39,5.7756944444444445,0.7616969549052874
Group 39,5.778472222222222,0.7611859203833785
Group 39,5.779166666666667,0.7606745425396543
Group 39,5.781944444444444,0.7601624762033772
Group 39,5.7875,0.7591379984726448
Group 39,5.790972222222222,0.7586254137336356
Group 39,5.799305555555556,0.7581126557655831
Group 39,5.8069444444444445,0.7573429982470393
Group 39,5.807638888888889,0.7568293712560274
Group 39,5.809027777777778,0.7563155699177682
Group 39,5.814583333333333,0.755801593995296
Group 39,5.820138888888889,0.7547729426254487
Group 39,5.820833333333334,0.7537435898226863
Group 39,5.821527777777778,0.7532285617462786
Group 39,5.825,0.7527133575316779
Group 39,5.8277777777777775,0.7521979769376815
Group 39,5.828472222222223,0.7516822429802337
Group 39,5.829166666666667,0.7511661549315003
Group 39,5.830555555555556,0.7506498895329219
Group 39,5.8375,0.7501329130249792
Group 39,5.840972222222222,0.749356645781421
Group 39,5.845833333333333,0.7483198327121974
Group 39,5.85,0.7478010667969723
Group 39,5.854166666666667,0.7472821208796947
Group 39,5.856944444444444,0.7467628143328707
Group 39,5.858333333333333,0.7462431464036203
Group 39,5.863888888888889,0.7457232974684733
Group 39,5.870138888888889,0.7452032672749807
Group 39,5.873611111111111,0.7446830555700766
Group 39,5.875,0.7441622981885591
Group 39,5.884027777777778,0.7436411761310041
Group 39,5.89375,0.7428589448798144
Group 39,5.898611111111111,0.7418156036650955
Group 39,5.901388888888889,0.7412935659426007
Group 39,5.908333333333333,0.7405102335375892
Group 39,5.909027777777778,0.739987827729097
Group 39,5.910416666666666,0.7394648681335287
Group 39,5.911111111111111,0.737895434384395
Group 39,5.915972222222222,0.7373715469620419
Group 39,5.917361111111111,0.7368474733678968
Group 39,5.927083333333333,0.7363226532301704
Group 39,5.929861111111111,0.7357976459907906
Group 39,5.932638888888889,0.7352722638801225
Group 39,5.939583333333333,0.7342211241176062
Group 39,5.940972222222222,0.7331684773446777
Group 39,5.943055555555556,0.7326415865955977
Group 39,5.9527777777777775,0.7321141268500286
Group 39,5.954166666666667,0.7315862868162507
Group 39,5.95625,0.731058065670535
Group 39,5.957638888888889,0.730000859501814
Group 39,5.958333333333333,0.7294714897704857
Group 39,5.959027777777778,0.7289417356021701
Group 39,5.961805555555555,0.7284115961580958
Group 39,5.9625,0.727881263725509
Group 39,5.9631944444444445,0.7273507380230851
Group 39,5.965972222222222,0.7262881365066162
Group 39,5.970833333333333,0.7257560572857321
Group 39,5.976388888888889,0.7252230010556288
Group 39,5.977777777777778,0.7241561044008945
Group 39,5.978472222222222,0.7236222628200608
Group 39,5.9840277777777775,0.7230882242497139
Group 39,5.986111111111111,0.7225537909723675
Group 39,5.988888888888889,0.7220191599764575
Group 39,5.989583333333333,0.7214843309690675
Group 39,5.990972222222222,0.720949303656521
Group 39,5.992361111111111,0.7198788518322351
Group 39,5.995833333333334,0.71880720486263
Group 39,5.996527777777778,0.7177347584547783
Group 39,5.999305555555556,0.717197933654139
Group 39,6.0,0.716392394979125
Group 39,6.004166666666666,0.7158545628507623
Group 39,6.009722222222222,0.7153163263373407
Group 39,6.011805555555555,0.7145083636193391
Group 39,6.022222222222222,0.7139691120241548
Group 39,6.029166666666667,0.713428840278393
Group 39,6.030555555555556,0.7128883638842427
Group 39,6.033333333333333,0.7123476825312778
Group 39,6.035416666666666,0.7115360444577518
Group 39,6.040277777777778,0.7109935083964039
Group 39,6.040972222222222,0.7104505580272581
Group 39,6.050694444444445,0.7099067765056145
Group 39,6.054166666666666,0.7088175447810183
Group 39,6.061111111111111,0.7077266366705435
Group 39,6.064583333333333,0.7071809723400342
Group 39,6.072222222222222,0.7063618438006442
Group 39,6.0777777777777775,0.7058144886330342
Group 39,6.088888888888889,0.7052664960176359
Group 39,6.091666666666667,0.7047182904241516
Group 39,6.09375,0.704169658045464
Group 39,6.099305555555556,0.7036205978832454
Group 39,6.104166666666667,0.7025216199872933
Group 39,6.104861111111111,0.7019714855941944
Group 39,6.105555555555555,0.7014207037302523
Group 39,6.107638888888889,0.7008697055340778
Group 39,6.108333333333333,0.7003184906653919
Group 39,6.1125,0.6992151925312203
Group 39,6.116666666666666,0.6986628898514957
Group 39,6.1194444444444445,0.6981101502234487
Group 39,6.122916666666667,0.6975571916886183
Group 39,6.125694444444444,0.6970037944718879
Group 39,6.13125,0.6964497374015605
Group 39,6.134027777777778,0.6953411823082034
Group 39,6.136805555555555,0.6947862412209662
Group 39,6.14375,0.6942306344706896
Group 39,6.147222222222222,0.6936745827009894
Group 39,6.15,0.6931183079754873
Group 39,6.152777777777778,0.6925618099361655
Group 39,6.15625,0.6920048643712792
Group 39,6.159722222222222,0.6914476945932024
Group 39,6.160416666666666,0.690890300240447
Group 39,6.161805555555556,0.6903322305310443
Group 39,6.178472222222222,0.6897730306683217
Group 39,6.179861111111111,0.6892129226450425
Group 39,6.186111111111111,0.6886525869355751
Group 39,6.189583333333333,0.6880920231692457
Group 39,6.197916666666667,0.6875310023594868
Group 39,6.2,0.6869692940242258
Group 39,6.2027777777777775,0.6864068959120487
Group 39,6.209027777777778,0.6858440366288081
Group 39,6.211111111111111,0.6852809462867483
Group 39,6.238194444444445,0.6847176245059946
Group 39,6.240972222222222,0.6841538388950388
Group 39,6.24375,0.6835893555296138
Group 39,6.246527777777778,0.68302417210214
Group 39,6.255555555555556,0.6824587547411283
Group 39,6.258333333333334,0.6816095733789451
Group 39,6.263888888888889,0.6810427462908961
Group 39,6.268055555555556,0.6799086201521936
Group 39,6.288194444444445,0.679341083741382
Group 39,6.297222222222223,0.6787730728017989
Group 39,6.310416666666667,0.6782045861411609
Group 39,6.339583333333334,0.6776358611213359
Group 39,6.343055555555556,0.6770666583820488
Group 39,6.373611111111111,0.6764969767174447
Group 39,6.4006944444444445,0.6759270550858377
Group 39,6.405555555555556,0.6753566525077063
Group 39,6.479166666666667,0.6747860089483418
Group 39,6.483333333333333,0.6742151239999931
Group 39,6.53125,0.6733580708762643
Group 39,6.534027777777778,0.6727859739596319
Group 39,6.540277777777778,0.6722136337010529
Group 39,6.685416666666667,0.6716405615495602
Group 39,6.699305555555555,0.6710670000110891
Group 39,6.725,0.6702059217390475
Group 39,6.748611111111111,0.6696313774426574
Group 39,6.752777777777778,0.6690565865607324
Group 39,6.760416666666667,0.6684813014476105
Group 39,6.764583333333333,0.6676180023066967
Group 39,6.784027777777778,0.6670409772398802
Group 39,6.788888888888889,0.6664634525842612
Group 39,6.814583333333333,0.6658856775928574
Group 39,6.825,0.6653076518310581
Group 39,6.857638888888889,0.6647293748629303
Group 39,6.868055555555555,0.6641508462512132
Group 39,6.895138888888889,0.6635713079909591
Group 39,6.897916666666666,0.6629910095143601
Group 39,6.906944444444444,0.6624104569666242
Group 39,6.934027777777778,0.6618291401987728
Group 39,6.940277777777778,0.6612473123832134
Group 39,6.967361111111111,0.6606647156322151
Group 39,6.970138888888889,0.6600813472298909
Group 39,6.986805555555556,0.6594972044447317
Group 39,7.026388888888889,0.6589125438024934
Group 39,7.040277777777778,0.6583273639234504
Group 39,7.043055555555555,0.6577416634217391
Group 39,7.084027777777778,0.6571549179592754
Group 39,7.095138888888889,0.6565676481487667
Group 39,7.096527777777778,0.6559801155777163
Group 39,7.1194444444444445,0.6553907354199645
Group 39,7.1402777777777775,0.6548008247670213
Group 39,7.14375,0.6542101158587966
Group 39,7.147916666666666,0.6536188730970625
Group 39,7.166666666666667,0.653027362804667
Group 39,7.184722222222222,0.6524353162382076
Group 39,7.188194444444444,0.6518430009261439
Group 39,7.201388888888889,0.6512504163798474
Group 39,7.225,0.650657562109133
Group 39,7.230555555555555,0.650064167159649
Group 39,7.231944444444444,0.6494702300494071
Group 39,7.236111111111111,0.6488757492896364
Group 39,7.240972222222222,0.6482804504370772
Group 39,7.25,0.6476843304826523
Group 39,7.289583333333334,0.6470876613619866
Group 39,7.297916666666667,0.6464898898503358
Group 39,7.308333333333334,0.6458918418486241
Group 39,7.3381944444444445,0.6452926842958888
Group 39,7.341666666666667,0.6446929699052794
Group 39,7.34375,0.6440929764479454
Group 39,7.345833333333333,0.6434927034037256
Group 39,7.397916666666666,0.6428918698804728
Group 39,7.405555555555556,0.6419893543869578
Group 39,7.413888888888889,0.6413865474814301
Group 39,7.440277777777778,0.6407831734950883
Group 39,7.495138888888889,0.6401783757853241
Group 39,7.511111111111111,0.6395732922543361
Group 39,7.663888888888889,0.6383608310367923
Group 39,7.677083333333333,0.637753735619734
Group 39,7.690277777777778,0.63714635110962
Group 39,7.7,0.6365383870341337
Group 39,7.702083333333333,0.635930132483695
Group 39,7.727083333333334,0.635321586902371
Group 39,7.729861111111111,0.6347127497323638
Group 39,7.7347222222222225,0.6334944910956414
Group 39,7.74375,0.6328838939957901
Group 39,7.749305555555556,0.6322718205973417
Group 39,7.763194444444444,0.6316591541045148
Group 39,7.782638888888889,0.6310461903450733
Group 39,7.784027777777778,0.6304326306072561
Group 39,7.790277777777778,0.6298187721548634
Group 39,7.799305555555556,0.6292046144053218
Group 39,7.8284722222222225,0.6285901567740666
Group 39,7.845138888888889,0.627975398674532
Group 39,7.85625,0.6267452803617514
Group 39,7.871527777777778,0.6261293144842459
Group 39,7.897916666666666,0.6255130454739268
Group 39,7.899305555555555,0.6248964727331935
Group 39,7.909722222222222,0.6242792910317286
Group 39,7.9125,0.6236614985616329
Group 39,7.915277777777778,0.6230433999505708
Group 39,7.925694444444445,0.6224249945908183
Group 39,7.93125,0.6218056662379917
Group 39,7.942361111111111,0.6211860293010331
Group 39,7.945138888888889,0.6202551811052772
Group 39,7.95,0.6196336829278171
Group 39,7.950694444444444,0.6190112482890147
Group 39,7.9527777777777775,0.6180771266869689
Group 39,7.957638888888889,0.6174531215111113
Group 39,7.960416666666666,0.6168284850705336
Group 39,7.968055555555556,0.6162028983716791
Group 39,7.975694444444445,0.6155769939548464
Group 39,7.988194444444445,0.6149507711736106
Group 39,8.000694444444445,0.6140104794745684
Group 39,8.036111111111111,0.6133832981880775
Group 39,8.05,0.6127557960927444
Group 39,8.063888888888888,0.6121276507353967
Group 39,8.082638888888889,0.6114988601337167
Group 39,8.084722222222222,0.6105551890532634
Group 39,8.092361111111112,0.6099254260939512
Group 39,8.093055555555555,0.6092953378438541
Group 39,8.095833333333333,0.6086642706891738
Group 39,8.098611111111111,0.608032548560799
Group 39,8.116666666666667,0.6074004980945196
Group 39,8.124305555555555,0.6067674595347546
Group 39,8.150694444444444,0.6061337598381125
Group 39,8.151388888888889,0.6054987323264959
Group 39,8.154166666666667,0.6048633716419979
Group 39,8.159722222222221,0.6042276770843079
Group 39,8.1625,0.603591647950535
Group 39,8.177083333333334,0.6029546119104816
Group 39,8.182638888888889,0.6023172391706185
Group 39,8.190972222222221,0.6016785146327919
Group 39,8.2,0.6010394508891563
Group 39,8.209027777777777,0.6004000472179977
Group 39,8.213888888888889,0.5997599618798122
Group 39,8.215277777777779,0.5991195347982534
Group 39,8.224305555555556,0.5984773916741396
Group 39,8.248611111111112,0.5978349038677261
Group 39,8.277083333333334,0.5971913786751882
Group 39,8.299305555555556,0.5965475065688
Group 39,8.33611111111111,0.5959029387605138
Group 39,8.348611111111111,0.5952580221601236
Group 39,8.363194444444444,0.5946127560114405
Group 39,8.39375,0.593967139555402
Group 39,8.414583333333333,0.5933187038135294
Group 39,8.431944444444444,0.5926699135414533
Group 39,8.457638888888889,0.592020767962547
Group 39,8.646527777777777,0.5913712662972013
Group 39,8.670833333333333,0.5907210505013825
Group 39,8.69375,0.5900704766572179
Group 39,8.741666666666667,0.5894184650808011
Group 39,8.752083333333333,0.5887657314539121
Group 39,8.843055555555555,0.5881097250678909
Group 39,8.845833333333333,0.5874533526068778
Group 39,8.858333333333333,0.5867958782335069
Group 39,8.865972222222222,0.5861372970009217
Group 39,8.86875,0.5854783455709037
Group 39,8.871527777777779,0.5848186516604014
Group 39,8.893055555555556,0.5841585854621391
Group 39,8.938194444444445,0.583496649387961
Group 39,8.948611111111111,0.5828343376406421
Group 39,8.96111111111111,0.5821716493658943
Group 39,8.975,0.5815063103380476
Group 39,8.990972222222222,0.5808402091807302
Group 39,9.00763888888889,0.5801737258655487
Group 39,9.027083333333334,0.5795068595139791
Group 39,9.031944444444443,0.5788396092439573
Group 39,9.035416666666666,0.5781715889216906
Group 39,9.047222222222222,0.5771689792299189
Group 39,9.049305555555556,0.5764994096484457
Group 39,9.055555555555555,0.5758290614976918
Group 39,9.065277777777778,0.5751579320553867
Group 39,9.086805555555555,0.5744864108270675
Group 39,9.09027777777778,0.5728066260000878
Group 39,9.090972222222222,0.5721331320247791
Group 39,9.129861111111111,0.5714584467275801
Group 39,9.131944444444445,0.5707829639300298
Group 39,9.14861111111111,0.5697691398377918
Group 39,9.159027777777778,0.5690924543985545
Group 39,9.160416666666666,0.5684153664099779
Group 39,9.16388888888889,0.5677374709223095
Group 39,9.169444444444444,0.5670583591149861
Group 39,9.193055555555556,0.5663788404102348
Group 39,9.19513888888889,0.5656980966116647
Group 39,9.200694444444444,0.5650165326398434
Group 39,9.20138888888889,0.5643345573439595
Group 39,9.20486111111111,0.5636521697292752
Group 39,9.2125,0.5629693687968351
Group 39,9.21527777777778,0.5622849075581763
Group 39,9.229861111111113,0.5615996121193485
Group 39,9.236805555555556,0.560913898307237
Group 39,9.28125,0.5598840686285823
Group 39,9.29375,0.5591958276099854
Group 39,9.295833333333333,0.5585071627976579
Group 39,9.309722222222222,0.5578180731458409
Group 39,9.32638888888889,0.557128983494024
Group 39,9.327083333333333,0.5564390404804089
Group 39,9.334027777777775,0.5557486694624433
Group 39,9.352777777777778,0.5550578693761009
Group 39,9.353472222222225,0.5543666391527184
Group 39,9.370138888888889,0.5536745459702557
Group 39,9.397222222222222,0.5529820199590357
Group 39,9.42013888888889,0.5522890600342751
Group 39,9.420833333333333,0.5515956651064229
Group 39,9.436111111111112,0.5509018340811318
Group 39,9.44375,0.5502075658592274
Group 39,9.645138888888887,0.5495128593366778
Group 39,9.738888888888887,0.5488177134045631
Group 39,9.758333333333333,0.548122126949044
Group 39,9.793055555555556,0.5474252138823574
Group 39,9.801388888888887,0.5467274124624946
Group 39,9.81875,0.5460291654478554
Group 39,9.824305555555556,0.545330471698082
Group 39,9.829166666666667,0.5446313300676999
Group 39,9.877083333333331,0.5439317394060843
Group 39,9.888194444444444,0.5432312477906225
Group 39,9.894444444444444,0.5425298517314997
Group 39,9.895833333333334,0.5418280019879919
Group 39,9.920833333333333,0.5411256973839893
Group 39,9.933333333333334,0.5404229367380361
Group 39,9.936805555555557,0.5393681099259254
Group 39,9.97222222222222,0.5386635140932332
Group 39,10.025,0.537957070140324
Group 39,10.060416666666669,0.5365367214402835
Group 39,10.065277777777778,0.5358256058386396
Group 39,10.070833333333333,0.5351140180486812
Group 39,10.11875,0.5344019568137528
Group 39,10.1375,0.5336894208713345
Group 39,10.181944444444444,0.5329759323407579
Group 39,10.202083333333333,0.5322619659210114
Group 39,10.21111111111111,0.531547999501265
Group 39,10.227083333333333,0.5308321099396471
Group 39,10.248611111111112,0.5301157373216449
Group 39,10.274305555555555,0.5293983953225628
Group 39,10.28125,0.5286795923418126
Group 39,10.282638888888888,0.5279603003794429
Group 39,10.311111111111112,0.5272405181021702
Group 39,10.319444444444445,0.5265187651684232
Group 39,10.369444444444444,0.5257965172052294
Group 39,10.40625,0.525072778021189
Group 39,10.438888888888888,0.5243470381759627
Group 39,10.442361111111111,0.5236212983307366
Group 39,10.44513888888889,0.5228950551985164
Group 39,10.463888888888889,0.5221683073803114
Group 39,10.745833333333334,0.5214390220348082
Group 39,10.775,0.5207076910081113
Group 39,10.881944444444445,0.5199737830574304
Group 39,10.886111111111113,0.5192393568101742
Group 39,10.88888888888889,0.5185033690613292
Group 39,10.928472222222222,0.5177652859736974
Group 39,10.948611111111113,0.5170256212794493
Group 39,10.975,0.5162833016509073
Group 39,11.005555555555556,0.5155399131676087
Group 39,11.06875,0.5147927538731628
Group 39,11.078472222222222,0.5140439644129837
Group 39,11.088888888888889,0.5132935352678553
Group 39,11.095138888888888,0.5125386918336378
Group 39,11.098611111111111,0.5114047566747139
Group 39,11.120138888888889,0.5106443035049373
Group 39,11.18402777777778,0.5098821478280643
Group 39,11.190277777777778,0.509118279441805
Group 39,11.216666666666669,0.5083532632442966
Group 39,11.221527777777778,0.5075876709803745
Group 39,11.223611111111111,0.5068203426795728
Group 39,11.233333333333333,0.5060524330694522
Group 39,11.347916666666666,0.5052804232554637
Group 39,11.755555555555556,0.5045072320951647
Group 39,11.863194444444444,0.503730469613109
Group 39,11.886111111111113,0.5029525074978765
Group 39,11.888194444444444,0.5017837565122114
Group 39,11.946527777777778,0.500999106384749
Group 39,11.949305555555556,0.5002132254335572
Group 39,11.979166666666666,0.49942672665142895
Group 39,11.988194444444444,0.4974542672254755
Group 39,11.993055555555555,0.496661511421132
Group 39,12.009027777777778,0.49586812242525163
Group 39,12.031944444444443,0.4950709067943429
Group 39,12.047916666666667,0.4942730487656655
Group 39,12.136111111111113,0.49347130821616725
Group 39,12.14861111111111,0.4930691311108566
Group 39,12.172222222222222,0.4926656375502094
Group 39,12.315277777777778,0.4918526579502916
Group 39,12.360416666666667,0.4910383323576587
Group 39,12.483333333333333,0.49022197602788703
Group 39,12.65277777777778,0.48899437508624793
Group 39,12.774305555555555,0.4881732258417706
Group 39,12.814583333333331,0.48734791185049114
Group 39,12.819444444444445,0.48651908887115364
Group 39,12.849305555555556,0.48486002974456827
Group 39,12.917361111111113,0.4840276520111012
Group 39,12.938888888888888,0.4831945579456776
Group 39,12.95138888888889,0.48235858120182695
Group 39,12.96111111111111,0.48151969671278033
Group 39,12.970833333333331,0.4806786142731074
Group 39,13.089583333333334,0.47729057117690926
Group 39,13.130555555555556,0.4764428081730427
Group 39,13.131944444444445,0.47559125713073164
Group 39,13.133333333333333,0.4747351072529085
Group 39,13.15625,0.47302126210037093
Group 39,13.1625,0.4721627843107151
Group 39,13.168055555555556,0.47130352537657366
Group 39,13.183333333333334,0.47044269701972147
Group 39,13.188194444444443,0.4695810803585132
Group 39,13.221527777777778,0.4687186724974324
Group 39,13.235416666666667,0.467855470522299
Group 39,13.247222222222222,0.4669914715000972
Group 39,13.263194444444444,0.4652554437250039
Group 39,13.294444444444444,0.46438090341725013
Group 39,13.304166666666667,0.46350553884907436
Group 39,13.331944444444444,0.46262851796194276
Group 39,13.345833333333331,0.46174983131814035
Group 39,13.39375,0.4608703078299154
Group 39,13.397222222222222,0.45998994430015433
Group 39,13.4,0.45910873751030723
Group 39,13.416666666666666,0.457785657575119
Group 39,13.427083333333334,0.4569010476087903
Group 39,13.430555555555555,0.45601558046226165
Group 39,13.443055555555556,0.45512839061700433
Group 39,13.745138888888889,0.4542403352206784
Group 39,13.984027777777778,0.45334616133244876
Group 39,14.001388888888888,0.4524502203021475
Group 39,14.004861111111111,0.4515533913223612
Group 39,14.016666666666667,0.4506538825747071
Group 39,14.033333333333331,0.4497507685815714
Group 39,14.047222222222222,0.4488467469361813
Group 39,14.068055555555556,0.44794181397864863
Group 39,14.136111111111113,0.4470313631372286
Group 39,14.164583333333333,0.4461199842113627
Group 39,14.197222222222225,0.4456638288082836
Group 39,14.296527777777778,0.4447430357735557
Group 39,14.3125,0.44382128854915454
Group 39,14.314583333333331,0.4428985831675555
Group 39,14.355555555555556,0.44197491563227387
Group 39,14.359722222222222,0.44104931371471934
Group 39,14.376388888888888,0.44012273952624303
Group 39,14.439583333333331,0.43919518896875887
Group 39,14.442361111111111,0.4382656753413118
Group 39,14.454166666666667,0.43733418612698377
Group 39,14.98125,0.43639771035369257
Group 39,14.995833333333334,0.4354602286987974
Group 39,15.025694444444444,0.4345197098463162
Group 39,15.068055555555556,0.43357817201349647
Group 39,15.071527777777778,0.4326335572596544
Group 39,15.072222222222225,0.43168687551510376
Group 39,15.134722222222225,0.43073915460288614
Group 39,15.140972222222222,0.42979038994517055
Group 39,15.166666666666666,0.4288395262506016
Group 39,15.17013888888889,0.42788760721341934
Group 39,15.220833333333331,0.42693356572576396
Group 39,15.282638888888888,0.42597631557839677
Group 39,15.286805555555556,0.4250169094622292
Group 39,15.290277777777778,0.4240564192713541
Group 39,15.303472222222222,0.42309484008933285
Group 39,15.30902777777778,0.42213216696057443
Group 39,15.329166666666667,0.42116839488988816
Group 39,15.338194444444444,0.4202035188420305
Group 39,15.410416666666666,0.4192364221358348
Group 39,15.411111111111111,0.4182693254296391
Group 39,15.428472222222222,0.4172999874796283
Group 39,15.445833333333333,0.41632726023608607
Group 39,15.634722222222225,0.41535339529986126
Group 39,15.772222222222222,0.4143783873296738
Group 39,15.786111111111111,0.4134022309402046
Group 39,15.800694444444444,0.4124249207015753
Group 39,15.91875,0.41144412421952636
Group 39,16.039583333333333,0.410452692594901
Group 39,16.07986111111111,0.4094600621412253
Group 39,16.102777777777778,0.4084613790628321
Group 39,16.104166666666668,0.40746147360612994
Group 39,16.1125,0.4064603397643458
Group 39,16.120833333333334,0.40545673398714993
Group 39,16.131944444444443,0.40445188458445563
Group 39,16.143055555555556,0.4034457853690714
Group 39,16.258333333333333,0.40243717090564873
Group 39,16.28125,0.40142602223503154
Group 39,16.292361111111113,0.40041359847151325
Group 39,16.3125,0.39939602897095033
Group 39,16.325694444444444,0.3983771615501061
Group 39,16.345833333333335,0.3973556816486956
Group 39,16.361805555555556,0.3963328871013373
Group 39,16.372222222222224,0.3953061179637691
Group 39,16.393055555555556,0.3942766749482385
Group 39,16.398611111111112,0.39324453705570384
Group 39,16.400694444444444,0.392211042871589
Group 39,16.408333333333335,0.3911761852386824
Group 39,16.433333333333334,0.39013995693341436
Group 39,16.45,0.38910096903212704
Group 39,16.521527777777777,0.3880591993693904
Group 39,16.7625,0.38701321769993113
Group 39,16.84861111111111,0.3859658206290247
Group 39,16.863194444444446,0.3849170004642719
Group 39,16.991666666666667,0.38386531467065366
Group 39,17.054861111111112,0.3828049132489115
Group 39,17.068055555555556,0.3817430410901073
Group 39,17.07777777777778,0.3806767197462802
Group 39,17.101388888888888,0.3790749944177545
Group 39,17.105555555555554,0.3774687444414081
Group 39,17.133333333333333,0.37639639005379044
Group 39,17.14027777777778,0.37532250591668975
Group 39,17.15,0.3742470832636334
Group 39,17.154166666666665,0.3731701132398531
Group 39,17.159027777777776,0.3720900260814165
Group 39,17.176388888888887,0.3710083690288542
Group 39,17.195833333333333,0.36992513291490137
Group 39,17.216666666666665,0.3688355154394524
Group 39,17.23611111111111,0.3677442861038328
Group 39,17.26388888888889,0.36665143532789274
Group 39,17.272222222222222,0.36555695343139155
Group 39,17.288194444444443,0.3644608306324968
Group 39,17.29652777777778,0.3633630570462543
Group 39,17.301388888888887,0.3611641883198019
Group 39,17.32777777777778,0.360061396905085
Group 39,17.335416666666667,0.35895691409249264
Group 39,17.34375,0.35785072945738483
Group 39,17.344444444444445,0.35674111479240067
Group 39,17.35972222222222,0.35562977175566424
Group 39,17.37361111111111,0.35451668952794696
Group 39,17.394444444444446,0.35340185717094086
Group 39,17.400694444444444,0.35228526362537704
Group 39,17.403472222222224,0.35060771475097047
Group 39,17.408333333333335,0.3489274860860297
Group 39,17.490277777777777,0.34723639972373876
Group 39,17.893055555555556,0.3460997830306986
Group 39,18.0125,0.3449556515165475
Group 39,18.040972222222223,0.34380579934482575
Group 39,18.08680555555556,0.3426442932659581
Group 39,18.238888888888887,0.34147485881795137
Group 39,18.28333333333333,0.34030341847895323
Group 39,18.8375,0.33910516700543586
Group 39,18.90138888888889,0.33790479473285023
Group 39,19.040277777777774,0.33547818938467894
Group 39,19.04583333333333,0.33425604661825026
Group 39,19.09861111111111,0.3330226294720575
Group 39,19.09930555555556,0.3317846271320126
Group 39,19.100694444444443,0.33054198807908375
Group 39,19.101388888888888,0.32929465982218153
Group 39,19.13125,0.32804258887228727
Group 39,19.132638888888888,0.3267857207156885
Group 39,19.133333333333333,0.3255239997862843
Group 39,19.177777777777777,0.3229907390875584
Group 39,19.46388888888889,0.3217090298054649
Group 39,19.575,0.32042219368624303
Group 39,19.62638888888889,0.3191327683595378
Group 39,19.63958333333333,0.3178328385495194
Group 39,19.790277777777774,0.3165275702187205
Group 39,19.80555555555556,0.3152196050525275
Group 39,19.872916666666665,0.3138979295596448
Group 39,19.915277777777774,0.3125706655868767
Group 39,19.915972222222223,0.31123774163981105
Group 39,19.916666666666668,0.30989908468652155
Group 39,19.917361111111116,0.3085546201108751
Group 39,19.91875,0.30720427166400033
Group 39,19.92083333333333,0.30584796141382814
Group 39,19.92152777777778,0.30448560969260835
Group 39,19.922916666666666,0.30311713504230453
Group 39,19.92361111111111,0.30174245415775897
Group 39,19.925,0.30036148182751754
Group 39,19.92569444444445,0.29897413087219415
Group 39,19.92708333333333,0.2975803120802492
Group 39,19.928472222222226,0.296179934141048
Group 39,19.929166666666667,0.29477290357505725
Group 39,19.929861111111112,0.2933591246610282
Group 39,19.93125,0.2919384993600062
Group 39,19.940277777777776,0.2905109272359964
Group 39,19.941666666666663,0.28907275432888757
Group 39,19.944444444444443,0.2876237680916501
Group 39,20.013194444444444,0.28616374896428126
Group 39,20.065277777777776,0.28469999577264815
Group 39,20.097916666666663,0.28322486626087273
Group 39,20.15486111111111,0.28173812155609124
Group 39,20.172916666666666,0.2802474436642601
Group 39,20.181944444444444,0.27875279063138403
Group 39,20.1875,0.2772500801697593
Group 39,20.23819444444445,0.2757350524092689
Group 39,20.2875,0.27421585101858414
Group 39,20.323611111111116,0.27268818611040263
Group 39,20.398611111111112,0.2711562300086588
Group 39,20.419444444444444,0.2696155696108823
Group 39,20.80208333333333,0.26806605484300366
Group 39,20.8125,0.2665075312683351
Group 39,20.84722222222222,0.2649352154496428
Group 39,20.872222222222224,0.263353512670839
Group 39,20.89930555555556,0.26176225277554693
Group 39,20.903472222222224,0.26016126040383103
Group 39,20.904166666666665,0.2585503547666556
Group 39,20.90486111111111,0.256929349407617
Group 39,20.90625,0.2552980519510607
Group 39,20.906944444444445,0.2520144757201789
Group 39,20.90763888888889,0.25035101383423713
Group 39,20.90833333333333,0.2486764251129379
Group 39,20.90972222222222,0.2469904832477654
Group 39,20.910416666666663,0.24529295415327906
Group 39,20.9125,0.24358359558775097
Group 39,20.93958333333333,0.241862156749675
Group 39,20.94097222222222,0.24012837784824365
Group 39,20.941666666666663,0.23838198964571095
Group 39,20.94236111111111,0.23662271296935883
Group 39,21.14097222222222,0.23485025819056213
Group 39,21.152083333333334,0.23306432466820046
Group 39,21.17708333333333,0.23123636918060675
Group 39,21.31805555555556,0.22937904894622438
Group 39,21.381944444444443,0.2275065669140103
Group 39,21.415277777777774,0.22563408488179623
Group 39,22.011805555555554,0.22374593354387323
Group 39,22.094444444444445,0.22184171283286155
Group 39,22.104166666666668,0.2161044271561496
Group 39,22.92013888888889,0.21408475961263418
Group 39,22.941666666666663,0.2120361016259104
Group 39,23.03680555555556,0.2099774986975035
Group 39,23.154166666666665,0.2089380061296941
Group 39,23.38958333333333,0.20681680809792055
Group 39,23.815277777777776,0.20466246634690058
Group 39,24.211111111111112,0.20247356296351127
Group 39,24.384722222222223,0.2002727633660818
Group 39,26.066666666666663,0.19798393178475512
Group 39,26.33333333333333,0.1956409266748764
Group 39,26.83888888888889,0.1932838070763839
Group 39,26.863888888888887,0.1908975872359347
Group 39,26.88125,0.18848116208104942
Group 39,26.884722222222223,0.18603335478129554
Group 39,26.8875,0.18355291005087826
Group 39,26.9,0.18103848662552377
Group 39,27.106944444444444,0.17850647981957238
Group 39,30.06597222222222,0.1757389374967883
Group 39,30.98263888888889,0.1729044385049046
Group 39,31.131944444444443,0.17004651390151776
Group 39,34.1875,0.16677638863418087
Group 39,34.678472222222226,0.1634738858889496
Group 39,35.00625,0.15995831845047756
Group 39,35.08958333333333,0.15632290212205763
Group 39,36.171527777777776,0.15260092826200863
Group 39,43.043055555555554,0.14847657884952192
Group 39,43.07083333333333,0.14429414000869034
Group 39,44.270833333333336,0.139484335341734
Group 39,46.11597222222223,0.13441217769294364
Group 39,51.05138888888889,0.12830253325235533
Group 39,55.92083333333333,0.12136726118466044
Group 39,58.93541666666667,0.11378180736061917
Group 39,60.977777777777774,0.10565453540628925
Group 39,69.30902777777777,0.09604957764208115
Group 39,142.88611111111112,0.07203718323156087
Group 39,244.02569444444444,0.01800929580789022
Group 23,4.027083333333334,0.9995269631031221
Group 23,5.002083333333333,0.9985804413577593
Group 23,5.002777777777778,0.9981068438043527
Group 23,5.003472222222222,0.9962115542837178
Group 23,5.004166666666666,0.9957372807515665
Group 23,5.004861111111111,0.9952627812134432
Group 23,5.005555555555556,0.9947881685376142
Group 23,5.00625,0.9943134426160978
Group 23,5.006944444444445,0.9938384899327369
Group 23,5.007638888888889,0.9933634237329603
Group 23,5.008333333333334,0.9928881302287819
Group 23,5.009027777777778,0.9914615668232808
Group 23,5.009722222222222,0.9909859316269155
Group 23,5.010416666666667,0.9890833908414547
Group 23,5.011805555555555,0.9881309754434369
Group 23,5.0125,0.9871771810655956
Group 23,5.013194444444444,0.9857451058512839
Group 23,5.0152777777777775,0.984789926485149
Group 23,5.015972222222223,0.9843118731227775
Group 23,5.016666666666667,0.9838337036434854
Group 23,5.017361111111111,0.9826382799452552
Group 23,5.018055555555556,0.9821598776668008
Group 23,5.01875,0.9812028400271742
Group 23,5.019444444444445,0.9807240877265999
Group 23,5.020138888888889,0.9802452185431396
Group 23,5.020833333333333,0.9783292738208467
Group 23,5.021527777777778,0.977849465447222
Group 23,5.022222222222222,0.9764093336866222
Group 23,5.022916666666666,0.9759288172822489
Group 23,5.023611111111111,0.974967074175787
Group 23,5.024305555555555,0.9744859653308939
Group 23,5.025,0.9730422824192925
Group 23,5.0256944444444445,0.9715971701186698
Group 23,5.026388888888889,0.9711151075187597
Group 23,5.027083333333334,0.9701507429631303
Group 23,5.027777777777778,0.9691858988627194
Group 23,5.028472222222222,0.9682200932833843
Group 23,5.029166666666667,0.9653219538173329
Group 23,5.029861111111111,0.9643534843377067
Group 23,5.030555555555556,0.9628996851150871
Group 23,5.03125,0.9614447875802872
Group 23,5.031944444444444,0.9604743663967593
Group 23,5.032638888888889,0.959989033215154
Group 23,5.033333333333333,0.9595035773197228
Group 23,5.034027777777778,0.9585324198528
Group 23,5.034722222222222,0.9565896128199086
Group 23,5.035416666666666,0.9541561617570241
Group 23,5.036111111111111,0.9522059192189413
Group 23,5.036805555555556,0.9507413625628752
Group 23,5.0375,0.9487871151578128
Group 23,5.038194444444445,0.9482980496345356
Group 23,5.038888888888889,0.9473196662972804
Group 23,5.039583333333334,0.9458505740259484
Group 23,5.040277777777778,0.9438897539709581
Group 23,5.040972222222222,0.9409469955797782
Group 23,5.041666666666667,0.9404553827294231
Group 23,5.043055555555555,0.9399633840986465
Group 23,5.04375,0.9394712566724168
Group 23,5.044444444444444,0.9384867439591106
Group 23,5.045138888888889,0.9365161681187765
Group 23,5.045833333333333,0.9350355101454662
Group 23,5.0465277777777775,0.9340471005152913
Group 23,5.047222222222223,0.9335523721781539
Group 23,5.047916666666667,0.933057381524825
Group 23,5.049305555555556,0.9320671375539842
Group 23,5.050694444444445,0.9315717524157678
Group 23,5.051388888888889,0.9305804549936707
Group 23,5.052083333333333,0.9300846742504667
Group 23,5.052777777777778,0.9290925839312663
Group 23,5.053472222222222,0.9280996984555181
Group 23,5.054166666666666,0.9276027240520613
Group 23,5.054861111111111,0.9271054832458152
Group 23,5.05625,0.9256129603320844
Group 23,5.0569444444444445,0.9246160696909083
Group 23,5.057638888888889,0.9236178337182325
Group 23,5.058333333333334,0.9226185176958162
Group 23,5.059027777777778,0.9221185889406301
Group 23,5.059722222222222,0.9216185246299248
Group 23,5.060416666666667,0.9206181246031895
Group 23,5.061111111111111,0.9191171167913365
Group 23,5.061805555555556,0.918616508339925
Group 23,5.0625,0.9176150185516013
Group 23,5.063194444444444,0.9171130409703369
Group 23,5.063888888888889,0.915606283509816
Group 23,5.064583333333333,0.9146006752906948
Group 23,5.065277777777778,0.9120838875215954
Group 23,5.065972222222222,0.9115798345304258
Group 23,5.066666666666666,0.9110757815392561
Group 23,5.068055555555556,0.909563622565747
Group 23,5.070138888888889,0.9085543980192108
Group 23,5.072222222222222,0.9075446126365831
Group 23,5.072916666666667,0.9070392982642911
Group 23,5.074305555555555,0.9060283879290844
Group 23,5.075,0.9055226506207232
Group 23,5.076388888888889,0.9050167720449575
Group 23,5.077083333333333,0.9045104689557015
Group 23,5.0777777777777775,0.9034975792928172
Group 23,5.078472222222223,0.9029908504205273
Group 23,5.079166666666667,0.9014702371444893
Group 23,5.08125,0.9009626525515024
Group 23,5.081944444444445,0.8999471973218023
Group 23,5.082638888888889,0.8989308820227375
Group 23,5.086111111111111,0.898421716980527
Group 23,5.0881944444444445,0.897657536330983
Group 23,5.088888888888889,0.8971476484943849
Group 23,5.090972222222222,0.896637470701667
Group 23,5.094444444444444,0.8961270024576011
Group 23,5.095833333333333,0.8951049015138229
Group 23,5.097222222222222,0.8945931205524085
Group 23,5.100694444444445,0.8940811931586732
Group 23,5.102777777777778,0.8935689724808394
Group 23,5.103472222222222,0.8930566049507472
Group 23,5.105555555555555,0.892544090399843
Group 23,5.106944444444444,0.8920311340260499
Group 23,5.108333333333333,0.8915174391605009
Group 23,5.109722222222223,0.8910035962560856
Group 23,5.110416666666667,0.8904890114473901
Group 23,5.1125,0.8899739802088433
Group 23,5.113194444444445,0.8894586507472285
Group 23,5.116666666666666,0.8889427234556118
Group 23,5.120138888888889,0.8879102696536889
Group 23,5.121527777777778,0.8873934417900954
Group 23,5.122222222222222,0.8868758603134024
Group 23,5.126388888888889,0.8858391848483954
Group 23,5.129861111111111,0.8853202398074766
Group 23,5.13125,0.8848012947665579
Group 23,5.132638888888889,0.8842820451804273
Group 23,5.133333333333334,0.8837623378368008
Group 23,5.135416666666667,0.883242324693031
Group 23,5.136805555555555,0.882721698506946
Group 23,5.139583333333333,0.8822007650761364
Group 23,5.140972222222223,0.8816790614894563
Group 23,5.142361111111111,0.880634108527691
Group 23,5.145138888888889,0.8801108559379538
Group 23,5.149305555555555,0.8795872920736243
Group 23,5.151388888888889,0.8785398526070287
Group 23,5.156944444444444,0.8780150378802623
Group 23,5.170138888888889,0.8774894377378616
Group 23,5.172916666666667,0.8769632071904926
Group 23,5.174305555555556,0.8764366606836235
Group 23,5.175694444444445,0.8759101141767544
Group 23,5.182638888888889,0.8753830924474061
Group 23,5.183333333333334,0.8748555943501194
Group 23,5.188888888888889,0.8737983670457687
Group 23,5.197916666666667,0.873269113037867
Group 23,5.202083333333333,0.8727392167314121
Group 23,5.209722222222222,0.8722089984952447
Group 23,5.210416666666666,0.8716787802590773
Group 23,5.2131944444444445,0.8706167287449025
Group 23,5.222916666666666,0.8700845669302663
Group 23,5.227083333333334,0.8695520794352048
Group 23,5.238888888888889,0.8690189389818418
Group 23,5.240972222222222,0.868218982916501
Group 23,5.246527777777778,0.8676853510892629
Group 23,5.25,0.867151390873208
Group 23,5.254166666666666,0.8666167722598459
Group 23,5.254861111111111,0.866081658476419
Group 23,5.257638888888889,0.8655462138653054
Group 23,5.258333333333334,0.8650102719372154
Group 23,5.264583333333333,0.8644731652796946
Group 23,5.2652777777777775,0.8639353903712781
Group 23,5.266666666666667,0.8633972805049615
Group 23,5.268055555555556,0.8628588350540697
Group 23,5.269444444444445,0.8623192110171377
Group 23,5.273611111111111,0.8617789107596082
Group 23,5.281944444444444,0.8612382715433223
Group 23,5.309027777777778,0.8606969527051431
Group 23,5.315972222222222,0.8601552932006087
Group 23,5.325694444444444,0.8596134630946556
Group 23,5.326388888888889,0.8590716329887025
Group 23,5.3381944444444445,0.8585294609262293
Group 23,5.347222222222222,0.8579862597488005
Group 23,5.347916666666666,0.8574430585713717
Group 23,5.357638888888889,0.8568995130508826
Group 23,5.370833333333334,0.8563557950857488
Group 23,5.376388888888889,0.8558110394909105
Group 23,5.379861111111111,0.8552655894976086
Group 23,5.411111111111111,0.8547196172093878
Group 23,5.627777777777778,0.8541732959455915
Group 23,5.6625,0.8536260997278172
Group 23,5.674305555555556,0.853078376853433
Group 23,5.675694444444445,0.8525301259685658
Group 23,5.679861111111111,0.8514325654587896
Group 23,5.697916666666667,0.8508830768718528
Group 23,5.746527777777778,0.850333233203438
Group 23,5.747222222222222,0.8497828557062189
Group 23,5.748611111111111,0.8492321215158715
Group 23,5.751388888888889,0.8486812086897177
Group 23,5.759722222222222,0.8481301169957634
Group 23,5.782638888888889,0.8470275754072085
Group 23,5.7875,0.8464752261568614
Group 23,5.79375,0.8459221551172293
Group 23,5.802083333333333,0.8453683599256633
Group 23,5.809722222222222,0.8448138382071158
Group 23,5.815972222222222,0.8442589522706906
Group 23,5.816666666666666,0.8437035187494599
Group 23,5.829166666666667,0.8431473529493614
Group 23,5.834027777777778,0.842590268474337
Group 23,5.8375,0.8420331839993127
Group 23,5.844444444444444,0.8414753614196511
Group 23,5.870138888888889,0.8403589761972037
Group 23,5.89375,0.8397996690583037
Group 23,5.898611111111111,0.8392399891722269
Group 23,5.901388888888889,0.8386799357927326
Group 23,5.911111111111111,0.8381195081710869
Group 23,5.913888888888889,0.8375577658733852
Group 23,5.919444444444444,0.8369956465674299
Group 23,5.947222222222222,0.8364327712166784
Group 23,5.973611111111111,0.8358685669865153
Group 23,5.9840277777777775,0.8353034090642797
Group 23,5.988194444444445,0.834737101668304
Group 23,5.989583333333333,0.8336017910914004
Group 23,5.990972222222222,0.8330325853617375
Group 23,5.996527777777778,0.8324626006984726
Group 23,6.0,0.8318916386952501
Group 23,6.00625,0.8313202845477945
Group 23,6.006944444444445,0.8307481439527857
Group 23,6.007638888888889,0.8301756090499927
Group 23,6.009027777777778,0.829602679023043
Group 23,6.011111111111111,0.8290281619323068
Group 23,6.023611111111111,0.8284522479608359
Group 23,6.025,0.8278759333535588
Group 23,6.0465277777777775,0.8272986140137027
Group 23,6.050694444444445,0.8267208915178831
Group 23,6.052083333333333,0.8261425628074823
Group 23,6.053472222222222,0.8255632201968178
Group 23,6.065277777777778,0.8249824511358282
Group 23,6.071527777777778,0.82440127293848
Group 23,6.072916666666667,0.8238192741577256
Group 23,6.073611111111111,0.8232372753769713
Group 23,6.078472222222223,0.8226552765962171
Group 23,6.079861111111111,0.8220724531625675
Group 23,6.084027777777778,0.8214892162323351
Group 23,6.0881944444444445,0.8209055649241771
Group 23,6.088888888888889,0.8203214983536157
Group 23,6.10625,0.8197359726588593
Group 23,6.122222222222222,0.8191489794811587
Group 23,6.132638888888889,0.8185596636685823
Group 23,6.134722222222222,0.8179697107578302
Group 23,6.163888888888889,0.8173789056218549
Group 23,6.177083333333333,0.8167876731403925
Group 23,6.177777777777778,0.8161957980149285
Group 23,6.199305555555555,0.8156030632306038
Group 23,6.205555555555556,0.8150086003565291
Group 23,6.220833333333333,0.8144141374824543
Group 23,6.222222222222222,0.8138188055106104
Group 23,6.232638888888889,0.8132228195673584
Group 23,6.261111111111111,0.8126255203976431
Group 23,6.275,0.8120277818758354
Group 23,6.295138888888889,0.811428499379986
Group 23,6.297916666666667,0.8108287739554627
Group 23,6.299305555555556,0.8102286046187082
Group 23,6.303472222222222,0.8096279903825194
Group 23,6.304861111111111,0.8090267070625174
Group 23,6.347222222222222,0.8084240800926386
Group 23,6.357638888888889,0.8078207785403305
Group 23,6.365972222222222,0.8072170260900015
Group 23,6.379861111111111,0.8066123691416194
Group 23,6.44375,0.8060072585871246
Group 23,6.790972222222222,0.8054016934041139
Group 23,6.855555555555555,0.8047956725663381
Group 23,6.864583333333333,0.8041889664430314
Group 23,6.875,0.8035813434989868
Group 23,6.877777777777778,0.8029730305970193
Group 23,6.88125,0.8023633320164597
Group 23,6.886111111111111,0.8017520075730186
Group 23,6.892361111111111,0.8005270236042287
Group 23,6.9006944444444445,0.7999128870306926
Group 23,6.923611111111111,0.799297095739676
Group 23,6.936111111111111,0.7986813044486593
Group 23,6.943055555555556,0.798064085511682
Group 23,6.9625,0.7974444705384586
Group 23,6.991666666666666,0.7968234078666997
Group 23,7.003472222222222,0.7962018607466789
Group 23,7.011111111111111,0.7955783667288663
Group 23,7.0256944444444445,0.7949526660865314
Group 23,7.028472222222222,0.7943267191053608
Group 23,7.0375,0.7936992888375051
Group 23,7.038888888888889,0.7930696186361266
Group 23,7.042361111111111,0.7924399484347482
Group 23,7.053472222222222,0.791808773645075
Group 23,7.065277777777778,0.7905449128730956
Group 23,7.083333333333333,0.7899117171078789
Group 23,7.088888888888889,0.7892777590684664
Group 23,7.091666666666667,0.7886420137933408
Group 23,7.09375,0.7880052418807099
Group 23,7.095833333333333,0.7873669225272221
Group 23,7.105555555555555,0.7867254830791347
Group 23,7.11875,0.7860822079498795
Group 23,7.124305555555556,0.7854365552123437
Group 23,7.138194444444444,0.7847898392344003
Group 23,7.165277777777778,0.7841425898824544
Group 23,7.170138888888889,0.7834953405305085
Group 23,7.1819444444444445,0.7828478237201527
Group 23,7.28125,0.7821989651841228
Group 23,7.304861111111111,0.7815495679527535
Group 23,7.422916666666667,0.7808988189369728
Group 23,7.4319444444444445,0.7802477986627444
Group 23,7.629861111111111,0.7795962347390176
Group 23,7.738888888888889,0.7789438529526251
Group 23,7.74375,0.77829119786008
Group 23,7.757638888888889,0.7776366215792894
Group 23,7.7659722222222225,0.7769817696874332
Group 23,7.802083333333333,0.7763269177955769
Group 23,7.832638888888889,0.7756720659037206
Group 23,7.848611111111111,0.7750155512478564
Group 23,7.856944444444444,0.7743579224389909
Group 23,7.885416666666667,0.7733689595750841
Group 23,7.915972222222222,0.772708242821923
Group 23,7.934027777777778,0.7720475260687619
Group 23,7.9375,0.7713862433911869
Group 23,7.9430555555555555,0.7707241092766881
Group 23,7.977083333333334,0.7700614058293306
Group 23,8.013194444444444,0.7693972735258987
Group 23,8.014583333333333,0.7687331412224667
Group 23,8.015277777777778,0.7680681471556653
Group 23,8.016666666666667,0.7674008420755996
Group 23,8.01736111111111,0.7667314998670731
Group 23,8.020138888888889,0.7660601062594837
Group 23,8.04513888888889,0.765385460635301
Group 23,8.047916666666667,0.7647087272483555
Group 23,8.065972222222221,0.7640316942893043
Group 23,8.097222222222221,0.7633534593187855
Group 23,8.1125,0.7626746212046737
Group 23,8.129166666666666,0.7619954808474122
Group 23,8.198611111111111,0.7613163404901507
Group 23,8.2625,0.7606359862984705
Group 23,8.275,0.759955023016198
Group 23,8.2875,0.7592740597339254
Group 23,8.29513888888889,0.7585915661970859
Group 23,8.325,0.7579078423879853
Group 23,8.39375,0.7572228827473273
Group 23,8.401388888888889,0.7565366816755127
Group 23,8.629166666666666,0.7558495457248537
Group 23,8.663194444444445,0.7551611581604414
Group 23,8.754861111111111,0.7544705672522013
Group 23,8.772916666666667,0.7537790268605861
Group 23,8.777777777777779,0.7530862152550156
Group 23,8.779861111111112,0.7523921265773612
Group 23,8.808333333333334,0.7516951445240242
Group 23,8.809027777777779,0.7509981624706872
Group 23,8.822916666666666,0.7502989090605655
Group 23,8.827083333333333,0.7495983498550934
Group 23,8.827777777777778,0.7488968071785795
Group 23,8.839583333333334,0.748194277340701
Group 23,8.879166666666666,0.74749075662858
Group 23,8.916666666666666,0.7467865731555431
Group 23,8.934722222222222,0.7460810591516173
Group 23,8.970833333333333,0.7453745429971176
Group 23,8.977777777777778,0.7446656751483329
Group 23,9.004861111111111,0.7439561318656761
Group 23,9.04513888888889,0.7432465885830193
Group 23,9.058333333333334,0.7425363672848033
Group 23,9.081944444444444,0.7418237604064111
Group 23,9.120833333333334,0.7411080597210213
Group 23,9.133333333333333,0.7403899317561754
Group 23,9.140277777777778,0.7396714553546653
Group 23,9.141666666666667,0.7389519305926472
Group 23,9.149305555555555,0.7382306500356998
Group 23,9.172916666666667,0.7375076033657333
Group 23,9.191666666666666,0.7367820671105777
Group 23,9.225,0.7360558156890789
Group 23,9.23125,0.7353288469822253
Group 23,9.243055555555555,0.734598629656523
Group 23,9.245138888888889,0.7338651312744396
Group 23,9.260416666666666,0.7331308990270415
Group 23,9.324305555555556,0.7323966667796434
Group 23,9.332638888888887,0.7316616977211591
Group 23,9.338888888888889,0.7309259896289306
Group 23,9.339583333333334,0.7301880532436414
Group 23,9.34722222222222,0.7294486223036478
Group 23,9.365972222222222,0.728708441053213
Group 23,9.422222222222222,0.727968259802778
Group 23,9.450694444444444,0.7272277020613712
Group 23,9.645138888888887,0.7264871443199646
Group 23,9.665277777777778,0.7257431738700723
Group 23,9.77361111111111,0.7246237756584474
Group 23,9.78125,0.7235009082374891
Group 23,9.782638888888888,0.7227484371940804
Group 23,9.788194444444445,0.7219959661506716
Group 23,9.895138888888887,0.7212419233661801
Group 23,9.9375,0.7204863006072841
Group 23,9.955555555555556,0.7197298845436545
Group 23,9.96111111111111,0.7189718751865786
Group 23,9.98125,0.7182114607231342
Group 23,9.994444444444444,0.71744862327149
Group 23,10.039583333333333,0.7166833447400003
Group 23,10.069444444444445,0.7159168384889415
Group 23,10.077777777777778,0.7151503322378826
Group 23,10.136805555555556,0.7143809397341303
Group 23,10.1375,0.7136094700367932
Group 23,10.14861111111111,0.7128367472755189
Group 23,10.150694444444444,0.7120640245142447
Group 23,10.15625,0.7112896210074319
Group 23,10.1625,0.7105126798594172
Group 23,10.165277777777778,0.7097348882011146
Group 23,10.17013888888889,0.7089562432332582
Group 23,10.177083333333334,0.7077824746186336
Group 23,10.186805555555557,0.7069960496468352
Group 23,10.19513888888889,0.7066021799812938
Group 23,10.295833333333333,0.7058126803388566
Group 23,10.313194444444443,0.705021410517849
Group 23,10.327083333333333,0.7034344180349725
Group 23,10.334027777777775,0.7026368733433229
Group 23,10.34027777777778,0.7018393286516733
Group 23,10.536111111111111,0.7010417839600236
Group 23,10.828472222222222,0.7002419644689113
Group 23,10.911805555555556,0.699438012730141
Group 23,10.980555555555556,0.6986326724736871
Group 23,10.98125,0.6978240698435092
Group 23,11.032638888888888,0.6970135889261533
Group 23,11.066666666666666,0.6961988448128555
Group 23,11.06875,0.695378822616374
Group 23,11.071527777777778,0.6945578322709002
Group 23,11.098611111111111,0.6937304852402022
Group 23,11.140277777777778,0.6928971753480219
Group 23,11.152083333333334,0.6920638654558414
Group 23,11.165972222222225,0.6912260157397931
Group 23,11.177083333333334,0.6903856193680731
Group 23,11.185416666666669,0.6895436856859168
Group 23,11.23263888888889,0.6887002071713163
Group 23,11.294444444444444,0.687853618102882
Group 23,11.79513888888889,0.6869980787768835
Group 23,11.8,0.6861404032727925
Group 23,11.872222222222222,0.6852794993791
Group 23,12.028472222222222,0.6844158831227937
Group 23,12.059722222222222,0.6835489852341011
Group 23,12.10763888888889,0.6826793300366023
Group 23,12.16388888888889,0.6818057800301575
Group 23,12.188194444444443,0.6809282951137737
Group 23,12.263194444444444,0.6800433980441002
Group 23,12.297222222222222,0.6791585009744266
Group 23,12.305555555555555,0.6782724494402135
Group 23,12.37847222222222,0.6773852389111877
Group 23,12.705555555555556,0.6764980283821619
Group 23,12.73263888888889,0.6756078993974486
Group 23,12.852083333333333,0.6747154186849024
Group 23,12.961805555555555,0.6738205706495113
Group 23,12.963888888888889,0.6729221432219786
Group 23,12.989583333333334,0.672023715794446
Group 23,13.019444444444444,0.671121064732264
Group 23,13.05902777777778,0.6702159790077431
Group 23,13.093055555555557,0.6693090561674079
Group 23,13.098611111111111,0.6683971909682698
Group 23,13.146527777777775,0.6674834559156816
Group 23,13.186805555555557,0.6665684683133297
Group 23,13.211805555555555,0.6656522229960605
Group 23,13.264583333333333,0.6647359776787913
Group 23,13.288194444444445,0.6638184677026991
Group 23,13.309722222222222,0.6628996878166055
Group 23,13.311111111111112,0.6619757858126799
Group 23,13.313194444444443,0.6610518838087542
Group 23,13.372222222222222,0.6601247423167363
Group 23,13.418055555555556,0.6591956434535179
Group 23,13.661111111111111,0.6582625993721966
Group 23,13.75625,0.6573295552908752
Group 23,13.891666666666667,0.6563951849208811
Group 23,13.928472222222222,0.655459482590274
Group 23,13.960416666666667,0.6545237802596668
Group 23,14.064583333333331,0.6535880779290598
Group 23,14.071527777777778,0.6517112995286892
Group 23,14.120833333333334,0.6507661054757107
Group 23,14.150694444444444,0.6498195365950187
Group 23,14.15972222222222,0.6488688130594006
Group 23,14.247222222222222,0.6479152953326417
Group 23,14.304166666666667,0.64695966805339
Group 23,14.339583333333334,0.646002627124317
Group 23,14.345833333333331,0.6440842822776227
Group 23,14.35625,0.6431215255029178
Group 23,14.39236111111111,0.6421551520611403
Group 23,14.407638888888888,0.6402194922207148
Group 23,14.425,0.6392494626870472
Group 23,14.435416666666669,0.6382779589443617
Group 23,15.006944444444445,0.6373042320809835
Group 23,15.031944444444443,0.6363290151994518
Group 23,15.077777777777778,0.6353523014385931
Group 23,15.120833333333334,0.6343740838844151
Group 23,15.129861111111111,0.6333958663302371
Group 23,15.169444444444444,0.6324176487760592
Group 23,15.18125,0.6314394312218812
Group 23,15.188888888888888,0.6304604553595217
Group 23,15.261111111111113,0.6294761299022859
Group 23,15.277083333333334,0.6284910342373371
Group 23,15.295833333333333,0.6275020632943987
Group 23,15.327777777777778,0.6265115312292142
Group 23,15.340972222222222,0.6245273300218374
Group 23,15.3625,0.6235296825297898
Group 23,15.415277777777778,0.622529634923487
Group 23,15.427083333333334,0.621527171743256
Group 23,15.858333333333333,0.6205214643456132
Group 23,16.14375,0.6195108430681773
Group 23,16.15486111111111,0.6184985704487849
Group 23,16.221527777777776,0.617479627169627
Group 23,16.225,0.6164573099061013
Group 23,16.384722222222223,0.6144007383968232
Group 23,16.39375,0.6133655223253879
Group 23,16.398611111111112,0.6123250379787799
Group 23,16.42013888888889,0.6112818948135691
Group 23,16.426388888888887,0.6102351792402582
Group 23,16.447222222222223,0.6091848605152319
Group 23,16.4625,0.6076039309464208
Group 23,16.465972222222224,0.6065481465312228
Group 23,16.471527777777776,0.6049589374136738
Group 23,16.475694444444443,0.6038966741346331
Group 23,16.813194444444445,0.6022962412526509
Group 23,16.90277777777778,0.6012264433108168
Group 23,16.910416666666666,0.600155692743923
Group 23,16.945138888888888,0.5990820689644168
Group 23,17.02777777777778,0.5980084451849108
Group 23,17.03472222222222,0.5969290075582232
Group 23,17.04652777777778,0.5958446678533036
Group 23,17.08888888888889,0.5947523769864781
Group 23,17.134027777777778,0.5936560592408808
Group 23,17.14236111111111,0.5925587282626168
Group 23,17.147222222222222,0.5914573179870357
Group 23,17.15138888888889,0.590354881234031
Group 23,17.165277777777778,0.589250381923958
Group 23,17.16875,0.5881438084367768
Group 23,17.178472222222222,0.5870351490429281
Group 23,17.179166666666667,0.5859243919018818
Group 23,17.188194444444445,0.5848104672024487
Group 23,17.208333333333332,0.583693350741699
Group 23,17.214583333333334,0.5825762342809493
Group 23,17.256944444444443,0.5814580457314658
Group 23,17.26527777777778,0.5797791485830592
Group 23,17.271527777777777,0.5786598838174549
Group 23,17.293055555555554,0.5775406190518505
Group 23,17.306944444444444,0.576415905090698
Group 23,17.31388888888889,0.5752878896208532
Group 23,17.320833333333333,0.5741565466717463
Group 23,17.325694444444444,0.5730229700741712
Group 23,17.32777777777778,0.5718893934765963
Group 23,17.364583333333332,0.5707501715772405
Group 23,17.365972222222222,0.5696075285910999
Group 23,17.369444444444444,0.5684625888351378
Group 23,17.377083333333335,0.5673083500760817
Group 23,17.393055555555556,0.5661541113170256
Group 23,17.403472222222224,0.5649927695502215
Group 23,17.415277777777778,0.5638266338029557
Group 23,17.42013888888889,0.5626592908758274
Group 23,17.90625,0.5614772335420547
Group 23,17.99861111111111,0.5602889219366748
Group 23,18.089583333333334,0.5590980846955765
Group 23,18.238888888888887,0.5579008725227809
Group 23,18.773611111111112,0.5566946003659748
Group 23,18.915972222222223,0.5554843947130054
Group 23,19.02986111111111,0.5542648900045246
Group 23,19.106944444444444,0.5530413472009826
Group 23,19.147916666666667,0.5518109993762863
Group 23,19.15625,0.5505709746585868
Group 23,19.160416666666663,0.5493309499408873
Group 23,19.25,0.5480781997699845
Group 23,19.272916666666667,0.5468225796101449
Group 23,19.535416666666663,0.5455669594503053
Group 23,20.010416666666668,0.5443026096022165
Group 23,20.06736111111111,0.542392775884314
Group 23,20.085416666666667,0.5398403392919171
Group 23,20.088194444444444,0.5385395191972379
Group 23,20.096527777777776,0.5372339688476687
Group 23,20.103472222222223,0.5359204383614886
Group 23,20.135416666666668,0.5345955423457618
Group 23,20.146527777777777,0.5332623863798123
Group 23,20.196527777777774,0.531922531137652
Group 23,20.20625,0.5305758918183161
Group 23,20.28333333333333,0.5292066637103979
Group 23,20.315277777777776,0.5278158446204888
Group 23,20.386805555555554,0.5264195064072071
Group 23,20.832638888888887,0.5250157210567878
Group 23,21.027083333333334,0.5236024889678059
Group 23,21.04375,0.5221873471057308
Group 23,21.04583333333333,0.5200530663954893
Group 23,21.105555555555554,0.5186243491801171
Group 23,21.133333333333333,0.5171857240783693
Group 23,21.219444444444445,0.5157268080725064
Group 23,21.227083333333333,0.5135384340637121
Group 23,21.3125,0.5105870637530011
Group 23,21.31875,0.5090919332588488
Group 23,21.334027777777777,0.5075857441071955
Group 23,21.34930555555556,0.5060705627815023
Group 23,21.370833333333334,0.5045416486945491
Group 23,21.396527777777777,0.5030010635076956
Group 23,21.83333333333333,0.5014437846733064
Group 23,21.86319444444445,0.49987677284620224
Group 23,22.07986111111111,0.4982848086014691
Group 23,22.09027777777778,0.496692844356736
Group 23,22.09930555555556,0.49508281892932354
Group 23,22.113888888888887,0.4934701713106613
Group 23,22.24652777777778,0.49184155688389336
Group 23,22.27638888888889,0.49020208502761375
Group 23,22.386805555555554,0.4877387579671735
Group 23,22.904166666666665,0.48607978259993817
Group 23,22.91111111111111,0.48440653033625514
Group 23,23.006944444444443,0.48271280120920523
Group 23,23.106944444444444,0.4810071022650031
Group 23,23.145138888888887,0.47929533321779666
Group 23,23.179861111111112,0.477549266430118
Group 23,23.301388888888887,0.47578709201524677
Group 23,23.981944444444444,0.47399505023741156
Group 23,24.07638888888889,0.4721927876889803
Group 23,24.084722222222226,0.4703590292901882
Group 23,24.13958333333333,0.4684888144619966
Group 23,24.41180555555556,0.46564948831374203
Group 23,24.891666666666666,0.46469332920016143
Group 23,25.074305555555554,0.46274083622032885
Group 23,25.18888888888889,0.4607548240477094
Group 23,25.81805555555556,0.45872952811782935
Group 23,25.897222222222226,0.45669525083127577
Group 23,25.949305555555554,0.45464729006521626
Group 23,26.030555555555555,0.4535997156641443
Group 23,26.273611111111112,0.4514499539785322
Group 23,26.815277777777776,0.4492950615967731
Group 23,26.82986111111111,0.4471033783694718
Group 23,27.949305555555554,0.4447807634169031
Group 23,28.35625,0.4424581484643344
Group 23,29.016666666666666,0.44009837167252464
Group 23,29.04652777777778,0.4376601535469151
Group 23,29.11875,0.4352151247561502
Group 23,29.766666666666666,0.43272818118611506
Group 23,31.70694444444445,0.4301292131309432
Group 23,31.97222222222222,0.42744090554887476
Group 23,33.015972222222224,0.4246195134330406
Group 23,38.05347222222223,0.4217309453144485
Group 23,39.0625,0.4187505146055125
Group 23,39.09583333333333,0.415737920975257
Group 23,39.95069444444445,0.41271437245907333
Group 23,41.26805555555556,0.40969082394288964
Group 23,42.01736111111112,0.4066334297343606
Group 23,47.32361111111111,0.4035174647555533
Group 23,49.25486111111111,0.40028932503750886
Group 23,56.921527777777776,0.3969535806621963
Group 23,58.74652777777778,0.39361783628688374
Group 23,60.86875,0.39020988965236525
Group 23,60.95486111111112,0.38674135729989984
Group 23,61.03472222222222,0.38327282494743437
Group 23,62.016666666666666,0.3797726165004258
Group 23,62.04583333333333,0.37627240805341733
Group 23,62.860416666666666,0.37272266835480017
Group 23,62.96458333333333,0.36917292865618306
Group 23,66.18888888888888,0.36562318895756585
Group 23,66.94166666666666,0.3620734492589487
Group 23,67.08125,0.3585237095603315
Group 23,67.15,0.3549739698617144
Group 23,69.16041666666666,0.3512954831273961
Group 23,74.79305555555555,0.3475780706075295
Group 23,76.04722222222222,0.34369451674599283
Group 23,76.19166666666666,0.3397665794117529
Group 23,77.06875,0.335838642077513
Group 23,77.71597222222222,0.3318405630051617
Group 23,78.89722222222223,0.3277437659310239
Group 23,82.0875,0.32364696885688604
Group 23,83.11111111111111,0.31949764874333625
Group 23,84.08958333333334,0.31534832862978646
Group 23,84.8375,0.3110868647293839
Group 23,89.04791666666667,0.3068254008289814
Group 23,89.05555555555556,0.30250391631026335
Group 23,89.21944444444445,0.29818243179154535
Group 23,89.76041666666667,0.2938609472728273
Group 23,89.82777777777778,0.2895394627541093
Group 23,89.8638888888889,0.28497978617530445
Group 23,90.07152777777777,0.28042010959649954
Group 23,90.9,0.2758604330176947
Group 23,92.00347222222224,0.2709779474775585
Group 23,92.09027777777776,0.26600587504677764
Group 23,92.97638888888888,0.26084071242451007
Group 23,93.94583333333334,0.2556238981760199
Group 23,95.90694444444443,0.25012661004320225
Group 23,95.99652777777776,0.24409946281324557
Group 23,96.93680555555557,0.23807231558328892
Group 23,96.93958333333332,0.23204516835333225
Group 23,97.00416666666666,0.22601802112337557
Group 23,97.96527777777776,0.21999087389341893
Group 23,98.18819444444443,0.21396372666346225
Group 23,100.1,0.20793657943350558
Group 23,102.01388888888889,0.20153853083555154
Group 23,102.88472222222222,0.19514048223759753
Group 23,103.0111111111111,0.1887424336396435
Group 23,103.90833333333332,0.18234438504168948
Group 23,104.09583333333332,0.17594633644373547
Group 23,109.20208333333332,0.16930685204963225
Group 23,110.12361111111112,0.16266736765552905
Group 23,110.82430555555555,0.1560278832614258
Group 23,112.88819444444444,0.14938839886732258
Group 23,123.07638888888889,0.14274891447321938
Group 23,128.9923611111111,0.13610943007911613
Group 23,129.95,0.12875216358835312
Group 23,131.07430555555555,0.12070515336408107
Group 23,131.08125,0.11265814313980897
Group 23,147.0402777777778,0.10286178286678212
Group 23,149.92638888888888,0.0914326958815841
Group 23,156.06180555555557,0.08000360889638608
Group 23,171.825,0.06154123761260467
Group 23,196.93472222222223,0.041027491741736456
Group 28,5.017361111111111,0.9994493392070485
Group 28,5.020833333333333,0.9988979188819688
Group 28,5.0256944444444445,0.9983464985568891
Group 28,5.026388888888889,0.9977949259057526
Group 28,5.029861111111111,0.9972430481812472
Group 28,5.034027777777778,0.9966908648766064
Group 28,5.035416666666666,0.9961380690558207
Group 28,5.036111111111111,0.9955846590174564
Group 28,5.038194444444445,0.9950309411870797
Group 28,5.039583333333334,0.9944767607687076
Group 28,5.040972222222222,0.9939222713565143
Group 28,5.043055555555555,0.9925344994054441
Group 28,5.047222222222223,0.9908659068034736
Group 28,5.047916666666667,0.9903084576294633
Group 28,5.049305555555556,0.9897503801667248
Group 28,5.050694444444445,0.9891919878506928
Group 28,5.052083333333333,0.9880745724450438
Group 28,5.054166666666666,0.987514756823262
Group 28,5.054861111111111,0.9858334036618148
Group 28,5.05625,0.9852713549710157
Group 28,5.0569444444444445,0.9847091459239566
Group 28,5.058333333333334,0.9841464549834287
Group 28,5.059722222222222,0.9835832810463853
Group 28,5.060416666666667,0.983019945833873
Group 28,5.063194444444444,0.9818926293822287
Group 28,5.06875,0.9813281610698502
Group 28,5.070138888888889,0.9807632053064249
Group 28,5.075694444444444,0.9801977609678222
Group 28,5.078472222222223,0.9796319902544208
Group 28,5.080555555555556,0.9790655652817384
Group 28,5.08125,0.9784986483360049
Group 28,5.082638888888889,0.9779314027427666
Group 28,5.085416666666666,0.9773638279297993
Group 28,5.086805555555555,0.9767957582826445
Group 28,5.0881944444444445,0.9762271926491854
Group 28,5.088888888888889,0.97565812987294
Group 28,5.090277777777778,0.9750884024978317
Group 28,5.091666666666667,0.974518175361868
Group 28,5.096527777777778,0.97394694548182
Group 28,5.097222222222222,0.9733748767913755
Group 28,5.098611111111111,0.9728023033344393
Group 28,5.1,0.972229392672876
Group 28,5.102083333333334,0.9716559751602409
Group 28,5.103472222222222,0.9710818800493634
Group 28,5.10625,0.9699326707238612
Group 28,5.106944444444444,0.9693577254537226
Group 28,5.108333333333333,0.9682068109681735
Group 28,5.113194444444445,0.9676301541421055
Group 28,5.115972222222222,0.9670529813689817
Group 28,5.1194444444444445,0.9664752914159536
Group 28,5.122222222222222,0.9658969100327005
Group 28,5.122916666666667,0.9653180086781709
Group 28,5.124305555555556,0.9647382381023881
Group 28,5.125,0.9635779996921627
Group 28,5.127083333333333,0.9629970060233703
Group 28,5.128472222222222,0.9624153104594781
Group 28,5.131944444444445,0.9618330870411723
Group 28,5.134027777777778,0.961249627479728
Group 28,5.134722222222222,0.9606656362115142
Group 28,5.135416666666667,0.9600811119424473
Group 28,5.140972222222223,0.9594964096818246
Group 28,5.147222222222222,0.9589113508954332
Group 28,5.151388888888889,0.9583259349302956
Group 28,5.152083333333334,0.9577401611314384
Group 28,5.154166666666667,0.9571538494319396
Group 28,5.155555555555556,0.9559801475932739
Group 28,5.165277777777778,0.9553916710481256
Group 28,5.16875,0.9548024686608003
Group 28,5.175694444444445,0.9542125381889679
Group 28,5.1819444444444445,0.9536220601331579
Group 28,5.182638888888889,0.9530310331358643
Group 28,5.199305555555555,0.9524389045039066
Group 28,5.21875,0.9518458541275031
Group 28,5.231944444444444,0.9512524340189449
Group 28,5.232638888888889,0.9506586434858494
Group 28,5.2375,0.9500641102503985
Group 28,5.265972222222223,0.9494690184181089
Group 28,5.272222222222222,0.9488733665872319
Group 28,5.275,0.9482773406031947
Group 28,5.292361111111111,0.9476800005461218
Group 28,5.302777777777778,0.9470819065098036
Group 28,5.309027777777778,0.9464828667207399
Group 28,5.318055555555556,0.9458830676923997
Group 28,5.321527777777778,0.945282316299772
Group 28,5.325,0.9446806089055646
Group 28,5.330555555555556,0.9440783260819079
Group 28,5.347222222222222,0.9434756587815045
Group 28,5.361111111111111,0.9428726062671028
Group 28,5.361805555555556,0.9422691677990919
Group 28,5.363194444444445,0.941664567755589
Group 28,5.40625,0.94105919034141
Group 28,5.515972222222223,0.9404532282098315
Group 28,5.565972222222222,0.9398462884045976
Group 28,5.578472222222223,0.9392389563927045
Group 28,5.602777777777778,0.9386314279603677
Group 28,5.606944444444444,0.9380231120640874
Group 28,5.6090277777777775,0.9374140061471626
Group 28,5.657638888888889,0.9368045041925807
Group 28,5.670833333333333,0.9361944068274275
Group 28,5.672222222222223,0.9355839116159326
Group 28,5.675,0.9349726186321913
Group 28,5.675694444444445,0.9343607255571702
Group 28,5.688888888888889,0.9337480299994279
Group 28,5.690277777777778,0.9331349321465064
Group 28,5.691666666666666,0.9325212294617667
Group 28,5.725,0.931292206424585
Group 28,5.730555555555555,0.9306766795201404
Group 28,5.734722222222223,0.9300605413675287
Group 28,5.748611111111111,0.9294435857845319
Group 28,5.760416666666667,0.9288264253690044
Group 28,5.761111111111111,0.9282086492297499
Group 28,5.767361111111111,0.9275902557259326
Group 28,5.773611111111111,0.926971243209599
Group 28,5.777777777777778,0.926351402859743
Group 28,5.783333333333333,0.9257309397633868
Group 28,5.788888888888889,0.9251096438306597
Group 28,5.793055555555555,0.9244875122611704
Group 28,5.808333333333334,0.9238647520642952
Group 28,5.813194444444444,0.9232407299419958
Group 28,5.8375,0.9226160745090175
Group 28,5.845138888888889,0.9219907840484894
Group 28,5.866666666666666,0.9213650692306757
Group 28,5.88125,0.9207389291904238
Group 28,5.881944444444445,0.9201121497968292
Group 28,5.905555555555556,0.9194845153153852
Group 28,5.911111111111111,0.9188562375461229
Group 28,5.934722222222222,0.9175966676522969
Group 28,5.961805555555555,0.9169655832866489
Group 28,5.965972222222222,0.9163338467497651
Group 28,5.978472222222222,0.9157012379497999
Group 28,5.979166666666667,0.9150679729166395
Group 28,5.982638888888889,0.9144344886847832
Group 28,5.983333333333333,0.9138001255292613
Group 28,5.9840277777777775,0.9131648803950734
Group 28,5.988888888888889,0.9125289717039905
Group 28,5.997222222222222,0.9118923976044412
Group 28,5.998611111111111,0.9112556012373989
Group 28,6.002777777777778,0.9106181366685026
Group 28,6.025,0.9099800020247264
Group 28,6.027083333333334,0.9093414195671652
Group 28,6.036805555555556,0.9087019389626876
Group 28,6.041666666666667,0.9080617826125906
Group 28,6.058333333333334,0.9074209486093355
Group 28,6.069444444444445,0.9067789811890247
Group 28,6.0777777777777775,0.9061365589565138
Group 28,6.086111111111111,0.9054934528110514
Group 28,6.1125,0.9048494318631062
Group 28,6.116666666666666,0.9042047226134708
Group 28,6.120833333333334,0.9035595533501005
Group 28,6.124305555555556,0.9029141536691362
Group 28,6.140972222222223,0.9022678300086715
Group 28,6.144444444444445,0.9016205790545764
Group 28,6.149305555555555,0.90097239747366
Group 28,6.165972222222222,0.9003237492393378
Group 28,6.172222222222223,0.8996739305823623
Group 28,6.174305555555556,0.8990234071329174
Group 28,6.177083333333333,0.8983719408958646
Group 28,6.177777777777778,0.8977195284478647
Group 28,6.190277777777778,0.8970659284999595
Group 28,6.2125,0.8964120903596534
Group 28,6.260416666666667,0.8957565787762094
Group 28,6.279166666666667,0.8950998657419159
Group 28,6.2965277777777775,0.8944421876627521
Group 28,6.297222222222223,0.8937835409855336
Group 28,6.344444444444444,0.8931241654481041
Group 28,6.381944444444445,0.8924643027473668
Group 28,6.3902777777777775,0.891803218078665
Group 28,6.416666666666667,0.8911418882914357
Group 28,6.44375,0.8904803130217316
Group 28,6.477083333333334,0.8898179996613584
Group 28,6.483333333333333,0.8891549460103441
Group 28,6.538888888888889,0.8884911498580407
Group 28,6.624305555555556,0.8878266089830533
Group 28,6.673611111111111,0.8871615703246392
Group 28,6.686111111111111,0.8864957830298363
Group 28,6.695138888888889,0.8858292448471071
Group 28,6.714583333333334,0.885161953513889
Group 28,6.725694444444445,0.8844939067565201
Group 28,6.770833333333333,0.8838238356150379
Group 28,6.795833333333333,0.8831530015842105
Group 28,6.797916666666667,0.8824816576073317
Group 28,6.829166666666667,0.881809290630107
Group 28,6.830555555555556,0.8811361537670306
Group 28,6.836805555555555,0.880462244662811
Group 28,6.845833333333333,0.8797875609504257
Group 28,6.850694444444445,0.8791123594454752
Group 28,6.874305555555556,0.8784363791613956
Group 28,6.875694444444444,0.8777590959083799
Group 28,6.886805555555555,0.8770805036425057
Group 28,6.906944444444444,0.8764008597032243
Group 28,6.907638888888889,0.8757204242531442
Group 28,6.920138888888889,0.875038929759562
Group 28,6.930555555555555,0.8743563720920429
Group 28,6.968055555555556,0.8736719444035168
Group 28,6.971527777777778,0.8729872485223228
Group 28,6.977083333333334,0.8723017461677706
Group 28,7.002777777777778,0.8716157046843512
Group 28,7.016666666666667,0.8709288522771925
Group 28,7.024305555555555,0.8702411863851458
Group 28,7.027083333333334,0.8695527044338918
Group 28,7.029861111111111,0.8685187535368241
Group 28,7.031944444444444,0.8678291792982081
Group 28,7.036805555555556,0.8671385074483886
Group 28,7.043055555555555,0.8657549597699707
Group 28,7.049305555555556,0.8650609678182514
Group 28,7.052083333333333,0.8636713116450494
Group 28,7.0569444444444445,0.862975083260007
Group 28,7.082638888888889,0.8622777296573727
Group 28,7.102083333333334,0.8615786800184124
Group 28,7.1090277777777775,0.8608782095468528
Group 28,7.124305555555556,0.86017688310323
Group 28,7.125,0.8594746978925335
Group 28,7.148611111111111,0.8587713634425396
Group 28,7.164583333333334,0.8580677408588095
Group 28,7.167361111111111,0.8573629624268927
Group 28,7.177083333333333,0.8566570233882539
Group 28,7.191666666666666,0.8559496270023016
Group 28,7.209027777777778,0.8552410594302798
Group 28,7.210416666666666,0.8545319043229578
Group 28,7.220833333333333,0.8538221602163772
Group 28,7.236805555555556,0.8531100483229525
Group 28,7.2375,0.8516810532671351
Group 28,7.252083333333333,0.8509644516236625
Group 28,7.253472222222222,0.8502463381623768
Group 28,7.297916666666667,0.8495239538478803
Group 28,7.307638888888889,0.8488009547382225
Group 28,7.368055555555555,0.8480761033678226
Group 28,7.402083333333334,0.8473500108135693
Group 28,7.460416666666666,0.8466232955384291
Group 28,7.508333333333334,0.8458953305379662
Group 28,7.530555555555556,0.8451670521647091
Group 28,7.540277777777778,0.8440736924594507
Group 28,7.576388888888889,0.8433428927257196
Group 28,7.592361111111111,0.8426108242424507
Group 28,7.636111111111111,0.8418774814885409
Group 28,7.658333333333333,0.8411431792805265
Group 28,7.689583333333333,0.8404079142636729
Group 28,7.700694444444444,0.8396720054070497
Group 28,7.873611111111111,0.8389341565446533
Group 28,7.875,0.8381953329809856
Group 28,7.940972222222222,0.8374552046516426
Group 28,7.954166666666667,0.8367144216311635
Group 28,8.020138888888889,0.8359716658196844
Group 28,8.033333333333333,0.835227918786037
Group 28,8.039583333333333,0.8344831769948768
Group 28,8.071527777777778,0.8337374368903238
Group 28,8.122916666666667,0.8329910291581033
Group 28,8.127777777777778,0.8322429456114863
Group 28,8.248611111111112,0.8314928393062934
Group 28,8.277777777777779,0.8307403570987764
Group 28,8.296527777777778,0.8299861670333213
Group 28,8.302777777777777,0.8292306038407556
Group 28,8.317361111111111,0.828474351580071
Group 28,8.330555555555556,0.8277167161419547
Group 28,8.36111111111111,0.8269569945117189
Group 28,8.376388888888888,0.8261962245075682
Group 28,8.402083333333334,0.8254336991503854
Group 28,8.408333333333333,0.8246708214247381
Group 28,8.409722222222221,0.8239061753223508
Group 28,8.450694444444444,0.8231401072839293
Group 28,8.491666666666667,0.8223726106804011
Group 28,8.527083333333334,0.8216043971253517
Group 28,8.652777777777779,0.8208343836322632
Group 28,8.760416666666666,0.820063285103722
Group 28,8.779861111111112,0.8192910974529651
Group 28,8.794444444444444,0.8185174514685903
Group 28,8.904166666666667,0.8177405008739358
Group 28,9.022222222222222,0.8161821578517844
Group 28,9.036805555555556,0.8154011222940315
Group 28,9.097916666666666,0.8146189629441092
Group 28,9.154166666666669,0.8138360518792903
Group 28,9.19513888888889,0.8130493568073914
Group 28,9.198611111111113,0.8122607541334754
Group 28,9.25,0.8114694626048504
Group 28,9.291666666666666,0.8106766248299557
Group 28,9.36736111111111,0.8098810638634886
Group 28,9.375694444444443,0.8090843289260922
Group 28,9.417361111111113,0.808287201508431
Group 28,9.449305555555556,0.8074892871930228
Group 28,9.488194444444444,0.8058879202377566
Group 28,9.54861111111111,0.805081225622904
Group 28,9.627777777777778,0.8042725051551763
Group 28,9.730555555555556,0.8034617465814312
Group 28,9.739583333333334,0.802649758964876
Group 28,9.854861111111113,0.8018369490823799
Group 28,9.866666666666667,0.8010241391998839
Group 28,9.87847222222222,0.8002100902779328
Group 28,9.910416666666666,0.7993931325543208
Group 28,9.927777777777775,0.7985745015942037
Group 28,9.977083333333333,0.797340864362081
Group 28,10.036805555555556,0.7965146043990113
Group 28,10.045833333333333,0.7956861960741034
Group 28,10.052083333333334,0.7948560591976568
Group 28,10.100694444444445,0.7940241847243992
Group 28,10.158333333333331,0.7931905635330874
Group 28,10.229861111111113,0.7923547462901653
Group 28,10.264583333333333,0.7915180464524777
Group 28,10.275,0.7906786847913404
Group 28,10.2875,0.7898375372543283
Group 28,10.39861111111111,0.7889932427195828
Group 28,10.408333333333331,0.7881480437450573
Group 28,10.42013888888889,0.7873019374179021
Group 28,10.464583333333334,0.7864549208095989
Group 28,10.501388888888888,0.7856074478345885
Group 28,10.71111111111111,0.7847581424855782
Group 28,10.78472222222222,0.7839069948256155
Group 28,10.817361111111111,0.7830530656373523
Group 28,10.847916666666666,0.7821968020335935
Group 28,10.949305555555556,0.7813400695012457
Group 28,10.95625,0.7804814540402554
Group 28,11.00763888888889,0.7796218929675238
Group 28,11.013194444444444,0.7787594793691084
Group 28,11.05486111111111,0.7778937100757575
Group 28,11.07986111111111,0.7770264930076686
Group 28,11.091666666666669,0.7761583069819616
Group 28,11.118055555555555,0.7752896351218812
Group 28,11.230555555555556,0.774417052527484
Group 28,11.350694444444445,0.7735429926487848
Group 28,11.64375,0.7726664566797776
Group 28,11.718055555555557,0.7717864265468849
Group 28,11.72638888888889,0.7709048886524853
Group 28,11.763194444444444,0.770021836088164
Group 28,11.869444444444444,0.7691372618939214
Group 28,11.894444444444444,0.7682496251231263
Group 28,11.940277777777778,0.7664681767170438
Group 28,11.977083333333333,0.7655722466449023
Group 28,12.041666666666666,0.764673687669967
Group 28,12.089583333333334,0.7637730119483298
Group 28,12.09375,0.7628707402271859
Group 28,12.122222222222222,0.761964717970384
Group 28,12.207638888888887,0.7610565359465814
Group 28,12.215972222222222,0.7601472688785448
Group 28,12.35,0.7592352745547554
Group 28,12.615972222222222,0.7583205332601111
Group 28,12.702777777777778,0.7574024696605225
Group 28,12.827083333333333,0.7564827338139403
Group 28,12.86111111111111,0.7555607560762023
Group 28,12.884027777777778,0.7546348237770892
Group 28,12.900694444444444,0.7537054705458367
Group 28,12.985416666666667,0.7527732436187546
Group 28,13.040277777777778,0.7518363758606728
Group 28,13.047916666666667,0.7508948149641659
Group 28,13.072916666666666,0.7499508868498175
Group 28,13.135416666666666,0.7490057691600256
Group 28,13.195833333333333,0.7480576605914686
Group 28,13.23263888888889,0.7471071425983409
Group 28,13.297916666666667,0.7461505393427732
Group 28,13.314583333333331,0.7451920929210099
Group 28,13.318055555555556,0.7442299339888975
Group 28,13.334027777777775,0.7432634016070938
Group 28,13.346527777777778,0.7422930838504266
Group 28,13.459027777777775,0.7413183063273138
Group 28,13.63888888888889,0.7403383746599941
Group 28,13.652083333333334,0.7393558419796225
Group 28,13.875,0.7383673983406123
Group 28,13.931944444444444,0.7373769658814029
Group 28,13.95486111111111,0.7363858678089816
Group 28,13.975,0.735390751771402
Group 28,14.06597222222222,0.7343888570142203
Group 28,14.07638888888889,0.7333855935483539
Group 28,14.19097222222222,0.7323788871742313
Group 28,14.217361111111112,0.7313701008282613
Group 28,14.227083333333333,0.7303578238720976
Group 28,14.254166666666666,0.7293434380056085
Group 28,14.255555555555556,0.7283248019190085
Group 28,14.327777777777778,0.7273033085081824
Group 28,14.389583333333333,0.726280378397763
Group 28,14.425,0.7252538336933139
Group 28,14.504166666666666,0.7242258339290427
Group 28,14.821527777777778,0.7231890038160448
Group 28,14.886805555555556,0.7221484440983238
Group 28,15.002777777777778,0.7211026100011503
Group 28,15.114583333333334,0.7200544957424277
Group 28,15.175694444444444,0.7190048536203542
Group 28,15.217361111111112,0.7179513666553426
Group 28,15.227777777777778,0.7168947789192789
Group 28,15.276388888888889,0.7158366316441214
Group 28,15.329166666666667,0.7147745594903466
Group 28,15.36736111111111,0.7137093216967694
Group 28,15.369444444444444,0.7126432883559228
Group 28,15.402083333333334,0.7115740561153288
Group 28,15.429166666666667,0.7105032147968708
Group 28,15.763194444444444,0.7094266947744514
Group 28,15.794444444444444,0.7083477188128172
Group 28,15.895138888888887,0.7072629596722156
Group 28,15.895833333333334,0.7061748628111815
Group 28,15.917361111111113,0.7050740446306496
Group 28,16.099305555555556,0.7039706423698817
Group 28,16.184722222222224,0.7028594022082877
Group 28,16.186805555555555,0.701747282900996
Group 28,16.195833333333333,0.7006325135874122
Group 28,16.197916666666668,0.6995159677490259
Group 28,16.209722222222222,0.6983949485699409
Group 28,16.245833333333334,0.6972602695308346
Group 28,16.255555555555556,0.6961237409741422
Group 28,16.354166666666668,0.6944119612832221
Group 28,16.405555555555555,0.6932651207195835
Group 28,16.413194444444443,0.6921163798401807
Group 28,16.416666666666668,0.6909638130128032
Group 28,16.427083333333332,0.6898054495375093
Group 28,16.443055555555556,0.6886461126475303
Group 28,16.44375,0.6874848207206374
Group 28,16.447222222222223,0.6863195922109414
Group 28,16.457638888888887,0.6851533737025116
Group 28,16.627083333333335,0.6839861618222689
Group 28,16.638194444444444,0.6828109278672477
Group 28,16.939583333333335,0.6816326518916356
Group 28,16.940277777777776,0.6804492618709903
Group 28,16.99375,0.679261741344165
Group 28,17.075694444444444,0.6780700540786488
Group 28,17.084027777777777,0.6768773187152739
Group 28,17.124305555555555,0.6756803650128596
Group 28,17.145138888888887,0.6744802222686094
Group 28,17.17222222222222,0.6732779402324799
Group 28,17.202083333333334,0.6720735074234773
Group 28,17.204166666666666,0.6708679944056773
Group 28,17.20625,0.6690580987373167
Group 28,17.21875,0.6678383027505577
Group 28,17.238194444444446,0.6660052607484976
Group 28,17.240972222222222,0.6647741974199421
Group 28,17.254166666666666,0.6635351029233532
Group 28,17.291666666666668,0.6622807832580917
Group 28,17.299305555555556,0.6610228900325302
Group 28,17.31597222222222,0.6585023070390792
Group 28,17.31736111111111,0.6572359564486194
Group 28,17.323611111111113,0.655963476378051
Group 28,17.32777777777778,0.6546872828442416
Group 28,17.340972222222224,0.6534098442435698
Group 28,17.352777777777778,0.6521286484705433
Group 28,17.353472222222223,0.6508436659119806
Group 28,17.355555555555554,0.6495523094319966
Group 28,17.39236111111111,0.6482519044081088
Group 28,17.395138888888887,0.6469462610961085
Group 28,17.405555555555555,0.6456379774538514
Group 28,17.419444444444444,0.6443257051419534
Group 28,17.509027777777778,0.643012095141664
Group 28,17.931944444444444,0.6416903847713831
Group 28,17.93263888888889,0.6403576944603314
Group 28,17.972916666666666,0.639012405186255
Group 28,17.983333333333334,0.6376455337313112
Group 28,18.10833333333333,0.6362668406854056
Group 28,18.254166666666663,0.6348745718874069
Group 28,18.281944444444445,0.6334730827662427
Group 28,18.544444444444444,0.6320590803493538
Group 28,18.64236111111111,0.6306323104162852
Group 28,18.70833333333333,0.629203924662228
Group 28,18.83055555555556,0.627764098747669
Group 28,18.990277777777777,0.6263142971339332
Group 28,18.991666666666667,0.6248509459724052
Group 28,19.011805555555554,0.6233737569748345
Group 28,19.041666666666668,0.621871651536341
Group 28,19.084722222222226,0.6203640838962529
Group 28,19.21527777777778,0.6188510007647986
Group 28,19.301388888888887,0.6173304823354011
Group 28,19.89930555555556,0.6157986449102512
Group 28,19.929861111111112,0.6119499033795621
Group 28,19.94375,0.6103848141126067
Group 28,20.028472222222224,0.6088075923707137
Group 28,20.072222222222223,0.6072200888703989
Group 28,20.096527777777776,0.6056284241551423
Group 28,20.11180555555556,0.60402198271176
Group 28,20.18888888888889,0.6024069506724237
Group 28,20.25208333333333,0.6007542567062442
Group 28,20.27083333333333,0.5990901174909915
Group 28,20.27777777777778,0.5974143409385692
Group 28,20.304861111111112,0.5957267298059743
Group 28,20.324305555555554,0.5940319169189019
Group 28,20.354861111111116,0.5923249286518935
Group 28,20.903472222222224,0.5905929844160692
Group 28,21.047916666666666,0.588830020283484
Group 28,21.05,0.5870617619643144
Group 28,21.150694444444444,0.5852800874211753
Group 28,21.213194444444444,0.5834929726504237
Group 28,21.304166666666667,0.5816780644928795
Group 28,21.313194444444445,0.579840219107436
Group 28,21.346527777777776,0.5779847304062923
Group 28,21.39930555555556,0.576098972721443
Group 28,21.477083333333333,0.5741786428123715
Group 28,21.898611111111112,0.572248630567624
Group 28,22.03263888888889,0.5703088047012932
Group 28,22.054166666666667,0.5683489806301547
Group 28,22.072916666666668,0.5663442223210536
Group 28,22.101388888888888,0.5643215643841927
Group 28,22.152083333333334,0.5622806184008864
Group 28,22.280555555555555,0.5601980975919942
Group 28,22.31736111111111,0.5581038990963232
Group 28,23.37708333333333,0.5558625179754544
Group 28,24.01458333333333,0.553593691371473
Group 28,24.136111111111116,0.551301377949645
Group 28,24.15138888888889,0.5478413274604211
Group 28,24.172916666666666,0.5454437724168307
Group 28,24.309722222222224,0.5430033081107152
Group 28,25.14930555555556,0.5404952096898804
Group 28,25.29861111111111,0.5379336210183644
Group 28,26.84027777777778,0.5326206963663311
Group 28,26.961111111111112,0.5284595971759691
Group 28,27.65,0.5256184165459908
Group 28,29.020138888888887,0.5227224473088228
Group 28,29.969444444444445,0.519752433403659
Group 28,31.250694444444445,0.5167129454890178
Group 28,32.014583333333334,0.5135622567970116
Group 28,33.17986111111111,0.5103118627666507
Group 28,33.297916666666666,0.505292401821405
Group 28,33.84861111111111,0.5017955685908071
Group 28,35.115972222222226,0.4999905485599049
Group 28,36.925694444444446,0.49621703498586783
Group 28,37.074305555555554,0.49234033940004074
Group 28,37.08680555555556,0.4883698527919759
Group 28,37.1,0.4842659044491862
Group 28,38.08125,0.4799803654717598
Group 28,41.261805555555554,0.47527467561419356
Group 28,44.234027777777776,0.4701915240033465
Group 28,44.984027777777776,0.4650528188229821
Group 28,47.829166666666666,0.4594158149584611
Group 28,61.00277777777778,0.45307904509696506
Group 28,61.05763888888889,0.4462142110803444
Group 28,63.76319444444445,0.43895869545302174
Group 28,64.99444444444444,0.43112014731993203
Group 28,65.15833333333333,0.4226668110979726
Group 28,68.03958333333334,0.3959720651338901
Group 28,68.3125,0.38359793809845605
Group 28,70.1451388888889,0.36855488170243816
Group 28,72.29861111111111,0.35287169524701534
Group 28,76.09166666666667,0.3347757108753735
Group 28,81.91388888888889,0.3144862738526236
Group 28,91.04166666666669,0.30283863408030426
Group 73,5.013194444444444,0.9993941229930324
Group 73,5.021527777777778,0.9981820015582319
Group 73,5.025,0.9975744653430412
Group 73,5.03125,0.9969661882300271
Group 73,5.036805555555556,0.9963577254968993
Group 73,5.039583333333334,0.9957488909564184
Group 73,5.040277777777778,0.9951396839261605
Group 73,5.041666666666667,0.9945299169629704
Group 73,5.042361111111111,0.9926989321511331
Group 73,5.04375,0.9920874760795896
Group 73,5.044444444444444,0.9914756429151865
Group 73,5.045138888888889,0.9908632428886792
Group 73,5.045833333333333,0.9902504641361197
Group 73,5.0465277777777775,0.9896371160629478
Group 73,5.049305555555556,0.9890231972564572
Group 73,5.052083333333333,0.9884090878511442
Group 73,5.052777777777778,0.9877947876100932
Group 73,5.05625,0.9871801051038019
Group 73,5.0569444444444445,0.9865650396177559
Group 73,5.058333333333334,0.9847192677943364
Group 73,5.059722222222222,0.9841024690046124
Group 73,5.061111111111111,0.9828684847174594
Group 73,5.063194444444444,0.9822505227654207
Group 73,5.069444444444445,0.9816323663634285
Group 73,5.070833333333334,0.9810140152665067
Group 73,5.072222222222222,0.9803950789792722
Group 73,5.073611111111111,0.9791568155388185
Group 73,5.075,0.9785367035593766
Group 73,5.075694444444444,0.9772956931553698
Group 73,5.076388888888889,0.9760527097618494
Group 73,5.084027777777778,0.9748089344069443
Group 73,5.086805555555555,0.9741866497376771
Group 73,5.090972222222222,0.9735641662554166
Group 73,5.093055555555556,0.9723184027669259
Group 73,5.097222222222222,0.9716951217395112
Group 73,5.100694444444445,0.9710714406600892
Group 73,5.102777777777778,0.970446756555451
Group 73,5.103472222222222,0.9698212671860953
Group 73,5.107638888888889,0.9691955760459753
Group 73,5.1090277777777775,0.9685692784200973
Group 73,5.111805555555556,0.9673158726893692
Group 73,5.1125,0.9666879493705187
Group 73,5.113194444444445,0.9660592092408469
Group 73,5.117361111111111,0.9654298547071394
Group 73,5.118055555555555,0.9647998841657318
Group 73,5.120833333333334,0.9635378830092037
Group 73,5.127083333333333,0.9616411548930438
Group 73,5.13125,0.9610078712875825
Group 73,5.131944444444445,0.9603743789531806
Group 73,5.134027777777778,0.959740259191574
Group 73,5.134722222222222,0.959105929872875
Group 73,5.138194444444444,0.9584713907198
Group 73,5.143055555555556,0.9578357996118956
Group 73,5.151388888888889,0.9552909021037936
Group 73,5.153472222222222,0.9546529782960448
Group 73,5.163888888888889,0.9540142007930029
Group 73,5.165277777777778,0.9533749952983342
Group 73,5.175,0.9520957266028651
Group 73,5.175694444444445,0.9514543687540251
Group 73,5.177083333333333,0.9501712205830825
Group 73,5.184722222222222,0.9495285616581024
Group 73,5.186805555555556,0.9488850316264804
Group 73,5.188194444444444,0.9482408462689608
Group 73,5.189583333333333,0.9475962229880165
Group 73,5.19375,0.9469513803728494
Group 73,5.195833333333334,0.9459837870005339
Group 73,5.200694444444444,0.9453378438206087
Group 73,5.2027777777777775,0.9446912379082827
Group 73,5.209027777777778,0.9440441891151948
Group 73,5.211111111111111,0.9433964744056818
Group 73,5.215972222222222,0.942748314684345
Group 73,5.219444444444444,0.9420997090326874
Group 73,5.220833333333333,0.9414506565290478
Group 73,5.222222222222222,0.9408011562485863
Group 73,5.227083333333334,0.9398258958931108
Group 73,5.230555555555555,0.9391750469347361
Group 73,5.235416666666667,0.9385226155023396
Group 73,5.238194444444445,0.9378697302045989
Group 73,5.245138888888889,0.9372166175791081
Group 73,5.250694444444444,0.936562821543127
Group 73,5.253472222222222,0.9352547729096868
Group 73,5.254166666666666,0.934272706294801
Group 73,5.259722222222222,0.9336168461991219
Group 73,5.261111111111111,0.9329602942678988
Group 73,5.28125,0.932303048551613
Group 73,5.286805555555556,0.9316453391699187
Group 73,5.288194444444445,0.9299993226696185
Group 73,5.291666666666667,0.929339280566943
Group 73,5.293055555555555,0.9286790039910517
Group 73,5.2965277777777775,0.9280182576346014
Group 73,5.298611111111111,0.9273565690373574
Group 73,5.302777777777778,0.9266936980087388
Group 73,5.308333333333334,0.9260303524840368
Group 73,5.327083333333333,0.9253665314428295
Group 73,5.332638888888889,0.9240379362792361
Group 73,5.335416666666666,0.9233726821854427
Group 73,5.357638888888889,0.9227062277053376
Group 73,5.361111111111111,0.9220390503895709
Group 73,5.3625,0.9207027619107454
Group 73,5.428472222222222,0.9200334033052123
Group 73,5.692361111111111,0.9193635573617793
Group 73,5.724305555555556,0.9186934673053933
Group 73,5.761111111111111,0.9180228881321776
Group 73,5.761805555555555,0.9173518187695079
Group 73,5.763888888888889,0.9166797661550248
Group 73,5.771527777777778,0.9160074670966053
Group 73,5.809722222222222,0.9153344270766959
Group 73,5.820833333333334,0.9146596504994186
Group 73,5.884027777777778,0.9139843757482192
Group 73,5.893055555555556,0.9133083518016598
Group 73,5.895138888888889,0.9126313255957283
Group 73,5.906944444444444,0.911952536956386
Group 73,5.918055555555555,0.9112734956034774
Group 73,5.922916666666667,0.9105929328733776
Group 73,5.925694444444445,0.909912370143278
Group 73,5.946527777777778,0.9092312980099372
Group 73,5.948611111111111,0.9085494597662102
Group 73,5.959722222222222,0.9078668531097366
Group 73,5.9631944444444445,0.9071837328289919
Group 73,5.963888888888889,0.9064998400790266
Group 73,5.965277777777778,0.9058151725260968
Group 73,5.978472222222222,0.9051294683833822
Group 73,5.979166666666667,0.9044432443739937
Group 73,5.98125,0.9027263817233218
Group 73,5.985416666666667,0.9020383280787155
Group 73,5.991666666666666,0.9013494862856046
Group 73,5.9944444444444445,0.9006601176536462
Group 73,5.997916666666667,0.8999704850980156
Group 73,5.998611111111111,0.8992800589491103
Group 73,5.999305555555556,0.8985888367669819
Group 73,6.013888888888889,0.8978965495275619
Group 73,6.019444444444445,0.8972039953050186
Group 73,6.021527777777778,0.8965109060850069
Group 73,6.024305555555555,0.8958170121948482
Group 73,6.027777777777778,0.8947753645062496
Group 73,6.031944444444444,0.8933854221924535
Group 73,6.034027777777778,0.8926899099914473
Group 73,6.038194444444445,0.8919938554807327
Group 73,6.045138888888889,0.8912961676782448
Group 73,6.054166666666666,0.8905971118604581
Group 73,6.057638888888889,0.8898964060289393
Group 73,6.058333333333334,0.8891943181346363
Group 73,6.0625,0.8877890327642141
Group 73,6.069444444444445,0.8870844382937663
Group 73,6.070138888888889,0.8863787227501754
Group 73,6.0777777777777775,0.8856715997164696
Group 73,6.084027777777778,0.8849639116623613
Group 73,6.088888888888889,0.8842548059639139
Group 73,6.1090277777777775,0.8835437043909635
Group 73,6.113888888888889,0.8828314563422808
Group 73,6.114583333333333,0.8821186332043378
Group 73,6.115277777777778,0.8814055219406318
Group 73,6.11875,0.8806915441990841
Group 73,6.123611111111111,0.8799764069321746
Group 73,6.125694444444444,0.8792606880164103
Group 73,6.127777777777778,0.878543509641193
Group 73,6.128472222222222,0.8778248646435316
Group 73,6.129166666666666,0.8771056308339097
Group 73,6.130555555555556,0.8763855112683645
Group 73,6.13125,0.8756647994992294
Group 73,6.136805555555555,0.8749414085041867
Group 73,6.140972222222223,0.8742174189232977
Group 73,6.149305555555555,0.8734925288578556
Group 73,6.156944444444444,0.8727667353149741
Group 73,6.172916666666667,0.8720397326200011
Group 73,6.177777777777778,0.8713118196545421
Group 73,6.1819444444444445,0.870583298066202
Group 73,6.182638888888889,0.8698538608663141
Group 73,6.188194444444444,0.869123198236439
Group 73,6.205555555555556,0.8683916130527383
Group 73,6.210416666666666,0.8676587931261116
Group 73,6.211111111111111,0.8669250436181826
Group 73,6.220138888888889,0.8661906725520087
Group 73,6.222916666666666,0.865455678345346
Group 73,6.224305555555556,0.8647197466460727
Group 73,6.226388888888889,0.8639831880884525
Group 73,6.231944444444444,0.8632456864340877
Group 73,6.232638888888889,0.8625075541669358
Group 73,6.2340277777777775,0.8617691059185053
Group 73,6.246527777777778,0.8610300243525375
Group 73,6.247916666666667,0.8602903078367707
Group 73,6.268055555555556,0.8595493170462136
Group 73,6.269444444444445,0.8588076869193403
Group 73,6.270833333333333,0.8580647736953617
Group 73,6.275,0.8573202489459514
Group 73,6.283333333333333,0.8565737794214012
Group 73,6.284027777777778,0.8558263328424994
Group 73,6.294444444444444,0.8547041829305556
Group 73,6.304166666666666,0.8539547711086085
Group 73,6.310416666666667,0.8532047010417586
Group 73,6.328472222222223,0.8524539709924478
Group 73,6.336805555555555,0.8517019163202004
Group 73,6.3381944444444445,0.8509495294683275
Group 73,6.339583333333334,0.8501944722105915
Group 73,6.347222222222222,0.8494387437908487
Group 73,6.373611111111111,0.8486823424161463
Group 73,6.5,0.8479242518914334
Group 73,6.704166666666667,0.8471654829859377
Group 73,6.714583333333334,0.8464050112776917
Group 73,6.731944444444444,0.8456435132918368
Group 73,6.738194444444445,0.8448813289625968
Group 73,6.745138888888889,0.8441181118632629
Group 73,6.757638888888889,0.8429722501729507
Group 73,6.7875,0.8422069553475555
Group 73,6.795833333333333,0.8414402671770069
Group 73,6.810416666666667,0.8406718285768453
Group 73,6.867361111111111,0.83990198257998
Group 73,6.906944444444444,0.8391300138459911
Group 73,6.911805555555556,0.8383566221281606
Group 73,6.922222222222223,0.8375821587358944
Group 73,6.9319444444444445,0.8368066197000279
Group 73,6.943055555555556,0.835253382354877
Group 73,6.954861111111111,0.8340830132997324
Group 73,6.978472222222222,0.8333016708985149
Group 73,6.979861111111111,0.8325195951867378
Group 73,6.982638888888889,0.8317367840958241
Group 73,6.995138888888889,0.8309510148146755
Group 73,6.995833333333334,0.8301645017859821
Group 73,7.009027777777778,0.8285899840016558
Group 73,7.029166666666667,0.8278019764086918
Group 73,7.039583333333334,0.8270132179747627
Group 73,7.044444444444444,0.8262233295144238
Group 73,7.051388888888889,0.8242457724787263
Group 73,7.072222222222222,0.8234524656717208
Group 73,7.0881944444444445,0.8226572435899518
Group 73,7.100694444444445,0.8218608667810554
Group 73,7.103472222222222,0.8206634007294075
Group 73,7.10625,0.8186647075956291
Group 73,7.111111111111111,0.8178644488394262
Group 73,7.115277777777778,0.8166628850066552
Group 73,7.134027777777778,0.8158586871878402
Group 73,7.136111111111111,0.8150536958832642
Group 73,7.152083333333334,0.8142479087395338
Group 73,7.152777777777778,0.8134413233915996
Group 73,7.153472222222222,0.8126335365759177
Group 73,7.175,0.8118229295568894
Group 73,7.2243055555555555,0.8110098870635927
Group 73,7.231944444444444,0.810196028672159
Group 73,7.235416666666667,0.8093813519213574
Group 73,7.252083333333333,0.8085629683501528
Group 73,7.278472222222222,0.8077429247717044
Group 73,7.301388888888889,0.806921630491306
Group 73,7.313194444444444,0.8060990804092558
Group 73,7.347222222222222,0.8052756901330461
Group 73,7.350694444444445,0.8044514570827563
Group 73,7.51875,0.8036259553310039
Group 73,7.5993055555555555,0.802800029374857
Group 73,7.641666666666667,0.8019728268716372
Group 73,7.645138888888889,0.8011443425463566
Group 73,7.811111111111111,0.8003128486776006
Group 73,7.857638888888889,0.7990643106921441
Group 73,7.920138888888889,0.7982280319787038
Group 73,7.934722222222222,0.7973899972994611
Group 73,7.938194444444444,0.7965506394075669
Group 73,7.969444444444444,0.7957095088485304
Group 73,7.992361111111111,0.7948670424548316
Group 73,8.005555555555556,0.7935999855327464
Group 73,8.00763888888889,0.7927530271703849
Group 73,8.036805555555556,0.7919042551926864
Group 73,8.05486111111111,0.791053659859504
Group 73,8.056944444444444,0.7902016903820033
Group 73,8.103472222222223,0.7893451031837572
Group 73,8.122222222222222,0.7884871193759487
Group 73,8.126388888888888,0.787628200945256
Group 73,8.129166666666666,0.7867674050972284
Group 73,8.129861111111111,0.7854755045962477
Group 73,8.161805555555556,0.7846128187043243
Group 73,8.183333333333334,0.783748707670509
Group 73,8.21875,0.7828817290115814
Group 73,8.239583333333334,0.7820137891789744
Group 73,8.346527777777778,0.7811434343774396
Group 73,8.473611111111111,0.7802721087395394
Group 73,8.577777777777778,0.7789621947349403
Group 73,8.695833333333333,0.7780879386241267
Group 73,8.782638888888888,0.7772107256155314
Group 73,8.808333333333334,0.7767708780062412
Group 73,8.88263888888889,0.7754453304328518
Group 73,8.895833333333334,0.7745616320505921
Group 73,8.909722222222221,0.7736779336683325
Group 73,8.933333333333334,0.7727942352860728
Group 73,8.985416666666667,0.7719054552569916
Group 73,9.005555555555556,0.770569978690803
Group 73,9.014583333333333,0.7696796609800106
Group 73,9.022222222222222,0.7687883122122283
Group 73,9.042361111111113,0.7678933316392224
Group 73,9.05,0.7669967836746698
Group 73,9.050694444444444,0.7660991865024349
Group 73,9.058333333333334,0.7651994810573353
Group 73,9.067361111111111,0.7642992463737384
Group 73,9.085416666666667,0.7633968859884093
Group 73,9.122222222222222,0.7624939919777785
Group 73,9.13125,0.7615884171654532
Group 73,9.186111111111112,0.7606812242921174
Group 73,9.220833333333331,0.7597707739937426
Group 73,9.236805555555556,0.7588581364273838
Group 73,9.245833333333334,0.7579432984087854
Group 73,9.265277777777778,0.757024579259199
Group 73,9.271527777777775,0.756104743804449
Group 73,9.373611111111112,0.7551821022622838
Group 73,9.384722222222225,0.7542583321066113
Group 73,9.425694444444444,0.7533328617604682
Group 73,10.019444444444444,0.7524005191097746
Group 73,10.054166666666667,0.7514623638490392
Group 73,10.059722222222222,0.750523035894228
Group 73,10.08611111111111,0.7495807596407512
Group 73,10.091666666666669,0.7486349164109206
Group 73,10.094444444444443,0.7476878766684654
Group 73,10.11875,0.7467396358610228
Group 73,10.119444444444444,0.7457895854337188
Group 73,10.151388888888889,0.7448352801420569
Group 73,10.177777777777775,0.7438779083166815
Group 73,10.204166666666667,0.7429155824327013
Group 73,10.2125,0.7419507570009706
Group 73,10.217361111111112,0.7409840459169302
Group 73,10.229861111111113,0.7400167038204329
Group 73,10.25,0.739048095569359
Group 73,10.271527777777775,0.738073740796031
Group 73,10.29375,0.7370980980454744
Group 73,10.311805555555557,0.7361192161091591
Group 73,10.32638888888889,0.735139030734846
Group 73,10.41875,0.7341568810611855
Group 73,10.45,0.7331720965124784
Group 73,10.688194444444443,0.7321866501461982
Group 73,10.875,0.7311998756850847
Group 73,10.890277777777778,0.7302110996530562
Group 73,10.922916666666667,0.7292203111867699
Group 73,10.932638888888889,0.7277300789432002
Group 73,10.990277777777775,0.7267304497138826
Group 73,11.052083333333334,0.7257273711083424
Group 73,11.053472222222222,0.7247215119661271
Group 73,11.054166666666667,0.7237135543695121
Group 73,11.063194444444443,0.7227034866034695
Group 73,11.0875,0.7216912968463218
Group 73,11.140277777777778,0.7206762598606027
Group 73,11.172222222222222,0.7196569157872497
Group 73,11.203472222222222,0.7186310327996698
Group 73,11.278472222222222,0.7176036832173972
Group 73,11.320833333333333,0.7160560117223201
Group 73,11.640972222222222,0.7150197512133153
Group 73,11.697916666666666,0.7139819866977662
Group 73,11.776388888888889,0.7129434674443876
Group 73,11.786805555555556,0.7108633989762785
Group 73,11.792361111111113,0.7098180116248428
Group 73,11.832638888888887,0.708770309762666
Group 73,11.836805555555555,0.7066655723914331
Group 73,11.917361111111113,0.7056084810340787
Group 73,11.924305555555556,0.7045490088403338
Group 73,11.958333333333334,0.7034847354130825
Group 73,11.984027777777778,0.7024156096753726
Group 73,12.102777777777778,0.7013358008980085
Group 73,12.11736111111111,0.7002534925632894
Group 73,12.164583333333333,0.6991686691820914
Group 73,12.171527777777778,0.6980813151087133
Group 73,12.1875,0.6969871437684175
Group 73,12.208333333333334,0.695889526219176
Group 73,12.225694444444445,0.6947884351966772
Group 73,12.231944444444444,0.6936794353001143
Group 73,12.234027777777778,0.6925677695384154
Group 73,12.25625,0.6914552108724903
Group 73,12.352083333333333,0.6903417564266409
Group 73,12.74236111111111,0.6892228881018002
Group 73,12.834722222222222,0.6881022004788705
Group 73,12.872222222222222,0.686976010298054
Group 73,13.008333333333333,0.6858442541031643
Group 73,13.027083333333334,0.6847096895802476
Group 73,13.145138888888887,0.6818591080249593
Group 73,13.149305555555555,0.6807131263307997
Group 73,13.205555555555556,0.6795623010960901
Group 73,13.2625,0.6783996624286887
Group 73,13.282638888888888,0.6772340272698765
Group 73,13.325,0.6760653749363651
Group 73,13.336805555555555,0.6748946989624492
Group 73,13.346527777777778,0.6737209690512103
Group 73,13.3625,0.6725441638650945
Group 73,13.85138888888889,0.6713611486252263
Group 73,13.859722222222222,0.670176045097203
Group 73,13.965972222222222,0.6689888421829475
Group 73,13.986805555555556,0.6677995286857333
Group 73,13.988888888888887,0.6666048962551686
Group 73,13.990972222222222,0.6654081190626099
Group 73,13.999305555555557,0.6642048494078855
Group 73,14.01875,0.6629983010892517
Group 73,14.045833333333333,0.6617895530471564
Group 73,14.049305555555556,0.660578593206265
Group 73,14.099305555555556,0.6593620580438225
Group 73,14.123611111111112,0.6581443995802144
Group 73,14.146527777777775,0.6569244841036987
Group 73,14.154166666666669,0.6557000209460031
Group 73,14.188194444444443,0.6544686594043204
Group 73,14.424305555555556,0.6532291354281758
Group 73,14.805555555555555,0.6513663146997685
Group 73,14.855555555555556,0.6501208724154477
Group 73,14.859722222222222,0.6488718409602787
Group 73,14.869444444444444,0.6469928684478455
Group 73,14.93125,0.645725497500837
Group 73,14.938888888888888,0.6444493601539973
Group 73,15.2125,0.6431421606405004
Group 73,15.236805555555556,0.6418309635749745
Group 73,15.429166666666667,0.6405143872394361
Group 73,15.439583333333331,0.6391950991091798
Group 73,15.71527777777778,0.6378662111692439
Group 73,15.979166666666666,0.6365317630287225
Group 73,16.052777777777777,0.6351916961591884
Group 73,16.058333333333334,0.6338502142243221
Group 73,16.089583333333334,0.6325044600539944
Group 73,16.091666666666665,0.6311558364717896
Group 73,16.1125,0.6298028764793528
Group 73,16.11875,0.6284455426938369
Group 73,16.14375,0.6270837972058763
Group 73,16.15625,0.6257176015692621
Group 73,16.207638888888887,0.6243469167903591
Group 73,16.208333333333332,0.6229717033172526
Group 73,16.288194444444443,0.6215903913365048
Group 73,16.291666666666668,0.6202029127844144
Group 73,16.323611111111113,0.6188091983736629
Group 73,16.345833333333335,0.6174091775628627
Group 73,16.3875,0.6160059748865835
Group 73,16.418055555555554,0.614599568551226
Group 73,16.429861111111112,0.6131883181067915
Group 73,16.709027777777777,0.6117721788040045
Group 73,16.719444444444445,0.6103527537951785
Group 73,16.731944444444444,0.6089316763707427
Group 73,16.76527777777778,0.6075072747885889
Group 73,16.770833333333332,0.6060710873777412
Group 73,16.772916666666667,0.6046331963044844
Group 73,16.81111111111111,0.6031918776005405
Group 73,16.814583333333335,0.6017471066362279
Group 73,16.90625,0.6002971136081887
Group 73,16.927083333333332,0.5988418478782295
Group 73,16.959722222222222,0.5973812580053558
Group 73,16.960416666666667,0.5959170882553426
Group 73,16.979861111111113,0.5944493121758959
Group 73,16.995833333333334,0.5929779029873418
Group 73,17.023611111111112,0.5915009966287182
Group 73,17.027083333333334,0.590018537990551
Group 73,17.049305555555556,0.5885210290108797
Group 73,17.094444444444445,0.5870196998552397
Group 73,17.09861111111111,0.5855125889441865
Group 73,17.099305555555556,0.584001588714653
Group 73,17.100694444444443,0.5824847014712383
Group 73,17.104166666666668,0.5809598724097953
Group 73,17.134027777777778,0.579426996756999
Group 73,17.135416666666668,0.5778900551210389
Group 73,17.21875,0.5763239574106838
Group 73,17.25347222222222,0.5747557289551445
Group 73,17.29513888888889,0.5731810557251303
Group 73,17.355555555555554,0.5715976826430168
Group 73,17.360416666666666,0.5700099113023417
Group 73,17.364583333333332,0.5684154779840136
Group 73,17.372916666666665,0.5668120492731983
Group 73,17.398611111111112,0.5652040718284516
Group 73,17.418055555555554,0.5635868927960382
Group 73,17.419444444444444,0.5619650600110137
Group 73,17.439583333333335,0.5611482503307651
Group 73,17.525,0.5594953836140323
Group 73,17.759722222222223,0.5570050480786582
Group 73,17.774305555555557,0.5553348680244494
Group 73,17.80625,0.5536621726388335
Group 73,17.851388888888888,0.551984408479322
Group 73,17.863194444444446,0.5503040906452905
Group 73,17.893055555555556,0.548616041287483
Group 73,17.9625,0.5469201648074598
Group 73,17.979861111111113,0.5452083646046195
Group 73,18.030555555555555,0.5434938728920263
Group 73,18.054166666666667,0.5417712298717664
Group 73,18.070833333333333,0.5400458437893723
Group 73,18.101388888888888,0.5383121492667738
Group 73,18.319444444444443,0.5365586894971753
Group 73,18.825,0.5347994806791517
Group 73,18.882638888888888,0.5321431918678315
Group 73,18.975694444444443,0.5303664199417286
Group 73,18.988888888888887,0.5285746414959795
Group 73,19.119444444444444,0.5267798209815618
Group 73,19.185416666666665,0.524981937633502
Group 73,19.263194444444444,0.5231747708946604
Group 73,19.352083333333333,0.5213581918290539
Group 73,19.36180555555556,0.5195352610883928
Group 73,19.87361111111111,0.51678154062326
Group 73,19.93055555555556,0.5149424604075188
Group 73,20.093055555555555,0.5130665315900051
Group 73,20.15138888888889,0.5111767837756773
Group 73,20.1625,0.509276498334132
Group 73,20.18402777777778,0.507365517102109
Group 73,20.19375,0.5054436780221768
Group 73,20.25347222222222,0.5035145036785807
Group 73,20.29722222222222,0.5015741780382008
Group 73,20.34236111111111,0.49961872315306166
Group 73,20.344444444444445,0.4976555847516744
Group 73,20.346527777777776,0.4956807610026598
Group 73,20.370833333333334,0.49369406456577536
Group 73,20.37361111111111,0.4916993410725803
Group 73,20.396527777777777,0.4886827806979019
Group 73,20.402083333333334,0.4866592495148878
Group 73,20.41180555555556,0.4836176292054198
Group 73,20.43611111111111,0.48158134445087064
Group 73,20.83888888888889,0.47952769266216755
Group 73,21.106944444444444,0.47741523586629897
Group 73,21.11875,0.47529809513075
Group 73,21.181944444444444,0.47103533194572084
Group 73,21.18958333333333,0.46671390688199865
Group 73,21.26458333333333,0.4645330007750734
Group 73,21.32986111111111,0.4623103548383506
Group 73,21.945833333333333,0.46116602227686954
Group 73,22.013194444444444,0.45882507800135236
Group 73,22.025,0.45646608017101126
Group 73,22.04513888888889,0.4540699327685387
Group 73,22.11458333333333,0.45158187834240976
Group 73,22.256944444444443,0.4490449014977895
Group 73,22.291666666666668,0.4464789306320878
Group 73,22.29722222222222,0.4425965051483306
Group 73,22.29930555555556,0.43997759091668365
Group 73,22.30069444444445,0.4373271235015229
Group 73,22.38125,0.43463587966459044
Group 73,22.383333333333333,0.4319194054166867
Group 73,22.39027777777778,0.4291857382937963
Group 73,22.925,0.42641679804673954
Group 73,23.134722222222223,0.42353560346534264
Group 73,23.166666666666668,0.42062470584702416
Group 73,23.19305555555556,0.4176832743376044
Group 73,23.240972222222226,0.4117163704184958
Group 73,23.285416666666663,0.40865528216259617
Group 73,23.792361111111116,0.4040114721380212
Group 73,23.840972222222224,0.4008796002609823
Group 73,23.86805555555556,0.39768534049794657
Group 73,23.87152777777778,0.3928355192723619
Group 73,24.021527777777777,0.387820597749736
Group 73,24.06736111111111,0.3844482447258253
Group 73,24.100694444444443,0.3810309269949291
Group 73,24.156944444444445,0.3758818604139165
Group 73,24.30763888888889,0.3723524532738798
Group 73,24.89444444444445,0.3687373809119974
Group 73,24.89583333333333,0.36506835224620643
Group 73,25.096527777777776,0.3612655569103085
Group 73,25.965972222222224,0.3553753576128578
Group 73,26.105555555555554,0.3513823760666459
Group 73,27.01875,0.3472965344844756
Group 73,27.163194444444443,0.34094354909756447
Group 73,27.277083333333334,0.3361751078514447
Group 73,27.663194444444443,0.3313030048391049
Group 73,29.95625,0.3258718080384639
Group 73,30.17222222222222,0.32010416541831405
Group 73,31.006944444444443,0.3141763105031601
Group 73,31.360416666666666,0.3080757996196036
Group 73,32.761805555555554,0.3018520460919348
Group 73,38.2,0.29514422284544733
Group 73,46.09027777777778,0.2873772696126724
Group 73,47.15763888888889,0.2792821352573859
Group 73,48.71597222222222,0.2708190402495863
Group 73,51.94236111111111,0.2609710751496014
Group 73,62.052083333333336,0.24515464635265583
Group 73,62.05972222222222,0.22699504291912576
Group 73,64.08125,0.20635912992647795
Group 64,0.0020833333333333,0.9991091314031181
Group 64,1.95,0.9982178654518218
Group 64,5.001388888888889,0.9946512093894659
Group 64,5.002083333333333,0.9892916159845833
Group 64,5.002777777777778,0.9821260814188281
Group 64,5.003472222222222,0.9749343114862417
Group 64,5.004166666666666,0.974032012262284
Group 64,5.004861111111111,0.9677129908666992
Group 64,5.005555555555556,0.9668073165654669
Group 64,5.00625,0.961370724344855
Group 64,5.006944444444445,0.9550100484748986
Group 64,5.007638888888889,0.9458930074393388
Group 64,5.008333333333334,0.9422303046031748
Group 64,5.009027777777778,0.9358080922056847
Group 64,5.009722222222222,0.9293637669273377
Group 64,5.010416666666667,0.9182779168248246
Group 64,5.011111111111111,0.9117653074856416
Group 64,5.011805555555555,0.9014945257320911
Group 64,5.0125,0.8949211281486279
Group 64,5.013194444444444,0.8845588835069069
Group 64,5.013888888888889,0.8731880140885
Group 64,5.014583333333333,0.8645992795236951
Group 64,5.0152777777777775,0.8569224823692118
Group 64,5.015972222222223,0.8463134251873756
Group 64,5.016666666666667,0.8356251959370185
Group 64,5.017361111111111,0.8209565266110321
Group 64,5.018055555555556,0.8120866481722575
Group 64,5.01875,0.8001952024394118
Group 64,5.019444444444445,0.793210955036574
Group 64,5.020138888888889,0.7821802085063562
Group 64,5.020833333333333,0.7720810450653445
Group 64,5.021527777777778,0.7639485258283164
Group 64,5.022222222222222,0.7578123930907396
Group 64,5.022916666666666,0.7495976246019511
Group 64,5.023611111111111,0.7413432804907115
Group 64,5.024305555555555,0.7351178645593689
Group 64,5.025,0.7246980507456287
Group 64,5.0256944444444445,0.7131448934149013
Group 64,5.026388888888889,0.7046928057892432
Group 64,5.027083333333334,0.6940478993573814
Group 64,5.027777777777778,0.6854595262794866
Group 64,5.028472222222222,0.681138268430601
Group 64,5.029166666666667,0.676806705515303
Group 64,5.029861111111111,0.6670294015833002
Group 64,5.030555555555556,0.6571637243207699
Group 64,5.03125,0.6472066981946977
Group 64,5.031944444444444,0.6371551705264452
Group 64,5.032638888888889,0.6292681922882752
Group 64,5.033333333333333,0.6224591586476447
Group 64,5.034027777777778,0.6178864559211238
Group 64,5.034722222222222,0.6132967700832697
Group 64,5.035416666666666,0.6006277288233335
Group 64,5.036111111111111,0.5924559229890024
Group 64,5.036805555555556,0.584219197148043
Group 64,5.0375,0.5723689091734377
Group 64,5.038194444444445,0.5651693002530171
Group 64,5.038888888888889,0.5579235399933631
Group 64,5.039583333333334,0.5494056233522431
Group 64,5.040277777777778,0.5457265678387235
Group 64,5.040972222222222,0.5408045694816663
Group 64,5.041666666666667,0.5383294913604687
Group 64,5.042361111111111,0.5308785641444068
Group 64,5.043055555555555,0.5283773694959055
Group 64,5.04375,0.5221095477937002
Group 64,5.044444444444444,0.5208484136202856
Group 64,5.045138888888889,0.5183230879784901
Group 64,5.0465277777777775,0.5157885007512115
Group 64,5.047222222222223,0.5119678451900914
Group 64,5.047916666666667,0.5106847177585373
Group 64,5.048611111111111,0.5081152349018906
Group 64,5.05,0.5068272368413028
Group 64,5.050694444444445,0.5055376001063376
Group 64,5.051388888888889,0.504246316325734
Group 64,5.052083333333333,0.502951717310777
Group 64,5.052777777777778,0.4990629153728071
Group 64,5.053472222222222,0.497759879040241
Group 64,5.054861111111111,0.49645342266480735
Group 64,5.055555555555555,0.49383361568504586
Group 64,5.058333333333334,0.49120334343106425
Group 64,5.061805555555556,0.48988290433581944
Group 64,5.063194444444444,0.4885606832714852
Group 64,5.064583333333333,0.4872348740902872
Group 64,5.065972222222222,0.4859054474215552
Group 64,5.066666666666666,0.48457419962040027
Group 64,5.067361111111111,0.48323928446993086
Group 64,5.06875,0.48190067149355986
Group 64,5.069444444444445,0.4792197219998544
Group 64,5.071527777777778,0.47787170590421485
Group 64,5.072916666666667,0.4765217858310391
Group 64,5.075,0.47381811612419633
Group 64,5.075694444444444,0.47245852325153004
Group 64,5.077083333333333,0.4710969713113239
Group 64,5.08125,0.4697334489631001
Group 64,5.083333333333333,0.468367944750998
Group 64,5.084722222222222,0.46700044710209
Group 64,5.085416666666666,0.4642574195126504
Group 64,5.086805555555555,0.4628757010021961
Group 64,5.0875,0.4614835936307609
Group 64,5.089583333333334,0.4600872741341474
Group 64,5.090972222222222,0.45728613395677054
Group 64,5.09375,0.45588126104138876
Group 64,5.095138888888889,0.45447422011224864
Group 64,5.096527777777778,0.45306717918310857
Group 64,5.099305555555556,0.45165575494889326
Group 64,5.103472222222222,0.45024212191305946
Group 64,5.118055555555555,0.44882626618377314
Group 64,5.122222222222222,0.4474104104544868
Group 64,5.1402777777777775,0.4417380122236851
Group 64,5.14375,0.44031074885624183
Group 64,5.152777777777778,0.4388811685028125
Group 64,5.15625,0.437449256044402
Group 64,5.169444444444444,0.436012641082023
Group 64,5.173611111111111,0.434568890614864
Group 64,5.188194444444444,0.4331227379006714
Group 64,5.194444444444445,0.43167174045376805
Group 64,5.460416666666666,0.4302158492549357
Group 64,5.474305555555556,0.42875995805610345
Group 64,5.4840277777777775,0.427301590851831
Group 64,5.501388888888889,0.42584073071216666
Group 64,5.822916666666667,0.4243697782744735
Group 64,5.848611111111111,0.42289882583678035
Group 64,5.852083333333334,0.42141756900372684
Group 64,5.8625,0.419931087278846
Group 64,5.93125,0.41844196994807
Group 64,5.952083333333333,0.4169528526172939
Group 64,6.298611111111111,0.4154610713914717
Group 64,6.319444444444445,0.4139666071058909
Group 64,6.327083333333333,0.4124694403532475
Group 64,6.365277777777778,0.4109722736006042
Group 64,6.374305555555556,0.40946963274648857
Group 64,6.377777777777778,0.40796422968492063
Group 64,6.379861111111111,0.4064560439929246
Group 64,6.388888888888889,0.4049450549817985
Group 64,6.39375,0.4034340659706724
Group 64,6.397916666666666,0.40192024208335275
Group 64,6.4840277777777775,0.4004035619245477
Group 64,6.4875,0.3988840038147771
Group 64,6.502083333333333,0.3973615457849497
Group 64,6.505555555555556,0.39583616557080403
Group 64,6.793055555555555,0.3943078406072102
Group 64,6.810416666666667,0.3927675756048383
Group 64,6.8125,0.391224284541558
Group 64,6.814583333333333,0.3881316024503204
Group 64,6.815972222222222,0.38502654963071786
Group 64,6.816666666666666,0.3834677376888931
Group 64,6.865972222222222,0.3819057509773294
Group 64,6.891666666666667,0.3787753759693185
Group 64,6.892361111111111,0.3772036939113545
Group 64,6.893055555555556,0.37247880421726653
Group 64,6.89375,0.36930877184094935
Group 64,6.929166666666666,0.3677169236864625
Group 64,6.9319444444444445,0.36612162249910263
Group 64,7.060416666666667,0.36451933968729033
Group 64,7.080555555555556,0.3629064222550456
Group 64,7.081944444444445,0.3612935048228009
Group 64,7.083333333333333,0.3596805873905563
Group 64,7.084722222222222,0.35806766995831163
Group 64,7.315972222222222,0.356454752526067
Group 64,7.330555555555556,0.35483817768467896
Group 64,7.343055555555556,0.35322160284329096
Group 64,7.34375,0.3516050280019029
Group 64,7.345833333333333,0.3499847283336914
Group 64,7.347222222222222,0.3483606692694979
Group 64,7.35,0.3467328156747806
Group 64,7.3625,0.345101131836311
Group 64,7.364583333333333,0.3434694479978414
Group 64,7.365972222222222,0.34183776415937184
Group 64,7.372916666666667,0.34020608032090227
Group 64,7.388194444444444,0.3385743964824327
Group 64,7.3902777777777775,0.33530314627487295
Group 64,7.391666666666667,0.33365950340097644
Group 64,7.394444444444445,0.3320118021496136
Group 64,7.4006944444444445,0.33036000213891903
Group 64,7.447222222222222,0.3287040622785736
Group 64,7.448611111111111,0.3270439407519142
Group 64,7.452083333333333,0.32537959499745145
Group 64,7.7027777777777775,0.32371098168977225
Group 64,7.704861111111111,0.3220380567197993
Group 64,7.70625,0.32036077517438366
Group 64,7.718055555555556,0.31867909131520056
Group 64,7.719444444444444,0.31699295855691906
Group 64,7.720138888888889,0.31530232944461556
Group 64,7.909027777777778,0.3136071556303972
Group 64,7.979861111111111,0.3110575039586053
Group 64,7.989583333333333,0.3093577361774108
Group 64,8.097222222222221,0.30764857741399965
Group 64,8.331944444444444,0.30593465776266815
Group 64,8.363888888888889,0.3042159237302936
Group 64,8.365277777777777,0.3024923207629832
Group 64,8.36875,0.30075884041477124
Group 64,8.372916666666667,0.2990102425053831
Group 64,8.374305555555555,0.29725651674288817
Group 64,8.379861111111111,0.2954976024426344
Group 64,8.384722222222223,0.2937334376519321
Group 64,8.385416666666666,0.2901944805717883
Group 64,8.38888888888889,0.2884195907823584
Group 64,8.390277777777778,0.28664470099292855
Group 64,8.395833333333334,0.28486981120349864
Group 64,8.402083333333334,0.2830949214140688
Group 64,8.504166666666666,0.28132003162463887
Group 64,8.50625,0.2795281842894501
Group 64,8.50763888888889,0.2777189403781915
Group 64,8.521527777777777,0.27590378390513143
Group 64,8.531944444444445,0.2740826368166487
Group 64,8.692361111111111,0.27225541923787105
Group 64,9.006944444444445,0.2704096197854109
Group 64,9.066666666666666,0.26855749910194915
Group 64,9.07013888888889,0.26670537841848746
Group 64,9.15,0.26485325773502577
Group 64,9.152083333333334,0.263001137051564
Group 64,9.15277777777778,0.26114901636810234
Group 64,9.309722222222222,0.2592968956846406
Group 64,9.315277777777778,0.2574381365757902
Group 64,9.359027777777778,0.2555590260898355
Group 64,9.365972222222222,0.25367298161684776
Group 64,9.368055555555555,0.25178693714386
Group 64,9.373611111111112,0.24989380227811672
Group 64,9.375,0.2480006674123734
Group 64,9.379166666666666,0.2461002791563399
Group 64,9.397916666666667,0.2441998909003064
Group 64,9.403472222222222,0.24229207925264773
Group 64,9.42986111111111,0.24037672684748848
Group 64,9.498611111111112,0.23844599008566128
Group 64,9.50347222222222,0.236507404800412
Group 64,9.506944444444445,0.23456084179793946
Group 64,9.50763888888889,0.23260616811628995
Group 64,9.526388888888889,0.23063492940344008
Group 64,10.074305555555556,0.22862940827819278
Group 64,10.077083333333333,0.22662388715294549
Group 64,10.098611111111111,0.2246183660276982
Group 64,10.123611111111112,0.22261284490245087
Group 64,10.124305555555557,0.22060732377720355
Group 64,10.131944444444445,0.21860180265195625
Group 64,10.133333333333333,0.21659628152670896
Group 64,10.134027777777778,0.21459076040146166
Group 64,10.140277777777778,0.21258523927621434
Group 64,10.141666666666667,0.21057971815096702
Group 64,10.143055555555556,0.20857419702571975
Group 64,10.15,0.20656867590047245
Group 64,10.29375,0.20454349280340897
Group 64,10.316666666666666,0.2025082341685492
Group 64,10.325694444444444,0.20045231300947766
Group 64,10.332638888888887,0.19837508696792866
Group 64,10.336805555555555,0.19628692815773993
Group 64,10.346527777777778,0.1941876027228978
Group 64,10.350694444444445,0.19208827728805566
Group 64,10.356944444444444,0.1899889518532135
Group 64,10.373611111111112,0.18788962641837137
Group 64,10.376388888888888,0.18577850702041213
Group 64,10.407638888888888,0.18365532408303598
Group 64,10.436111111111112,0.18150730859668468
Group 64,10.449305555555556,0.17934650730386703
Group 64,10.45486111111111,0.17718570601104933
Group 64,10.460416666666667,0.17501164826858245
Group 64,10.4625,0.17282400266522518
Group 64,10.693055555555556,0.1705795350981443
Group 64,10.698611111111113,0.16832020350744042
Group 64,10.7,0.1660456061627453
Group 64,10.70138888888889,0.16375532193981088
Group 64,10.702083333333333,0.16144890895474312
Group 64,10.70625,0.1591259030705022
Group 64,10.707638888888887,0.1567858162606419
Group 64,10.975694444444445,0.15442813481311343
Group 64,12.490277777777775,0.15199619568219827
Group 64,12.720138888888888,0.1495642565512831
Group 64,13.125694444444443,0.14711238349306535
Group 64,13.681944444444444,0.14461895326436933
Group 64,13.684722222222222,0.14210384103368462
Group 64,13.686111111111112,0.13956627244379738
Group 64,13.686805555555557,0.13700542340813138
Group 64,13.688194444444443,0.13442041541929872
Group 64,14.020138888888887,0.13181031026552595
Group 64,14.42986111111111,0.1290925719095357
Group 64,14.6125,0.12634592144337536
Group 64,14.685416666666669,0.12353823430018923
Group 64,14.691666666666666,0.12069827489098951
Group 64,14.70138888888889,0.11782450644120405
Group 64,14.703472222222222,0.11491525936858174
Group 64,14.775694444444444,0.11196871425656682
Group 64,14.900694444444444,0.10898288187639173
Group 64,14.90277777777778,0.1059555796020475
Group 64,14.94513888888889,0.10288440338169828
Group 64,14.948611111111113,0.09976669418831348
Group 64,15.15625,0.09654841373062596
Group 64,17.104166666666668,0.09327558614653693
Group 64,17.143055555555556,0.08994431521273205
Group 64,34.87291666666667,0.0835197212689655
Group 64,41.62361111111111,0.0730797561103448
Group 64,49.83263888888889,0.06495978320919538
Group 64,51.09444444444444,0.05629847878130267
Group 64,78.86180555555555,0.04606239173015673
Group 72,5.0125,0.9990990990990991
Group 72,5.017361111111111,0.9981969780163911
Group 72,5.027083333333334,0.9963911037911239
Group 72,5.029166666666667,0.9954873476879121
Group 72,5.034027777777778,0.994582770361526
Group 72,5.035416666666666,0.9936777814894956
Group 72,5.0375,0.9927723803218513
Group 72,5.040972222222222,0.9918665661062291
Group 72,5.05625,0.9909582633900147
Group 72,5.058333333333334,0.9900482925329072
Group 72,5.065277777777778,0.9891374845360968
Group 72,5.065972222222222,0.9882258370849115
Group 72,5.06875,0.9873137689380864
Group 72,5.069444444444445,0.9864008574550184
Group 72,5.070833333333334,0.9854875233277453
Group 72,5.073611111111111,0.9845729177376499
Group 72,5.074305555555555,0.9836578871449569
Group 72,5.076388888888889,0.9827411509966392
Group 72,5.08125,0.9818239870666376
Group 72,5.0881944444444445,0.9809038146326483
Group 72,5.089583333333334,0.979983642198659
Group 72,5.097916666666666,0.9790626049409534
Group 72,5.10625,0.9781398315149958
Group 72,5.108333333333333,0.9767543643315469
Group 72,5.1375,0.9758280918191414
Group 72,5.141666666666667,0.9749013794812316
Group 72,5.142361111111111,0.9730461913185651
Group 72,5.144444444444445,0.972116825328767
Group 72,5.147222222222222,0.9707214423259027
Group 72,5.153472222222222,0.9697894006145961
Group 72,5.157638888888889,0.9688564622782665
Group 72,5.160416666666666,0.9679226247242634
Group 72,5.165972222222222,0.9669878853474171
Group 72,5.170833333333333,0.966052693968938
Group 72,5.180555555555555,0.9651111221424575
Group 72,5.186805555555556,0.9641677095108423
Group 72,5.211111111111111,0.9632224470505375
Group 72,5.213888888888889,0.9622767205438605
Group 72,5.217361111111111,0.9613305290782324
Group 72,5.229166666666667,0.9603810668272909
Group 72,5.240277777777778,0.9594301944838974
Group 72,5.245833333333334,0.9584788507114792
Group 72,5.246527777777778,0.9575265617390882
Group 72,5.274305555555555,0.9565737989910892
Group 72,5.288888888888889,0.9556196106629186
Group 72,5.294444444444444,0.9546649457172014
Group 72,5.321527777777778,0.9532322319417378
Group 72,5.33125,0.9522751714679007
Group 72,5.386805555555555,0.9513142479850876
Group 72,5.422916666666667,0.9498721344206837
Group 72,5.423611111111111,0.9484248939924145
Group 72,5.54375,0.9474541417979494
Group 72,5.567361111111111,0.9464823939602078
Group 72,5.5881944444444445,0.9455091472826138
Group 72,5.588888888888889,0.944046265672584
Group 72,5.656944444444444,0.9430700027297995
Group 72,5.669444444444444,0.9420922214931693
Group 72,5.670833333333333,0.9411139325819614
Group 72,5.698611111111111,0.9396449722293361
Group 72,5.71875,0.9386600194282572
Group 72,5.733333333333333,0.9376740320128913
Group 72,5.734722222222223,0.9366875259297637
Group 72,5.759722222222222,0.9357005000857913
Group 72,5.772916666666666,0.9342191800328851
Group 72,5.777083333333334,0.9322346464587313
Group 72,5.822222222222222,0.9312392010273819
Group 72,5.823611111111111,0.9302437555960325
Group 72,5.834027777777778,0.9287489879116253
Group 72,5.85,0.9272518106070928
Group 72,5.8875,0.9262526168456627
Group 72,5.888194444444444,0.9252528838539242
Group 72,5.892361111111111,0.9242515279190174
Group 72,5.893055555555556,0.9232479974869663
Group 72,5.895138888888889,0.9222433750740316
Group 72,5.896527777777778,0.920233035291854
Group 72,5.897222222222222,0.9192256647004015
Group 72,5.9,0.9182177418224404
Group 72,5.905555555555556,0.9172092654448211
Group 72,5.909027777777778,0.9162002343497223
Group 72,5.913888888888889,0.9151906473146262
Group 72,5.915972222222222,0.9141799453297399
Group 72,5.916666666666667,0.9131686843282689
Group 72,5.918055555555555,0.9121568630713955
Group 72,5.939583333333333,0.9106382889375363
Group 72,5.957638888888889,0.9096202472506302
Group 72,5.9625,0.9086010649007695
Group 72,5.965277777777778,0.907578441304933
Group 72,5.968055555555556,0.9065552412583661
Group 72,5.970833333333333,0.9055308850535544
Group 72,5.983333333333333,0.9045053687624405
Group 72,5.986805555555556,0.9034728283871408
Group 72,6.004166666666666,0.9024355461501866
Group 72,6.004861111111111,0.90139766743121
Group 72,6.005555555555556,0.9003579930743112
Group 72,6.007638888888889,0.8993171167817396
Group 72,6.011111111111111,0.897753993172038
Group 72,6.0125,0.8956661931879168
Group 72,6.020138888888889,0.8946186303888667
Group 72,6.020833333333333,0.8935704539033497
Group 72,6.027083333333334,0.8925210464413375
Group 72,6.042361111111111,0.8914697849025374
Group 72,6.050694444444445,0.8904172822048956
Group 72,6.058333333333334,0.8893578922201189
Group 72,6.116666666666666,0.8882978708944691
Group 72,6.132638888888889,0.8867068896331656
Group 72,6.163888888888889,0.8856359875925458
Group 72,6.178472222222222,0.884562489425767
Group 72,6.250694444444444,0.8829473418492135
Group 72,6.261805555555555,0.8818686034963128
Group 72,6.26875,0.8807872195557901
Group 72,6.274305555555555,0.879162150885023
Group 72,6.280555555555556,0.8775280204930435
Group 72,6.4006944444444445,0.8764338459039
Group 72,6.493055555555555,0.8753348692946162
Group 72,6.729166666666667,0.8742275513068938
Group 72,6.777777777777778,0.8731160096014813
Group 72,6.85,0.8714476350608416
Group 72,6.895833333333333,0.8703339639617222
Group 72,6.915972222222222,0.8692195798849467
Group 72,6.922222222222223,0.8681008931669479
Group 72,6.947222222222222,0.8669814851809171
Group 72,6.979166666666667,0.8658591790512331
Group 72,6.992361111111111,0.8647354163269615
Group 72,7.028472222222222,0.8636101913219818
Group 72,7.052777777777778,0.8624820264737493
Group 72,7.0569444444444445,0.8613464346021578
Group 72,7.0625,0.8602070874664406
Group 72,7.090277777777778,0.8584946645982261
Group 72,7.116666666666666,0.8573423227665506
Group 72,7.222222222222222,0.8561884300037423
Group 72,7.274305555555555,0.8550227548097277
Group 72,7.278472222222222,0.8538554882502605
Group 72,7.28125,0.852686623789959
Group 72,7.5881944444444445,0.8515080659132623
Group 72,7.590277777777778,0.8503270561131053
Group 72,7.634027777777778,0.8491435807392527
Group 72,7.769444444444445,0.8479584536202864
Group 72,7.788194444444445,0.8467716678209579
Group 72,7.815277777777778,0.8455840497735231
Group 72,7.826388888888889,0.8443947613772173
Group 72,7.902777777777778,0.8432012705484155
Group 72,7.908333333333333,0.8420069344711515
Group 72,8.006944444444445,0.8408074943935572
Group 72,8.036111111111111,0.8396063408301379
Group 72,8.077083333333333,0.8383974044142557
Group 72,8.119444444444444,0.8371867222418163
Group 72,8.131944444444445,0.8359716471732506
Group 72,8.224305555555556,0.8347521407587016
Group 72,8.274305555555555,0.8335317428920953
Group 72,8.79375,0.831686285158755
Group 72,8.883333333333333,0.8304486567582211
Group 72,8.91388888888889,0.8292091811511193
Group 72,8.928472222222222,0.8279669202055745
Group 72,8.964583333333334,0.8267237266316922
Group 72,8.970138888888888,0.8254786607783313
Group 72,9.027083333333334,0.8242326552526282
Group 72,9.041666666666666,0.8229847632688997
Group 72,9.153472222222222,0.8217359244778999
Group 72,9.171527777777778,0.8204832782515616
Group 72,9.23263888888889,0.8192296750762346
Group 72,9.25625,0.8179722235411981
Group 72,9.555555555555555,0.8167069919502604
Group 72,9.653472222222222,0.8147943292056462
Group 72,9.654861111111112,0.8135132060465178
Group 72,9.700694444444444,0.8122270191594878
Group 72,9.720833333333331,0.8109387923249763
Group 72,9.740277777777775,0.8096474885155416
Group 72,10.047916666666667,0.8076933916003793
Group 72,10.063888888888888,0.8057392946852171
Group 72,10.070833333333333,0.8044248749548987
Group 72,10.106944444444444,0.8031083039647925
Group 72,10.140972222222222,0.8017852260340432
Group 72,10.194444444444445,0.8004489173239865
Group 72,10.239583333333334,0.7991081318678324
Group 72,10.241666666666667,0.7970935735521992
Group 72,10.89375,0.7957356628647168
Group 72,10.907638888888888,0.7943754309623838
Group 72,10.96527777777778,0.7930140334800148
Group 72,11.0,0.7916479455670431
Group 72,11.168055555555556,0.7902783124432247
Group 72,11.295833333333333,0.7888979136441973
Group 72,11.40277777777778,0.787516306089654
Group 72,11.45486111111111,0.7861322704023259
Group 72,11.574305555555556,0.7847384188590595
Group 72,12.00347222222222,0.7833295527569786
Group 72,12.009722222222225,0.7819194185485953
Group 72,12.022916666666667,0.7805041797819914
Group 72,12.029166666666669,0.7790850812732969
Group 72,12.116666666666667,0.7776581855200491
Group 72,12.172222222222222,0.7762260341655002
Group 72,12.247222222222222,0.7747925604181956
Group 72,12.7875,0.773351085887185
Group 72,12.91388888888889,0.7718974184325099
Group 72,12.919444444444444,0.770442380885983
Group 72,13.052777777777775,0.7689790525272252
Group 72,13.05625,0.7675087292910354
Group 72,13.067361111111111,0.7660369963489625
Group 72,13.208333333333334,0.7645524285265808
Group 72,13.252083333333331,0.7630474040609773
Group 72,13.752083333333331,0.7615304112099615
Group 72,13.752777777777778,0.7600088719268246
Group 72,13.759027777777778,0.758481215902851
Group 72,13.845138888888888,0.7569473812903074
Group 72,13.896527777777775,0.7554088703527254
Group 72,13.96875,0.753860901356101
Group 72,14.068055555555556,0.7523017267927998
Group 72,14.172222222222222,0.7507393140684119
Group 72,14.195833333333333,0.7491736429233266
Group 72,14.922222222222222,0.7475997487155044
Group 72,15.127777777777778,0.7452364196890066
Group 72,15.13125,0.7436608670046746
Group 72,15.166666666666666,0.7420802913043458
Group 72,15.292361111111113,0.7404929537828392
Group 72,15.582638888888887,0.7388987816541356
Group 72,15.779861111111112,0.7373028879572584
Group 72,15.989583333333334,0.7357035324519281
Group 72,15.999305555555557,0.7341024366250469
Group 72,16.013194444444444,0.7324925628605183
Group 72,16.06875,0.730880918057745
Group 72,16.086111111111112,0.7292657116089986
Group 72,16.229861111111113,0.7260281279836533
Group 72,16.347916666666666,0.7244039039836899
Group 72,16.775694444444444,0.7227778570611676
Group 72,16.99513888888889,0.7211444607740237
Group 72,17.040277777777778,0.7194998895978002
Group 72,17.195833333333333,0.7178439634997615
Group 72,17.405555555555555,0.7161803621938524
Group 72,17.4125,0.7145128875438085
Group 72,17.419444444444444,0.7128434649093603
Group 72,17.785416666666666,0.7111602453936358
Group 72,17.93611111111111,0.7094629655716939
Group 72,18.00138888888889,0.7077388757404139
Group 72,18.08055555555556,0.7060063448328486
Group 72,18.125694444444445,0.7042652687666764
Group 72,18.31458333333333,0.7025046055947597
Group 72,18.810416666666665,0.7007417333097039
Group 72,18.98333333333333,0.698963200991659
Group 72,19.028472222222224,0.697182403027349
Group 72,19.04652777777778,0.6953901603460447
Group 72,19.10763888888889,0.6926913628285309
Group 72,19.169444444444444,0.690870886185092
Group 72,19.965972222222224,0.6890455998279319
Group 72,20.102083333333333,0.6872081448950573
Group 72,20.133333333333333,0.6853608111722211
Group 72,20.197222222222223,0.6835084846555396
Group 72,20.257638888888888,0.6816460637164236
Group 72,20.350694444444443,0.679770833829996
Group 72,20.49652777777778,0.677890416585653
Group 72,20.89930555555556,0.6760047686952896
Group 72,20.914583333333333,0.674116487218487
Group 72,20.98611111111111,0.672225557380567
Group 72,21.053472222222226,0.6703158256834632
Group 72,21.11875,0.6683978977129812
Group 72,21.14375,0.6664716789875835
Group 72,21.339583333333334,0.6645172165858604
Group 72,21.426388888888887,0.6625482766848653
Group 72,22.05625,0.660549639349466
Group 72,22.1,0.6585418896857897
Group 72,22.165972222222223,0.6565249160573494
Group 72,22.18125,0.6545017267936905
Group 72,22.26388888888889,0.6514669428982018
Group 72,22.884027777777774,0.649415078511121
Group 72,23.086111111111112,0.6473269271332718
Group 72,23.134027777777774,0.6452286226693065
Group 72,23.23125,0.6431269007713608
Group 72,23.247222222222224,0.6410217390667082
Group 72,23.80555555555556,0.6388991505267523
Group 72,24.00555555555556,0.6367515903569144
Group 72,24.075694444444444,0.6335138704059471
Group 72,24.16875,0.6313443023566117
Group 72,24.781944444444445,0.6291634930220464
Group 72,24.87361111111111,0.6269788975601643
Group 72,24.929166666666667,0.6247595032325177
Group 72,25.022222222222226,0.6225242277290025
Group 72,25.030555555555555,0.6202768478455042
Group 72,25.226388888888888,0.6180171871976153
Group 72,25.377777777777776,0.6157408807990974
Group 72,25.825,0.61346035901836
Group 72,25.99375,0.6111584439751392
Group 72,26.05208333333333,0.6088390570909831
Group 72,26.222916666666663,0.6064973684098639
Group 72,26.747222222222224,0.6041511503502512
Group 72,26.954166666666666,0.6017819301527993
Group 72,26.97430555555556,0.5993891590587523
Group 72,27.00625,0.5969916024225174
Group 72,27.04652777777778,0.5945549020044663
Group 72,27.225,0.5920827402497699
Group 72,27.311805555555555,0.58957391507922
Group 72,28.23472222222222,0.5870105502310495
Group 72,28.68888888888889,0.5844415762694256
Group 72,28.94305555555556,0.5818324620896514
Group 72,28.945138888888888,0.5792115951433017
Group 72,29.054166666666667,0.5765788151653776
Group 72,29.84513888888889,0.5739278780841575
Group 72,30.102777777777774,0.5712584460930684
Group 72,30.85,0.5685827625048104
Group 72,30.87152777777778,0.5658944279303196
Group 72,30.918055555555554,0.5631932612098886
Group 72,31.21736111111111,0.5604790768185155
Group 72,31.225,0.5577583046009499
Group 72,31.542361111111116,0.5550039426029205
Group 72,32.12222222222222,0.5521937960580956
Group 72,32.293055555555554,0.5493547534048406
Group 72,32.772222222222226,0.5464710014184634
Group 72,33.115972222222226,0.5435090989717508
Group 72,33.144444444444446,0.5405391038954025
Group 72,33.28125,0.537560927014436
Group 72,33.93402777777778,0.5345493812048314
Group 72,34.270833333333336,0.5314772583243439
Group 72,35.03125,0.5283782655644351
Group 72,35.16875,0.5252609896614002
Group 72,35.763888888888886,0.5221251031559591
Group 72,35.94027777777778,0.5189607085913774
Group 72,36.24166666666667,0.5157273085378486
Group 72,36.37152777777778,0.512452849436021
Group 72,37.77986111111111,0.509136002514105
Group 72,37.9625,0.5057642409080513
Group 72,38.076388888888886,0.5023812025073285
Group 72,38.17777777777778,0.49896364330659837
Group 72,38.21388888888889,0.495534339916175
Group 72,38.94305555555555,0.4920074051125012
Group 72,39.06944444444444,0.4884550050755878
Group 72,39.13541666666666,0.48465379881040815
Group 72,39.22291666666667,0.48080734008969067
Group 72,39.96180555555556,0.47496757482544344
Group 72,40.989583333333336,0.4709762506672464
Group 72,42.234722222222224,0.46686292096709575
Group 72,42.94722222222222,0.4627313906930507
Group 72,44.891666666666666,0.4584468407792261
Group 72,45.821527777777774,0.4541218705831957
Group 72,45.97291666666667,0.4497762067498636
Group 72,46.009027777777774,0.44536663609545324
Group 72,46.01736111111112,0.4409351272785831
Group 72,46.07222222222222,0.4364357892451281
Group 72,46.27569444444445,0.4318417283057057
Group 72,46.706944444444446,0.4272231001954842
Group 72,46.78680555555555,0.4225793708455333
Group 72,46.88194444444444,0.417909985532323
Group 72,46.90555555555556,0.4131878388031442
Group 72,46.918055555555554,0.4084111007822986
Group 72,47.02222222222223,0.40349048511022273
Group 72,47.040277777777774,0.3984781809473628
Group 72,47.04583333333333,0.39336948631983254
Group 72,49.7875,0.3878290710195532
Group 72,49.98680555555556,0.38224879661639416
Group 72,51.86180555555556,0.3765435906967465
Group 72,54.107638888888886,0.3704703069758312
Group 72,54.11388888888889,0.36402734511538193
Group 72,54.37638888888889,0.35740866611328403
Group 72,60.13472222222222,0.35026049279101834
Group 72,62.02361111111111,0.3426461342520832
Group 72,68.92916666666666,0.33458387226968117
Group 72,69.05972222222222,0.3261133944907019
Group 72,71.04097222222222,0.3172995189639262
Group 72,72.92847222222223,0.3081024314577254
Group 72,78.10972222222222,0.29832140188763895
Group 72,79.04097222222222,0.2882088119931427
Group 72,79.93402777777777,0.2769065056404705
Group 72,92.34305555555557,0.2645995498342274
Group 72,94.09027777777776,0.251369572342516
Group 72,114.32222222222222,0.22742961307180018
Group 72,124.01805555555556,0.18194369045744016
Group 66,5.015972222222223,0.999054820415879
Group 66,5.034722222222222,0.9981037925049643
Group 66,5.036111111111111,0.9971518575574154
Group 66,5.0375,0.99619946800865
Group 66,5.038194444444445,0.9952466229890339
Group 66,5.044444444444444,0.9942910333366201
Group 66,5.050694444444445,0.9933340641033798
Group 66,5.060416666666667,0.9923747844663895
Group 66,5.063194444444444,0.9909344727327664
Group 66,5.068055555555556,0.9899737994678776
Group 66,5.071527777777778,0.9890117258046435
Group 66,5.076388888888889,0.9880487153608221
Group 66,5.078472222222223,0.9870852353848486
Group 66,5.08125,0.9861193985596188
Group 66,5.084722222222222,0.9851526148355407
Group 66,5.091666666666667,0.984183929865201
Group 66,5.096527777777778,0.9832147679450974
Group 66,5.114583333333333,0.9812716557554826
Group 66,5.121527777777778,0.9802986546094683
Group 66,5.125694444444444,0.9793251703447121
Group 66,5.147222222222222,0.9783492608575723
Group 66,5.193055555555556,0.9773684595935548
Group 66,5.215277777777778,0.9763866730947165
Group 66,5.215972222222222,0.9754043927394904
Group 66,5.23125,0.973929486903695
Group 66,5.2444444444444445,0.972449350905361
Group 66,5.286111111111111,0.9714610893698881
Group 66,5.29375,0.9704713175009427
Group 66,5.302777777777778,0.969480535145148
Group 66,5.425694444444445,0.9684867057908217
Group 66,5.448611111111111,0.9674923662571556
Group 66,5.454861111111111,0.9664970037404302
Group 66,5.4631944444444445,0.9655011284145771
Group 66,5.493055555555555,0.9645037098934878
Group 66,5.526388888888889,0.9635042241837535
Group 66,5.581944444444445,0.9625037005864703
Group 66,5.613888888888889,0.9615026566961048
Group 66,5.630555555555556,0.9604995240339284
Group 66,5.652777777777778,0.9594958672690027
Group 66,5.73125,0.9584916853043046
Group 66,5.74375,0.9574864501859991
Group 66,5.784027777777778,0.9564801585935808
Group 66,5.7965277777777775,0.9554733373740085
Group 66,5.802083333333333,0.9544643898160634
Group 66,5.816666666666666,0.9534527688411657
Group 66,5.886111111111111,0.9524357525544017
Group 66,5.927083333333333,0.9514149210940005
Group 66,5.941666666666666,0.9503918942971252
Group 66,5.975694444444445,0.9493677651006843
Group 66,5.977083333333334,0.9483430832171434
Group 66,6.015972222222223,0.9473145115433721
Group 66,6.022916666666666,0.9462825785242618
Group 66,6.051388888888889,0.9452432786027634
Group 66,6.098611111111111,0.9441999637257183
Group 66,6.191666666666666,0.9431549167265754
Group 66,6.208333333333333,0.9421092904330869
Group 66,6.218055555555556,0.9410625023326057
Group 66,6.225,0.9400145485438166
Group 66,6.235416666666667,0.9389654251637455
Group 66,6.305555555555555,0.9379151282675892
Group 66,6.519444444444445,0.9368624738026423
Group 66,6.538888888888889,0.9358086352494336
Group 66,6.550694444444445,0.9347542029843638
Group 66,6.572916666666667,0.9336985799431619
Group 66,6.768055555555556,0.932642359830104
Group 66,6.874305555555556,0.9315813332546431
Group 66,6.938194444444444,0.930515450722315
Group 66,7.020833333333333,0.929445277691007
Group 66,7.11875,0.9283726345546066
Group 66,7.189583333333333,0.9272962604855578
Group 66,7.206944444444445,0.9256807617739105
Group 66,7.215972222222222,0.924601879767181
Group 66,7.26875,0.9235217373842753
Group 66,7.511111111111111,0.9224415950013698
Group 66,7.63125,0.9213601863319661
Group 66,7.64375,0.9202781426604077
Group 66,7.678472222222222,0.9191909859650027
Group 66,7.69375,0.9181012515418077
Group 66,7.697916666666667,0.9170102221282108
Group 66,7.699305555555555,0.91591397559847
Group 66,7.70625,0.9148170726336813
Group 66,7.71875,0.9137195116587159
Group 66,7.774305555555555,0.9126212910918183
Group 66,7.779861111111111,0.9115224093445675
Group 66,7.7972222222222225,0.9104222012463845
Group 66,7.811805555555556,0.909321327967973
Group 66,7.829166666666667,0.9076680164625767
Group 66,7.834722222222222,0.9065563593695423
Group 66,7.853472222222222,0.9054419692535379
Group 66,7.870138888888889,0.9043255179967519
Group 66,7.875694444444444,0.9032083771468485
Group 66,7.8805555555555555,0.9020905449969143
Group 66,7.886111111111111,0.9009713259584566
Group 66,7.889583333333333,0.8998514113208451
Group 66,7.891666666666667,0.8987307993515788
Group 66,7.9319444444444445,0.8976080875472671
Group 66,7.952083333333333,0.8959208542999978
Group 66,7.955555555555556,0.8947953255885657
Group 66,7.957638888888889,0.8936641052022337
Group 66,7.988194444444445,0.8925307328430679
Group 66,7.997916666666667,0.8913959194510234
Group 66,8.013194444444444,0.8902596595154579
Group 66,8.01875,0.8891219474905181
Group 66,8.05,0.8879820475578379
Group 66,8.0625,0.8868384776318137
Group 66,8.084027777777777,0.8856941699187403
Group 66,8.152777777777779,0.884548381859337
Group 66,8.278472222222222,0.8833943722287312
Group 66,8.303472222222222,0.8822380968724108
Group 66,8.402083333333334,0.8810795438889933
Group 66,8.65625,0.8799187012751739
Group 66,8.702777777777778,0.878757092428606
Group 66,8.750694444444445,0.8775939460455106
Group 66,8.790972222222223,0.8764284826377476
Group 66,8.817361111111111,0.8752614673479504
Group 66,8.879166666666666,0.8740889804526417
Group 66,8.970833333333333,0.8729141296724634
Group 66,9.204166666666667,0.8717369022555079
Group 66,9.286805555555556,0.8705588794146222
Group 66,9.344444444444443,0.869380058995645
Group 66,9.400694444444444,0.8681988360894008
Group 66,9.407638888888888,0.8670176131831567
Group 66,9.410416666666666,0.8658355850806575
Group 66,9.42361111111111,0.8646527495819135
Group 66,9.526388888888889,0.8634674819334119
Group 66,9.704166666666667,0.8622805850510293
Group 66,9.81597222222222,0.8610904117107242
Group 66,9.87152777777778,0.8598994152906541
Group 66,9.916666666666666,0.8587051105471949
Group 66,9.929166666666667,0.8575083089993938
Group 66,9.964583333333334,0.856310671696322
Group 66,10.030555555555557,0.8545079123874877
Group 66,10.100694444444445,0.8533043801165194
Group 66,10.13888888888889,0.8520991479412137
Group 66,10.19097222222222,0.8508896388596789
Group 66,10.219444444444443,0.8496792695298644
Group 66,10.270138888888887,0.8484671735676249
Group 66,10.3,0.847253343562521
Group 66,10.734027777777778,0.8454273665289811
Group 66,10.846527777777778,0.8442003311639172
Group 66,10.853472222222225,0.8429706147310493
Group 66,10.860416666666667,0.8417382015516178
Group 66,10.91388888888889,0.8405039813147387
Group 66,11.0625,0.8392597119123482
Group 66,11.170833333333333,0.8380070854766581
Group 66,11.244444444444444,0.8367516441501013
Group 66,11.556944444444444,0.835494316360244
Group 66,11.674305555555556,0.8342303310102284
Group 66,11.730555555555556,0.8329634664225136
Group 66,11.918055555555556,0.8316800096175482
Group 66,11.954166666666667,0.8303905832460482
Group 66,11.980555555555556,0.829099151545821
Group 66,12.013194444444444,0.8278046954153826
Group 66,12.127083333333331,0.8264990097759262
Group 66,12.220138888888888,0.8251871065858056
Group 66,12.221527777777778,0.8238731143778665
Group 66,12.276388888888889,0.8225570231408411
Group 66,12.305555555555555,0.8212292474779826
Group 66,12.331944444444444,0.8198993215711357
Group 66,12.738888888888887,0.8185607104338767
Group 66,12.749305555555557,0.8172177068072419
Group 66,12.890277777777778,0.8158702744794476
Group 66,12.944444444444445,0.8145194958793162
Group 66,13.02361111111111,0.8131539979817817
Group 66,13.025,0.8117873526070224
Group 66,13.04861111111111,0.8104160901870782
Group 66,13.072916666666666,0.8090401715280169
Group 66,13.086805555555555,0.8076595569008359
Group 66,13.24375,0.8062718257034118
Group 66,13.302777777777775,0.8048805024493938
Group 66,13.303472222222222,0.80348676997762
Group 66,13.397916666666667,0.8020881855216102
Group 66,13.65625,0.8006871581233191
Group 66,13.668055555555556,0.7992836749364246
Group 66,13.693055555555556,0.7978789584602622
Group 66,13.748611111111112,0.7964692783216398
Group 66,13.751388888888888,0.7950570987501476
Group 66,13.755555555555556,0.7936411466597644
Group 66,13.765972222222222,0.7915134224059849
Group 66,13.786111111111111,0.7900872720953435
Group 66,13.808333333333334,0.788653356900978
Group 66,14.031944444444443,0.7872076128919937
Group 66,14.102083333333333,0.7857552003220822
Group 66,14.11111111111111,0.784301444169775
Group 66,14.269444444444444,0.7828409200651757
Group 66,14.374305555555557,0.781379032259265
Group 66,14.4125,0.7799157756445473
Group 66,14.441666666666666,0.7784511450799566
Group 66,14.445833333333333,0.7769865145153658
Group 66,14.788194444444445,0.7755135542982751
Group 66,14.830555555555556,0.7740377911121699
Group 66,14.90972222222222,0.7725592088941906
Group 66,15.042361111111113,0.7710720881840959
Group 66,15.057638888888889,0.7695835320293004
Group 66,15.119444444444444,0.768090644479292
Group 66,15.15972222222222,0.7665948496507053
Group 66,15.209722222222222,0.765087288491117
Group 66,15.229861111111113,0.7635782405848228
Group 66,15.239583333333334,0.7620662044648528
Group 66,15.372916666666669,0.7605496548042263
Group 66,15.646527777777775,0.7590285554946179
Group 66,15.850694444444445,0.7574982559875723
Group 66,15.908333333333331,0.7559586253859715
Group 66,15.939583333333331,0.7544142768152137
Group 66,15.958333333333334,0.752863579432243
Group 66,16.01736111111111,0.7512983744853984
Group 66,16.041666666666668,0.7497249747482562
Group 66,16.277083333333334,0.7481264140345072
Group 66,16.278472222222224,0.7465261436301552
Group 66,16.403472222222224,0.7449172510792281
Group 66,16.429861111111112,0.7433066191850028
Group 66,16.728472222222223,0.7416907352302529
Group 66,16.955555555555556,0.7400570551967061
Group 66,17.005555555555556,0.7384161304623453
Group 66,17.12847222222222,0.7367530310694121
Group 66,17.14027777777778,0.7350861690081691
Group 66,17.24652777777778,0.733409803742472
Group 66,17.308333333333334,0.7317179702851653
Group 66,17.39027777777778,0.730020248776383
Group 66,17.720833333333335,0.7283145939895223
Group 66,17.728472222222223,0.7266069396073662
Group 66,18.574305555555554,0.7248748610862521
Group 66,18.575,0.7231407107008784
Group 66,18.70138888888889,0.7214044785023168
Group 66,18.730555555555554,0.7205342680336771
Group 66,18.735416666666666,0.7196608931633333
Group 66,18.78125,0.7179013310773594
Group 66,18.78333333333333,0.7161352761423598
Group 66,18.865277777777777,0.7143560580649875
Group 66,18.866666666666667,0.7125679327631977
Group 66,18.87013888888889,0.7107730513204693
Group 66,18.959722222222226,0.7089713452334719
Group 66,18.98125,0.7071673468995446
Group 66,19.000694444444445,0.7053540972921098
Group 66,19.01458333333333,0.7035361743609446
Group 66,19.218055555555555,0.7016968641011775
Group 66,19.5875,0.6998429754245561
Group 66,19.779166666666665,0.6979866280096368
Group 66,19.874305555555555,0.6961228452913201
Group 66,20.05625,0.6942414321959381
Group 66,20.09236111111111,0.6923497661681562
Group 66,20.175,0.690452917493723
Group 66,20.31875,0.6885403055339065
Group 66,20.334722222222226,0.6847097614141073
Group 66,20.75625,0.6827782811280309
Group 66,21.166666666666668,0.6808358109114504
Group 66,21.23819444444445,0.6788849919690108
Group 66,21.9625,0.6768970417729082
Group 66,22.122916666666665,0.6748914209083959
Group 66,22.285416666666663,0.6728768196519529
Group 66,22.35902777777778,0.6708531299687891
Group 66,22.36319444444445,0.6688233171700938
Group 66,22.37708333333333,0.6667873253370038
Group 66,22.749305555555555,0.6647450976943177
Group 66,22.847916666666663,0.6626934152940266
Group 66,23.129166666666663,0.6606160064686534
Group 66,24.006944444444443,0.6585254494861577
Group 66,24.051388888888887,0.6564282346788769
Group 66,24.134027777777774,0.6543209209238886
Group 66,24.15763888888889,0.6521965023494604
Group 66,24.17152777777778,0.6500651412306713
Group 66,24.17361111111111,0.6479232462019046
Group 66,24.41111111111111,0.6457742470436894
Group 66,24.73819444444445,0.6436144669532422
Group 66,25.26597222222222,0.6414400937540758
Group 66,25.3125,0.6392583247277014
Group 66,25.372222222222224,0.6370728261816238
Group 66,25.384722222222223,0.6348760233327216
Group 66,25.65763888888889,0.6326639117531652
Group 66,25.76597222222222,0.6304440383785926
Group 66,26.05,0.628212378065748
Group 66,26.06597222222222,0.625972761744658
Group 66,26.30902777777778,0.6236881896215023
Group 66,26.33125,0.6213909955529148
Group 66,27.740277777777777,0.6190809918519746
Group 66,27.975694444444443,0.6167448371657407
Group 66,29.0375,0.6143908492376273
Group 66,29.63888888888889,0.6120278075097902
Group 66,29.64444444444445,0.6096510004903348
Group 66,29.78333333333333,0.6072602122531178
Group 66,29.788194444444443,0.6048552213135014
Group 66,29.790277777777774,0.6024358004282474
Group 66,29.947222222222223,0.6000066238136174
Group 66,30.215972222222224,0.5975675724973019
Group 66,30.227777777777774,0.5951134962242124
Group 66,30.30625,0.5926441456174729
Group 66,30.65486111111111,0.5901329416106191
Group 66,30.847916666666663,0.5876110059627105
Group 66,30.886805555555554,0.5850781999025264
Group 66,30.93958333333333,0.5825288395543673
Group 66,31.025694444444444,0.5799626332127181
Group 66,31.100694444444443,0.5773850215095504
Group 66,32.12013888888889,0.5747783171235028
Group 66,32.75,0.5721537585978247
Group 66,32.797916666666666,0.569517105332397
Group 66,32.85208333333333,0.566868188563409
Group 66,32.956944444444446,0.5642005735584048
Group 66,32.96944444444444,0.5615074920617059
Group 66,33.142361111111114,0.5587750955066612
Group 66,33.14375,0.5559458545167539
Group 66,33.27708333333333,0.5531021417059266
Group 66,33.352777777777774,0.5502363275001965
Group 66,33.87291666666667,0.547355509031609
Group 66,33.884027777777774,0.5444517662781257
Group 66,34.956944444444446,0.5415246062443724
Group 66,34.96388888888889,0.5385815377321747
Group 66,35.08263888888889,0.535622298513866
Group 66,35.763888888888886,0.5326383302770199
Group 66,36.17638888888889,0.5296290741737599
Group 66,36.921527777777776,0.5265939505395264
Group 66,38.918055555555554,0.5235144537527455
Group 66,38.96736111111111,0.5203982962899316
Group 66,39.00208333333333,0.5172633667942091
Group 66,39.15902777777778,0.514099676477425
Group 66,39.826388888888886,0.5109065107850186
Group 66,40.04930555555556,0.507672925273721
Group 66,40.07986111111112,0.5044081476192276
Group 66,40.13472222222222,0.5011113623406706
Group 66,40.28402777777778,0.4977927440470237
Group 66,40.99236111111111,0.49445185314737927
Group 66,41.00069444444444,0.49107675517367705
Group 66,41.02916666666667,0.48767830012057206
Group 66,42.00347222222222,0.4841571571594127
Group 66,42.74166666666667,0.48059717806265234
Group 66,44.93958333333333,0.4769562903500565
Group 66,45.01875,0.4732732301929132
Group 66,45.33125,0.4695466693252525
Group 66,45.89236111111112,0.4658201084575918
Group 66,45.99444444444445,0.46204828571704454
Group 66,46.050694444444446,0.45822970484334996
Group 66,47.04166666666666,0.4543627875028997
Group 66,47.13472222222222,0.4504626777389264
Group 66,47.28055555555556,0.4465112507412165
Group 66,48.02430555555556,0.442488626860665
Group 66,48.04236111111111,0.4384103906684008
Group 66,48.05138888888889,0.4342938611785567
Group 66,48.269444444444446,0.4301179586672244
Group 66,49.26319444444445,0.42585936501705385
Group 66,50.270833333333336,0.4215577552694069
Group 66,50.99652777777778,0.41721179902951616
Group 66,52.25138888888889,0.41279685935724614
Group 66,52.77430555555556,0.40826063013354014
Group 66,52.97152777777778,0.4037244009098342
Group 66,53.04097222222222,0.3991104077565789
Group 66,53.07013888888889,0.39441499119473683
Group 66,55.04583333333333,0.3896630033490171
Group 66,55.16944444444445,0.38491101550329737
Group 66,56.27986111111111,0.38003872416781265
Group 66,57.270833333333336,0.37510315632147745
Group 66,57.75208333333333,0.3701017809038577
Group 66,59.49444444444445,0.3649969287534597
Group 66,61.10208333333333,0.35970711819181533
Group 66,63.03402777777778,0.3542570103404242
Group 66,64.72638888888889,0.3486781597838821
Group 66,64.78472222222223,0.342962124377589
Group 66,64.79930555555555,0.337099523960878
Group 66,67.78541666666666,0.33118549722472224
Group 66,69.06944444444444,0.3251639427297272
Group 66,74.12152777777777,0.31902877399897767
Group 66,83.99305555555556,0.31283404052326935
Group 66,84.14097222222222,0.3065141609167386
Group 66,93.79722222222222,0.29992245853143246
Group 66,95.91666666666669,0.2929475176353526
Group 66,98.13055555555556,0.28588854130678987
Group 66,99.81805555555556,0.27865085671674455
Group 66,111.26875,0.27091055514127943
Group 66,159.9909722222222,0.26244460029311445
Group 66,188.04861111111111,0.2529011602824558
Group 66,188.12569444444443,0.2427851138711575
Group 66,215.69097222222223,0.23199466436577276
Group 66,225.125,0.21978441887283734
Group 66,229.04236111111112,0.20646415106236238
Group 66,253.95347222222225,0.19171671170076504
Group 66,256.2576388888889,0.17504569329200287
Group 66,256.6458333333333,0.1566198308402131
Group 66,274.74583333333334,0.1357371867281847
Group 66,291.62569444444443,0.10858974938254777
Group 66,299.0208333333333,0.06515384962952867
Group 57,5.021527777777778,0.9990089197224975
Group 57,5.04375,0.9980153752971146
Group 57,5.047222222222223,0.9970198487382147
Group 57,5.050694444444445,0.9960228288894765
Group 57,5.052777777777778,0.9950248100228538
Group 57,5.054861111111111,0.994025287360852
Group 57,5.05625,0.9930252619208512
Group 57,5.063194444444444,0.9920222061007291
Group 57,5.063888888888889,0.9910186429180273
Group 57,5.070138888888889,0.9890094819592478
Group 57,5.073611111111111,0.9880023439939125
Group 57,5.0777777777777775,0.9869946924447092
Group 57,5.08125,0.9859854954176696
Group 57,5.081944444444445,0.9849757816486807
Group 57,5.088888888888889,0.9839655500777589
Group 57,5.089583333333334,0.9829521972970403
Group 57,5.105555555555555,0.9819357007124518
Group 57,5.106944444444444,0.9809170952137874
Group 57,5.113194444444445,0.9798926387174806
Group 57,5.11875,0.9788671100532027
Group 57,5.1375,0.9778394280478975
Group 57,5.160416666666666,0.9768095813622231
Group 57,5.166666666666667,0.9757775585609951
Group 57,5.170138888888889,0.9747438958930279
Group 57,5.176388888888889,0.9737085863912829
Group 57,5.177777777777778,0.9726727261929942
Group 57,5.179166666666666,0.9716352086183884
Group 57,5.188194444444444,0.9705960265770852
Group 57,5.191666666666666,0.9695546145314017
Group 57,5.192361111111111,0.9685115218853217
Group 57,5.224305555555556,0.9674678672281176
Group 57,5.266666666666667,0.9664191215725858
Group 57,5.268055555555556,0.9653698065654495
Group 57,5.271527777777778,0.9643060381835592
Group 57,5.2756944444444445,0.9632416827330255
Group 57,5.3,0.9621761498981437
Group 57,5.317361111111111,0.9611088441300926
Group 57,5.343055555555556,0.9600391626118621
Group 57,5.347916666666666,0.9589682879184858
Group 57,5.541666666666667,0.9578938136463081
Group 57,5.695138888888889,0.956804059592103
Group 57,5.699305555555555,0.9557136845954168
Group 57,5.725,0.9546208158880465
Group 57,5.734722222222223,0.953526067245973
Group 57,5.743055555555555,0.9524287990443091
Group 57,5.75,0.9513302652507171
Group 57,5.7756944444444445,0.9502298253834518
Group 57,5.78125,0.9491242642137212
Group 57,5.813888888888889,0.9480154741854342
Group 57,5.914583333333334,0.946900817543241
Group 57,5.961111111111111,0.9457822105526406
Group 57,5.986111111111111,0.9446616155164407
Group 57,6.008333333333334,0.9435383555693343
Group 57,6.018055555555556,0.9424137568141862
Group 57,6.047916666666667,0.9412837643000205
Group 57,6.060416666666667,0.9401524136217752
Group 57,6.086805555555555,0.9390190171014355
Group 57,6.10625,0.9378828779397883
Group 57,6.146527777777778,0.9367432875656209
Group 57,6.156944444444444,0.9356030035880608
Group 57,6.1715277777777775,0.934461328171846
Group 57,6.172222222222223,0.9333175566563359
Group 57,6.195138888888889,0.9321723817401931
Group 57,6.310416666666667,0.9310250926549744
Group 57,6.322222222222222,0.9298756789603386
Group 57,6.354861111111111,0.9287248427240016
Group 57,6.399305555555555,0.9275732930120065
Group 57,6.495138888888889,0.9264174384412751
Group 57,6.693055555555556,0.9252594166432235
Group 57,6.975,0.9240955683204019
Group 57,7.051388888888889,0.9229273059078602
Group 57,7.0625,0.921756821055726
Group 57,7.066666666666666,0.9205833559748148
Group 57,7.071527777777778,0.9194083931720389
Group 57,7.222222222222222,0.9188152264667667
Group 57,7.301388888888889,0.9176180730772334
Group 57,7.30625,0.9164185723281129
Group 57,7.507638888888889,0.9152167119053874
Group 57,7.576388888888889,0.9140132711270766
Group 57,7.5993055555555555,0.912806652947371
Group 57,7.635416666666667,0.9115992367397686
Group 57,7.683333333333334,0.9103918205321663
Group 57,7.722916666666666,0.9091811931112458
Group 57,7.748611111111111,0.9079681428202369
Group 57,7.832638888888889,0.9067493936352432
Group 57,7.852777777777778,0.9055248839882004
Group 57,7.870138888888889,0.9042978855004116
Group 57,7.875694444444444,0.903069219895112
Group 57,7.915277777777778,0.9018380416812127
Group 57,7.934027777777778,0.9006043371098293
Group 57,7.966666666666667,0.8993697869561491
Group 57,8.275694444444444,0.8981206622520433
Group 57,8.339583333333334,0.8968671791225917
Group 57,8.36875,0.8956128194315112
Group 57,8.865277777777777,0.8943522806286519
Group 57,8.905555555555555,0.8930908528703605
Group 57,8.917361111111111,0.891827640914391
Group 57,8.988194444444444,0.8905462793613531
Group 57,9.380555555555556,0.8892565671537336
Group 57,9.3875,0.8879631030560553
Group 57,9.504166666666666,0.8866686962002884
Group 57,9.710416666666667,0.8853685954727221
Group 57,9.799305555555556,0.884066582832321
Group 57,9.820833333333333,0.882762649819294
Group 57,9.85,0.8814577530715937
Group 57,9.966666666666669,0.880148009010566
Group 57,10.002083333333331,0.8788363130209825
Group 57,10.009722222222225,0.8775226563498002
Group 57,10.025,0.8762089996786179
Group 57,10.05486111111111,0.8748894078116319
Group 57,10.10138888888889,0.8735678226034572
Group 57,10.10625,0.872244234993452
Group 57,10.119444444444444,0.8709186358521246
Group 57,10.227777777777778,0.8682593423075379
Group 57,10.235416666666667,0.866928676648829
Group 57,10.272916666666667,0.8655959653857255
Group 57,10.293055555555556,0.8642560335507631
Group 57,10.772222222222222,0.8629024610628214
Group 57,10.783333333333331,0.8615456961869364
Group 57,10.789583333333333,0.8601867913033608
Group 57,10.927777777777775,0.8588181567905472
Group 57,10.92986111111111,0.8574484308626515
Group 57,10.934722222222222,0.8560765133732713
Group 57,10.953472222222222,0.8547001845736357
Group 57,10.964583333333334,0.8533216358888396
Group 57,10.979861111111113,0.8519408565427411
Group 57,10.988194444444444,0.8505578356717302
Group 57,11.013194444444444,0.849171433331597
Group 57,11.0375,0.8477804891328556
Group 57,11.10625,0.8463861133283608
Group 57,11.211805555555555,0.844988283248545
Group 57,11.30625,0.8435869759794762
Group 57,11.465972222222222,0.8421821683591939
Group 57,11.836805555555555,0.8407702954868399
Group 57,11.848611111111111,0.8393524703679751
Group 57,11.906944444444443,0.8379334467494325
Group 57,11.938194444444443,0.8365096006207164
Group 57,11.99375,0.8350796696794844
Group 57,12.004166666666666,0.8336472860265178
Group 57,12.07013888888889,0.832207480696593
Group 57,12.12152777777778,0.8307614207822636
Group 57,12.123611111111112,0.829312839403393
Group 57,12.131944444444445,0.8278617233239469
Group 57,12.134027777777778,0.8264067818066817
Group 57,12.441666666666666,0.8249492742549944
Group 57,12.681944444444444,0.8234891870439237
Group 57,12.708333333333334,0.8220225989993218
Group 57,12.734027777777778,0.8205547015011088
Group 57,12.75,0.8190815332757926
Group 57,12.808333333333334,0.8168658032488969
Group 57,12.90277777777778,0.8153819416626137
Group 57,12.90972222222222,0.8138967286541208
Group 57,12.968055555555557,0.8124047089865605
Group 57,12.972916666666666,0.8109044232820608
Group 57,12.995833333333334,0.8094027484241311
Group 57,13.029166666666669,0.8078968828456676
Group 57,13.129861111111111,0.8063839673347206
Group 57,13.301388888888887,0.8048667820716262
Group 57,13.35138888888889,0.8033452947709236
Group 57,13.531944444444443,0.8018151132570743
Group 57,13.927083333333334,0.8002790689788041
Group 57,13.935416666666669,0.7987341286912002
Group 57,13.998611111111112,0.7971861943332715
Group 57,14.036805555555556,0.7956352484298994
Group 57,14.054166666666667,0.7940812733353098
Group 57,14.06597222222222,0.7925227232404416
Group 57,14.213194444444444,0.7909502575197265
Group 57,14.502083333333331,0.7893572056415398
Group 57,14.734722222222222,0.7877593165612937
Group 57,14.95,0.7861532832961331
Group 57,15.092361111111112,0.7845423134533132
Group 57,15.135416666666666,0.7829263663607214
Group 57,15.247916666666669,0.781302037799807
Group 57,15.35,0.7796658031656712
Group 57,15.436805555555557,0.7780261274492345
Group 57,15.55625,0.7763795113064849
Group 57,15.583333333333334,0.7747258808244689
Group 57,15.671527777777778,0.7730633789342876
Group 57,16.025,0.7713936956104555
Group 57,16.043055555555554,0.7697185735787281
Group 57,16.095833333333335,0.7680379653394732
Group 57,16.175,0.7663499698112546
Group 57,16.610416666666666,0.7646488600003528
Group 57,16.82847222222222,0.762945855857813
Group 57,16.90486111111111,0.7612428517152733
Group 57,16.98125,0.7595302693717069
Group 57,17.134027777777778,0.7578157540909581
Group 57,17.15486111111111,0.7560954005061886
Group 57,17.15625,0.7543691552995535
Group 57,17.299305555555556,0.7526389508149214
Group 57,17.408333333333335,0.7508987451482974
Group 57,17.761805555555554,0.7491544971920876
Group 57,17.76736111111111,0.7474061786455483
Group 57,17.875694444444445,0.7456537608761565
Group 57,17.95347222222222,0.7438888999036686
Group 57,18.03611111111111,0.7421177358562789
Group 57,18.240277777777777,0.740338077017295
Group 57,18.29930555555556,0.7385519779171327
Group 57,18.410416666666663,0.7367506316295299
Group 57,18.677777777777777,0.7349426546193961
Group 57,18.68402777777778,0.7331302189729857
Group 57,18.704166666666666,0.7313110372881892
Group 57,18.788194444444443,0.7294873189907124
Group 57,18.86458333333333,0.7276544362796805
Group 57,19.00138888888889,0.7258052509270003
Group 57,19.004166666666663,0.723941822811655
Group 57,19.028472222222224,0.7220735858495604
Group 57,19.133333333333333,0.7201708886536459
Group 57,19.18402777777778,0.718260621044485
Group 57,19.215972222222224,0.7163427021631913
Group 57,19.272222222222226,0.7144196345063774
Group 57,19.27777777777778,0.7124913763835531
Group 57,19.33680555555556,0.7105473344288913
Group 57,19.365972222222226,0.7085925962323881
Group 57,19.37013888888889,0.7066160478468027
Group 57,19.821527777777774,0.7046143026687663
Group 57,19.898611111111112,0.7025982388556941
Group 57,19.938194444444445,0.7005792783992122
Group 57,19.997222222222224,0.6985574045798781
Group 57,20.13958333333333,0.6965088491412276
Group 57,20.285416666666663,0.6944420573040132
Group 57,20.416666666666668,0.6923690959389266
Group 57,20.60902777777778,0.6902805013810415
Group 57,20.975,0.6881695518355336
Group 57,21.066666666666663,0.6860389959474978
Group 57,21.134027777777774,0.6838816406143297
Group 57,21.14236111111111,0.6817071361926624
Group 57,21.14583333333333,0.679525673356846
Group 57,21.221527777777776,0.6773229969440199
Group 57,21.31597222222222,0.6751095230977976
Group 57,21.33055555555556,0.672874061100785
Group 57,21.356944444444444,0.6706236461807155
Group 57,21.39930555555556,0.668354192217329
Group 57,21.70138888888889,0.6649267348213427
Group 57,21.918055555555554,0.6626139461784858
Group 57,22.066666666666663,0.6602848989159955
Group 57,22.10833333333333,0.657930942057115
Group 57,22.10902777777778,0.6555600197433956
Group 57,22.446527777777774,0.6531718229501593
Group 57,22.88958333333333,0.6507792521701221
Group 57,23.03263888888889,0.6483734138996226
Group 57,23.17361111111111,0.6459450490535565
Group 57,23.325,0.6435029127622387
Group 57,24.33680555555556,0.6410467947745966
Group 57,24.571527777777774,0.6385812301793097
Group 57,24.71388888888889,0.6361013030718172
Group 57,24.92569444444445,0.633587068672324
Group 57,25.76458333333333,0.6310425422921138
Group 57,25.94236111111111,0.6284825319785554
Group 57,26.02777777777778,0.6259014948862411
Group 57,26.066666666666663,0.6233097702697349
Group 57,26.797916666666666,0.6206853080791255
Group 57,27.002777777777776,0.6180271268882085
Group 57,27.056944444444444,0.6153458812184115
Group 57,27.78125,0.6126170746498154
Group 57,27.839583333333334,0.609857538277519
Group 57,27.844444444444445,0.6070728006598134
Group 57,27.96736111111111,0.6042752301498604
Group 57,28.00625,0.6014515141211227
Group 57,28.323611111111116,0.5986144786771552
Group 57,28.854166666666668,0.595770704431658
Group 57,29.263194444444444,0.5928430842624606
Group 57,29.938194444444445,0.5898788688411483
Group 57,30.07638888888889,0.5868921403913196
Group 57,30.40625,0.5838747000808244
Group 57,30.62152777777778,0.5807772215658068
Group 57,31.33888888888889,0.5776035755463216
Group 57,31.770138888888887,0.5743217370488992
Group 57,31.877777777777776,0.5709532811131286
Group 57,31.93611111111111,0.5675138035160615
Group 57,31.947916666666668,0.5640533534946222
Group 57,31.99375,0.5605822559346552
Group 57,32.078472222222224,0.5570786168350635
Group 57,32.10138888888889,0.5535639252461988
Group 57,32.11666666666667,0.5500267755641145
Group 57,32.30694444444445,0.5464551731253865
Group 57,33.079861111111114,0.5428121386378839
Group 57,33.21458333333333,0.5391320563420339
Group 57,35.80416666666667,0.535281113082448
Group 57,35.94305555555555,0.531345222545077
Group 57,36.13472222222222,0.5273501456838359
Group 57,36.675,0.5212653363105608
Group 57,37.45,0.5171446617152204
Group 57,38.46527777777778,0.512957255547486
Group 57,39.640277777777776,0.508682611751257
Group 57,39.65833333333333,0.5043717421601446
Group 57,39.80833333333333,0.4999859009239695
Group 57,40.511805555555554,0.49550172244034646
Group 57,41.04861111111112,0.4908271778890224
Group 57,44.01736111111112,0.48586932760731516
Group 57,47.21805555555556,0.48078169066901866
Group 57,47.22638888888889,0.47563964050143553
Group 57,48.91041666666667,0.47041283126515604
Group 57,49.140277777777776,0.4650974320418209
Group 57,51.172222222222224,0.45939071508425255
Group 57,51.71458333333333,0.4533856076975303
Group 57,52.22569444444444,0.44729989484252985
Group 57,54.36875,0.4405735806343715
Group 57,57.9625,0.43346755514026875
Group 57,60.08125,0.42612064742602695
Group 57,60.918055555555554,0.41870985355774826
Group 57,68.98402777777778,0.4109559673807529
Group 57,69.77083333333333,0.40312823466873854
Group 57,70.09305555555555,0.3944588102672603
Group 57,70.18958333333333,0.3852853495633705
Group 57,80.20902777777778,0.37427719671870274
Group 57,89.20555555555555,0.3627609752812042
Group 57,91.09166666666668,0.3495696670891604
Group 57,94.15625,0.3336801367669258
Group 57,98.53888888888888,0.3140518934276949
Group 57,104.17013888888889,0.2916196153257167
Group 57,131.27916666666667,0.262457653793145
Group 10,5.009722222222222,0.9990049751243781
Group 10,5.020138888888889,0.9980094544715387
Group 10,5.020833333333333,0.9960174196322741
Group 10,5.023611111111111,0.9950199059421065
Group 10,5.027083333333334,0.9930218740024638
Group 10,5.029861111111111,0.9920218519742638
Group 10,5.030555555555556,0.9910213256485207
Group 10,5.032638888888889,0.9900202940064515
Group 10,5.0375,0.9890182491744611
Group 10,5.042361111111111,0.9880151880698217
Group 10,5.050694444444445,0.9870105971312657
Group 10,5.052083333333333,0.986004982666537
Group 10,5.053472222222222,0.9849988551332037
Group 10,5.054861111111111,0.9839916988396115
Group 10,5.06875,0.9829835106235874
Group 10,5.082638888888889,0.9819742873067253
Group 10,5.0875,0.9799537640818143
Group 10,5.089583333333334,0.9789414151519777
Group 10,5.091666666666667,0.9779280182418826
Group 10,5.09375,0.9769135700901793
Group 10,5.095138888888889,0.9758985949524233
Group 10,5.104861111111111,0.9738665312461194
Group 10,5.108333333333333,0.9728483749144454
Group 10,5.152777777777778,0.9718275476585017
Group 10,5.164583333333334,0.9708040326004095
Group 10,5.177777777777778,0.9697799777137002
Group 10,5.180555555555555,0.96875538185769
Group 10,5.185416666666667,0.9677297011992911
Group 10,5.2131944444444445,0.9667018417184634
Group 10,5.234722222222223,0.9656717918072024
Group 10,5.2444444444444445,0.9646406420028166
Group 10,5.254861111111111,0.9636078361762612
Group 10,5.267361111111111,0.9625733672163296
Group 10,5.270833333333333,0.9615377853258333
Group 10,5.280555555555556,0.9605010869049969
Group 10,5.363888888888889,0.9594593286762496
Group 10,5.68125,0.9584130262458502
Group 10,5.690972222222222,0.9573661523777499
Group 10,5.747916666666667,0.95631813250651
Group 10,5.756944444444445,0.9552689628603152
Group 10,5.790277777777778,0.9542169045311739
Group 10,5.802083333333333,0.9531636849897488
Group 10,5.845138888888889,0.9510514108955886
Group 10,5.854861111111111,0.9499940997106019
Group 10,5.875694444444444,0.9484063658392192
Group 10,5.936805555555556,0.9473455086067369
Group 10,5.949305555555555,0.9462834620724244
Group 10,5.95625,0.9452190262320731
Group 10,5.974305555555556,0.9441527893158496
Group 10,5.989583333333333,0.9430847431740896
Group 10,6.000694444444444,0.9420148795970344
Group 10,6.005555555555556,0.9409425803601569
Group 10,6.04375,0.939869057735673
Group 10,6.044444444444444,0.9387949216696894
Group 10,6.0465277777777775,0.9377195552072957
Group 10,6.05,0.9366435717819287
Group 10,6.057638888888889,0.9355669699752829
Group 10,6.091666666666667,0.9344878846581256
Group 10,6.121527777777778,0.9334056751796564
Group 10,6.154861111111111,0.9323215803188206
Group 10,6.164583333333334,0.931235591291076
Group 10,6.716666666666667,0.9301457895458554
Group 10,6.7375,0.9290540691355903
Group 10,6.950694444444444,0.927959132106556
Group 10,6.986805555555556,0.926313814496438
Group 10,6.997916666666667,0.9252156357003546
Group 10,7.002777777777778,0.9241161518789638
Group 10,7.080555555555556,0.9230133879745737
Group 10,7.183333333333334,0.9219079827195142
Group 10,7.374305555555556,0.9208005857432746
Group 10,7.843055555555556,0.9196885077411693
Group 10,7.963888888888889,0.9185757569756022
Group 10,8.005555555555556,0.9174603037188013
Group 10,8.103472222222223,0.9163414496898759
Group 10,8.116666666666667,0.9152184822270206
Group 10,8.213888888888889,0.9140906714048062
Group 10,8.218055555555555,0.9129607694624022
Group 10,8.770138888888889,0.9118238320159983
Group 10,8.788194444444445,0.9106854751720331
Group 10,9.01875,0.9095456936011044
Group 10,9.043055555555556,0.908402330064208
Group 10,9.073611111111113,0.9072575256154818
Group 10,9.251388888888888,0.9061112747934786
Group 10,9.26736111111111,0.9049628447874033
Group 10,10.025694444444444,0.9038100258768461
Group 10,10.078472222222222,0.9026542585803284
Group 10,10.70625,0.9014872847489381
Group 10,10.858333333333333,0.9003180405404441
Group 10,11.004861111111111,0.8991442230169233
Group 10,11.052083333333334,0.8979673326726603
Group 10,11.130555555555556,0.8967857967086174
Group 10,11.28888888888889,0.8956011391171925
Group 10,11.968055555555557,0.8944101801556005
Group 10,11.970138888888888,0.8932168376870807
Group 10,12.01388888888889,0.8920154700506489
Group 10,12.04375,0.8908100437397696
Group 10,12.083333333333334,0.8896005256898852
Group 10,12.151388888888889,0.8883893609169924
Group 10,12.176388888888887,0.8871765426768325
Group 10,12.272916666666667,0.8859595652520359
Group 10,12.85,0.8847392352723499
Group 10,12.966666666666669,0.8835138346694796
Group 10,13.190277777777778,0.8822824565026929
Group 10,13.223611111111111,0.881049357332179
Group 10,13.666666666666666,0.8798119284595214
Group 10,13.779861111111112,0.8785727567292968
Group 10,14.199305555555556,0.877328319396819
Group 10,14.268055555555556,0.8760821143976758
Group 10,14.822222222222225,0.8748323538921157
Group 10,14.872222222222222,0.8735817000623914
Group 10,15.065277777777778,0.8723283547251426
Group 10,15.161805555555556,0.8710732060133078
Group 10,15.308333333333334,0.8698135195259422
Group 10,16.04722222222222,0.868549255689422
Group 10,16.76875,0.867280374380891
Group 10,17.225,0.866001199787409
Group 10,17.226388888888888,0.8634409597289097
Group 10,17.227083333333333,0.8621589390017694
Group 10,17.229166666666668,0.8608750090851621
Group 10,17.288888888888888,0.8595901210119008
Group 10,17.291666666666668,0.8583033094534998
Group 10,17.29375,0.8570145657456115
Group 10,17.297916666666666,0.8550756187642866
Group 10,17.29861111111111,0.853778083682702
Group 10,17.3,0.8524755999547344
Group 10,17.302083333333332,0.8511681220406935
Group 10,17.304166666666667,0.8498586326221694
Group 10,17.30763888888889,0.8485471223866413
Group 10,17.309722222222224,0.8465768117309448
Group 10,17.313194444444445,0.8452581562609589
Group 10,17.315277777777776,0.8426125908266523
Group 10,17.31597222222222,0.8412845961996599
Group 10,17.31736111111111,0.8399545019764194
Group 10,17.320138888888888,0.8386201818779659
Group 10,17.32986111111111,0.835945157374368
Group 10,17.727777777777778,0.8346011940988465
Group 10,17.97013888888889,0.8332517984737877
Group 10,18.01458333333333,0.8318991169827589
Group 10,18.429166666666667,0.8305353479385248
Group 10,18.80763888888889,0.829167085421328
Group 10,18.8875,0.8277942922335444
Group 10,18.960416666666667,0.826416930682407
Group 10,18.96180555555556,0.8250384203726783
Group 10,18.994444444444444,0.8236564464692064
Group 10,19.023611111111112,0.8222674811294607
Group 10,19.02638888888889,0.8208761655945547
Group 10,19.14236111111111,0.8194741567720192
Group 10,19.3375,0.8180624872513095
Group 10,19.8,0.8166471542283833
Group 10,19.81805555555556,0.8152268983079861
Group 10,19.825694444444444,0.8138041637559652
Group 10,19.83194444444445,0.8123764371528845
Group 10,19.89583333333333,0.8109424099028354
Group 10,20.125,0.8094994518780971
Group 10,20.81597222222222,0.8080487360145164
Group 10,20.969444444444445,0.8065967167224867
Group 10,20.999305555555555,0.8051381331479432
Group 10,21.084027777777777,0.8036715791713531
Group 10,21.09583333333333,0.8021996532021749
Group 10,21.12013888888889,0.8007236648798158
Group 10,21.154166666666665,0.7992435841683928
Group 10,21.79722222222222,0.7977593806694728
Group 10,21.847916666666663,0.796271023615985
Group 10,21.855555555555554,0.794781274273392
Group 10,21.863888888888887,0.7932887272794513
Group 10,21.870833333333334,0.7917933668133261
Group 10,22.022916666666667,0.7902937581640584
Group 10,22.06875,0.7887884367199365
Group 10,22.105555555555554,0.7872787937788457
Group 10,22.413888888888888,0.7857677020441454
Group 10,22.929861111111112,0.7842551559381893
Group 10,23.117361111111112,0.7827352816049757
Group 10,23.70625,0.7812020097507055
Group 10,23.879166666666663,0.7796611773843333
Group 10,24.00486111111111,0.778108067469225
Group 10,24.11111111111111,0.7765502935603777
Group 10,24.15972222222222,0.7749893884476936
Group 10,24.82847222222222,0.7734237533195164
Group 10,25.188194444444445,0.771856531934877
Group 10,25.25,0.7702845227048671
Group 10,25.310416666666665,0.7687060708140785
Group 10,25.853472222222223,0.7671243710798931
Group 10,25.968055555555555,0.7655394033710503
Group 10,26.016666666666666,0.7639461892121095
Group 10,26.834027777777777,0.7623276591502195
Group 10,26.896527777777777,0.760698753895625
Group 10,27.096527777777776,0.7590645997519179
Group 10,27.15277777777778,0.757426919925053
Group 10,27.154166666666665,0.7557839114219617
Group 10,27.28611111111111,0.7541355277547382
Group 10,27.7375,0.7524799063985259
Group 10,27.957638888888887,0.7508169673788606
Group 10,27.969444444444445,0.7491466292979287
Group 10,28.02777777777778,0.7474744270003887
Group 10,28.053472222222226,0.7457928197405452
Group 10,28.074305555555554,0.7441035947807705
Group 10,28.14305555555556,0.7424066652601757
Group 10,28.190277777777776,0.740701942722265
Group 10,28.822222222222223,0.7389932877217522
Group 10,30.00555555555556,0.7372726979948099
Group 10,30.041666666666668,0.7355460640416605
Group 10,30.183333333333334,0.7337968462912641
Group 10,30.33194444444445,0.7320350291333019
Group 10,31.729861111111116,0.7302364172681095
Group 10,31.759722222222223,0.7284289013837825
Group 10,31.788194444444443,0.7266101026287668
Group 10,31.915972222222223,0.7247821526850466
Group 10,31.92361111111111,0.7229472611592617
Group 10,32.85069444444444,0.7210935502332123
Group 10,33.01111111111111,0.7192374535788154
Group 10,33.09652777777778,0.7173693043487406
Group 10,33.09722222222222,0.7154962774444358
Group 10,33.12361111111111,0.7136183344590173
Group 10,33.12569444444444,0.7117304552673268
Group 10,33.260416666666664,0.7098325073866139
Group 10,33.80902777777778,0.7079294711737811
Group 10,33.90972222222222,0.7060109631218197
Group 10,33.980555555555554,0.7040713725637927
Group 10,34.019444444444446,0.702123733912164
Group 10,34.05555555555556,0.7001679574945814
Group 10,34.14513888888889,0.698203952003713
Group 10,34.177083333333336,0.6962288347420335
Group 10,34.20902777777778,0.6942424471964072
Group 10,34.829861111111114,0.6922359661351458
Group 10,34.8375,0.6902236522801019
Group 10,34.863194444444446,0.6882054544664173
Group 10,35.87361111111111,0.686184293072977
Group 10,36.25694444444444,0.6841511544268349
Group 10,36.80833333333333,0.6820966464555831
Group 10,36.99722222222222,0.6800328139398325
Group 10,38.00972222222222,0.6779626988289045
Group 10,38.0125,0.6758830586484478
Group 10,38.09930555555555,0.6737969998254587
Group 10,38.16597222222222,0.6717012082241354
Group 10,38.81944444444444,0.6695988570246858
Group 10,38.94583333333333,0.6664353978576399
Group 10,39.07083333333333,0.6643163663859145
Group 10,39.20625,0.6621905540134797
Group 10,39.76805555555556,0.6600578952243863
Group 10,39.9,0.6557856758378207
Group 10,39.915277777777774,0.6536249322601013
Group 10,39.99930555555556,0.6514606112923527
Group 10,40.00555555555555,0.6492926891249904
Group 10,40.015972222222224,0.6471175042367995
Group 10,40.03125,0.6449386574211874
Group 10,40.03680555555555,0.6427487129138149
Group 10,40.11666666666667,0.6405512814166736
Group 10,40.14791666666667,0.6383462856114528
Group 10,40.15972222222222,0.6361374749345965
Group 10,40.30902777777778,0.6339248228478674
Group 10,40.730555555555554,0.6317005252238398
Group 10,40.83819444444445,0.6294644171699502
Group 10,41.77777777777778,0.6272203372513406
Group 10,42.03125,0.6249641489878467
Group 10,42.90416666666667,0.6226956765777274
Group 10,43.75,0.6203893962941063
Group 10,43.84722222222222,0.6180745104870387
Group 10,43.84861111111111,0.6157465462290838
Group 10,44.09305555555556,0.6133873640596236
Group 10,44.96597222222222,0.6109959903205997
Group 10,46.02013888888889,0.608585749727619
Group 10,46.82222222222222,0.6061514067287086
Group 10,46.95972222222223,0.6037023101358653
Group 10,47.92916666666667,0.6012281203402265
Group 10,48.078472222222224,0.5987019517673684
Group 10,49.24097222222223,0.5961433964179352
Group 10,49.391666666666666,0.5935514686074225
Group 10,50.13194444444444,0.5909016852654251
Group 10,50.269444444444446,0.5882339575667098
Group 10,51.01111111111111,0.5855540762110528
Group 10,51.09722222222222,0.5815064673893174
Group 10,52.06458333333333,0.5787891474482459
Group 10,53.06944444444444,0.5760654338131953
Group 10,53.10625,0.5733091398715053
Group 10,53.27430555555556,0.5705395305001455
Group 10,53.86666666666667,0.5677496061456215
Group 10,53.88194444444444,0.5649389645310392
Group 10,53.92361111111112,0.562114269708384
Group 10,54.025,0.5592753087502608
Group 10,54.78611111111111,0.5564145654829961
Group 10,55.97916666666666,0.5535014002186872
Group 10,55.99236111111111,0.5505728213815513
Group 10,57.80277777777778,0.5475805777870862
Group 10,58.80138888888889,0.5445299896099994
Group 10,58.81180555555556,0.5414708323649994
Group 10,58.89791666666667,0.5384030089521666
Group 10,58.93541666666667,0.536860306920785
Group 10,58.958333333333336,0.5321783856394992
Group 10,59.02361111111111,0.5290294011090879
Group 10,60.009027777777774,0.5258134169078168
Group 10,60.020833333333336,0.5225776420345379
Group 10,61.009027777777774,0.5193217065701483
Group 10,61.05,0.5160033570073997
Group 10,61.05486111111111,0.512674303091223
Group 10,61.06805555555555,0.5093014458340439
Group 10,61.83055555555556,0.5058947471997025
Group 10,62.37083333333333,0.5024649523034332
Group 10,62.75277777777778,0.49899967677030616
Group 10,63.725,0.49551016854114316
Group 10,63.927083333333336,0.49197081019442074
Group 10,64.79652777777778,0.4883797823827826
Group 10,66.24513888888889,0.484623014825992
Group 10,67.0625,0.48083689752266395
Group 10,69.025,0.4770207316693095
Group 10,70.11944444444444,0.4731582156234042
Group 10,74.81597222222223,0.4692152304932092
Group 10,74.98680555555555,0.4652388302347922
Group 10,75.15555555555555,0.4611756090100342
Group 10,75.25277777777778,0.4570395048933522
Group 10,75.64097222222222,0.45286562813633535
Group 10,75.92222222222222,0.44865292461878803
Group 10,77.89305555555555,0.4443595951965986
Group 10,78.81458333333333,0.4356466619574496
Group 10,78.9173611111111,0.4311554592568574
Group 10,78.925,0.4266169807383642
Group 10,79.76944444444445,0.4220297013755861
Group 10,79.86458333333333,0.41741735491246496
Group 10,79.86527777777778,0.412727272272999
Group 10,79.91875,0.4079832806376772
Group 10,79.92430555555555,0.40309725332465113
Group 10,80.02569444444444,0.39808983402869275
Group 10,80.19791666666667,0.39291983618416426
Group 10,80.84583333333333,0.387462616237162
Group 10,81.78055555555555,0.38188761456468484
Group 10,81.78888888888889,0.3760572693041553
Group 10,82.76319444444445,0.37013510758283
Group 10,83.89305555555555,0.36375346779691914
Group 10,84.20486111111111,0.3572578701576884
Group 10,88.34305555555555,0.3507026798795657
Group 10,99.08958333333334,0.34331946556631165
Group 10,110.075,0.3355167504398046
Group 10,120.07847222222222,0.32606557437107775
Group 10,124.78333333333332,0.31501250405341413
Group 10,130.84583333333333,0.30241200389127754
Group 10,146.1236111111111,0.26881067012557996
Group 10,184.01527777777775,0.21120838367009853
Group 6,5.032638888888889,0.9988344988344988
Group 6,5.034722222222222,0.997665587776764
Group 6,5.0375,0.996495305562363
Group 6,5.038888888888889,0.9953236473547648
Group 6,5.045138888888889,0.9941506082889371
Group 6,5.047222222222223,0.9918003704442824
Group 6,5.048611111111111,0.9906203581058597
Group 6,5.055555555555555,0.9894389384778264
Group 6,5.057638888888889,0.9882561065131189
Group 6,5.059027777777778,0.9858890260184767
Group 6,5.066666666666666,0.9847019230371179
Group 6,5.070833333333334,0.9835133872217442
Group 6,5.075,0.9823226930483522
Group 6,5.0881944444444445,0.9799384146671669
Group 6,5.094444444444444,0.9787433678200118
Group 6,5.096527777777778,0.9775475909503477
Group 6,5.103472222222222,0.9763503495652279
Group 6,5.113194444444445,0.9751516382704886
Group 6,5.134722222222222,0.973949972665719
Group 6,5.140972222222223,0.9727468226068361
Group 6,5.1506944444444445,0.9715429280244019
Group 6,5.168055555555555,0.9703367915526149
Group 6,5.186111111111111,0.9691268953037961
Group 6,5.209722222222222,0.967912450572839
Group 6,5.215277777777778,0.9666964801575466
Group 6,5.225694444444445,0.965479744499702
Group 6,5.228472222222222,0.9642607044182628
Group 6,5.229166666666667,0.9630393482378724
Group 6,5.229861111111111,0.9618148862566418
Group 6,5.236111111111111,0.9605896443633213
Group 6,5.236805555555556,0.9593604829501884
Group 6,5.269444444444445,0.9581281637684925
Group 6,5.310416666666667,0.956894257569177
Group 6,5.367361111111111,0.9556579600787776
Group 6,5.708333333333333,0.954419258899155
Group 6,5.7125,0.9531781415273747
Group 6,5.748611111111111,0.9519362156100751
Group 6,5.773611111111111,0.9506894098266959
Group 6,5.782638888888889,0.9494385027085029
Group 6,5.863888888888889,0.9481834617267335
Group 6,5.886805555555555,0.9469275895919961
Group 6,5.891666666666667,0.9456692140576546
Group 6,5.929166666666666,0.9444074806166171
Group 6,5.9625,0.9431440592378657
Group 6,5.978472222222222,0.9418797910619436
Group 6,5.982638888888889,0.9406112660908165
Group 6,5.983333333333333,0.9393401697852883
Group 6,5.985416666666667,0.9380673511270428
Group 6,5.990972222222222,0.9367919366455648
Group 6,6.002777777777778,0.9355130398037278
Group 6,6.004861111111111,0.9342323922475283
Group 6,6.015972222222223,0.932949105994441
Group 6,6.038194444444445,0.9316631664961716
Group 6,6.045138888888889,0.930375449610897
Group 6,6.086111111111111,0.9290859479482346
Group 6,6.086805555555555,0.9277919563772761
Group 6,6.115972222222222,0.9264952520357286
Group 6,6.120833333333334,0.925194907822345
Group 6,6.128472222222222,0.923891816402877
Group 6,6.14375,0.9225841139026606
Group 6,6.172916666666667,0.9212698915181838
Group 6,6.173611111111111,0.9199537916731578
Group 6,6.193055555555556,0.9186376918281318
Group 6,6.250694444444444,0.9173197037480341
Group 6,6.260416666666667,0.9159940972397277
Group 6,6.80625,0.9146636773454071
Group 6,6.808333333333334,0.9133313194760038
Group 6,6.811111111111111,0.9119970151378358
Group 6,6.822916666666667,0.9106607557749965
Group 6,6.86875,0.9093215487812097
Group 6,6.884027777777778,0.9079803665558688
Group 6,6.975694444444445,0.9066342133067126
Group 6,7.008333333333334,0.9052860583426876
Group 6,7.027777777777778,0.9039348851212806
Group 6,7.031944444444444,0.9025827012991098
Group 6,7.058333333333334,0.9012264538140623
Group 6,7.073611111111111,0.8998650845484821
Group 6,7.127777777777778,0.8985016526021965
Group 6,7.18125,0.8971361485708862
Group 6,7.204166666666667,0.8957696045517378
Group 6,7.211805555555555,0.8944020173692161
Group 6,7.293055555555555,0.893029182346393
Group 6,7.355555555555555,0.8916552912966293
Group 6,7.634722222222222,0.8895928657963288
Group 6,7.761111111111111,0.8882136520509082
Group 6,7.802083333333333,0.886831218351218
Group 6,7.904166666666667,0.8854455445725442
Group 6,7.997222222222222,0.8840555201697615
Group 6,8.035416666666666,0.8826600102720982
Group 6,8.058333333333334,0.8812600736975191
Group 6,8.059722222222222,0.8798556751736983
Group 6,8.127777777777778,0.8784445193193701
Group 6,8.179166666666667,0.8770288150174855
Group 6,8.200694444444444,0.8756108217838275
Group 6,8.245833333333334,0.8741905284800419
Group 6,8.411805555555556,0.8727690804662532
Group 6,8.655555555555555,0.8713464739781257
Group 6,8.656944444444445,0.8699215410689219
Group 6,8.699305555555556,0.8684942702878409
Group 6,8.748611111111112,0.8670634724784705
Group 6,8.834027777777777,0.8656279369280095
Group 6,8.91875,0.8641840204360529
Group 6,8.950694444444444,0.8627352626482305
Group 6,8.963194444444444,0.8612828463811459
Group 6,9.19375,0.8598279767082049
Group 6,9.194444444444445,0.8583706411544622
Group 6,9.213194444444444,0.8569095847439865
Group 6,9.281944444444443,0.8554447820350224
Group 6,9.327777777777778,0.8539762073019151
Group 6,9.656944444444443,0.8525025641486762
Group 6,9.840972222222222,0.8510238086167617
Group 6,9.91875,0.8495424790978465
Group 6,10.018055555555556,0.8480585621037892
Group 6,10.0375,0.8465720440282348
Group 6,10.038194444444445,0.8450829111451595
Group 6,10.041666666666666,0.8435911496073923
Group 6,10.044444444444444,0.8420954206187268
Group 6,10.060416666666669,0.840595695915933
Group 6,10.15,0.839089252016442
Group 6,10.161111111111111,0.8375746504785062
Group 6,10.171527777777778,0.8360545512943347
Group 6,10.215972222222222,0.8345302950476723
Group 6,10.396527777777775,0.8329948207237575
Group 6,10.424305555555556,0.8314565108055235
Group 6,10.466666666666669,0.8299153495250684
Group 6,10.686805555555557,0.8283727559385906
Group 6,10.78472222222222,0.8268272843790037
Group 6,10.788194444444445,0.8252730977542311
Group 6,10.930555555555555,0.8237159787018646
Group 6,10.931944444444444,0.822154431822809
Group 6,10.934722222222222,0.8205869305228608
Group 6,10.944444444444445,0.8190103946332875
Group 6,10.989583333333334,0.8174262352626235
Group 6,11.095138888888888,0.8158359118477156
Group 6,11.134722222222225,0.814237800365154
Group 6,11.59375,0.8126302232667035
Group 6,11.784027777777778,0.8110146562224357
Group 6,11.800694444444444,0.8093958644934488
Group 6,11.8125,0.8077705715928595
Group 6,11.835416666666667,0.8061320917316164
Group 6,11.868055555555555,0.8044886012285958
Group 6,11.915277777777778,0.8028366739160114
Group 6,12.00625,0.801167574801841
Group 6,12.04375,0.7994914920093685
Group 6,12.761111111111113,0.7977922539817185
Group 6,12.99652777777778,0.7960802534366933
Group 6,13.195833333333333,0.7943533982231646
Group 6,13.3,0.7926227807978419
Group 6,13.417361111111113,0.7908883764634921
Group 6,13.886111111111113,0.7891463315814139
Group 6,14.052083333333334,0.7873926730667885
Group 6,14.073611111111113,0.785627218642872
Group 6,14.077777777777778,0.7838517899001762
Group 6,14.14861111111111,0.7820662505154378
Group 6,14.225694444444445,0.780272520583063
Group 6,14.434722222222222,0.778468422269576
Group 6,14.928472222222222,0.7766559230326271
Group 6,15.069444444444445,0.7748284973313739
Group 6,15.275,0.7729858611902767
Group 6,15.945833333333333,0.7711299527600479
Group 6,15.975694444444445,0.7692628100172875
Group 6,16.083333333333332,0.7673819718509861
Group 6,16.329166666666666,0.7654872015501195
Group 6,16.38888888888889,0.7635900833306645
Group 6,16.836111111111112,0.7616882400346977
Group 6,16.9875,0.7597768517284625
Group 6,17.07638888888889,0.756898909108279
Group 6,17.295833333333334,0.7549655785613868
Group 6,17.75347222222222,0.7530222952188865
Group 6,17.793055555555554,0.751063849717667
Group 6,18.03125,0.7490847618396231
Group 6,18.04583333333333,0.7470898623407161
Group 6,18.85972222222222,0.7450761430352154
Group 6,19.898611111111112,0.7430292305543494
Group 6,19.98819444444445,0.7409738246606998
Group 6,19.991666666666667,0.7388953567093374
Group 6,20.136805555555554,0.7368110256607919
Group 6,20.14375,0.7347178125197102
Group 6,20.147222222222226,0.7326186187696538
Group 6,20.164583333333333,0.7305042793215452
Group 6,20.195138888888888,0.7283714201118472
Group 6,20.20694444444445,0.7262196581617384
Group 6,20.65277777777778,0.7240453478079608
Group 6,21.105555555555554,0.7218446020699427
Group 6,21.17361111111111,0.7196269535228769
Group 6,21.21527777777778,0.7174024498025589
Group 6,21.7875,0.7151570587233645
Group 6,21.881944444444443,0.7128903168573634
Group 6,21.902083333333334,0.7105943738079032
Group 6,21.95555555555556,0.7082872492176179
Group 6,22.058333333333334,0.7059687966833539
Group 6,22.245833333333334,0.7036194828840748
Group 6,22.258333333333333,0.7012543753785822
Group 6,22.26805555555556,0.698873206022458
Group 6,22.277083333333334,0.6964167096919748
Group 6,22.304166666666667,0.6939339406734651
Group 6,22.415277777777774,0.6914332778241914
Group 6,23.01805555555556,0.6888865622520949
Group 6,24.013194444444444,0.6863160900048857
Group 6,24.20277777777778,0.6837015525191528
Group 6,24.73819444444445,0.6810515465016366
Group 6,25.160416666666663,0.6783435880662424
Group 6,25.95208333333333,0.6756083316627495
Group 6,25.981944444444444,0.6728619563307872
Group 6,26.19375,0.6700641935186009
Group 6,26.209027777777777,0.6672189103189465
Group 6,26.278472222222224,0.6643429667399856
Group 6,26.8875,0.6613903313322523
Group 6,26.90625,0.6584043704684498
Group 6,26.97013888888889,0.6553205092484571
Group 6,27.00347222222222,0.6521699298770702
Group 6,27.363888888888887,0.6489172120223218
Group 6,28.09583333333333,0.6456481076796401
Group 6,28.20833333333333,0.6423623666736368
Group 6,28.742361111111112,0.6389546087602488
Group 6,28.855555555555554,0.6355008000642475
Group 6,30.088194444444444,0.6320186038995119
Group 6,31.08888888888889,0.6285267884083543
Group 6,31.68125,0.6249857924173213
Group 6,31.886805555555554,0.6213939200471068
Group 6,32.00277777777778,0.6177706318835668
Group 6,32.80625,0.6103942661297332
Group 6,32.87986111111111,0.6066264002894263
Group 6,35.86388888888889,0.602750193258823
Group 6,35.923611111111114,0.5987716441284017
Group 6,35.97569444444444,0.5946844656701873
Group 6,36.98194444444445,0.5904214945901143
Group 6,37.72708333333333,0.5818335455778945
Group 6,40.49444444444445,0.577375050975765
Group 6,41.04583333333333,0.5727188005646702
Group 6,42.21319444444445,0.5678237680812115
Group 6,42.85,0.5629287355977528
Group 6,42.922222222222224,0.5578112016377733
Group 6,45.76111111111111,0.552395558903426
Group 6,45.89652777777778,0.5467588695268604
Group 6,49.77430555555556,0.5408797418975393
Group 6,50.75347222222222,0.5349360084700938
Group 6,52.07708333333333,0.5288571901920246
Group 6,53.84375,0.5224468000078788
Group 6,53.890972222222224,0.5157914267593707
Group 6,55.765972222222224,0.5088212723437037
Group 6,56.93125,0.5016547755501304
Group 6,60.050694444444446,0.4940539456175526
Group 6,62.79375,0.4853863325365429
Group 6,63.26319444444445,0.4759613552057363
Group 6,71.25694444444444,0.4665363778749296
Group 6,76.02152777777778,0.45681687000253524
Group 6,87.69583333333334,0.44606823776718146
Group 6,90.77361111111112,0.43518852465090874
Group 6,90.89861111111112,0.4234266726333166
Group 6,91.16805555555555,0.4105955613413979
Group 6,129.10416666666666,0.3905665095686468
Group 6,139.06875,0.3605229319095202
Group 6,150.91041666666666,0.2703921989321401
Group 22,5.009722222222222,0.9987012987012988
Group 22,5.013888888888889,0.9974009063852814
Group 22,5.015972222222223,0.9960996658029131
Group 22,5.025,0.9947950166008137
Group 22,5.029166666666667,0.9934886541364659
Group 22,5.029861111111111,0.9921805716425404
Group 22,5.034027777777778,0.9908707623070386
Group 22,5.043055555555555,0.9895557380704002
Group 22,5.04375,0.9882389639678448
Group 22,5.045138888888889,0.9869213120158877
Group 22,5.05,0.9856010159463012
Group 22,5.054861111111111,0.98427894885583
Group 22,5.05625,0.9829515328762537
Group 22,5.061111111111111,0.9816232199939885
Group 22,5.064583333333333,0.980293107229769
Group 22,5.066666666666666,0.9789611872471199
Group 22,5.0777777777777775,0.9776228944415872
Group 22,5.080555555555556,0.9762836849971467
Group 22,5.089583333333334,0.9749380148593146
Group 22,5.09375,0.9735876851988446
Group 22,5.110416666666667,0.9722317134924396
Group 22,5.1125,0.9708728990780547
Group 22,5.113194444444445,0.969512180228611
Group 22,5.113888888888889,0.9681505058181775
Group 22,5.114583333333333,0.9654175474390154
Group 22,5.123611111111111,0.9640471889614582
Group 22,5.127083333333333,0.9626748797956769
Group 22,5.132638888888889,0.9613015918073806
Group 22,5.138194444444444,0.9599233816399149
Group 22,5.152083333333334,0.9585412025446809
Group 22,5.154166666666667,0.9571570275229557
Group 22,5.158333333333333,0.9557698434250964
Group 22,5.2,0.9543765929244766
Group 22,5.202083333333333,0.9529802848148579
Group 22,5.234722222222223,0.9515819278305366
Group 22,5.284027777777778,0.9501721768263433
Group 22,5.288194444444445,0.9487613792364006
Group 22,5.292361111111111,0.9473484806820649
Group 22,5.305555555555555,0.9459355821277292
Group 22,5.3069444444444445,0.9423980519028686
Group 22,5.310416666666667,0.9409690935224245
Group 22,5.370138888888889,0.9395379618212497
Group 22,5.570138888888889,0.938094739145641
Group 22,5.570833333333334,0.9366492927062795
Group 22,5.572916666666667,0.9352004925628823
Group 22,5.579861111111111,0.9337494444751199
Group 22,5.58125,0.9322927370734426
Group 22,5.581944444444445,0.9308337500044701
Group 22,5.605555555555555,0.9293724725319356
Group 22,5.60625,0.926438384220864
Group 22,5.609722222222223,0.9249666790831025
Group 22,5.618055555555555,0.9234890965286566
Group 22,5.639583333333333,0.9212548487144744
Group 22,5.686111111111111,0.919755654493621
Group 22,5.688194444444444,0.9182552374389821
Group 22,5.704166666666667,0.9167511338559534
Group 22,5.736805555555556,0.9152457953767154
Group 22,5.79375,0.9137367338839261
Group 22,5.813888888888889,0.912221415917286
Group 22,5.829166666666667,0.9106959620445146
Group 22,5.831944444444445,0.9091666657186632
Group 22,5.832638888888889,0.907634792650898
Group 22,5.840277777777778,0.906088566428324
Group 22,5.873611111111111,0.9045357154147365
Group 22,5.878472222222222,0.9029801939780818
Group 22,5.915972222222222,0.9014192947663652
Group 22,5.917361111111111,0.8998543307129513
Group 22,5.91875,0.8982839043068205
Group 22,5.953472222222223,0.8967107275917472
Group 22,5.970138888888889,0.895130620582775
Group 22,5.983333333333333,0.8935477193969522
Group 22,6.027777777777778,0.8919591901180243
Group 22,6.057638888888889,0.8903692450376
Group 22,6.065277777777778,0.8887693003025818
Group 22,6.084722222222222,0.8871533561202135
Group 22,6.102083333333334,0.8855329846935099
Group 22,6.123611111111111,0.8838870126030016
Group 22,6.13125,0.8822379696690407
Group 22,6.136111111111111,0.8805796276207907
Group 22,6.140972222222223,0.8789150158483506
Group 22,6.141666666666667,0.8772472454197958
Group 22,6.216666666666667,0.8755666951412139
Group 22,6.225694444444445,0.8738829130351731
Group 22,6.264583333333333,0.8721942504012887
Group 22,6.274305555555555,0.8704973744277453
Group 22,6.293055555555555,0.8687988429654473
Group 22,6.314583333333333,0.8670953158223778
Group 22,6.571527777777778,0.865386753623713
Group 22,6.84375,0.863668011312643
Group 22,6.844444444444444,0.861937213694782
Group 22,6.8625,0.8601941657398886
Group 22,6.919444444444444,0.8584422427954082
Group 22,6.995138888888889,0.856675900732043
Group 22,7.03125,0.8549059092016049
Group 22,7.061111111111111,0.8531117729808251
Group 22,7.085416666666666,0.8513138556510447
Group 22,7.102777777777778,0.8495121332052223
Group 22,7.120833333333334,0.8477046605813815
Group 22,7.161111111111111,0.8458835979378124
Group 22,7.190277777777778,0.8440546604287578
Group 22,7.240277777777778,0.8422157613864293
Group 22,7.302777777777778,0.8403748526183714
Group 22,7.747916666666667,0.8385278749203091
Group 22,7.823611111111111,0.836678860863153
Group 22,7.829166666666667,0.8348112741201549
Group 22,7.863888888888889,0.8329310685478122
Group 22,7.910416666666666,0.8310380433920217
Group 22,7.990277777777778,0.8291341761677559
Group 22,8.00763888888889,0.8272193166385001
Group 22,8.091666666666667,0.8252888164829844
Group 22,8.2875,0.8233377790917716
Group 22,8.358333333333333,0.8213844273027046
Group 22,8.747916666666667,0.8184474150477485
Group 22,9.009722222222225,0.8164657021783834
Group 22,9.036805555555556,0.8144791676232049
Group 22,9.230555555555556,0.812480445739467
Group 22,9.470138888888888,0.8104668634699764
Group 22,9.533333333333331,0.8084381604325046
Group 22,9.729861111111113,0.8064043537395927
Group 22,9.755555555555556,0.804357642181878
Group 22,9.823611111111113,0.80230570942121
Group 22,9.859027777777778,0.8002432268777108
Group 22,9.927083333333334,0.7981780830664134
Group 22,9.97222222222222,0.7961102641983657
Group 22,10.01388888888889,0.7940289301743176
Group 22,10.03125,0.7919448647407893
Group 22,10.065277777777778,0.789846997549423
Group 22,10.066666666666666,0.7877294452771725
Group 22,10.089583333333334,0.7856004467764235
Group 22,10.154861111111112,0.7834714482756743
Group 22,10.18402777777778,0.7813395531783256
Group 22,10.225,0.779201825262653
Group 22,10.59722222222222,0.7770373757480346
Group 22,10.752083333333331,0.7748668802850512
Group 22,10.764583333333333,0.7726933406489079
Group 22,10.931944444444444,0.7704981891129736
Group 22,11.055555555555555,0.7682777332365673
Group 22,11.103472222222225,0.7660443677329726
Group 22,11.178472222222222,0.763804471920888
Group 22,11.20625,0.7615579881799441
Group 22,11.24236111111111,0.7592981721912796
Group 22,11.304166666666667,0.7570248243703477
Group 22,11.88125,0.7547308097510436
Group 22,11.968055555555557,0.7524262881945518
Group 22,11.97638888888889,0.7501003954953415
Group 22,12.210416666666667,0.7477000742297565
Group 22,12.615277777777775,0.7452881385064347
Group 22,12.953472222222222,0.7428644372429991
Group 22,12.972916666666666,0.7404288161372844
Group 22,13.113888888888887,0.7379729991683381
Group 22,13.227083333333333,0.7354882415953807
Group 22,14.06597222222222,0.7329780428186047
Group 22,14.222916666666666,0.7304592179291937
Group 22,14.279861111111112,0.7279360427377284
Group 22,14.35138888888889,0.7254084870337779
Group 22,14.353472222222225,0.7228676517026614
Group 22,14.600694444444445,0.7203088281568113
Group 22,14.786111111111111,0.7177408822453788
Group 22,14.930555555555555,0.7151683342803415
Group 22,15.011805555555556,0.7125724419599048
Group 22,15.1125,0.7099430233548867
Group 22,15.125694444444443,0.7072989152604551
Group 22,15.365972222222222,0.7046298627500382
Group 22,16.038194444444443,0.701940435792977
Group 22,16.134722222222223,0.699240664886081
Group 22,16.195833333333333,0.6965251671583681
Group 22,16.244444444444444,0.6937990412595095
Group 22,16.29722222222222,0.6910675489710862
Group 22,16.755555555555556,0.6883252174275503
Group 22,16.800694444444446,0.685544105437944
Group 22,17.06597222222222,0.6827459662320747
Group 22,17.15,0.6799305189486435
Group 22,17.320138888888888,0.6770676536057019
Group 22,17.33888888888889,0.6741926317220259
Group 22,17.818055555555556,0.6712866289990862
Group 22,17.920833333333334,0.6683488319356328
Group 22,18.275,0.6653584568486726
Group 22,18.416666666666668,0.6623545811969854
Group 22,19.11111111111111,0.6591625109261566
Group 22,19.26458333333333,0.6559233831083376
Group 22,19.31597222222222,0.652643766192796
Group 22,19.688194444444445,0.6493475855554586
Group 22,20.047916666666666,0.6460175979372255
Group 22,20.15833333333333,0.642652922947969
Group 22,20.31388888888889,0.6392436236219852
Group 22,20.34513888888889,0.6358252085224023
Group 22,20.539583333333333,0.6289514224843223
Group 22,21.01944444444445,0.6254377273866445
Group 22,21.113888888888887,0.6218941708575417
Group 22,21.785416666666663,0.618330307414232
Group 22,21.86875,0.6147561437875602
Group 22,21.934722222222224,0.6111505359061082
Group 22,22.013194444444444,0.6075127350971433
Group 22,22.17222222222222,0.6038530198254738
Group 22,22.343055555555555,0.6001484000719433
Group 22,22.94305555555556,0.5963974725714936
Group 22,22.994444444444444,0.5926108219519921
Group 22,23.15972222222222,0.5868943188463458
Group 22,24.954166666666666,0.5829686043390124
Group 22,25.07777777777778,0.5790028315203797
Group 22,25.35625,0.575009708544377
Group 22,26.941666666666663,0.5709024963404886
Group 22,27.210416666666667,0.5667804566557197
Group 22,27.29513888888889,0.5625664755653427
Group 22,29.042361111111116,0.5582556213464511
Group 22,33.15902777777778,0.5537169577582686
Group 22,34.20902777777778,0.541783402634168
Group 22,34.87291666666667,0.5364718006475585
Group 22,36.11736111111111,0.5310801242591409
Group 22,37.94166666666667,0.5256331486257139
Group 22,40.08541666666667,0.5198569601792774
Group 22,40.2375,0.514048502523643
Group 22,41.357638888888886,0.5081057452690344
Group 22,42.045138888888886,0.5019839893019377
Group 22,45.00069444444444,0.495669725285561
Group 22,46.86597222222223,0.4891477552160141
Group 22,47.93888888888889,0.48253765041579777
Group 22,48.28958333333333,0.47583573860446726
Group 22,50.14375,0.4688381542132251
Group 22,53.16875,0.46178795640550746
Group 22,53.62569444444444,0.45433976356025735
Group 22,53.797916666666666,0.435719281447132
Group 22,54.99027777777778,0.4282068800428711
Group 22,57.09583333333333,0.42042130040572795
Group 22,57.65347222222222,0.41241327563609503
Group 22,62.321527777777774,0.403447769644006
Group 22,63.09861111111111,0.394482263651917
Group 22,63.92638888888889,0.38551675765982796
Group 22,63.99305555555556,0.37633778723935585
Group 22,64.89861111111111,0.3664341612593728
Group 22,66.22916666666667,0.3562554345577235
Group 22,68.11736111111111,0.3456209439739109
Group 22,71.23472222222222,0.3121737558474034
Group 22,74.00694444444444,0.28933177371222757
Group 22,74.97222222222223,0.27004298879807903
Group 22,103.2611111111111,0.24927045119822683
Group 22,166.9597222222222,0.2109211510138842
Group 30,5.002777777777778,0.998330550918197
Group 30,5.003472222222222,0.9966597048078736
Group 30,5.00625,0.9949874569810148
Group 30,5.007638888888889,0.9916401484629962
Group 30,5.009027777777778,0.9866106971605634
Group 30,5.009722222222222,0.9849313598036943
Group 30,5.0125,0.9832505895651215
Group 30,5.013194444444444,0.9815669412953182
Group 30,5.013888888888889,0.979881847833867
Group 30,5.014583333333333,0.9781967543724158
Group 30,5.01875,0.9765102082441875
Group 30,5.020833333333333,0.974822204426998
Group 30,5.0256944444444445,0.9722901987012135
Group 30,5.026388888888889,0.9706021948840239
Group 30,5.027083333333334,0.9689141910668343
Group 30,5.028472222222222,0.9672247155811031
Group 30,5.03125,0.9655337632811362
Group 30,5.031944444444444,0.9638428109811692
Group 30,5.032638888888889,0.9621503740874358
Group 30,5.034722222222222,0.9587565456074095
Group 30,5.035416666666666,0.957056622654205
Group 30,5.036111111111111,0.9553551886583753
Group 30,5.036805555555556,0.9519492878075433
Group 30,5.0375,0.9502432854996445
Group 30,5.038888888888889,0.9485357503954224
Group 30,5.039583333333334,0.9468266769712864
Group 30,5.040972222222222,0.9451129635288045
Group 30,5.041666666666667,0.9433992500863225
Group 30,5.043055555555555,0.9416839787225292
Group 30,5.044444444444444,0.9399687073587358
Group 30,5.045833333333333,0.9365350317154162
Group 30,5.047916666666667,0.9348166188131862
Group 30,5.048611111111111,0.933095041246311
Group 30,5.049305555555556,0.9313702814658188
Group 30,5.0569444444444445,0.9296439232054559
Group 30,5.058333333333334,0.9279159605229178
Group 30,5.059027777777778,0.9261847740294049
Group 30,5.059722222222222,0.9244519680910899
Group 30,5.060416666666667,0.9227175366312566
Group 30,5.061805555555556,0.9209798388221582
Group 30,5.064583333333333,0.9192388561400747
Group 30,5.065277777777778,0.9174962232374394
Group 30,5.06875,0.9157519338396497
Group 30,5.0777777777777775,0.9140059816302318
Group 30,5.083333333333333,0.9122583602504417
Group 30,5.084027777777778,0.9105090632988588
Group 30,5.085416666666666,0.9087580843309765
Group 30,5.088888888888889,0.9070054168587856
Group 30,5.091666666666667,0.9052510543503546
Group 30,5.094444444444444,0.9034932853127812
Group 30,5.095833333333333,0.899974324123637
Group 30,5.096527777777778,0.8982096685861396
Group 30,5.114583333333333,0.8964415393172692
Group 30,5.118055555555555,0.894673410048399
Group 30,5.128472222222222,0.8929000237053891
Group 30,5.135416666666667,0.8911248745528934
Group 30,5.152777777777778,0.8893461821885162
Group 30,5.153472222222222,0.887563925310383
Group 30,5.155555555555556,0.8839994115541163
Group 30,5.156944444444444,0.8822099390610918
Group 30,5.161805555555556,0.8804186498447241
Group 30,5.180555555555555,0.8786200417755827
Group 30,5.18125,0.8768195908703049
Group 30,5.182638888888889,0.875017289552997
Group 30,5.184027777777778,0.8732131301930939
Group 30,5.184722222222222,0.8714071051047938
Group 30,5.186111111111111,0.8695992065464851
Group 30,5.186805555555556,0.8677894267201657
Group 30,5.188194444444444,0.8659777577708543
Group 30,5.189583333333333,0.8641641917859938
Group 30,5.193055555555556,0.8623487207948468
Group 30,5.202083333333333,0.860527498575639
Group 30,5.232638888888889,0.858702413743029
Group 30,5.245138888888889,0.8568753873308098
Group 30,5.247222222222222,0.8532174347701661
Group 30,5.25625,0.8513825585663592
Group 30,5.2625,0.849539739175523
Group 30,5.26875,0.8476929136555762
Group 30,5.288888888888889,0.8458440741492391
Group 30,5.3,0.8439911846111247
Group 30,5.416666666666667,0.8421321731912763
Group 30,5.6125,0.8402649178183467
Group 30,5.6625,0.8383935037474818
Group 30,5.667361111111111,0.8365199987111746
Group 30,5.66875,0.8346443933328984
Group 30,5.670833333333333,0.8327666781622957
Group 30,5.686805555555556,0.8308868436743447
Group 30,5.690277777777778,0.8290006079338808
Group 30,5.7131944444444445,0.8261680318247673
Group 30,5.717361111111111,0.8242731510178297
Group 30,5.725694444444445,0.8223760896806195
Group 30,5.763194444444444,0.8204768377414033
Group 30,5.8277777777777775,0.8185731791851588
Group 30,5.850694444444445,0.8166650831963822
Group 30,5.965972222222222,0.8147525185987325
Group 30,5.977777777777778,0.8128354538490885
Group 30,5.978472222222222,0.8109161257408263
Group 30,5.983333333333333,0.8089922440664707
Group 30,5.986111111111111,0.8051260923624495
Group 30,5.995833333333334,0.803178991776325
Group 30,6.005555555555556,0.8012247849836819
Group 30,6.007638888888889,0.7992634024011025
Group 30,6.010416666666667,0.7972971947691194
Group 30,6.0152777777777775,0.7953261263024467
Group 30,6.018055555555556,0.7933501607712605
Group 30,6.026388888888889,0.7913717314426539
Group 30,6.027083333333334,0.789388343644552
Group 30,6.039583333333334,0.7873999599074122
Group 30,6.045833333333333,0.7854090624108069
Group 30,6.079166666666667,0.7834054678638405
Group 30,6.092361111111111,0.7813993078949191
Group 30,6.102083333333334,0.7793905693142124
Group 30,6.117361111111111,0.7773766401945374
Group 30,6.1194444444444445,0.7753548543942915
Group 30,6.135416666666667,0.7733304291869958
Group 30,6.158333333333333,0.7712980233284228
Group 30,6.2027777777777775,0.7692629361956301
Group 30,6.215277777777778,0.7672278490628374
Group 30,6.218055555555556,0.7651846324208592
Group 30,6.250694444444444,0.7631386842058301
Group 30,6.266666666666667,0.7610899897515863
Group 30,6.646527777777778,0.7590357657576549
Group 30,6.742361111111111,0.7569759672074305
Group 30,6.768055555555556,0.7549077268598693
Group 30,6.797916666666667,0.7528309518203647
Group 30,6.906944444444444,0.7507513083070488
Group 30,6.925694444444445,0.7486687804060584
Group 30,6.942361111111111,0.7465833520483813
Group 30,6.952083333333333,0.7444950070076867
Group 30,7.013194444444444,0.7413580898433284
Group 30,7.031944444444444,0.7392638579511156
Group 30,7.04375,0.737157693113648
Group 30,7.063194444444444,0.7350424630042831
Group 30,7.0777777777777775,0.7329241850129163
Group 30,7.114583333333333,0.7307997670853427
Group 30,7.117361111111111,0.7286660451376483
Group 30,7.327083333333333,0.7265197533993931
Group 30,7.385416666666667,0.7243607050980576
Group 30,7.6715277777777775,0.7221984343365708
Group 30,7.777083333333334,0.720029670269494
Group 30,7.854166666666667,0.7178444512398445
Group 30,7.874305555555556,0.7156492082696921
Group 30,7.888888888888889,0.7134505931905226
Group 30,7.90625,0.7112485851868481
Group 30,7.947916666666667,0.7090397386490007
Group 30,7.985416666666667,0.7068205219396142
Group 30,7.9944444444444445,0.7045943155713005
Group 30,8.009027777777778,0.7023503846299906
Group 30,8.050694444444444,0.7001028633991747
Group 30,8.057638888888889,0.6978481037747006
Group 30,8.19513888888889,0.69558969567187
Group 30,8.234722222222222,0.6933239311908541
Group 30,8.297916666666667,0.6910544584209986
Group 30,8.301388888888889,0.6887737506374308
Group 30,8.363888888888889,0.6864778381353062
Group 30,8.876388888888888,0.6841664649429313
Group 30,8.934027777777779,0.6806698731289129
Group 30,8.970138888888888,0.6783348135298429
Group 30,8.979166666666666,0.6759876342442726
Group 30,9.039583333333333,0.6736322766336653
Group 30,9.072222222222225,0.6712603319976314
Group 30,9.109027777777778,0.6688757482249932
Group 30,9.15972222222222,0.6664826328467284
Group 30,9.4375,0.6640765583599171
Group 30,9.677083333333334,0.6616617345113356
Group 30,9.76875,0.6592291546050439
Group 30,9.795833333333333,0.6567784886027946
Group 30,9.8625,0.654314028983272
Group 30,9.944444444444445,0.6518355667522747
Group 30,9.96527777777778,0.6493333188952602
Group 30,10.040972222222225,0.6468213911625901
Group 30,10.073611111111113,0.6442848366874426
Group 30,10.183333333333334,0.6417382563052788
Group 30,10.33125,0.6391815301845407
Group 30,10.334722222222222,0.6366196803641617
Group 30,10.341666666666669,0.6340526655239838
Group 30,10.389583333333333,0.6314540890259346
Group 30,10.397222222222222,0.6288393723011896
Group 30,10.40277777777778,0.6262137381788464
Group 30,10.413194444444445,0.6235714861190201
Group 30,10.41875,0.6209292340591938
Group 30,10.53125,0.6182700082173984
Group 30,10.790277777777778,0.6155992954389216
Group 30,11.16875,0.6128992985291017
Group 30,11.195833333333333,0.6101692348385489
Group 30,11.213194444444444,0.6074269011988251
Group 30,11.30486111111111,0.6046469153809815
Group 30,11.75625,0.6018411292307216
Group 30,11.791666666666666,0.5989820264790318
Group 30,11.903472222222222,0.5960953661104581
Group 30,12.127777777777778,0.5931946587327916
Group 30,12.169444444444444,0.5902796972648172
Group 30,12.88263888888889,0.5873134676303207
Group 30,13.014583333333333,0.5843321809926032
Group 30,13.04513888888889,0.5813432695808763
Group 30,13.404166666666669,0.5782754950712148
Group 30,13.895833333333334,0.5751748221753906
Group 30,14.080555555555556,0.5720231793141556
Group 30,14.261805555555556,0.5688540758276506
Group 30,14.32986111111111,0.5656672182599888
Group 30,14.334027777777775,0.5624803606923269
Group 30,15.197916666666666,0.5592844495520295
Group 30,15.316666666666666,0.5560137802564037
Group 30,15.332638888888887,0.5527334629687553
Group 30,16.240972222222222,0.5493631369750434
Group 30,16.283333333333335,0.5459824407475046
Group 30,16.30902777777778,0.5425158855681554
Group 30,16.87361111111111,0.5389930551423882
Group 30,16.94097222222222,0.5354470482006619
Group 30,17.2625,0.5318654625939685
Group 30,17.37847222222222,0.5282100298613639
Group 30,17.41111111111111,0.5244902409186782
Group 30,17.431944444444444,0.5207572142929225
Group 30,17.843055555555555,0.516997234406331
Group 30,18.715972222222224,0.5132235319654089
Group 30,19.022916666666667,0.5094077436236586
Group 30,19.46388888888889,0.5055485940507521
Group 30,20.094444444444445,0.5016597587119003
Group 30,20.10902777777778,0.49772517236906183
Group 30,20.119444444444444,0.49374337099010934
Group 30,20.131944444444443,0.48972919724222225
Group 30,20.190277777777776,0.4856818485046832
Group 30,20.35972222222222,0.4814949360175739
Group 30,21.075,0.47721498103075105
Group 30,21.13125,0.472915746967411
Group 30,21.23333333333333,0.46851653071655136
Group 30,22.10625,0.46398980095117404
Group 30,22.95625,0.4593499029416623
Group 30,22.96875,0.4546386218858504
Group 30,24.28333333333333,0.4494722739098749
Group 30,24.93263888888889,0.44421528825011025
Group 30,25.01944444444445,0.4389270110090375
Group 30,25.070138888888888,0.4333709728949991
Group 30,25.11180555555556,0.427705992857156
Group 30,25.12013888888889,0.4218065998522297
Group 30,25.344444444444445,0.4157807912829121
Group 30,27.004166666666663,0.4095751078309284
Group 30,27.072222222222223,0.40332205274954014
Group 30,30.096527777777776,0.396816858350354
Group 30,32.046527777777776,0.39020324404451473
Group 30,34.06597222222222,0.3831725549626316
Group 30,39.16597222222222,0.3751897934009101
Group 30,49.047222222222224,0.3670334935443686
Group 30,49.7875,0.36290952170679136
Group 30,67.04791666666667,0.3540580699578452
Group 30,74.33055555555555,0.3449796579076441
Group 30,77.32222222222222,0.33512309625313996
Group 30,79.06319444444445,0.32465049949522934
Group 30,88.0875,0.3138288161787217
Group 30,90.13263888888888,0.302817278768942
Group 30,94.0513888888889,0.29070458761818424
Group 30,94.24166666666666,0.27806525772174145
Group 30,130.01805555555555,0.25667562251237674
Group 30,134.94722222222222,0.2343560031634744
Group 30,136.82638888888889,0.1850178972343219
Group 30,184.89444444444445,0.1565536053521185
Group 30,194.08402777777775,0.1252428842816948
Group 30,199.95347222222225,0.0751457305690169
Group 76,5.019444444444445,0.9982713915298185
Group 76,5.0256944444444445,0.9965337563835525
Group 76,5.041666666666667,0.9938834006484898
Group 76,5.04375,0.9921101920835506
Group 76,5.045833333333333,0.990329024772808
Group 76,5.0569444444444445,0.9885365740492374
Group 76,5.070138888888889,0.9867392348236933
Group 76,5.072916666666667,0.9849386157820442
Group 76,5.0777777777777775,0.9831346989033226
Group 76,5.084722222222222,0.9813274660009268
Group 76,5.086111111111111,0.9795185674460863
Group 76,5.10625,0.9777063221779159
Group 76,5.107638888888889,0.975892395791686
Group 76,5.110416666666667,0.9740750915164686
Group 76,5.131944444444445,0.9722543904108304
Group 76,5.132638888888889,0.9704319829311475
Group 76,5.141666666666667,0.9686061466509384
Group 76,5.143055555555556,0.9658596263863326
Group 76,5.145138888888889,0.9640198937646445
Group 76,5.15,0.9621784039962307
Group 76,5.168055555555555,0.9603280609116225
Group 76,5.174305555555556,0.958470559826687
Group 76,5.177777777777778,0.9566058311110709
Group 76,5.188888888888889,0.954735633982799
Group 76,5.203472222222223,0.9528636033279307
Group 76,5.223611111111111,0.9509823326402153
Group 76,5.235416666666667,0.9490991993082544
Group 76,5.285416666666666,0.9472085634530587
Group 76,5.309027777777778,0.9453160388507548
Group 76,5.313194444444444,0.9434216179312142
Group 76,5.336111111111111,0.9415233852995618
Group 76,5.340972222222222,0.9396213178545122
Group 76,5.341666666666667,0.9377153922604868
Group 76,5.352777777777778,0.9357958111094931
Group 76,5.35625,0.9338722842624027
Group 76,5.361111111111111,0.931946774397944
Group 76,5.361805555555556,0.9300192733133568
Group 76,5.364583333333333,0.9280897727463167
Group 76,5.372916666666667,0.926158264374316
Group 76,5.379166666666666,0.9242247398140356
Group 76,5.410416666666666,0.9222871617431466
Group 76,5.415972222222222,0.9184079307789272
Group 76,5.697222222222222,0.916441318507452
Group 76,5.78125,0.9144725938704865
Group 76,5.804861111111111,0.9124953558296854
Group 76,5.911805555555556,0.9105051805716055
Group 76,5.949305555555555,0.9085084586843871
Group 76,5.953472222222223,0.9065073387313378
Group 76,6.001388888888889,0.9044995705392417
Group 76,6.0881944444444445,0.9024805982835737
Group 76,6.28125,0.9004387869752398
Group 76,6.282638888888889,0.8983946580604265
Group 76,6.309027777777778,0.8963458675061269
Group 76,6.334027777777778,0.8942876680399819
Group 76,6.379861111111111,0.8922247207088632
Group 76,6.883333333333334,0.8901497794979123
Group 76,6.920138888888889,0.8880503696406059
Group 76,6.980555555555555,0.8859459848784244
Group 76,7.029166666666667,0.8838315553202419
Group 76,7.191666666666666,0.8816992717127142
Group 76,7.271527777777778,0.8795618189328046
Group 76,7.5625,0.8774139268230785
Group 76,7.889583333333333,0.8752554669784953
Group 76,8.025694444444444,0.8730889930503307
Group 76,8.027083333333334,0.8709171298835389
Group 76,8.139583333333333,0.8687425552770881
Group 76,8.140972222222222,0.8665652556398021
Group 76,8.165972222222223,0.8643824716205584
Group 76,8.236805555555556,0.8621858198502393
Group 76,8.390277777777778,0.8599750869788284
Group 76,8.402083333333334,0.8577643541074176
Group 76,8.783333333333333,0.8555392844469574
Group 76,8.847222222222221,0.8533113175603768
Group 76,8.876388888888888,0.8510775182997475
Group 76,8.926388888888889,0.8488259904735577
Group 76,8.94513888888889,0.846565468528222
Group 76,9.03888888888889,0.8442928095523073
Group 76,9.1375,0.8420170876936758
Group 76,9.265277777777778,0.8397321023810742
Group 76,9.418055555555556,0.8374346137288688
Group 76,9.786111111111111,0.8351051711315702
Group 76,9.823611111111113,0.8327659409603333
Group 76,9.875694444444443,0.8304101674356931
Group 76,9.890972222222222,0.8280476918526612
Group 76,9.9125,0.8256818413045107
Group 76,9.999305555555557,0.8233125964227187
Group 76,10.009027777777778,0.8209296366646212
Group 76,10.154166666666669,0.8185397396146513
Group 76,10.194444444444445,0.8161358049902324
Group 76,10.20486111111111,0.8137283247395237
Group 76,10.365972222222222,0.8112920123900041
Group 76,10.422916666666667,0.8088520364128914
Group 76,10.953472222222222,0.8063784827847174
Group 76,10.964583333333334,0.8039011295349948
Group 76,11.014583333333333,0.8014199532092695
Group 76,11.041666666666666,0.7989349300985431
Group 76,11.13263888888889,0.796434351287593
Group 76,11.1375,0.7939298407489528
Group 76,11.1625,0.7914014017656759
Group 76,11.177083333333334,0.7888484940180447
Group 76,11.181944444444444,0.7862705577630837
Group 76,11.220138888888888,0.7836798804722663
Group 76,11.221527777777778,0.7810806105536187
Group 76,11.296527777777778,0.7784726619374129
Group 76,11.302777777777775,0.7758559471073713
Group 76,11.44097222222222,0.7732124856180786
Group 76,11.841666666666669,0.7705462356676714
Group 76,11.958333333333334,0.7678520180604418
Group 76,11.98263888888889,0.7651435453335972
Group 76,12.111805555555556,0.762381294267411
Group 76,12.139583333333333,0.7596039489331035
Group 76,12.147916666666667,0.7568215168857294
Group 76,12.177083333333334,0.7540339606541061
Group 76,12.235416666666667,0.7512412422813132
Group 76,12.33611111111111,0.7484117084120804
Group 76,12.343055555555557,0.7455768155771861
Group 76,12.875694444444443,0.7426925725768876
Group 76,13.081944444444444,0.7397336380247884
Group 76,13.322916666666666,0.7367019427869819
Group 76,13.329166666666667,0.7336639966311593
Group 76,13.433333333333334,0.7305942727958825
Group 76,13.45486111111111,0.7259604824821666
Group 76,13.942361111111111,0.7228041325583311
Group 76,14.120833333333334,0.7195845150413674
Group 76,14.161111111111111,0.7163576786510474
Group 76,14.192361111111111,0.713108890992766
Group 76,14.225,0.7098526860110639
Group 76,14.229166666666666,0.7065814754764508
Group 76,14.284027777777778,0.703302675126212
Group 76,15.009027777777778,0.6999615697811943
Group 76,15.098611111111111,0.6965963699264771
Group 76,15.141666666666667,0.693214834150135
Group 76,15.174305555555556,0.6898167222180265
Group 76,15.240277777777775,0.686376239812949
Group 76,15.397916666666667,0.6811895175977378
Group 76,15.811805555555557,0.6776872578671581
Group 76,15.994444444444444,0.6741484210114549
Group 76,16.136805555555554,0.6705336841695705
Group 76,16.2375,0.6668695656768405
Group 76,16.304861111111112,0.663185203435532
Group 76,16.324305555555554,0.6594905783467547
Group 76,17.23125,0.6554569968278142
Group 76,17.302083333333332,0.651385835356834
Group 76,17.4375,0.6471968589236711
Group 76,17.450694444444444,0.6366904164086764
Group 76,18.721527777777776,0.6321748815405298
Group 76,18.851388888888888,0.6276104419626198
Group 76,18.85763888888889,0.6230293438461043
Group 76,18.92013888888889,0.6183449126893666
Group 76,19.03333333333333,0.6136066374963447
Group 76,19.166666666666668,0.6087173415800392
Group 76,19.24861111111111,0.6038083307608454
Group 76,19.385416666666668,0.5988387148698096
Group 76,19.80763888888889,0.5938064567616599
Group 76,20.011111111111116,0.588620374169855
Group 76,20.213194444444444,0.5832448456386234
Group 76,21.061805555555555,0.5776096297387334
Group 76,21.06458333333333,0.571946790231491
Group 76,21.069444444444443,0.566227322329176
Group 76,21.070138888888888,0.5603596816832779
Group 76,21.185416666666665,0.5544611587181907
Group 76,21.341666666666665,0.5484014739234564
Group 76,21.40972222222222,0.5423081242131957
Group 76,21.46875,0.5361803487983574
Group 76,21.884027777777774,0.5298350192267792
Group 76,22.054861111111112,0.523373616553282
Group 76,22.347916666666663,0.5167064367245777
Group 76,22.363888888888887,0.5099521042183741
Group 76,22.382638888888888,0.5031071095308791
Group 76,22.668055555555554,0.4961677011235567
Group 76,22.926388888888887,0.4888170685143188
Group 76,26.45277777777778,0.48060165559811174
Group 76,29.106944444444444,0.47186344367814603
Group 76,31.81875,0.46251961311026196
Group 76,31.88125,0.4578000252213817
Group 76,31.93958333333333,0.44795486338866386
Group 76,32.727777777777774,0.43788846196419945
Group 76,32.888194444444444,0.4268026781170045
Group 76,38.91041666666667,0.41443158599767105
Group 76,40.32013888888889,0.40187305308865073
Group 76,49.00138888888889,0.3864163972006257
Group 76,51.94791666666666,0.370315713983933
Group 76,51.953472222222224,0.3526816323656505
Group 76,55.06944444444444,0.33361776034588553
Group 76,55.86875,0.3058162803170617
Group 76,56.20208333333333,0.2780148002882379
Group 76,61.45,0.24530717672491575
Group 76,61.82222222222222,0.21259955316159365
Group 76,83.03958333333334,0.17989192959827155
Group 33,0.0263888888888888,0.9982683982683983
Group 33,0.9409722222222222,0.9956619533643033
Group 33,5.027083333333334,0.9939121081035576
Group 33,5.038888888888889,0.9921591766959675
Group 33,5.040972222222222,0.9904046953932337
Group 33,5.044444444444444,0.9851272280998418
Group 33,5.049305555555556,0.9833617671175839
Group 33,5.072916666666667,0.9815947199170133
Group 33,5.079166666666667,0.979824485976676
Group 33,5.095138888888889,0.9780494416180227
Group 33,5.095833333333333,0.9762711699059898
Group 33,5.104166666666667,0.9744912771623143
Group 33,5.1090277777777775,0.9727081275243229
Group 33,5.113888888888889,0.9709200611134327
Group 33,5.114583333333333,0.9691286956870241
Group 33,5.128472222222222,0.9673323496338507
Group 33,5.129166666666666,0.9655326615415087
Group 33,5.145138888888889,0.9637279275947022
Group 33,5.154166666666667,0.961921502238386
Group 33,5.158333333333333,0.960109973985583
Group 33,5.167361111111111,0.9582915838833376
Group 33,5.184722222222222,0.9564697367656887
Group 33,5.2027777777777775,0.9546461529015023
Group 33,5.209027777777778,0.9528208256493006
Group 33,5.247916666666667,0.9509902380880147
Group 33,5.360416666666667,0.9491578869548972
Group 33,5.370833333333334,0.9473219916222958
Group 33,5.4625,0.9454843155958704
Group 33,5.734722222222223,0.9436412662477303
Group 33,5.7444444444444445,0.9417928014754526
Group 33,5.746527777777778,0.9399388786379025
Group 33,5.752777777777778,0.9380812919212268
Group 33,5.782638888888889,0.9362200195166213
Group 33,5.792361111111111,0.9343550393980622
Group 33,5.953472222222223,0.9324844587386066
Group 33,6.029166666666667,0.9306025526664803
Group 33,6.038888888888889,0.9287187418311231
Group 33,6.106944444444444,0.9268272576318743
Group 33,6.120833333333334,0.9249357734326256
Group 33,6.125694444444444,0.9230345693762378
Group 33,6.1375,0.9211294412660702
Group 33,6.138194444444444,0.9192203647038608
Group 33,6.165277777777778,0.9173013242765041
Group 33,6.186805555555556,0.9153782607035973
Group 33,6.223611111111111,0.9134531749818232
Group 33,6.304166666666666,0.9115158405704089
Group 33,6.3875,0.9095764451649401
Group 33,6.711805555555555,0.9076329057521945
Group 33,6.715277777777778,0.9056851956540137
Group 33,6.827083333333333,0.9037332879047594
Group 33,6.888888888888889,0.9017771552469569
Group 33,6.892361111111111,0.899818898666616
Group 33,6.936111111111111,0.8978585089091724
Group 33,6.938194444444444,0.8958938294586053
Group 33,6.961805555555555,0.8939248320312237
Group 33,6.997222222222222,0.8919449320710217
Group 33,7.095138888888889,0.8899539835619346
Group 33,7.104861111111111,0.8879540869696605
Group 33,7.136111111111111,0.8859474110669042
Group 33,7.158333333333333,0.8839316035331911
Group 33,7.160416666666666,0.881911188439401
Group 33,7.289583333333334,0.8798744420457765
Group 33,7.348611111111111,0.8778258403180796
Group 33,7.445138888888889,0.874731272138345
Group 33,7.5993055555555555,0.8726559903539124
Group 33,8.130555555555556,0.8705782379959269
Group 33,8.144444444444444,0.8684955149385204
Group 33,8.169444444444444,0.866405273025311
Group 33,8.171527777777778,0.8643074394344507
Group 33,8.25625,0.862201940191005
Group 33,8.96111111111111,0.8600835079055235
Group 33,9.029166666666669,0.8579466544697333
Group 33,9.05625,0.855807136628163
Group 33,9.21527777777778,0.8536622565864884
Group 33,9.279166666666669,0.85150926224453
Group 33,9.356944444444444,0.8493535425932781
Group 33,9.369444444444444,0.8471868243723769
Group 33,9.445833333333333,0.8450145504637298
Group 33,9.734722222222222,0.8428225542238758
Group 33,9.809722222222222,0.8406190965657742
Group 33,9.88125,0.8384040264825968
Group 33,9.95,0.836174228539824
Group 33,10.002083333333331,0.8339384685704662
Group 33,10.085416666666667,0.8316906559867183
Group 33,10.088194444444444,0.829436751769952
Group 33,10.102083333333333,0.8271767061248023
Group 33,10.11736111111111,0.8248979824164695
Group 33,10.13263888888889,0.8226097771947872
Group 33,10.352777777777778,0.8203087708250116
Group 33,10.4125,0.8180012918634785
Group 33,11.01388888888889,0.8156840077505508
Group 33,11.291666666666666,0.8133468042899475
Group 33,11.34027777777778,0.810996090982751
Group 33,12.035416666666666,0.8086385442066384
Group 33,12.070833333333333,0.8062775557564001
Group 33,12.254861111111111,0.803906151180646
Group 33,12.279861111111112,0.8015242070289996
Group 33,12.800694444444444,0.7991351631928476
Group 33,12.980555555555556,0.796738955806962
Group 33,13.14861111111111,0.7943318894752189
Group 33,13.336805555555555,0.7919064485913251
Group 33,13.340972222222222,0.7894735562761445
Group 33,13.796527777777778,0.7870255762566835
Group 33,13.98611111111111,0.7845737831842328
Group 33,14.067361111111111,0.7821104432056323
Group 33,14.073611111111113,0.7796393201623286
Group 33,14.204166666666667,0.7771603398120509
Group 33,14.241666666666667,0.7746734267246523
Group 33,14.342361111111112,0.7721663929812069
Group 33,15.127777777777778,0.7696552827601298
Group 33,15.244444444444444,0.765876287918427
Group 33,15.279861111111112,0.7633528075628474
Group 33,15.334027777777775,0.7608209574548446
Group 33,16.165277777777778,0.7582549508529732
Group 33,16.165972222222223,0.75568459508737
Group 33,16.25625,0.7531010580101481
Group 33,16.372222222222224,0.7504951719962721
Group 33,16.538888888888888,0.7465658779020509
Group 33,16.95,0.7439324885620083
Group 33,17.15277777777778,0.7412803228273844
Group 33,17.190277777777776,0.7386090423847633
Group 33,17.325694444444444,0.7359329226659779
Group 33,17.38125,0.7332371976745274
Group 33,19.009722222222223,0.7305063328787191
Group 33,19.18611111111111,0.7277234516106097
Group 33,19.68958333333333,0.7249082738480929
Group 33,19.91875,0.7220654963035905
Group 33,20.074305555555554,0.7192058309716952
Group 33,20.134722222222223,0.7163058074597125
Group 33,20.15972222222222,0.7133999015470971
Group 33,20.17152777777778,0.7104821105387245
Group 33,20.184722222222224,0.7075279229689169
Group 33,20.245833333333334,0.7045551165698878
Group 33,20.288194444444443,0.7015633750982535
Group 33,20.40138888888889,0.6985458982161105
Group 33,20.622916666666665,0.6955218899987248
Group 33,21.00555555555556,0.6924713553934672
Group 33,21.134027777777774,0.6893868504696655
Group 33,21.1375,0.6862815042963788
Group 33,21.19097222222222,0.6831477987973086
Group 33,21.210416666666667,0.6799996522590722
Group 33,21.89236111111111,0.6768071656287479
Group 33,22.150694444444444,0.6735765824992551
Group 33,22.20347222222222,0.6703147104290408
Group 33,22.28263888888889,0.6669963207734515
Group 33,22.28611111111111,0.6636529808196998
Group 33,22.84861111111111,0.660266996223681
Group 33,23.11805555555556,0.6568281056183493
Group 33,23.241666666666667,0.6533343390991027
Group 33,23.363888888888887,0.6498123210985685
Group 33,24.12152777777778,0.6462221977775819
Group 33,24.185416666666665,0.6426019053530576
Group 33,24.26805555555556,0.6389193729441576
Group 33,25.07986111111111,0.6350935084355099
Group 33,25.2625,0.6312091444695435
Group 33,25.70555555555556,0.6272141498842931
Group 33,25.76458333333333,0.6231806183737832
Group 33,25.778472222222224,0.619026080917958
Group 33,26.219444444444445,0.6148150191430058
Group 33,27.011111111111116,0.6105305939224971
Group 33,27.16875,0.6061696611087649
Group 33,27.17361111111111,0.6017771273326145
Group 33,29.054166666666667,0.5973195189820025
Group 33,29.381944444444443,0.5927598279974071
Group 33,29.445138888888888,0.588146911048011
Group 33,30.869444444444444,0.5834417357596269
Group 33,33.1625,0.5786199032326879
Group 33,33.94861111111111,0.5737575511046821
Group 33,36.12916666666667,0.5687683550081196
Group 33,36.45763888888889,0.5636211300759195
Group 33,37.13472222222222,0.5583781428193993
Group 33,38.02361111111111,0.5530091222153667
Group 33,38.80138888888889,0.5476401016113339
Group 33,39.07986111111112,0.5421637005952206
Group 33,42.328472222222224,0.5365161620473538
Group 33,46.886805555555554,0.5306203800468334
Group 33,47.85625,0.5245906030008467
Group 33,50.07291666666666,0.5184189488478956
Group 33,50.13611111111111,0.5121729374159932
Group 33,52.15,0.5058105406779063
Group 33,53.05625,0.49902113744733045
Group 33,53.83958333333333,0.49218523145490123
Group 33,60.015277777777776,0.4848935983963101
Group 33,60.08541666666667,0.47743369688252074
Group 33,60.172916666666666,0.46973315338441557
Group 33,61.81180555555556,0.46183847853761867
Group 33,70.87777777777778,0.45344141529148013
Group 33,72.72013888888888,0.4448044359525948
Group 33,78.85555555555555,0.4359083472335428
Group 33,82.00347222222223,0.42643207881542233
Group 33,83.94166666666666,0.4162789340817218
Group 33,89.91875,0.40587196072967874
Group 33,114.77708333333334,0.3947521809836601
Group 33,145.82569444444445,0.38039755622061794
Group 33,172.84722222222223,0.3645476580447588
Group 33,202.2625,0.34429501037560556
Group 33,205.84583333333333,0.3220824290610504
Group 33,219.81875,0.291407912007617
Group 33,259.11875,0.2465759255449067
Group 31,0.0048611111111111,0.9982285208148804
Group 31,0.0305555555555555,0.9964554683800405
Group 31,0.0979166666666666,0.9946808370917413
Group 31,0.1361111111111111,0.9929046213112203
Group 31,0.7194444444444444,0.9911268153643784
Group 31,0.7402777777777778,0.989347413541462
Group 31,3.8819444444444446,0.9875599746732752
Group 31,5.027083333333334,0.9857644110829601
Group 31,5.038194444444445,0.9839606335695421
Group 31,5.039583333333334,0.9821535433334181
Group 31,5.040277777777778,0.9803447891099679
Group 31,5.04375,0.9785343647533475
Group 31,5.045138888888889,0.9767222640778783
Group 31,5.054861111111111,0.9749051063772683
Group 31,5.055555555555555,0.973086253566863
Group 31,5.059722222222222,0.9712622868310301
Group 31,5.068055555555556,0.9694366058407462
Group 31,5.084027777777778,0.96760575294964
Group 31,5.089583333333334,0.9657731662963263
Group 31,5.094444444444444,0.9639370956379683
Group 31,5.1,0.9620992746739302
Group 31,5.104861111111111,0.9602579363491954
Group 31,5.125694444444444,0.9584130603907915
Group 31,5.132638888888889,0.9565681844323878
Group 31,5.134722222222222,0.9547197434962865
Group 31,5.142361111111111,0.9528695114352472
Group 31,5.143055555555556,0.9510174812866851
Group 31,5.148611111111111,0.9491636460405122
Group 31,5.153472222222222,0.9473079986386734
Group 31,5.156944444444444,0.945448709141836
Group 31,5.18125,0.9435857560203742
Group 31,5.216666666666667,0.9417209620361443
Group 31,5.265972222222223,0.9398468904699032
Group 31,5.267361111111111,0.9379653151136071
Group 31,5.284722222222222,0.9360799576962934
Group 31,5.324305555555555,0.934181215388593
Group 31,5.395138888888889,0.9322747231122898
Group 31,5.656944444444444,0.9303525071883468
Group 31,5.676388888888889,0.9284283034506253
Group 31,5.691666666666666,0.9264980990775472
Group 31,5.754166666666666,0.9245658819783239
Group 31,5.764583333333333,0.9226296183511442
Group 31,5.780555555555556,0.9206892826658631
Group 31,5.922916666666667,0.9187448491227461
Group 31,5.954166666666667,0.916790072848017
Group 31,5.9875,0.9148311197009058
Group 31,6.017361111111111,0.9128595009084469
Group 31,6.039583333333334,0.9108836145428443
Group 31,6.090972222222222,0.9088969545329362
Group 31,6.104166666666667,0.9069037594572061
Group 31,6.111805555555556,0.9049083716476194
Group 31,6.131944444444445,0.9029063619758326
Group 31,6.15625,0.9008976715153748
Group 31,6.236111111111111,0.8988844923611504
Group 31,6.255555555555556,0.8968667942862657
Group 31,6.332638888888889,0.894837683891953
Group 31,6.336111111111111,0.8928062703076352
Group 31,6.784722222222222,0.8907725430404196
Group 31,6.836111111111111,0.8887294867490425
Group 31,6.872916666666667,0.8866793610587332
Group 31,6.9006944444444445,0.884626862537764
Group 31,6.904861111111111,0.8825719801625311
Group 31,6.933333333333334,0.8805147028194948
Group 31,6.945833333333334,0.8784550193041276
Group 31,6.970833333333333,0.8763856317439295
Group 31,7.059027777777778,0.8743137980991447
Group 31,7.059722222222222,0.8722345738468281
Group 31,7.065277777777778,0.8701503813167282
Group 31,7.267361111111111,0.8680485688014704
Group 31,7.370138888888889,0.865941654799525
Group 31,7.756944444444445,0.8627735755746487
Group 31,7.927777777777778,0.8606511313542929
Group 31,7.985416666666667,0.8585155206065155
Group 31,8.038194444444445,0.8563665455862239
Group 31,8.04861111111111,0.8542094510129589
Group 31,8.111805555555556,0.8520441545591871
Group 31,8.130555555555556,0.8498677965654217
Group 31,8.220833333333333,0.8476802346695004
Group 31,8.740277777777777,0.84547560467036
Group 31,8.785416666666666,0.843268096564171
Group 31,9.225694444444445,0.8410460462438438
Group 31,9.2625,0.8388210567035161
Group 31,9.320833333333333,0.8354791401429444
Group 31,9.407638888888888,0.8332482212106535
Group 31,9.490972222222222,0.8310083066375066
Group 31,9.894444444444444,0.8287592990417353
Group 31,10.2625,0.8264949293722224
Group 31,10.320833333333333,0.824224338906914
Group 31,10.411805555555556,0.8219474760922539
Group 31,10.90277777777778,0.8196515334216052
Group 31,10.92986111111111,0.8173426558626711
Group 31,10.980555555555556,0.8150305125646155
Group 31,11.120138888888889,0.8126884708618436
Group 31,11.207638888888887,0.8103396602524162
Group 31,11.950694444444444,0.8079840217051708
Group 31,11.988194444444444,0.8056145670960648
Group 31,12.010416666666666,0.8032416228630866
Group 31,12.05625,0.8008510227950418
Group 31,12.3,0.7984496704028528
Group 31,12.852777777777778,0.7960374357490677
Group 31,12.963888888888889,0.793599342530847
Group 31,13.188194444444443,0.7911537359282866
Group 31,13.292361111111113,0.787439399139891
Group 31,13.327777777777778,0.7849592750481118
Group 31,13.978472222222225,0.7824594047454109
Group 31,14.002777777777778,0.7799555346502255
Group 31,14.116666666666667,0.7774354844574946
Group 31,14.314583333333331,0.7748989902178289
Group 31,15.126388888888888,0.7723541659478197
Group 31,15.191666666666666,0.7697924605881254
Group 31,15.209027777777775,0.76722220195511
Group 31,15.383333333333333,0.7646433037972777
Group 31,15.404166666666669,0.7620600493925572
Group 31,15.73611111111111,0.7594680084082288
Group 31,15.979861111111113,0.7568581527092314
Group 31,16.385416666666668,0.7542210162886418
Group 31,16.761805555555554,0.7515792614154767
Group 31,17.12152777777778,0.7489328555654222
Group 31,17.148611111111112,0.7462817658112083
Group 31,17.194444444444443,0.7436212247566228
Group 31,17.227083333333333,0.7409606837020375
Group 31,17.284027777777776,0.7382905551121203
Group 31,17.351388888888888,0.7355911380916006
Group 31,17.48611111111111,0.7328817784669538
Group 31,17.895138888888887,0.7301573108890097
Group 31,18.788888888888888,0.7273704509237846
Group 31,18.90277777777778,0.7245620708043877
Group 31,19.122916666666665,0.7217372674094389
Group 31,19.14930555555556,0.7189013645905413
Group 31,19.93125,0.716031498863633
Group 31,20.00486111111111,0.7131442750778926
Group 31,20.038194444444443,0.7102275295765514
Group 31,20.04652777777778,0.7072987562587101
Group 31,20.93055555555556,0.704326912745018
Group 31,21.038888888888888,0.701329776946103
Group 31,21.20833333333333,0.6983262232975115
Group 31,21.28680555555556,0.6953031660537994
Group 31,22.072916666666668,0.692233394901244
Group 31,22.165972222222223,0.6891292092738842
Group 31,22.71875,0.6859825005557386
Group 31,23.240972222222226,0.6828212908757583
Group 31,24.948611111111116,0.6796004357301179
Group 31,26.061805555555555,0.6763252529073221
Group 31,26.19097222222222,0.6730421206116555
Group 31,26.752777777777776,0.6680689029716679
Group 31,26.853472222222223,0.6647285584568096
Group 31,29.771527777777777,0.6613543018148967
Group 31,29.87708333333333,0.6579540226281877
Group 31,29.968055555555555,0.6544819697383293
Group 31,30.26388888888889,0.65093464198907
Group 31,31.250694444444445,0.6473482252287996
Group 31,32.10208333333333,0.6436701103127268
Group 31,32.96805555555556,0.6399708568051824
Group 31,33.89652777777778,0.6362392483106916
Group 31,34.00277777777778,0.6324521099278898
Group 31,34.06736111111111,0.6286421574584448
Group 31,34.0875,0.624820624586357
Group 31,36.25694444444444,0.6209397511417212
Group 31,36.775,0.6170344696879997
Group 31,38.857638888888886,0.6131043138301143
Group 31,40.8,0.607053942312054
Group 31,40.99583333333333,0.6029660369766193
Group 31,43.97430555555555,0.5988076505147116
Group 31,44.21875,0.5945757943273284
Group 31,45.27430555555556,0.5902982706271318
Group 31,48.02013888888889,0.5859578421666383
Group 31,49.22430555555555,0.581568644847038
Group 31,52.02569444444445,0.5770777672806516
Group 31,53.78125,0.5725693472237715
Group 31,62.22083333333333,0.567837369147542
Group 31,75.75069444444445,0.5628996528940852
Group 31,77.93680555555555,0.5578512255138691
Group 31,79.46805555555555,0.5526859363887406
Group 31,80.99444444444444,0.5474719181209224
Group 31,82.89027777777778,0.5420514040801212
Group 31,84.99861111111112,0.5366036512752959
Group 31,86.8125,0.5310140299078449
Group 31,87.94305555555556,0.5253649444832934
Group 31,97.10833333333332,0.5196232511009623
Group 31,105.80833333333334,0.5136846996598085
Group 31,109.95,0.5076055907880948
Group 31,112.80069444444445,0.5014152787053131
Group 31,113.77361111111112,0.4951081682813469
Group 31,116.89930555555556,0.48871967578739406
Group 31,122.09375,0.4822034134435621
Group 31,122.32222222222222,0.47555233187882334
Group 31,124.34305555555557,0.4687098522834446
Group 31,124.34652777777778,0.4617660026199861
Group 31,125.075,0.4547161399845665
Group 31,130.6951388888889,0.4473223816108337
Group 31,132.86805555555554,0.43960992675547444
Group 31,136.93194444444444,0.43146900218592865
Group 31,138.76597222222222,0.4229250615485835
Group 31,140.34791666666666,0.4137310384714404
Group 31,147.9875,0.4042199801157751
Group 31,149.20555555555555,0.3938553652410116
Group 31,151.44027777777777,0.3832106256399032
Group 31,205.1472222222222,0.37084899255474507
Group 31,249.15277777777777,0.3563058948075002
Group 31,257.0361111111111,0.33849060006712517
Group 31,271.9270833333333,0.3143127000623305
Group 31,272.11597222222224,0.2881199750571362
Group 31,301.78194444444443,0.2542235074033555
Group 31,330.1555555555556,0.21185292283612955
Group 31,341.27569444444447,0.12711175370167774
Group 56,5.010416666666667,0.9972014925373134
Group 56,5.028472222222222,0.9953146401389458
Group 56,5.034027777777778,0.9934151847188333
Group 56,5.040277777777778,0.9915139116380317
Group 56,5.045138888888889,0.9896071541156509
Group 56,5.057638888888889,0.9876874506159116
Group 56,5.059027777777778,0.9857621339480442
Group 56,5.063888888888889,0.9838349352501986
Group 56,5.065972222222222,0.9819058471418649
Group 56,5.071527777777778,0.979972961615995
Group 56,5.081944444444445,0.9780381680096456
Group 56,5.099305555555556,0.9761014587660621
Group 56,5.105555555555555,0.9741589683008561
Group 56,5.107638888888889,0.9722106503642544
Group 56,5.113888888888889,0.9702603782471747
Group 56,5.120833333333334,0.9683081440857115
Group 56,5.127083333333333,0.9663539399604124
Group 56,5.129166666666666,0.9643977578957152
Group 56,5.146527777777778,0.9624295992061321
Group 56,5.159027777777778,0.9604594260245433
Group 56,5.161111111111111,0.9584872300778811
Group 56,5.174305555555556,0.9565027844669537
Group 56,5.175694444444445,0.9545142131894757
Group 56,5.20625,0.9525110354073362
Group 56,5.209722222222222,0.9505057490170049
Group 56,5.211111111111111,0.9484983451120059
Group 56,5.215972222222222,0.9464888147198195
Group 56,5.256944444444445,0.9444707149016535
Group 56,5.259722222222222,0.9424504566879601
Group 56,5.267361111111111,0.9404280308152391
Group 56,5.276388888888889,0.9384012462660682
Group 56,5.288194444444445,0.9363700747373539
Group 56,5.29375,0.9343366978106712
Group 56,5.294444444444444,0.9322988860379108
Group 56,5.295833333333333,0.9302476233623599
Group 56,5.316666666666666,0.9261314834359777
Group 56,5.33125,0.9240665302956522
Group 56,5.36875,0.921999267364342
Group 56,5.376388888888889,0.9199273588983548
Group 56,5.4125,0.9178460752809376
Group 56,5.429166666666666,0.9157624292530581
Group 56,5.447222222222222,0.9126226723527618
Group 56,5.578472222222223,0.9105076719533348
Group 56,5.579166666666667,0.9083902122511177
Group 56,5.583333333333333,0.9062702817674512
Group 56,5.596527777777778,0.9041403868631798
Group 56,5.6090277777777775,0.9020054626911298
Group 56,5.609722222222223,0.8998680089880703
Group 56,5.706944444444445,0.8977254661095273
Group 56,5.721527777777778,0.8955777975303179
Group 56,5.75,0.8934249662862547
Group 56,5.769444444444445,0.8912617097092903
Group 56,5.8125,0.889085246437717
Group 56,5.83125,0.8869007618027349
Group 56,5.845138888888889,0.8847081764830742
Group 56,5.865972222222222,0.8825046691941999
Group 56,5.886805555555555,0.8802984075212144
Group 56,5.915277777777778,0.8780893776403581
Group 56,5.940277777777778,0.8758747764357167
Group 56,5.961111111111111,0.8736545615398086
Group 56,6.004166666666666,0.8714258509236357
Group 56,6.010416666666667,0.869179908008884
Group 56,6.014583333333333,0.8669310596052388
Group 56,6.049305555555556,0.8646704831786279
Group 56,6.061805555555556,0.8624039812567966
Group 56,6.117361111111111,0.8601194673991627
Group 56,6.129166666666666,0.8578166040326322
Group 56,6.183333333333334,0.8555044298977732
Group 56,6.192361111111111,0.8497004649730937
Group 56,6.259722222222222,0.8473434595224055
Group 56,6.272916666666666,0.84379313776463
Group 56,6.373611111111111,0.8414095413302666
Group 56,6.575,0.8390191733151239
Group 56,6.575694444444444,0.8366219756770806
Group 56,6.626388888888889,0.8342213387310918
Group 56,6.654861111111111,0.8318137735399487
Group 56,6.663194444444445,0.8293992197706019
Group 56,6.66875,0.8269776162092278
Group 56,6.700694444444444,0.8245453291027302
Group 56,6.714583333333334,0.8221058458805327
Group 56,6.725,0.8196591022916025
Group 56,6.761111111111111,0.8172050331230648
Group 56,6.831944444444445,0.8147472736249504
Group 56,6.839583333333334,0.8122745960115211
Group 56,6.934027777777778,0.8097943682374401
Group 56,6.992361111111111,0.8072950029033739
Group 56,7.006944444444445,0.8047917625842936
Group 56,7.049305555555556,0.8022689043943743
Group 56,7.148611111111111,0.8009914061389691
Group 56,7.198611111111111,0.7984241259910878
Group 56,7.2027777777777775,0.7958444034515366
Group 56,7.231944444444444,0.7932478474859525
Group 56,7.232638888888889,0.7906470348712444
Group 56,7.310416666666667,0.788011544755007
Group 56,7.3284722222222225,0.785371640082461
Group 56,7.339583333333334,0.7814051166477011
Group 56,7.34375,0.7787562857438105
Group 56,7.414583333333334,0.7760984144614085
Group 56,7.440277777777778,0.773435984223119
Group 56,7.548611111111111,0.7707410853233868
Group 56,7.726388888888889,0.7680367306380416
Group 56,7.794444444444444,0.7653276063677134
Group 56,7.829861111111111,0.7626136786855584
Group 56,7.860416666666667,0.7598851860963436
Group 56,7.938194444444444,0.7571319789003422
Group 56,7.961111111111111,0.7543687235028957
Group 56,8.090277777777779,0.7515953090782528
Group 56,8.252083333333333,0.7487644416240974
Group 56,8.297916666666667,0.7459282126785516
Group 56,8.334722222222222,0.743086581392157
Group 56,8.863194444444444,0.7401552733787757
Group 56,8.89236111111111,0.7372123100651424
Group 56,8.9,0.7342575513073663
Group 56,8.961805555555555,0.7312908541303668
Group 56,8.971527777777778,0.7283181270810564
Group 56,9.225,0.7253085480435314
Group 56,9.370138888888889,0.7222864290933501
Group 56,9.431944444444444,0.7192516121643864
Group 56,9.709722222222222,0.7161580568432493
Group 56,9.82986111111111,0.7145977996387977
Group 56,10.025694444444444,0.711414735943302
Group 56,10.286111111111111,0.7081438635941374
Group 56,10.397222222222222,0.7048347801193984
Group 56,10.654166666666669,0.7014784240235917
Group 56,10.96527777777778,0.6980057585581284
Group 56,11.02361111111111,0.6945157297653378
Group 56,11.245833333333334,0.6909632196386609
Group 56,11.276388888888889,0.6872976322665725
Group 56,14.09375,0.6829750056485437
Group 56,14.268055555555556,0.6786109481044637
Group 56,14.269444444444444,0.67419002987577
Group 56,14.40972222222222,0.6697251952408312
Group 56,15.133333333333333,0.6650253693093165
Group 56,15.39375,0.6600439058687974
Group 56,15.432638888888889,0.6550054027705622
Group 56,15.803472222222222,0.6499278415087749
Group 56,16.054166666666667,0.6447491336083065
Group 56,16.088194444444444,0.6395495438211428
Group 56,16.575,0.6340598481660258
Group 56,16.62152777777778,0.6285222075706892
Group 56,16.624305555555555,0.6229600641408601
Group 56,16.62986111111111,0.6173478113107623
Group 56,16.63888888888889,0.6117099317554129
Group 56,17.079166666666666,0.6058562481979447
Group 56,17.103472222222223,0.5998872211221029
Group 56,18.05069444444445,0.5932218075540796
Group 56,18.70694444444445,0.5861596431784358
Group 56,19.155555555555555,0.5786926413545067
Group 56,20.06805555555556,0.5709767394697799
Group 56,20.30555555555556,0.562877778626237
Group 56,20.45208333333333,0.5547201296606393
Group 56,21.304861111111112,0.5464407247403313
Group 56,22.436805555555555,0.5375555097039032
Group 56,23.01875,0.5284443993699387
Group 56,23.195138888888888,0.5186583919741992
Group 56,24.13958333333333,0.5078530088080699
Group 56,24.199305555555554,0.49656738639011283
Group 56,26.803472222222226,0.4833255894197098
Group 56,27.83194444444445,0.46822166475034394
Group 56,27.98263888888889,0.45287013475852933
Group 56,28.11458333333333,0.4193241988504901
Group 56,28.188194444444445,0.4006875677904684
Group 56,34.28125,0.3771177108616173
Group 56,40.25416666666667,0.3469482939926879
Group 56,59.18333333333333,0.31225346459341907
Group 56,83.77916666666667,0.2676458267943592
Group 56,90.25277777777778,0.21898294919538477
Group 37,5.020833333333333,0.9978925184404637
Group 37,5.061111111111111,0.9957760974045348
Group 37,5.061805555555556,0.9936574248568656
Group 37,5.064583333333333,0.9915364911858797
Group 37,5.079166666666667,0.989404154645695
Group 37,5.079861111111111,0.9872556114217087
Group 37,5.0875,0.9851023821710616
Group 37,5.090972222222222,0.9829420699294584
Group 37,5.101388888888889,0.980769822261106
Group 37,5.108333333333333,0.9785927527333343
Group 37,5.1194444444444445,0.9764132588519684
Group 37,5.134722222222222,0.9742264430426695
Group 37,5.14375,0.972032239342123
Group 37,5.154861111111111,0.9698330713798106
Group 37,5.16875,0.9676314071996066
Group 37,5.230555555555555,0.9654272354292203
Group 37,5.305555555555555,0.9599041963249341
Group 37,5.308333333333334,0.9576718609846434
Group 37,5.41875,0.9554316928887729
Group 37,5.543055555555555,0.9531809704084695
Group 37,5.765972222222223,0.9509168825927724
Group 37,5.798611111111111,0.9486473912262026
Group 37,5.992361111111111,0.9463697264213377
Group 37,6.003472222222222,0.9440893174420092
Group 37,6.04375,0.9418006160663921
Group 37,6.047916666666667,0.9395007366620787
Group 37,6.079861111111111,0.9371923810437442
Group 37,6.091666666666667,0.9348668416366879
Group 37,6.170138888888889,0.9325325923442117
Group 37,6.251388888888889,0.9301895456297791
Group 37,6.341666666666667,0.9278286584581299
Group 37,6.396527777777778,0.9254311683845947
Group 37,6.809722222222222,0.9229567534958659
Group 37,6.852083333333334,0.9204790172448704
Group 37,6.924305555555556,0.9179912361171815
Group 37,6.984722222222223,0.915483063340905
Group 37,7.040972222222222,0.9129645404706411
Group 37,7.207638888888889,0.9104390507321332
Group 37,7.3381944444444445,0.9079030088080883
Group 37,7.78125,0.9053598631251525
Group 37,7.832638888888889,0.9028095536515606
Group 37,7.9430555555555555,0.9002556369509903
Group 37,7.945833333333334,0.8976944544845579
Group 37,7.998611111111111,0.8951296131860306
Group 37,8.00763888888889,0.8925574016538868
Group 37,8.063888888888888,0.8899814784167904
Group 37,8.095138888888888,0.8873867802289863
Group 37,8.102083333333333,0.8847768191106659
Group 37,8.189583333333333,0.8769237704203344
Group 37,8.265972222222222,0.8742824337624419
Group 37,8.377083333333333,0.8716330930540708
Group 37,8.794444444444444,0.8689756750874424
Group 37,8.822916666666666,0.866289506076353
Group 37,10.009027777777778,0.8635653252396349
Group 37,10.01388888888889,0.8608281926715219
Group 37,10.092361111111112,0.8580823292180243
Group 37,10.501388888888888,0.855318779043409
Group 37,10.908333333333331,0.8525507571047573
Group 37,10.947222222222225,0.8497782343174247
Group 37,10.979861111111113,0.8470011812640997
Group 37,10.98263888888889,0.8442057978275845
Group 37,11.33611111111111,0.8413964607299886
Group 37,11.811111111111112,0.8385824257442696
Group 37,11.89236111111111,0.8357636612879864
Group 37,12.042361111111113,0.832925754118927
Group 37,12.094444444444443,0.8300781447031358
Group 37,12.765277777777778,0.8272256424876611
Group 37,12.943055555555556,0.8243077389868227
Group 37,12.952083333333333,0.8213794699318073
Group 37,13.021527777777775,0.8184248675219807
Group 37,13.046527777777778,0.8154541783476723
Group 37,13.390972222222222,0.8124726274213554
Group 37,13.820833333333333,0.8094690317562117
Group 37,13.959722222222222,0.8064486249213004
Group 37,14.036111111111111,0.8034225512818209
Group 37,14.040972222222225,0.800385036910245
Group 37,14.160416666666666,0.7973301321892136
Group 37,14.730555555555556,0.7942634778346397
Group 37,14.99236111111111,0.7911669340614053
Group 37,15.029166666666669,0.7880643186337135
Group 37,15.070833333333333,0.7849432718272433
Group 37,15.79513888888889,0.7817908892094632
Group 37,16.218055555555555,0.7786193237359967
Group 37,16.38125,0.7754282609338001
Group 37,16.88125,0.772224011921677
Group 37,17.114583333333332,0.7690064118720034
Group 37,17.136805555555554,0.7657820663295631
Group 37,17.170833333333334,0.7625094933965307
Group 37,17.31388888888889,0.7592298826722447
Group 37,17.38888888888889,0.7559360437018661
Group 37,17.75347222222222,0.7525985777252574
Group 37,17.99513888888889,0.7492312462812966
Group 37,18.28333333333333,0.7458487124380402
Group 37,18.34027777777778,0.7424584910178672
Group 37,18.49375,0.7390211831890808
Group 37,18.624305555555555,0.7355678131741786
Group 37,18.813194444444445,0.732098153678074
Group 37,18.819444444444443,0.7286036517512097
Group 37,20.04513888888889,0.7250667408203786
Group 37,20.059722222222224,0.7215124920908669
Group 37,20.06388888888889,0.7179317849340884
Group 37,20.088194444444444,0.7143058668283606
Group 37,20.229861111111116,0.7106333430914539
Group 37,20.23611111111111,0.7069513050443479
Group 37,20.250694444444445,0.7032402745716742
Group 37,20.775694444444444,0.6995095569346891
Group 37,21.066666666666663,0.695738615926955
Group 37,21.216666666666665,0.6919158762790046
Group 37,21.852777777777774,0.6880718991885657
Group 37,22.000694444444445,0.6841954377846865
Group 37,22.08125,0.6802290874207173
Group 37,22.320833333333333,0.67623947400476
Group 37,22.388194444444444,0.6722261833578476
Group 37,22.83194444444445,0.6681643937303077
Group 37,22.90833333333333,0.6640652256706125
Group 37,23.09513888888889,0.6599277476290512
Group 37,23.2,0.6557243861791846
Group 37,23.278472222222224,0.6514664356195795
Group 37,23.851388888888888,0.6471520883638207
Group 37,24.06597222222222,0.6428233118530259
Group 37,24.20277777777778,0.6384354394171691
Group 37,25.794444444444444,0.634001859976772
Group 37,25.997916666666665,0.629489391222489
Group 37,26.606944444444444,0.6249112865590527
Group 37,27.05625,0.6202823140660227
Group 37,27.134722222222223,0.6156185372685338
Group 37,27.175,0.6109011538411887
Group 37,27.195833333333333,0.6061284885768043
Group 37,28.04930555555556,0.6013369590228376
Group 37,28.77777777777778,0.5964874674178148
Group 37,28.897916666666667,0.5915578189267584
Group 37,30.375,0.5865657698218912
Group 37,30.90972222222222,0.5815308705101154
Group 37,31.104166666666668,0.576451998278586
Group 37,31.10902777777778,0.5713279805161098
Group 37,31.49375,0.566157591552163
Group 37,32.59861111111111,0.5607911688834222
Group 37,34.950694444444444,0.555320035528462
Group 37,36.078472222222224,0.5497944630356414
Group 37,36.18888888888889,0.5442127933601527
Group 37,38.90208333333333,0.53845392782195
Group 37,39.29375,0.532632804277929
Group 37,39.89722222222223,0.5267473589267917
Group 37,39.922916666666666,0.5206927915828056
Group 37,39.96458333333333,0.5144193844553019
Group 37,41.09444444444444,0.5080685278570882
Group 37,41.12152777777778,0.5015128049169968
Group 37,41.16944444444445,0.49478108941475524
Group 37,41.76736111111112,0.48795652266420686
Group 37,42.01875,0.48103515354840254
Group 37,43.94444444444444,0.4739087068291669
Group 37,45.75625,0.46656128501786204
Group 37,45.99930555555556,0.4590963044575762
Group 37,46.68472222222222,0.45138040018097825
Group 37,48.4,0.4433913665494565
Group 37,50.86527777777778,0.4348646095004285
Group 37,50.96319444444445,0.4262534291142814
Group 37,52.766666666666666,0.4166747003701402
Group 37,53.19375,0.40663434614435373
Group 37,53.96597222222222,0.3962078244483446
Group 37,56.31041666666667,0.38549950486865964
Group 37,57.06041666666667,0.37448523330098366
Group 37,57.14652777777778,0.3629626107378765
Group 37,58.00972222222222,0.3504466586434669
Group 37,58.797222222222224,0.337467152767783
Group 37,60.04236111111111,0.32369298326705714
Group 37,66.03541666666666,0.30930662845518797
Group 37,70.09791666666666,0.2942185002378617
Group 37,72.68472222222222,0.27787302800242497
Group 37,85.82638888888889,0.2610322384265204
Group 37,92.14583333333331,0.24169651706159298
Group 37,92.15069444444444,0.21752686535543367
Group 37,101.80555555555556,0.186451598876086
Group 37,252.63819444444445,0.13317971348291857
Group 46,5.0125,0.9975247524752475
Group 46,5.0152777777777775,0.9925681077424513
Group 46,5.015972222222223,0.9900835818156867
Group 46,5.016666666666667,0.9875959346251951
Group 46,5.017361111111111,0.9826143662285989
Group 46,5.022222222222222,0.9801172522102288
Group 46,5.023611111111111,0.9776169530974477
Group 46,5.025,0.9751134525773518
Group 46,5.026388888888889,0.9701000158031752
Group 46,5.027083333333334,0.965080093341063
Group 46,5.027777777777778,0.962563587230656
Group 46,5.028472222222222,0.9600437872640837
Group 46,5.030555555555556,0.9549975649919992
Group 46,5.03125,0.9499379752436972
Group 46,5.031944444444444,0.9474014252430464
Group 46,5.032638888888889,0.9423215248395984
Group 46,5.034722222222222,0.9321342651116028
Group 46,5.038888888888889,0.926991455373056
Group 46,5.039583333333334,0.9244057051488634
Group 46,5.040277777777778,0.9192269617026513
Group 46,5.040972222222222,0.9166229193182245
Group 46,5.043055555555555,0.9140151727483291
Group 46,5.04375,0.9113999648148574
Group 46,5.044444444444444,0.9035317636797652
Group 46,5.047222222222223,0.9008975602871128
Group 46,5.048611111111111,0.898259500081294
Group 46,5.054166666666666,0.8929522061369437
Group 46,5.057638888888889,0.8902866771634006
Group 46,5.058333333333334,0.88493961003329
Group 46,5.061805555555556,0.882253905602233
Group 46,5.063194444444444,0.879560000546959
Group 46,5.064583333333333,0.8768536620837376
Group 46,5.065277777777778,0.8741389448636641
Group 46,5.06875,0.8714115222587853
Group 46,5.070138888888889,0.8686755363176273
Group 46,5.072222222222222,0.8659309058711261
Group 46,5.075694444444444,0.8631731641326831
Group 46,5.077083333333333,0.8604065834784116
Group 46,5.080555555555556,0.8548555732624219
Group 46,5.08125,0.8520664849320387
Group 46,5.088888888888889,0.8464791637193696
Group 46,5.097222222222222,0.840854717448809
Group 46,5.103472222222222,0.8380283150372164
Group 46,5.10625,0.8351827180421834
Group 46,5.111805555555556,0.8323273925104152
Group 46,5.120138888888889,0.8294720669786471
Group 46,5.125694444444444,0.8266068784916741
Group 46,5.126388888888889,0.8237267151519819
Group 46,5.130555555555556,0.8208415077433936
Group 46,5.135416666666667,0.8179461232363623
Group 46,5.139583333333333,0.8150352829401475
Group 46,5.143055555555556,0.8121140095245913
Group 46,5.152777777777778,0.8091821899956216
Group 46,5.156944444444444,0.8062397093047284
Group 46,5.165972222222222,0.8032864502962862
Group 46,5.173611111111111,0.8003168146205143
Group 46,5.183333333333334,0.7973305578495423
Group 46,5.19375,0.7943217632916195
Group 46,5.204861111111111,0.7912900008363081
Group 46,5.206944444444445,0.7882465777561684
Group 46,5.238888888888889,0.7851794704497241
Group 46,5.279166666666667,0.7820942858900003
Group 46,5.290277777777778,0.7789968827775646
Group 46,5.349305555555556,0.775893309539407
Group 46,5.352777777777778,0.7727897363012494
Group 46,5.4631944444444445,0.7696673535283151
Group 46,5.54375,0.7665322522919472
Group 46,5.633333333333334,0.7633842758964977
Group 46,5.665277777777778,0.7602232644021023
Group 46,5.7652777777777775,0.7570556674670935
Group 46,5.779166666666667,0.7538747613012654
Group 46,5.800694444444445,0.7506735945866104
Group 46,5.825,0.7474587183785306
Group 46,5.863888888888889,0.7442299550162044
Group 46,5.915277777777778,0.7409941726030905
Group 46,5.925,0.7377370553608791
Group 46,5.957638888888889,0.7344582240037196
Group 46,5.970138888888889,0.7311720574533674
Group 46,5.977083333333334,0.7278710549366479
Group 46,5.997222222222222,0.7245550136840893
Group 46,6.0152777777777775,0.7212237262648521
Group 46,6.068055555555556,0.7178691973054806
Group 46,6.069444444444445,0.7144989193838587
Group 46,6.177777777777778,0.7110884233486136
Group 46,6.250694444444444,0.7076365377983775
Group 46,6.6194444444444445,0.7041592083743069
Group 46,6.786805555555556,0.7006732716991866
Group 46,6.8590277777777775,0.6971611249738774
Group 46,6.861111111111111,0.6936311952271742
Group 46,7.011111111111111,0.6900741121747271
Group 46,7.052083333333333,0.6864799761738171
Group 46,7.052777777777778,0.6828573905475701
Group 46,7.130555555555556,0.6791861142543035
Group 46,7.334722222222222,0.6754848275281221
Group 46,7.457638888888889,0.671763148037609
Group 46,7.479166666666667,0.6679997690570061
Group 46,7.584722222222222,0.6642150678158899
Group 46,8.099305555555556,0.6604086777424465
Group 46,8.186805555555555,0.6565239208145497
Group 46,8.395138888888889,0.652604375018642
Group 46,8.40625,0.6486611461665657
Group 46,8.469444444444445,0.6446937997068313
Group 46,8.839583333333334,0.640689490391882
Group 46,9.233333333333333,0.6365825064791136
Group 46,9.313888888888888,0.6324353891730607
Group 46,9.40277777777778,0.6282050521217359
Group 46,9.427777777777775,0.6239169630287548
Group 46,9.428472222222222,0.6196140874216599
Group 46,9.45486111111111,0.615265918387122
Group 46,9.785416666666666,0.6108868015302741
Group 46,10.09722222222222,0.6064114403469022
Group 46,10.141666666666667,0.6019028051026872
Group 46,10.23125,0.597360142422667
Group 46,10.234722222222222,0.5928001413354711
Group 46,10.347916666666666,0.5881869106635997
Group 46,10.36875,0.5835372117650732
Group 46,10.977083333333333,0.578714590180238
Group 46,10.981944444444444,0.5738309227525565
Group 46,11.058333333333334,0.5688626896551319
Group 46,11.87847222222222,0.5637835584974967
Group 46,12.89375,0.5586582534202468
Group 46,13.090972222222222,0.5533878925389237
Group 46,13.15,0.548015194553109
Group 46,13.225,0.5425893015377317
Group 46,14.084722222222222,0.5367234712508372
Group 46,14.0875,0.5307928251596677
Group 46,15.297916666666667,0.5247266214435573
Group 46,15.383333333333333,0.5185894679763812
Group 46,16.33888888888889,0.5122652061717912
Group 46,16.391666666666666,0.5058216186727749
Group 46,16.43125,0.49933672612568814
Group 46,17.036805555555556,0.4927665060450869
Group 46,17.214583333333334,0.4861074992066398
Group 46,17.358333333333334,0.4791631063608307
Group 46,18.25208333333333,0.4713079734696695
Group 46,18.825,0.463181973927089
Group 46,19.20833333333333,0.454760483492051
Group 46,22.981944444444444,0.4449806881481359
Group 46,24.891666666666666,0.4338561709444325
Group 46,24.926388888888887,0.4221303284864749
Group 46,25.97083333333333,0.40851322111594346
Group 46,30.427777777777777,0.39365819489354553
Group 46,88.23125,0.3765426212025218
Group 46,90.18888888888888,0.3567245885076523
Group 46,90.95208333333332,0.3351049164768855
Group 46,96.75208333333332,0.31116885101425085
Group 46,265.97222222222223,0.25459269628438697
Group 58,2.84375,0.997289972899729
Group 58,5.007638888888889,0.9945651369081997
Group 58,5.0152777777777775,0.9918365631443912
Group 58,5.036111111111111,0.9890890934403901
Group 58,5.039583333333334,0.986330128047251
Group 58,5.040277777777778,0.9835672985569225
Group 58,5.040972222222222,0.9808005832304614
Group 58,5.050694444444445,0.9780260412694134
Group 58,5.052777777777778,0.9752436058746213
Group 58,5.055555555555555,0.9724492115884477
Group 58,5.065972222222222,0.9696427203573121
Group 58,5.066666666666666,0.9668321617475808
Group 58,5.068055555555556,0.9640175120772823
Group 58,5.080555555555556,0.9611904812500761
Group 58,5.083333333333333,0.9583592869017695
Group 58,5.084027777777778,0.955523904396143
Group 58,5.088888888888889,0.952684308840731
Group 58,5.090277777777778,0.9498362242104149
Group 58,5.092361111111111,0.9469795739120377
Group 58,5.10625,0.9441142801936957
Group 58,5.111111111111111,0.9412446319256297
Group 58,5.113888888888889,0.9383662079747868
Group 58,5.11875,0.9354833624817768
Group 58,5.1194444444444445,0.9325916055652952
Group 58,5.127083333333333,0.9296863357660263
Group 58,5.147222222222222,0.9267673833774359
Group 58,5.152777777777778,0.9238345752021909
Group 58,5.163888888888889,0.920897104374839
Group 58,5.207638888888889,0.9179502336408395
Group 58,5.220833333333333,0.9149891038549013
Group 58,5.247222222222222,0.912013529533422
Group 58,5.279166666666667,0.9090035838913975
Group 58,5.365277777777778,0.9059786135623079
Group 58,5.3694444444444445,0.9029435093292684
Group 58,5.374305555555556,0.8999032954931429
Group 58,5.378472222222222,0.8968527758474035
Group 58,5.380555555555556,0.8937970594049932
Group 58,5.410416666666666,0.8907308602303621
Group 58,5.429861111111111,0.8876593745054298
Group 58,5.438888888888889,0.8845825655816675
Group 58,5.4631944444444445,0.881495017359742
Group 58,5.481944444444444,0.8783966165957359
Group 58,5.490277777777778,0.8752927416254329
Group 58,5.4944444444444445,0.8721833535557155
Group 58,5.524305555555555,0.8690684130073022
Group 58,5.526388888888889,0.8659478801060193
Group 58,5.534722222222222,0.8628217144738676
Group 58,5.543055555555555,0.8596898752198789
Group 58,5.563888888888889,0.8565523209307553
Group 58,5.584722222222222,0.8534032315155686
Group 58,5.613194444444445,0.8486621024515932
Group 58,5.663888888888889,0.8439121279975732
Group 58,5.682638888888889,0.8407395260126198
Group 58,5.711111111111111,0.8375488636748111
Group 58,5.761111111111111,0.8343398641971298
Group 58,5.829861111111111,0.8311122438327309
Group 58,5.852777777777778,0.827872040153071
Group 58,5.854861111111111,0.824625483132863
Group 58,5.856944444444444,0.8213725226471317
Group 58,5.861805555555556,0.8181131078747225
Group 58,5.903472222222222,0.8148340974223188
Group 58,5.922222222222223,0.8082495794633505
Group 58,5.940972222222222,0.8049370811868615
Group 58,5.975,0.8015901494563548
Group 58,6.051388888888889,0.7982291844691164
Group 58,6.05625,0.794854008213433
Group 58,6.071527777777778,0.7914571962125209
Group 58,6.156944444444444,0.7880383746306093
Group 58,6.170138888888889,0.7846046562226329
Group 58,6.404861111111111,0.7811329542039486
Group 58,6.454861111111111,0.7776457535155381
Group 58,6.495138888888889,0.7741428447159187
Group 58,6.747916666666667,0.7706240136035736
Group 58,6.823611111111111,0.7670890410641077
Group 58,6.827083333333333,0.7635294631473368
Group 58,6.830555555555556,0.7599615684597325
Group 58,6.832638888888889,0.7563852787258043
Group 58,6.849305555555556,0.7527919994919525
Group 58,6.989583333333333,0.7491814863049407
Group 58,7.075694444444444,0.7455180071543053
Group 58,7.077083333333333,0.7418455046560083
Group 58,7.193055555555556,0.7381547310010033
Group 58,7.261111111111111,0.7344360673687563
Group 58,7.35625,0.7306793611418062
Group 58,7.495833333333334,0.7269129726823124
Group 58,7.513194444444444,0.7231368013956511
Group 58,7.575694444444444,0.7193207760584709
Group 58,7.60625,0.7154946017177343
Group 58,7.641666666666667,0.7115740833521577
Group 58,7.9125,0.707631844663226
Group 58,8.003472222222221,0.7036785941343812
Group 58,8.225694444444445,0.6996460520476513
Group 58,8.515277777777778,0.6955664832310469
Group 58,9.151388888888889,0.6914628461618372
Group 58,9.331944444444444,0.6873223500770357
Group 58,9.910416666666666,0.6831185436545462
Group 58,11.10763888888889,0.6787535689347088
Group 58,11.183333333333334,0.6742585121867969
Group 58,11.9875,0.6697027114287779
Group 58,12.035416666666666,0.6651157065559781
Group 58,12.328472222222222,0.6604807538970513
Group 58,12.681944444444444,0.6558294809822834
Group 58,12.899305555555555,0.6511449846895528
Group 58,13.339583333333334,0.6462120681388744
Group 58,13.76388888888889,0.6412026722618288
Group 58,13.974305555555556,0.6361338764336721
Group 58,14.304166666666667,0.630962056300065
Group 58,16.195833333333333,0.6257474938513041
Group 58,17.15277777777778,0.6203062112960754
Group 58,17.29513888888889,0.6147677629809319
Group 58,17.29652777777778,0.6064224992300595
Group 58,17.835416666666667,0.6007283912560685
Group 58,17.969444444444445,0.5949521567247601
Group 58,18.18888888888889,0.5890322347672998
Group 58,18.199305555555554,0.5830522120793069
Group 58,18.879166666666663,0.5767489449216928
Group 58,19.675,0.5704110444280479
Group 58,22.146527777777777,0.5635797744348976
Group 58,22.17430555555556,0.5567068503564232
Group 58,22.177777777777777,0.549748014726968
Group 58,22.18055555555556,0.5427448553036945
Group 58,22.183333333333334,0.5356501513127966
Group 58,22.293055555555554,0.5284602163958463
Group 58,23.339583333333334,0.5208013726799645
Group 58,25.770138888888887,0.5129104427908742
Group 58,25.89236111111111,0.5047038757062201
Group 58,25.900694444444444,0.49636166288462974
Group 58,26.886805555555554,0.48780370317972227
Group 58,29.169444444444444,0.47753415153383344
Group 58,31.75347222222222,0.46496746333557465
Group 58,34.87291666666667,0.451682678668844
Group 58,36.331944444444446,0.4375675949604426
Group 58,39.71319444444445,0.42221434601446217
Group 58,42.985416666666666,0.40597533270621367
Group 58,46.92777777777778,0.3890596938434548
Group 58,60.015277777777776,0.37096389412980574
Group 58,63.90416666666667,0.3514394786492897
Group 58,65.99444444444444,0.33014011630690854
Group 58,96.82708333333332,0.30474472274483866
Group 58,128.15208333333334,0.2708841979954121
Group 58,128.76458333333332,0.2292097059961179
Group 58,269.05347222222224,0.17827421577475835
Group 48,5.045138888888889,0.9970104633781763
Group 48,5.070833333333334,0.9940119356687683
Group 48,5.090277777777778,0.9910088784613098
Group 48,5.094444444444444,0.9880012642626412
Group 48,5.095138888888889,0.9849936500639725
Group 48,5.099305555555556,0.981981437066835
Group 48,5.147916666666666,0.9789645970144024
Group 48,5.155555555555556,0.9759431013446048
Group 48,5.163194444444445,0.9729169211853967
Group 48,5.176388888888889,0.9698812989664095
Group 48,5.211111111111111,0.9668313577746912
Group 48,5.225,0.9637669160701756
Group 48,5.255555555555556,0.960682861938751
Group 48,5.267361111111111,0.9575888752658404
Group 48,5.3069444444444445,0.951390889018165
Group 48,5.338888888888889,0.9482766798888093
Group 48,5.340972222222222,0.9451573487049645
Group 48,5.34375,0.9420328616018075
Group 48,5.357638888888889,0.9388979768710196
Group 48,5.403472222222222,0.9357525900138303
Group 48,5.425,0.9326019078925716
Group 48,5.459722222222222,0.9294458946678927
Group 48,5.663888888888889,0.9262791284168949
Group 48,5.701388888888889,0.9231069396209466
Group 48,5.729166666666667,0.9199292909475526
Group 48,5.730555555555555,0.9167461446120939
Group 48,5.7652777777777775,0.9135574623699648
Group 48,5.915972222222222,0.9103632055085313
Group 48,5.920138888888889,0.9071633348389057
Group 48,5.970833333333333,0.9039578106875313
Group 48,5.984722222222223,0.9007465928875756
Group 48,6.008333333333334,0.89752964077012
Group 48,6.036805555555556,0.8943069131551465
Group 48,6.045833333333333,0.891078368342312
Group 48,6.072222222222222,0.8878380833665218
Group 48,6.073611111111111,0.8845918746522018
Group 48,6.09375,0.881339698642451
Group 48,6.104861111111111,0.8780815112167857
Group 48,6.121527777777778,0.874811189014861
Group 48,6.125694444444444,0.8715285954350679
Group 48,6.134722222222222,0.8682398082824827
Group 48,6.151388888888889,0.8649447805470654
Group 48,6.210416666666666,0.8616434645907789
Group 48,6.225694444444445,0.858335812135536
Group 48,6.231944444444444,0.8550153641195378
Group 48,6.25,0.8516884560879443
Group 48,6.250694444444444,0.8483550374731187
Group 48,6.28125,0.8450150570106261
Group 48,6.336805555555555,0.8416684627254355
Group 48,6.352777777777778,0.8383152019177644
Group 48,6.434722222222222,0.8349348986842251
Group 48,6.695833333333334,0.8315477388518346
Group 48,6.752083333333333,0.8281536664483578
Group 48,6.757638888888889,0.8247526246970298
Group 48,6.785416666666666,0.8213445559999347
Group 48,6.813888888888889,0.8179294019209329
Group 48,6.822916666666667,0.8145071031681257
Group 48,6.911111111111111,0.8110411154950699
Group 48,6.945138888888889,0.8075677060068682
Group 48,6.947916666666667,0.8040868107223559
Group 48,6.951388888888889,0.8005983646888531
Group 48,6.959027777777778,0.7971023019609542
Group 48,7.022916666666666,0.7935985555787083
Group 48,7.032638888888889,0.7900792715184923
Group 48,7.06875,0.786528353444252
Group 48,7.090972222222222,0.7829694016187124
Group 48,7.238194444444445,0.7794023428414062
Group 48,7.288888888888889,0.7758106269757775
Group 48,7.333333333333333,0.7721683235627458
Group 48,7.717361111111111,0.7685174095033475
Group 48,7.747916666666667,0.7630148982181206
Group 48,7.767361111111111,0.7593109424015277
Group 48,7.893055555555556,0.7555888299387752
Group 48,7.904861111111111,0.7499501073272918
Group 48,7.950694444444444,0.746152891593989
Group 48,7.978472222222222,0.7423459890858565
Group 48,8.074305555555556,0.7384896462854105
Group 48,8.161111111111111,0.7346232083467434
Group 48,8.644444444444444,0.7307156380895798
Group 48,8.690277777777778,0.7267975917727456
Group 48,8.722222222222221,0.722858309432514
Group 48,8.895833333333334,0.7188535542556026
Group 48,9.0875,0.7148150511418071
Group 48,9.17013888888889,0.7107420309073809
Group 48,9.248611111111112,0.7066573065918211
Group 48,9.309722222222222,0.7025368558245219
Group 48,9.729861111111113,0.6983920956131678
Group 48,9.75625,0.6942349998059465
Group 48,9.777083333333334,0.6900654202275325
Group 48,9.938888888888888,0.6858704936607998
Group 48,9.98263888888889,0.681662699221163
Group 48,10.015972222222222,0.6774023073510308
Group 48,10.01875,0.6731284757589107
Group 48,10.035416666666666,0.6688410332381534
Group 48,10.081944444444444,0.6645259297979071
Group 48,10.25347222222222,0.6601683827172651
Group 48,10.730555555555556,0.6557964066727799
Group 48,10.786805555555556,0.6514098086348349
Group 48,10.875,0.646917327195974
Group 48,10.99652777777778,0.6423615713706503
Group 48,11.146527777777775,0.6377568289235489
Group 48,11.520138888888887,0.6331016695883405
Group 48,12.125,0.6284120275913898
Group 48,12.783333333333331,0.6236692953076812
Group 48,12.85,0.6189084609923554
Group 48,12.866666666666667,0.6141292450773566
Group 48,13.16875,0.6093313603501896
Group 48,13.224305555555556,0.6045145116517693
Group 48,13.91875,0.5996783955585552
Group 48,13.922916666666667,0.5948227000479596
Group 48,13.977083333333333,0.5899471041459271
Group 48,14.01388888888889,0.5850308782780445
Group 48,14.160416666666666,0.5800518920799334
Group 48,14.411805555555556,0.5750514447344167
Group 48,14.502777777777778,0.569962493896059
Group 48,14.532638888888888,0.5648276966537522
Group 48,14.963888888888889,0.559621911431137
Group 48,15.304166666666667,0.5543918001093506
Group 48,15.683333333333334,0.5491369015301151
Group 48,15.839583333333334,0.5438567390154025
Group 48,15.915972222222225,0.5385508196103742
Group 48,16.01597222222222,0.5332186332775982
Group 48,16.019444444444446,0.5278596520386274
Group 48,16.028472222222224,0.5224733290586413
Group 48,16.159027777777776,0.5170308985476139
Group 48,16.197916666666668,0.5114109974764441
Group 48,16.958333333333332,0.5055327101491287
Group 48,17.08888888888889,0.49962004687253075
Group 48,17.097916666666666,0.4936365732572908
Group 48,17.250694444444445,0.48761661504683607
Group 48,17.49375,0.48148307271920293
Group 48,17.821527777777778,0.4752300458007717
Group 48,17.92013888888889,0.4689356081080463
Group 48,18.01527777777778,0.46255553180725656
Group 48,18.91111111111111,0.4560406651620839
Group 48,19.00625,0.44943138015973494
Group 48,19.039583333333333,0.4427731374907018
Group 48,19.71527777777778,0.43606445358932755
Group 48,20.159027777777776,0.42930376438639223
Group 48,20.21736111111111,0.42232321537197937
Group 48,20.225694444444443,0.4152844951157797
Group 48,20.280555555555555,0.4081244176137835
Group 48,20.334722222222226,0.4007039736571692
Group 48,20.49652777777778,0.39299812800991596
Group 48,20.70625,0.38513816544971763
Group 48,20.91180555555556,0.37719717234766154
Group 48,20.97430555555556,0.3690854052004
Group 48,21.425,0.36079135115095284
Group 48,22.55,0.3523021428885774
Group 48,23.35625,0.34349458931636295
Group 48,23.97430555555556,0.33445525801856396
Group 48,24.167361111111116,0.3251648341847149
Group 48,25.31805555555556,0.31531135436093566
Group 48,25.99305555555556,0.3051400203492926
Group 48,26.15277777777778,0.29461795068207564
Group 48,26.1625,0.28370617473088766
Group 48,26.2625,0.2721263308643208
Group 48,26.313194444444445,0.260031827270351
Group 48,26.59027777777778,0.2473473478913095
Group 48,26.60902777777778,0.23397722097826573
Group 48,29.80555555555556,0.2197967833432193
Group 48,54.9625,0.1412979321492124
Group 74,5.052083333333333,0.9965576592082617
Group 74,5.075694444444444,0.993097389558233
Group 74,5.077083333333333,0.9896189398575037
Group 74,5.09375,0.986134366125611
Group 74,5.098611111111111,0.9826436250065823
Group 74,5.147916666666666,0.9791152816492876
Group 74,5.267361111111111,0.9755418682126114
Group 74,5.75625,0.9719553172265356
Group 74,5.811111111111111,0.9683353719109805
Group 74,5.883333333333334,0.9646950133699618
Group 74,5.896527777777778,0.9610408655920453
Group 74,5.902777777777778,0.9573797575326469
Group 74,5.920833333333333,0.9537116358562766
Group 74,6.001388888888889,0.9500364465080828
Group 74,6.010416666666667,0.9463469845798962
Group 74,6.080555555555556,0.942643082487607
Group 74,6.161111111111111,0.9388949986606184
Group 74,6.163888888888889,0.935124336015395
Group 74,6.23125,0.9313230175763081
Group 74,6.2375,0.9275139254798814
Group 74,6.858333333333333,0.923673288107294
Group 74,7.126388888888889,0.9197676928087429
Group 74,7.173611111111111,0.9158370616428937
Group 74,7.989583333333333,0.9118464862108985
Group 74,8.021527777777777,0.907847159516991
Group 74,8.120833333333334,0.9038390042873354
Group 74,8.13125,0.8998040087324813
Group 74,8.214583333333334,0.891697666311468
Group 74,8.291666666666666,0.8875979069261278
Group 74,9.072916666666666,0.8834791231352873
Group 74,9.53125,0.8793507160178328
Group 74,9.73263888888889,0.8752125950012782
Group 74,9.945833333333333,0.8710149326751331
Group 74,10.025694444444444,0.866786704846613
Group 74,10.077777777777778,0.8625377504110904
Group 74,10.1375,0.858278304730048
Group 74,10.234722222222222,0.8539869132063976
Group 74,10.292361111111113,0.8496519542561114
Group 74,10.661111111111111,0.8452835637457972
Group 74,10.94375,0.8408579953492223
Group 74,10.990277777777775,0.8363972102280063
Group 74,11.0375,0.8319244978738458
Group 74,11.122222222222222,0.8274276086961494
Group 74,11.19097222222222,0.8228937587854857
Group 74,11.2625,0.8183473844275547
Group 74,11.264583333333333,0.8137883460741979
Group 74,11.866666666666667,0.8091906718025923
Group 74,11.97638888888889,0.804579898743888
Group 74,12.01875,0.7999425506243267
Group 74,12.043055555555556,0.7952917218416271
Group 74,12.060416666666669,0.7906272542648434
Group 74,12.07638888888889,0.7859351043879007
Group 74,12.115972222222222,0.7812147734306161
Group 74,12.127777777777778,0.7764657474523144
Group 74,12.19513888888889,0.7717021539096622
Group 74,12.985416666666667,0.7668024576943628
Group 74,13.032638888888888,0.7618712521786434
Group 74,13.221527777777778,0.7568089847223068
Group 74,13.9625,0.7517126279228301
Group 74,14.047916666666667,0.7465814837049268
Group 74,14.942361111111111,0.7412487588213202
Group 74,14.959722222222222,0.7358967822233323
Group 74,15.116666666666667,0.7304857764716902
Group 74,15.402083333333334,0.7249726762719039
Group 74,15.420833333333333,0.7194173300935751
Group 74,15.604166666666666,0.713796882202219
Group 74,15.956944444444444,0.7081318275815666
Group 74,16.110416666666666,0.7023746582516351
Group 74,16.224305555555556,0.6965458229134472
Group 74,17.138194444444444,0.6905151231479628
Group 74,17.225,0.6843772109422032
Group 74,17.87361111111111,0.6780109113055316
Group 74,18.011111111111113,0.6716145819535926
Group 74,18.23958333333333,0.6651255521762631
Group 74,18.977777777777774,0.6584742966545005
Group 74,19.051388888888887,0.6516151893976828
Group 74,20.065277777777776,0.6446085744579227
Group 74,20.08055555555556,0.637524963749594
Group 74,20.093055555555555,0.6302803618888031
Group 74,20.29375,0.6228214226948527
Group 74,20.29513888888889,0.6152720721167334
Group 74,20.31805555555556,0.6076289407860908
Group 74,20.81111111111111,0.5998388261606281
Group 74,21.054861111111112,0.5914494719485913
Group 74,21.05763888888889,0.5830001937778972
Group 74,21.335416666666667,0.5744266615164576
Group 74,21.3375,0.5657886666064357
Group 74,21.39930555555556,0.556878608864602
Group 74,21.945833333333333,0.5478236721350963
Group 74,22.120833333333334,0.5382127305186911
Group 74,22.230555555555554,0.5284270445092604
Group 74,24.12361111111111,0.5178585036190752
Group 74,25.054166666666667,0.5069562193323578
Group 74,29.315277777777776,0.49443878181797857
Group 74,30.93958333333333,0.4810755714985738
Group 74,32.20625,0.46692628998390984
Group 74,32.96527777777778,0.4518641515973321
Group 74,36.81388888888889,0.43600926908514503
Group 74,38.02291666666667,0.4189108663759237
Group 74,40.87430555555556,0.39896272988183207
Group 74,40.87708333333333,0.37739717691524655
Group 74,54.261805555555554,0.3522373651208968
Group 74,61.24513888888889,0.3151597477397498
Group 74,91.04166666666669,0.2251141055283927
Group 74,94.13333333333334,0.07503803517613093
Group 12,3.7736111111111112,0.9965095986038395
Group 12,5.066666666666666,0.9930007619890372
Group 12,5.2,0.9894416194729475
Group 12,5.425,0.9858631687696096
Group 12,5.884722222222222,0.9822453222787119
Group 12,5.8875,0.9786141011242618
Group 12,5.986111111111111,0.9749693558686781
Group 12,6.064583333333333,0.9712832713474353
Group 12,6.1125,0.9675831445994452
Group 12,6.134027777777778,0.9638616709663703
Group 12,6.738888888888889,0.960096586314158
Group 12,6.802083333333333,0.9563166784940235
Group 12,6.925,0.9525066518864775
Group 12,6.929166666666666,0.9486736271303952
Group 12,6.958333333333333,0.944825052578142
Group 12,7.113888888888889,0.9409686237921088
Group 12,7.227083333333334,0.9351721024956481
Group 12,7.247222222222222,0.9312997542451485
Group 12,7.279166666666667,0.9273949334726322
Group 12,7.91875,0.9215004741497129
Group 12,7.923611111111111,0.9175624379353979
Group 12,8.090972222222222,0.913573036031331
Group 12,9.260416666666666,0.9095661367504918
Group 12,9.286805555555556,0.9055503922173771
Group 12,9.339583333333334,0.901525723807522
Group 12,9.349305555555556,0.8974920516652065
Group 12,9.35763888888889,0.8934492946757236
Group 12,9.365277777777775,0.8893973704368315
Group 12,9.368055555555555,0.8853361952293575
Group 12,10.045833333333333,0.8812563049287613
Group 12,11.03472222222222,0.8771478839267625
Group 12,11.05,0.8730006126079598
Group 12,11.33125,0.8687933807399696
Group 12,11.36111111111111,0.8645553642485551
Group 12,11.538194444444445,0.8603069349402084
Group 12,11.76875,0.8560479897177321
Group 12,11.886111111111113,0.8517677497691434
Group 12,12.077083333333333,0.8474440556078787
Group 12,12.150694444444444,0.8431093034052809
Group 12,12.240972222222222,0.8386951185706983
Group 12,12.966666666666669,0.8342458075968485
Group 12,12.980555555555556,0.8297606150828869
Group 12,13.102083333333333,0.8252632675756626
Group 12,13.113888888888887,0.8207536322337191
Group 12,13.131944444444445,0.816231573653919
Group 12,14.192361111111111,0.8116843225472118
Group 12,14.31597222222222,0.8070985354141768
Group 12,15.220833333333331,0.8024996833605347
Group 12,15.321527777777778,0.7978876162147844
Group 12,16.025694444444444,0.7932487347251637
Group 12,16.852777777777778,0.7885549552297484
Group 12,16.90763888888889,0.7838471644522574
Group 12,16.927083333333332,0.7791109278090415
Group 12,16.96875,0.7743457233576099
Group 12,17.020833333333332,0.7695211394114566
Group 12,17.07986111111111,0.7646507524531562
Group 12,17.21875,0.759749145065636
Group 12,17.32638888888889,0.7548316748710363
Group 12,17.719444444444445,0.7498819589702427
Group 12,17.897916666666667,0.7448993545917028
Group 12,17.980555555555554,0.739883197321725
Group 12,18.02777777777778,0.7348499782923255
Group 12,18.04722222222222,0.7297290725202535
Group 12,18.290277777777774,0.7245901353898292
Group 12,18.802777777777777,0.7193584376613829
Group 12,18.83194444444445,0.7140884124770503
Group 12,18.85972222222222,0.708798868680924
Group 12,18.99513888888889,0.7034895138593441
Group 12,19.03680555555556,0.6980987896152112
Group 12,19.48819444444445,0.6926448928213423
Group 12,19.81388888888889,0.6871037336787715
Group 12,19.850694444444443,0.6815401406935184
Group 12,19.86111111111111,0.6759307568194977
Group 12,19.8875,0.6702980005126685
Group 12,19.89930555555556,0.6646414773015912
Group 12,19.985416666666666,0.6589364002432084
Group 12,19.995833333333334,0.6532065185019632
Group 12,20.011111111111116,0.6474513949909327
Group 12,20.034027777777776,0.641670578964228
Group 12,20.040277777777774,0.6358636053989408
Group 12,20.0625,0.630029994340235
Group 12,20.066666666666663,0.6241692502068374
Group 12,20.070833333333333,0.6182808610539428
Group 12,20.072916666666668,0.6123071329278177
Group 12,20.07708333333333,0.6063041218206823
Group 12,20.093055555555555,0.6002712449866456
Group 12,20.101388888888888,0.5942078990776897
Group 12,20.102083333333333,0.5881134590871493
Group 12,20.13125,0.5819872772216581
Group 12,20.136805555555554,0.575828681695503
Group 12,20.14236111111111,0.5696369754407127
Group 12,20.20555555555556,0.5634114347255137
Group 12,20.23402777777778,0.5571163348961783
Group 12,21.00625,0.550712698862889
Group 12,21.34722222222222,0.5441565953049975
Group 12,21.62986111111111,0.5375205392646926
Group 12,22.26944444444445,0.5304010619234384
Group 12,22.29375,0.5230851852072531
Group 12,24.04583333333333,0.5153357750560346
Group 12,24.066666666666663,0.5074680532994538
Group 12,24.696527777777774,0.49901025241112956
Group 12,24.91875,0.49048016262632393
Group 12,24.988888888888887,0.4817990978010792
Group 12,25.022222222222226,0.47295874738271076
Group 12,25.76736111111111,0.46377508238498827
Group 12,25.98680555555556,0.45449958073728847
Group 12,26.0,0.4450308394719283
Group 12,29.186805555555555,0.42985933358083983
Group 12,31.92222222222222,0.41924552287514005
Group 12,32.08541666666667,0.4084956376732134
Group 12,33.00486111111111,0.3974552150333968
Group 12,33.333333333333336,0.3857653557677087
Group 12,34.859722222222224,0.37389565251331763
Group 12,39.19722222222222,0.360776506811096
Group 12,41.03055555555556,0.3474144139662406
Group 12,43.27847222222222,0.33323423380435324
Group 12,46.87430555555556,0.3169789053260921
Group 12,51.675,0.2983330873657337
Group 12,54.235416666666666,0.2790857914066542
Group 12,54.71180555555556,0.254817461719119
Group 12,55.23888888888889,0.2293357155472071
Group 12,55.69583333333333,0.2006687511038062
Group 12,76.175,0.16418352363038688
Group 49,5.032638888888889,0.996415770609319
Group 49,5.044444444444444,0.9928055685418938
Group 49,5.047916666666667,0.9891887905144189
Group 49,5.053472222222222,0.9855653883513624
Group 49,5.054166666666666,0.9819353132561456
Group 49,5.065972222222222,0.9746482237329089
Group 49,5.074305555555555,0.9673337905341629
Group 49,5.079166666666667,0.9636626945549062
Group 49,5.080555555555556,0.95629242538049
Group 49,5.084027777777778,0.9525786683887211
Group 49,5.084722222222222,0.9488357266661721
Group 49,5.085416666666666,0.9450853878255944
Group 49,5.0881944444444445,0.9413275930429876
Group 49,5.095138888888889,0.9375622826708156
Group 49,5.102083333333334,0.9337817895955302
Group 49,5.113194444444445,0.9299936281772927
Group 49,5.115972222222222,0.9261743524968932
Group 49,5.117361111111111,0.9223392620103635
Group 49,5.122916666666667,0.9184961817519871
Group 49,5.131944444444445,0.9146206704365779
Group 49,5.133333333333334,0.9107369308593525
Group 49,5.134027777777778,0.9068281886668231
Group 49,5.135416666666667,0.9028940099741254
Group 49,5.138888888888889,0.8989512413716183
Group 49,5.1402777777777775,0.8949823617187634
Group 49,5.143055555555556,0.8909869047468046
Group 49,5.1506944444444445,0.8869643905041554
Group 49,5.155555555555556,0.8829235504563006
Group 49,5.161111111111111,0.878864131833513
Group 49,5.167361111111111,0.8747763916854501
Group 49,5.16875,0.8706694602690865
Group 49,5.173611111111111,0.866552819795001
Group 49,5.175,0.8624263777959772
Group 49,5.188194444444444,0.8582600667921318
Group 49,5.188888888888889,0.8540836187785449
Group 49,5.195833333333334,0.8498969343727677
Group 49,5.206944444444445,0.8456790835818359
Group 49,5.207638888888889,0.8414294399457461
Group 49,5.210416666666666,0.8371690377181727
Group 49,5.218055555555556,0.8328977671175699
Group 49,5.228472222222222,0.8286155163868882
Group 49,5.230555555555555,0.8199841047578582
Group 49,5.246527777777778,0.8155991630211852
Group 49,5.247222222222222,0.8112024020345481
Group 49,5.259027777777778,0.8067936933278385
Group 49,5.2625,0.8023729059671381
Group 49,5.276388888888889,0.7979399064866567
Group 49,5.315972222222222,0.7934696549097006
Group 49,5.3381944444444445,0.7889740761283425
Group 49,5.344444444444444,0.7844656528361806
Group 49,5.3625,0.7799311692937749
Group 49,5.454861111111111,0.7753834656827325
Group 49,5.590277777777778,0.7708223864728341
Group 49,5.6875,0.7662477729032624
Group 49,5.727777777777778,0.7616594628858775
Group 49,5.811805555555556,0.7569578612631251
Group 49,5.853472222222222,0.7522416129063456
Group 49,5.94375,0.7474502650534389
Group 49,5.952083333333333,0.7426280052789006
Group 49,5.972916666666666,0.7377742274666202
Group 49,6.022916666666666,0.7328060508506834
Group 49,6.042361111111111,0.7278209756748284
Group 49,6.133333333333334,0.7227841523137569
Group 49,6.20625,0.7177297176821922
Group 49,6.228472222222222,0.712657422857583
Group 49,6.347916666666666,0.7074744597822551
Group 49,6.677083333333333,0.7022339082283124
Group 49,6.948611111111111,0.696953954031107
Group 49,7.050694444444445,0.691572070216195
Group 49,7.329861111111111,0.6860615357921617
Group 49,7.352777777777778,0.6804837997288107
Group 49,8.075694444444444,0.6748131013977373
Group 49,8.10763888888889,0.6690454680524576
Group 49,8.115972222222222,0.6632022761917373
Group 49,8.182638888888889,0.6573071448478108
Group 49,8.418055555555556,0.65124901448055
Group 49,8.954166666666667,0.6450169664950901
Group 49,9.102777777777778,0.6386932707451383
Group 49,9.22222222222222,0.6322418235658944
Group 49,9.314583333333331,0.625690094824279
Group 49,9.89861111111111,0.6188519517114452
Group 49,10.08125,0.6119374047649486
Group 49,10.177777777777775,0.604608813091117
Group 49,10.211805555555555,0.5972355348826888
Group 49,13.372222222222222,0.5892723944175862
Group 49,14.01875,0.5812001698365233
Group 49,15.292361111111113,0.5728375774647748
Group 49,15.386111111111113,0.564413495443234
Group 49,15.41875,0.5559260744591252
Group 49,15.567361111111111,0.5473733656212926
Group 49,17.174305555555556,0.5381738132579095
Group 49,17.313194444444445,0.5288142686795111
Group 49,17.316666666666666,0.5186447635125975
Group 49,17.325,0.508167091522444
Group 49,20.054166666666667,0.49711998083717346
Group 49,23.21388888888889,0.4848454134090951
Group 49,23.30763888888889,0.47137748525884243
Group 49,24.91180555555556,0.4575134415747589
Group 49,25.025,0.4425130008673897
Group 49,25.80555555555556,0.42642161901766645
Group 49,26.188194444444445,0.408654051558597
Group 49,29.65277777777778,0.38871970758012886
Group 49,37.05972222222222,0.3563263986151181
Group 49,79.01805555555555,0.3015069526743307
Group 3,0.2034722222222222,0.9960861056751468
Group 3,5.039583333333334,0.9921255247380686
Group 3,5.047916666666667,0.9881330678980763
Group 3,5.052083333333333,0.9841325291616468
Group 3,5.072916666666667,0.9801156616956809
Group 3,5.333333333333333,0.9760403366990252
Group 3,6.015972222222223,0.9718869735641358
Group 3,6.020833333333333,0.9677247167180367
Group 3,6.081944444444445,0.9635444803607233
Group 3,6.132638888888889,0.959355156533068
Group 3,6.788194444444445,0.9551289223633188
Group 3,7.1125,0.9508649539599111
Group 3,7.893055555555556,0.9465817784916233
Group 3,8.190972222222221,0.9422296783606273
Group 3,8.736805555555556,0.9377956563448125
Group 3,8.81875,0.9333511271678229
Group 3,9.013194444444444,0.9288853323009912
Group 3,9.686111111111112,0.9243541843385473
Group 3,9.80625,0.9198119033344266
Group 3,9.829166666666667,0.9105442771043569
Group 3,10.009722222222225,0.9058867616204471
Group 3,10.025694444444444,0.9011930478296676
Group 3,10.150694444444444,0.8964747596211354
Group 3,10.390277777777778,0.8917315069247272
Group 3,11.831944444444444,0.8868453068867835
Group 3,12.043055555555556,0.8794136423039334
Group 3,12.155555555555557,0.8743884214907681
Group 3,12.775,0.8693341531584515
Group 3,13.022916666666667,0.8642503277013845
Group 3,13.374305555555557,0.8590906242524211
Group 3,13.417361111111113,0.853915379528009
Group 3,13.67361111111111,0.8486279777971855
Group 3,13.683333333333334,0.8432906949179578
Group 3,13.86736111111111,0.8379364682835582
Group 3,14.9375,0.8324597593405284
Group 3,15.35138888888889,0.8269284652585315
Group 3,15.7,0.8213599234049387
Group 3,15.845833333333331,0.8157724409327962
Group 3,16.079166666666666,0.8101657574899592
Group 3,17.083333333333332,0.804440204433493
Group 3,17.133333333333333,0.798652864833252
Group 3,17.174305555555556,0.7928444803617375
Group 3,17.320138888888888,0.7869932295841601
Group 3,17.366666666666667,0.7780501247025219
Group 3,18.04513888888889,0.7720420156314599
Group 3,18.13055555555556,0.7660104373843392
Group 3,20.070833333333333,0.7594633396289174
Group 3,20.176388888888887,0.7528878994589701
Group 3,20.42222222222222,0.7462545258954549
Group 3,23.072916666666668,0.7389383050533427
Group 3,23.164583333333333,0.7242330651517837
Group 3,23.75486111111111,0.7168050337143295
Group 3,25.179166666666667,0.7090136746522171
Group 3,25.35972222222222,0.7010917341533097
Group 3,25.86319444444445,0.6929866274000923
Group 3,26.852083333333333,0.6848338435483265
Group 3,30.632638888888888,0.6764309743023348
Group 3,30.729861111111116,0.6679755871235555
Group 3,34.91458333333333,0.6594663439754848
Group 3,36.53680555555555,0.650673459389145
Group 3,39.08819444444445,0.6418207592614016
Group 3,40.99166666666667,0.6328442451458575
Group 3,45.375,0.6235377121290067
Group 3,45.391666666666666,0.6141612051796983
Group 3,46.86527777777778,0.6046393260296254
Group 3,49.16597222222222,0.5950418764101076
Group 3,53.65833333333333,0.5853663987449026
Group 3,60.75,0.5756102920991543
Group 3,65.83125,0.5658541854534058
Group 3,73.72430555555556,0.5560980788076575
Group 3,83.1375,0.5461677559718064
Group 3,91.37430555555557,0.5361463292567273
Group 3,117.37777777777778,0.5258358229248672
Group 3,118.22013888888888,0.5153191064663698
Group 3,124.09027777777776,0.504470283172341
Group 3,124.25277777777778,0.49350353788598583
Group 3,134.9125,0.4817534536506052
Group 3,139.2236111111111,0.4698583066468865
Group 3,141.9701388888889,0.4578106577585048
Group 3,144.9326388888889,0.4454373967380047
Group 3,144.9909722222222,0.4328898644355257
Group 3,151.95,0.42015780959918675
Group 3,153.01388888888889,0.40722987699613483
Group 3,153.03472222222223,0.39409342935109826
Group 3,159.13541666666666,0.380734330051061
Group 3,160.06041666666667,0.3671366754063803
Group 3,163.88333333333333,0.35273915872377715
Group 3,164.2263888888889,0.3374026735618738
Group 3,164.29930555555555,0.32170952595434477
Group 3,165.17777777777778,0.3052116015464297
Group 3,170.91666666666666,0.2882554014605169
Group 3,172.83055555555555,0.26766572992762283
Group 3,176.14791666666667,0.246252471533413
Group 3,180.27847222222223,0.2227998551968975
Group 3,184.2770833333333,0.19804431573057552
Group 3,189.7625,0.1697522706262076
Group 3,210.06527777777777,0.1358018165009661
Group 3,272.0618055555556,0.09700129750069007
Group 3,305.88680555555555,0.048500648750345036
Group 53,0.2659722222222222,0.9951573849878934
Group 53,5.023611111111111,0.9902791625124626
Group 53,5.028472222222222,0.9853767904208167
Group 53,5.035416666666666,0.9804621929623587
Group 53,5.045138888888889,0.9755103637049731
Group 53,5.052777777777778,0.9655815050413092
Group 53,5.072222222222222,0.960604280788519
Group 53,5.115972222222222,0.9556141286805268
Group 53,5.170138888888889,0.9505977815483454
Group 53,5.18125,0.9455414103698968
Group 53,5.211111111111111,0.9404578544001662
Group 53,5.227083333333334,0.9353327434770045
Group 53,5.273611111111111,0.9301651592588995
Group 53,5.275,0.9249831806557859
Group 53,5.3069444444444445,0.9197720078070208
Group 53,5.38125,0.9145460304899354
Group 53,5.385416666666667,0.9093200531728501
Group 53,5.402777777777778,0.9040486325747467
Group 53,5.4125,0.8987617984661225
Group 53,5.593055555555556,0.8933638297065662
Group 53,5.673611111111111,0.8879658609470099
Group 53,5.680555555555555,0.8825514349656257
Group 53,5.742361111111111,0.8771203492119911
Group 53,5.790972222222222,0.8716554249178354
Group 53,5.7965277777777775,0.8661733153271572
Group 53,5.802083333333333,0.8606562878409969
Group 53,5.855555555555555,0.8551036666291195
Group 53,5.941666666666666,0.8494964294708958
Group 53,5.975694444444445,0.8438706253022143
Group 53,5.990277777777778,0.8382070640585753
Group 53,6.017361111111111,0.832524304302246
Group 53,6.061805555555556,0.8267827573760236
Group 53,6.129166666666666,0.8209807731137356
Group 53,6.1402777777777775,0.8151582144391701
Group 53,6.223611111111111,0.8092937668532769
Group 53,6.253472222222222,0.8034079940034349
Group 53,6.258333333333334,0.7974568236774835
Group 53,6.346527777777778,0.791483364324094
Group 53,6.365972222222222,0.7855099049707046
Group 53,6.373611111111111,0.7795136461541343
Group 53,6.3875,0.7734236957935552
Group 53,6.560416666666667,0.7672854124936064
Group 53,6.661111111111111,0.7610976269089805
Group 53,7.060416666666667,0.7548334489097297
Group 53,7.125,0.7485168510109035
Group 53,7.14375,0.7421464948320873
Group 53,7.3125,0.7356930470509387
Group 53,7.3902777777777775,0.7292111699844106
Group 53,7.611111111111111,0.7226711594912769
Group 53,7.718055555555556,0.7160714228749182
Group 53,7.967361111111111,0.7094411319223727
Group 53,8.100694444444445,0.7027797128432893
Group 53,8.236805555555556,0.6960222156044116
Group 53,8.239583333333334,0.6891309065390213
Group 53,8.690972222222221,0.6821699882911524
Group 53,8.761111111111111,0.6751733730266278
Group 53,9.002083333333333,0.6680286812485683
Group 53,9.189583333333331,0.6608455771491213
Group 53,9.95486111111111,0.6535835378397903
Group 53,10.244444444444444,0.6461140116930498
Group 53,10.872916666666669,0.638601058068712
Group 53,11.153472222222222,0.6310436490974848
Group 53,11.181944444444444,0.6233479948401983
Group 53,11.252777777777778,0.6156045414881461
Group 53,11.278472222222222,0.6077624454182334
Group 53,11.300694444444444,0.5998694266465681
Group 53,11.71875,0.5916520372404507
Group 53,12.088888888888889,0.5833771835727521
Group 53,12.178472222222222,0.5750432238074271
Group 53,12.244444444444444,0.5666484322189975
Group 53,12.909027777777778,0.5578631852078503
Group 53,12.9125,0.5489373742445246
Group 53,13.199305555555556,0.5395538293856438
Group 53,14.372222222222222,0.529276613587822
Group 53,15.175694444444444,0.518584156747664
Group 53,15.300694444444444,0.5077803201487543
Group 53,15.345138888888888,0.4967416175368249
Group 53,16.195138888888888,0.48545203532007886
Group 53,16.316666666666666,0.4738936535267436
Group 53,16.839583333333334,0.4621925756618857
Group 53,17.06736111111111,0.4501875736966419
Group 53,17.183333333333334,0.4380203419751111
Group 53,18.042361111111116,0.42532410017873107
Group 53,18.259027777777774,0.4120327220481457
Group 53,18.625694444444445,0.39852345247279664
Group 53,18.74652777777778,0.38478126445649335
Group 53,20.850694444444443,0.36907590672357526
Group 53,21.183333333333334,0.3526725330914164
Group 53,24.165972222222223,0.33192708996839193
Group 53,29.008333333333333,0.3090355665222959
Group 53,29.21736111111111,0.28094142411117806
Group 53,30.209027777777777,0.24972571032104712
Group 15,2.4923611111111112,0.9939577039274925
Group 15,5.030555555555556,0.9847827097373926
Group 15,5.100694444444445,0.978646991919714
Group 15,5.1090277777777775,0.96935603946478
Group 15,5.230555555555555,0.9631422186989802
Group 15,5.238194444444445,0.9568471715179411
Group 15,5.25625,0.9504681903744882
Group 15,5.290972222222222,0.9439803528975291
Group 15,6.034722222222222,0.9339022708381249
Group 15,10.009722222222225,0.9268003524287096
Group 15,11.102777777777778,0.9193261560381555
Group 15,14.194444444444445,0.9113666222196433
Group 15,15.344444444444443,0.8989951296103269
Group 15,16.0125,0.8823470716545802
Group 15,16.363194444444446,0.8739835923024041
Group 15,17.34722222222222,0.8653729165161735
Group 15,18.84513888888889,0.856451546242811
Group 15,19.65277777777778,0.8292626082668486
Group 15,19.865972222222226,0.8154415647957345
Group 15,21.32708333333333,0.8057913687626489
Group 15,22.259722222222223,0.796024200656435
Group 15,22.277083333333334,0.7811914515758803
Group 15,23.918055555555554,0.7711761765556767
Group 15,24.695138888888888,0.7610954422216156
Group 15,24.98611111111111,0.7508103686780803
Group 15,25.775,0.7405252951345449
Group 15,26.14027777777778,0.7301682979997961
Group 15,26.747916666666665,0.71966227932354
Group 15,27.00555555555556,0.7090006159261542
Group 15,27.709027777777777,0.6981761790417854
Group 15,30.97222222222222,0.6863426844817552
Group 15,32.02013888888889,0.6741950263493347
Group 15,50.06319444444444,0.6605749248069239
Group 15,51.69791666666666,0.6468129472067796
Group 15,146.29375,0.6319436840526008
Group 15,146.30138888888888,0.616716125400731
Group 15,149.73680555555555,0.6011030589348896
Group 15,160.10486111111112,0.5850736440299592
Group 15,166.90902777777777,0.5685926963108054
Group 15,167.09722222222223,0.5518693817134288
Group 15,169.10069444444446,0.5348887853530156
Group 15,169.12083333333334,0.5176343084061442
Group 15,175.10416666666666,0.5000873826974613
Group 15,181.85069444444449,0.4822271190296949
Group 15,181.99722222222223,0.46402986925498946
Group 15,182.0263888888889,0.44546867448478983
Group 15,192.86180555555555,0.42651256067692644
Group 15,197.03194444444443,0.4071256261007025
Group 15,197.11805555555557,0.38726583946164383
Group 15,210.04166666666663,0.3668834268583995
Group 15,216.7263888888889,0.3459186596093481
Group 15,227.14791666666667,0.32360132673132563
Group 15,228.09166666666667,0.3004869462505167
Group 15,228.9951388888889,0.2754463673963069
Group 15,229.19861111111112,0.24645201293353777
Group 15,239.99375,0.21124458251446096
Group 15,250.26388888888889,0.16430134195569185
Group 15,263.7895833333333,0.09858080517341512
Group 21,5.019444444444445,0.9935691318327974
Group 21,5.047222222222223,0.9871173842234936
Group 21,5.05625,0.9806017579249887
Group 21,5.075694444444444,0.9740425488418784
Group 21,5.105555555555555,0.9674388705446453
Group 21,5.110416666666667,0.9608125769107778
Group 21,5.124305555555556,0.9541862832769105
Group 21,5.167361111111111,0.9474429173173562
Group 21,5.188194444444444,0.940626781221548
Group 21,5.800694444444445,0.9337104078302131
Group 21,5.829166666666667,0.9267163223783014
Group 21,6.011805555555555,0.9196690499647782
Group 21,6.104166666666667,0.9125946726573568
Group 21,6.13125,0.9054650267772213
Group 21,6.772916666666666,0.8982787964059735
Group 21,6.882638888888889,0.8910346125639899
Group 21,7.170138888888889,0.8837310501659243
Group 21,7.248611111111111,0.8764274877678588
Group 21,7.253472222222222,0.8689685304251537
Group 21,8.049305555555556,0.8538560342438466
Group 21,8.128472222222221,0.8461288303140381
Group 21,8.186805555555555,0.8382943041074266
Group 21,8.297222222222222,0.8302337819525475
Group 21,8.926388888888889,0.8220541387806013
Group 21,9.127083333333331,0.8137505616212013
Group 21,9.859027777777778,0.8053613805735601
Group 21,9.977083333333333,0.7968838923569963
Group 21,10.363888888888887,0.7880785454801233
Group 21,10.734027777777778,0.779173703158314
Group 21,10.844444444444443,0.7701659146824954
Group 21,10.991666666666667,0.7610515251596257
Group 21,11.02777777777778,0.7518822296757748
Group 21,11.161111111111111,0.7424837018048276
Group 21,11.933333333333334,0.7327780325001894
Group 21,12.133333333333333,0.7229420857552203
Group 21,12.8,0.7129704707792862
Group 21,13.202083333333333,0.7028574144561758
Group 21,14.074305555555556,0.6922080596916883
Group 21,14.213194444444444,0.6813923087590057
Group 21,15.38888888888889,0.6704021102306346
Group 21,17.299305555555556,0.658942245098487
Group 21,18.77638888888889,0.6471754192931568
Group 21,19.197222222222223,0.6351906893062466
Group 21,19.270138888888887,0.6227359699080848
Group 21,19.288194444444443,0.6088973927990162
Group 21,19.31111111111111,0.5947369883153182
Group 21,19.772916666666667,0.5796803556997404
Group 21,20.77638888888889,0.5640133190592069
Group 21,20.990972222222226,0.5476651069125632
Group 21,22.21388888888889,0.5299984905605452
Group 21,22.291666666666668,0.511722680541216
Group 21,22.346527777777776,0.4927699886693191
Group 21,26.04583333333333,0.47265692790730607
Group 21,35.94722222222222,0.4501494551498153
Group 21,38.97083333333333,0.4244266291412544
Group 21,50.81805555555555,0.3970442659708509
Group 21,61.95069444444445,0.35733983937376584
Group 21,71.2875,0.2977831994781382
Group 47,5.052777777777778,0.9932885906040269
Group 47,5.069444444444445,0.9865544306677284
Group 47,5.076388888888889,0.9797270643655296
Group 47,5.08125,0.9728758261531832
Group 47,5.1090277777777775,0.9659759975989053
Group 47,5.135416666666667,0.9588470234468839
Group 47,5.152083333333334,0.9516914486450414
Group 47,5.161111111111111,0.9444816649431851
Group 47,5.211111111111111,0.9371883702331991
Group 47,5.231944444444444,0.9298665860907522
Group 47,5.284027777777778,0.922457290584053
Group 47,5.315972222222222,0.914988000781753
Group 47,5.342361111111111,0.9074880991360009
Group 47,5.396527777777778,0.8999570775664075
Group 47,5.7965277777777775,0.892330322671777
Group 47,5.882638888888889,0.8846378198901238
Group 47,5.9,0.8767743726022117
Group 47,5.978472222222222,0.8687305710187052
Group 47,5.985416666666667,0.8606493564045777
Group 47,6.001388888888889,0.8524526958673913
Group 47,6.04375,0.8440953164961423
Group 47,6.077083333333333,0.8356543633311809
Group 47,6.0777777777777775,0.8269947326230858
Group 47,6.152777777777778,0.8181023161432677
Group 47,6.784722222222222,0.8091613072236691
Group 47,6.944444444444445,0.8000182416053225
Group 47,6.988194444444445,0.7905505701070348
Group 47,7.099305555555556,0.7807300661305498
Group 47,7.225694444444445,0.7709095621540649
Group 47,8.480555555555556,0.7608323129755804
Group 47,8.64375,0.7506878821359061
Group 47,13.7625,0.7389583839775326
Group 47,14.890277777777778,0.7264336656050321
Group 47,15.078472222222222,0.713576432585474
Group 47,16.0875,0.7001127263102763
Group 47,16.383333333333333,0.6791093445209679
Group 47,16.391666666666666,0.6649612331767811
Group 47,16.40138888888889,0.6435108708162398
Group 47,16.877083333333335,0.629049952370931
Group 47,16.9,0.6127109925690887
Group 47,17.022222222222222,0.5959243900329492
Group 47,17.429861111111112,0.5666166331460829
Group 47,34.05763888888889,0.5342385398234495
Group 47,54.21944444444444,0.4914994566375736
Group 47,285.37916666666666,0.3993433085180285
Group 34,4.945138888888889,0.9919354838709677
Group 34,5.029166666666667,0.9837376699546788
Group 34,5.030555555555556,0.9672734411688264
Group 34,5.034027777777778,0.9588623677673583
Group 34,5.042361111111111,0.9503391467205374
Group 34,5.051388888888889,0.9417387924515733
Group 34,5.064583333333333,0.9330189888177625
Group 34,5.067361111111111,0.9242169228855194
Group 34,5.068055555555556,0.9153727418052752
Group 34,5.072916666666667,0.9064422760315651
Group 34,5.081944444444445,0.8973323034081323
Group 34,5.0875,0.888033523061934
Group 34,5.094444444444444,0.8786363429237125
Group 34,5.134027777777778,0.8690859478919329
Group 34,5.156944444444444,0.8594827882467182
Group 34,5.177083333333333,0.8497159383802783
Group 34,5.227083333333334,0.8398355204921355
Group 34,5.26875,0.8298374785815148
Group 34,5.271527777777778,0.8197788424774965
Group 34,5.320138888888889,0.809658116027157
Group 34,5.34375,0.7993439998994225
Group 34,5.759027777777778,0.7888950587242667
Group 34,5.76875,0.7783058633051491
Group 34,5.834722222222222,0.767644139150284
Group 34,5.876388888888889,0.7568322498664771
Group 34,5.878472222222222,0.745863666535079
Group 34,5.925,0.7346476715495891
Group 34,6.117361111111111,0.7229865973980083
Group 34,6.265972222222223,0.7111343580964016
Group 34,6.26875,0.6990812333829033
Group 34,7.080555555555556,0.686816650341098
Group 34,7.175,0.6679134397812513
Group 34,7.2965277777777775,0.6550689505546887
Group 34,7.836111111111111,0.6418352343818666
Group 34,8.766666666666667,0.6283229136580379
Group 34,8.95486111111111,0.6142032976207786
Group 34,9.438888888888888,0.5997514553238191
Group 34,10.441666666666666,0.5847576689407237
Group 34,12.08125,0.5695691580591463
Group 34,12.964583333333334,0.5537477925575034
Group 34,14.316666666666666,0.5376971319036628
Group 34,15.428472222222222,0.5211526047681654
Group 34,20.28125,0.5014864687391781
Group 34,21.258333333333333,0.480146619005596
Group 34,21.460416666666667,0.4583217726871599
Group 34,42.16875,0.4277669878413492
Group 34,56.89375,0.39211973885457013
Group 34,76.88263888888889,0.33983710700729414
Group 34,89.94444444444444,0.2718696856058353
Group 34,278.2555555555556,0.18124645707055692
Group 59,5.076388888888889,0.9858490566037735
Group 59,5.085416666666666,0.9763697387518142
Group 59,5.104166666666667,0.9668441803249672
Group 59,5.11875,0.9572238402222313
Group 59,5.139583333333333,0.947456250015882
Group 59,5.218055555555556,0.9376380505338521
Group 59,5.21875,0.9277159547610071
Group 59,5.220138888888889,0.9177405143872328
Group 59,5.268055555555556,0.9077105634103232
Group 59,5.28125,0.8976248904835419
Group 59,5.292361111111111,0.8874246076371379
Group 59,5.334027777777778,0.8771653636182115
Group 59,5.344444444444444,0.8667847084274635
Group 59,5.435416666666667,0.8563415191693012
Group 59,5.95,0.8457037363224776
Group 59,5.960416666666666,0.8349304403183696
Group 59,6.041666666666667,0.8240163169155151
Group 59,6.078472222222223,0.813029432689975
Group 59,6.080555555555556,0.8019678077554175
Group 59,7.830555555555556,0.7905923778581775
Group 59,8.084027777777777,0.7788798981862045
Group 59,8.209722222222222,0.7670786876076257
Group 59,8.81875,0.7549987082752221
Group 59,8.959722222222222,0.7425193907830697
Group 59,10.001388888888888,0.7298267516243847
Group 59,10.307638888888889,0.7170227735257113
Group 59,10.352083333333333,0.7041034442729958
Group 59,11.754166666666666,0.6904315327337143
Group 59,13.2,0.6763410932901691
Group 59,14.213888888888889,0.6621023334314287
Group 59,15.005555555555556,0.6475506337955731
Group 59,15.545833333333333,0.6326644123290082
Group 59,15.86111111111111,0.6172335730039105
Group 59,16.17152777777778,0.6016074065987481
Group 59,16.81111111111111,0.5855645424227816
Group 59,16.879166666666666,0.568085003842997
Group 59,17.439583333333335,0.5391993256814888
Group 59,20.84722222222222,0.5162546735248297
Group 59,22.03333333333333,0.49044193984858814
Group 59,23.95833333333333,0.4631951654125554
Group 59,24.92152777777778,0.43231548771838507
Group 59,28.829166666666666,0.39906045020158626
Group 59,52.97013888888889,0.3420518144585025
Group 59,102.85902777777778,0.27364145156680203
Group 59,124.01805555555556,0.18242763437786802
Group 61,5.197222222222222,0.99
Group 61,5.3,0.9798979591836734
Group 61,7.335416666666666,0.9696906887755102
Group 61,7.711111111111111,0.9594294116456107
Group 61,8.2,0.9490572017899824
Group 61,10.758333333333333,0.9384532107085302
Group 61,11.697222222222225,0.9277889696777514
Group 61,16.809722222222224,0.917063085635234
Group 61,17.945833333333333,0.900783859263011
Group 61,17.956944444444446,0.8897312965726673
Group 61,18.097916666666663,0.878609655365509
Group 61,18.110416666666666,0.8672727565865991
Group 61,18.145138888888887,0.8557091198321112
Group 61,18.6125,0.8439062354206337
Group 61,18.81388888888889,0.8318504320574819
Group 61,26.06597222222222,0.8194347539670717
Group 61,27.04513888888889,0.8067303391768844
Group 61,27.113888888888887,0.7937185595127412
Group 61,29.684722222222224,0.780378751789838
Group 61,30.14375,0.7666878964952794
Group 61,32.009027777777774,0.7520843175144168
Group 61,34.07222222222222,0.736890694938368
Group 61,37.925694444444446,0.7212121695141473
Group 61,41.015972222222224,0.7044397934789346
Group 61,46.78472222222222,0.6868287986419612
Group 61,47.76805555555556,0.668513364011509
Group 61,53.02708333333333,0.6496820016449876
Group 61,62.06458333333333,0.6290571761959404
Group 61,64.925,0.6073655494305631
Group 61,66.00625,0.5844460947350703
Group 61,67.15277777777777,0.560094174121109
Group 61,80.25555555555556,0.5340432823015225
Group 61,100.90347222222222,0.5066564473117009
Group 61,101.875,0.47499041935471953
Group 61,132.81597222222223,0.44106253225795383
Group 61,165.97916666666666,0.4027092685833492
Group 61,205.06527777777777,0.3391235945965046
Group 61,239.97291666666663,0.2774647592153219
Group 68,4.799305555555556,0.9891891891891892
Group 68,5.041666666666667,0.9783189783189784
Group 68,5.055555555555555,0.9673880400137383
Group 68,5.0569444444444445,0.9563949941044914
Group 68,5.061805555555556,0.9453384045772718
Group 68,5.0777777777777775,0.9342167762881275
Group 68,5.136111111111111,0.9230951479989832
Group 68,5.259027777777778,0.9118378900965565
Group 68,5.325694444444444,0.9004399164703496
Group 68,5.354861111111111,0.8889693442860139
Group 68,5.933333333333334,0.8774242878667151
Group 68,6.065972222222222,0.8658792314474162
Group 68,6.995138888888889,0.8540985616318051
Group 68,7.024305555555555,0.8420690044257233
Group 68,7.790972222222222,0.8298651058108578
Group 68,7.897222222222222,0.8175708079469932
Group 68,7.934027777777778,0.8051833714629478
Group 68,8.029166666666667,0.7925033183690432
Group 68,8.1625,0.7797210067824457
Group 68,8.609027777777778,0.7666164520466062
Group 68,8.947222222222223,0.753283992011013
Group 68,10.335416666666667,0.7398324921536735
Group 68,11.095833333333331,0.7262575840407621
Group 68,11.863194444444444,0.7122910920399782
Group 68,12.177083333333334,0.6980452701991786
Group 68,12.365972222222222,0.6836525842156904
Group 68,13.754861111111111,0.668950378103525
Group 68,15.203472222222222,0.6540848141456689
Group 68,17.086805555555557,0.6390483816365731
Group 68,18.904166666666665,0.6238329439785594
Group 68,22.03680555555556,0.6084296614111876
Group 68,22.366666666666667,0.5928289008621828
Group 68,23.344444444444445,0.5687952967731753
Group 68,30.06597222222222,0.5512939030263084
Group 68,32.05486111111111,0.5335102287351372
Group 68,36.08402777777778,0.514790571586536
Group 68,42.99583333333333,0.4937787115217793
Group 68,43.22291666666667,0.47183299100970033
Group 68,45.17361111111112,0.4469996756934003
Group 68,45.31319444444444,0.4214568370823488
Group 68,54.05833333333333,0.395115784764702
Group 68,61.025,0.36350652198352584
Group 68,75.26527777777778,0.31503898571905575
Group 68,75.27361111111111,0.2625324880992131
Group 68,95.04375,0.20419193518827686
Group 13,0.00625,0.9864864864864865
Group 13,0.0097222222222222,0.9728797763280522
Group 13,0.0895833333333333,0.9591772442670937
Group 13,0.0972222222222222,0.9453761328387902
Group 13,0.2701388888888889,0.9313705605004378
Group 13,0.8444444444444444,0.9172588853413401
Group 13,1.147222222222222,0.903037817351552
Group 13,1.2180555555555554,0.8885892122739271
Group 13,1.805555555555556,0.8739017872776639
Group 13,1.9409722222222223,0.8587034953250089
Group 13,3.8958333333333335,0.8432313602741077
Group 13,5.016666666666667,0.8276159647134762
Group 13,5.253472222222222,0.8039697942930911
Group 13,5.271527777777778,0.787727980266968
Group 13,5.663888888888889,0.7711442333139793
Group 13,6.166666666666667,0.7543802282419363
Group 13,6.875,0.7372352230546195
Group 13,9.177083333333334,0.7194705188846288
Group 13,10.104166666666666,0.7012560753685622
Group 13,10.198611111111113,0.6828019681220211
Group 13,12.0125,0.6632933404613919
Group 13,15.74236111111111,0.6431935422655922
Group 13,16.144444444444446,0.6224453634828312
Group 13,17.399305555555557,0.6009817302592854
Group 13,18.78611111111111,0.5787231476570897
Group 13,19.2625,0.5546096831713776
Group 13,22.147916666666667,0.5294001521181332
Group 13,22.16875,0.503575754453834
Group 13,23.98680555555556,0.4770717673773164
Group 13,29.12152777777778,0.4481583269302063
Group 13,33.30972222222222,0.41725085610743345
Group 13,37.31041666666667,0.38247995143181396
Group 13,73.42222222222222,0.3442319562886326
Group 13,95.09930555555556,0.3012029617525535
Group 13,210.13472222222225,0.2464387868884528
Group 13,243.41666666666663,0.14786327213307168
