survival_event,survival_duration_days
1,5.447222222222222
1,6.222222222222222
1,5.868055555555555
1,7.2652777777777775
1,5.376388888888889
1,5.411111111111111
1,8.409722222222221
1,7.348611111111111
1,7.289583333333334
1,7.164583333333334
1,24.436805555555555
1,6.116666666666666
1,6.3180555555555555
1,47.28055555555556
1,5.357638888888889
1,5.064583333333333
1,5.144444444444445
1,7.14375
1,5.347916666666666
1,48.269444444444446
1,7.263194444444444
1,6.303472222222222
1,7.259027777777778
1,5.05
1,8.25625
1,12.003472222222221
1,5.044444444444444
1,24.41111111111111
1,7.248611111111111
1,6.039583333333334
1,7.246527777777778
1,5.121527777777778
1,24.411805555555556
1,7.245138888888889
1,6.1194444444444445
1,5.118055555555555
1,7.240972222222222
1,7.240277777777778
1,7.28125
1,7.445833333333334
1,7.695833333333334
1,5.986111111111111
1,6.152777777777778
1,6.026388888888889
1,5.315972222222222
1,6.314583333333333
1,7.229861111111111
1,5.104166666666667
1,5.978472222222222
1,7.228472222222222
1,24.384722222222223
1,27.179861111111112
1,8.05486111111111
1,8.013194444444444
1,8.2625
1,7.969444444444444
1,5.302083333333333
1,5.091666666666667
1,6.006944444444445
1,8.089583333333334
1,7.213888888888889
1,7.210416666666666
1,19.0
1,7.25
1,7.249305555555556
1,7.9944444444444445
1,7.201388888888889
1,7.241666666666666
1,7.240277777777778
1,7.238194444444445
1,7.029861111111111
1,5.029166666666667
1,24.34861111111111
1,8.195833333333333
1,5.275
1,5.064583333333333
1,5.98125
1,7.229166666666667
1,24.351388888888888
1,5.35
1,47.18819444444444
1,2.0993055555555555
1,7.222222222222222
1,5.052083333333333
1,6.968055555555556
1,5.043055555555555
1,6.250694444444444
1,5.042361111111111
1,7.208333333333333
1,36.03958333333333
1,5.0375
1,5.240972222222222
1,5.403472222222222
1,7.817361111111111
1,5.065972222222222
1,24.28611111111111
1,5.0881944444444445
1,17.188194444444445
1,7.126388888888889
1,7.874305555555556
1,5.200694444444444
1,24.268055555555556
1,24.270833333333332
1,5.065277777777778
1,6.10625
1,8.971527777777778
1,24.25486111111111
1,6.886805555555555
1,5.425
1,6.923611111111111
1,8.130555555555556
1,0.20347222222222222
1,6.875694444444444
1,7.115277777777778
1,9.154166666666667
1,24.219444444444445
1,5.020833333333333
1,24.211111111111112
1,9.058333333333334
1,5.05
1,6.506944444444445
1,24.20138888888889
1,7.963888888888889
1,5.8375
1,6.920138888888889
1,6.461111111111111
1,8.127777777777778
1,5.042361111111111
1,6.830555555555556
1,24.197222222222223
1,8.827083333333333
1,8.822916666666666
1,274.74583333333334
1,5.901388888888889
1,26.941666666666666
1,24.185416666666665
1,8.065972222222221
1,9.022222222222222
1,7.105555555555555
1,299.0208333333333
1,5.977083333333334
1,24.16875
1,61.10208333333333
1,32.96944444444444
1,7.052777777777778
1,5.010416666666667
1,112.80069444444445
1,24.17361111111111
1,24.172916666666666
1,24.17152777777778
1,24.15763888888889
1,64.79930555555555
1,24.15763888888889
1,95.91666666666667
1,40.99236111111111
1,5.075
1,159.9909722222222
1,301.78194444444443
1,6.071527777777778
1,64.78472222222223
1,7.777083333333334
1,53.78125
1,26.06597222222222
1,5.064583333333333
1,5.022916666666666
1,7.854166666666667
1,24.130555555555556
1,7.059722222222222
1,9.035416666666666
1,138.76597222222222
1,24.12638888888889
1,32.96805555555556
1,5.758333333333334
1,5.7131944444444445
1,34.0875
1,8.670833333333333
1,24.12152777777778
1,5.042361111111111
1,84.99861111111112
1,24.100694444444443
1,5.029166666666667
1,36.775
1,83.77916666666667
1,7.729166666666667
1,32.727777777777774
1,24.084722222222222
1,27.011111111111113
1,6.797916666666667
1,5.7125
1,7.0375
1,24.06875
1,5.698611111111111
1,5.022916666666666
1,24.060416666666665
1,5.973611111111111
1,24.03611111111111
1,7.6715277777777775
1,24.016666666666666
1,27.849305555555556
1,7.138194444444444
1,30.14375
1,5.041666666666667
1,7.511111111111111
1,6.004166666666666
1,19.65277777777778
1,5.016666666666667
1,23.795833333333334
1,26.60902777777778
1,48.4
1,5.35
1,6.3875
1,26.59027777777778
1,6.3125
1,5.294444444444444
1,5.04375
1,5.038888888888889
1,23.5375
1,7.160416666666666
1,8.429166666666667
1,5.086805555555555
1,6.086111111111111
1,6.416666666666667
1,6.373611111111111
1,7.118055555555555
1,23.445138888888888
1,7.402083333333334
1,7.397916666666666
1,26.313194444444445
1,7.063194444444444
1,7.3125
1,5.100694444444445
1,54.107638888888886
1,6.1409722222222225
1,7.222222222222222
1,6.0125
1,23.426388888888887
1,8.3
1,6.0055555555555555
1,5.4631944444444445
1,7.0881944444444445
1,5.045138888888889
1,6.125694444444444
1,5.25
1,5.706944444444445
1,8.039583333333333
1,5.0375
1,6.2027777777777775
1,7.159722222222222
1,5.034027777777778
1,25.990277777777777
1,5.323611111111111
1,7.114583333333333
1,5.030555555555556
1,23.39027777777778
1,8.111805555555556
1,6.1097222222222225
1,7.2756944444444445
1,7.230555555555555
1,23.389583333333334
1,6.978472222222222
1,5.266666666666667
1,34.05763888888889
1,8.016666666666667
1,26.2625
1,8.095833333333333
1,7.345833333333333
1,83.05833333333334
1,6.177777777777778
1,25.968055555555555
1,32.009027777777774
1,5.134027777777778
1,54.261805555555554
1,23.365277777777777
1,7.253472222222222
1,23.377083333333335
1,7.377083333333333
1,5.957638888888889
1,5.497222222222222
1,5.034722222222222
1,5.034722222222222
1,7.034027777777778
1,28.115972222222222
1,8.323611111111111
1,23.363194444444446
1,23.363194444444446
1,5.947222222222222
1,6.9430555555555555
1,7.3590277777777775
1,23.352083333333333
1,6.397916666666666
1,23.3375
1,7.267361111111111
1,5.016666666666667
1,23.347916666666666
1,23.34722222222222
1,6.18125
1,23.344444444444445
1,6.051388888888889
1,5.967361111111111
1,6.007638888888889
1,6.0465277777777775
1,6.2125
1,5.04375
1,6.0
1,5.165972222222222
1,5.122916666666667
1,7.247222222222222
1,6.9118055555555555
1,6.0777777777777775
1,23.325694444444444
1,5.154861111111111
1,23.320833333333333
1,23.30763888888889
1,7.236805555555556
1,6.069444444444445
1,7.110416666666667
1,23.304166666666667
1,6.9430555555555555
1,8.234722222222222
1,6.940277777777778
1,5.065277777777778
1,23.304861111111112
1,5.144444444444445
1,7.102083333333334
1,28.114583333333332
1,5.141666666666667
1,23.301388888888887
1,5.139583333333333
1,6.222222222222222
1,6.930555555555555
1,5.007638888888889
1,5.25625
1,5.0465277777777775
1,23.29375
1,5.127777777777778
1,23.285416666666666
1,7.874305555555556
1,6.080555555555556
1,26.1625
1,6.954166666666667
1,6.995138888888889
1,5.202083333333333
1,6.86875
1,30.116666666666667
1,8.2
1,8.158333333333333
1,26.15277777777778
1,5.028472222222222
1,5.022916666666666
1,6.85625
1,5.189583333333333
1,5.188194444444444
1,5.186805555555556
1,5.186111111111111
1,7.102083333333334
1,5.184722222222222
1,5.184027777777778
1,5.141666666666667
1,5.182638888888889
1,5.18125
1,5.180555555555555
1,8.136805555555556
1,7.970138888888889
1,5.011805555555555
1,5.134722222222222
1,5.007638888888889
1,23.25625
1,5.0875
1,23.240972222222222
1,6.952083333333333
1,23.242361111111112
1,5.032638888888889
1,27.990277777777777
1,23.233333333333334
1,6.942361111111111
1,6.857638888888889
1,5.024305555555555
1,23.227083333333333
1,7.14375
1,6.89375
1,5.057638888888889
1,23.207638888888887
1,23.21388888888889
1,5.051388888888889
1,5.091666666666667
1,5.088888888888889
1,5.043055555555555
1,23.194444444444443
1,6.165972222222222
1,5.122222222222222
1,6.0368055555555555
1,5.118055555555555
1,6.906944444444444
1,5.027777777777778
1,23.193055555555556
1,5.024305555555555
1,5.0625
1,5.061805555555556
1,6.059722222222222
1,5.058333333333334
1,23.18125
1,23.180555555555557
1,7.930555555555555
1,8.221527777777778
1,8.095138888888888
1,41.759027777777774
1,23.17361111111111
1,23.166666666666668
1,7.13125
1,5.0875
1,5.045138888888889
1,8.127777777777778
1,5.127083333333333
1,23.164583333333333
1,26.82986111111111
1,49.043055555555554
1,23.145138888888887
1,6.825
1,27.7375
1,5.944444444444445
1,7.1090277777777775
1,23.136111111111113
1,6.731944444444444
1,23.134027777777778
1,6.814583333333333
1,7.060416666666667
1,6.768055555555556
1,23.134722222222223
1,8.136805555555556
1,7.011111111111111
1,23.129166666666666
1,5.760416666666667
1,5.926388888888889
1,6.759722222222222
1,8.175
1,6.965972222222222
1,40.00555555555555
1,23.12847222222222
1,5.754166666666666
1,6.045138888888889
1,23.118055555555557
1,7.874305555555556
1,7.040972222222222
1,6.164583333333334
1,5.747222222222222
1,6.788888888888889
1,23.106944444444444
1,25.993055555555557
1,23.104166666666668
1,23.103472222222223
1,7.820833333333334
1,26.941666666666666
1,6.191666666666666
1,6.73125
1,5.767361111111111
1,77.93680555555555
1,5.054166666666666
1,23.094444444444445
1,8.009027777777778
1,5.423611111111111
1,5.756944444444445
1,34.00277777777778
1,8.003472222222221
1,6.958333333333333
1,7.915277777777778
1,5.747222222222222
1,62.79375
1,5.74375
1,5.032638888888889
1,7.738888888888889
1,6.738194444444445
1,5.815972222222222
1,5.773611111111111
1,5.891666666666667
1,7.016666666666667
1,24.760416666666668
1,5.674305555555556
1,6.797916666666667
1,23.03263888888889
1,7.038888888888889
1,23.025
1,23.01875
1,23.01875
1,5.01875
1,22.99861111111111
1,22.99652777777778
1,22.98472222222222
1,5.705555555555556
1,25.62013888888889
1,25.57638888888889
1,82.66319444444444
1,6.906944444444444
1,22.985416666666666
1,22.96875
1,7.857638888888889
1,22.965972222222224
1,7.853472222222222
1,22.95625
1,22.965972222222224
1,7.629861111111111
1,22.946527777777778
1,22.945138888888888
1,22.941666666666666
1,5.5784722222222225
1,7.576388888888889
1,5.8625
1,5.690277777777778
1,22.92013888888889
1,5.059027777777778
1,5.670833333333333
1,5.66875
1,5.667361111111111
1,6.5
1,5.038888888888889
1,5.6625
1,5.074305555555555
1,5.0625
1,22.850694444444443
1,5.7243055555555555
1,5.0375
1,5.754861111111111
1,5.795138888888889
1,5.025
1,6.376388888888889
1,5.165972222222222
1,6.399305555555555
1,5.3805555555555555
1,5.399305555555555
1,6.248611111111111
1,22.56736111111111
1,5.444444444444445
1,5.029861111111111
1,22.478472222222223
1,5.360416666666667
1,22.47013888888889
1,6.4375
1,26.031944444444445
1,6.338888888888889
1,22.458333333333332
1,22.445138888888888
1,22.45625
1,22.455555555555556
1,5.330555555555556
1,7.371527777777778
1,5.1625
1,6.2868055555555555
1,75.37430555555555
1,5.325
1,25.03125
1,5.072222222222222
1,7.404861111111111
1,25.318055555555556
1,22.429861111111112
1,22.436805555555555
1,22.443055555555556
1,5.0256944444444445
1,5.105555555555555
1,82.10972222222222
1,22.42361111111111
1,33.352777777777774
1,22.422916666666666
1,6.061111111111111
1,6.017361111111111
1,172.4326388888889
1,5.2243055555555555
1,5.0152777777777775
1,7.389583333333333
1,5.30625
1,5.304166666666666
1,5.136805555555555
1,46.35138888888889
1,22.413888888888888
1,6.176388888888889
1,6.341666666666667
1,6.1722222222222225
1,5.0465277777777775
1,42.045138888888886
1,6.045833333333333
1,5.335416666666666
1,7.002083333333333
1,7.210416666666666
1,22.415277777777778
1,5.165972222222222
1,22.40138888888889
1,5.248611111111111
1,6.246527777777778
1,22.399305555555557
1,5.034722222222222
1,5.034722222222222
1,5.033333333333333
1,5.324305555555555
1,31.364583333333332
1,63.03402777777778
1,6.069444444444445
1,22.40138888888889
1,5.027083333333334
1,25.35972222222222
1,6.0256944444444445
1,6.022916666666666
1,22.383333333333333
1,13.188194444444445
1,5.020138888888889
1,22.38125
1,5.978472222222222
1,11.102777777777778
1,76.02152777777778
1,22.377777777777776
1,22.39027777777778
1,6.057638888888889
1,6.305555555555555
1,7.138194444444444
1,124.34652777777778
1,22.386805555555554
1,84.14097222222222
1,22.377083333333335
1,22.369444444444444
1,22.382638888888888
1,22.382638888888888
1,22.37638888888889
1,5.049305555555556
1,6.2965277777777775
1,5.711805555555555
1,6.211111111111111
1,5.211111111111111
1,5.333333333333333
1,35.33263888888889
1,22.366666666666667
1,58.96041666666667
1,6.079861111111111
1,22.356944444444444
1,22.363888888888887
1,5.0368055555555555
1,22.35625
1,6.0784722222222225
1,22.363194444444446
1,24.99375
1,22.366666666666667
1,25.074305555555554
1,22.35902777777778
1,6.282638888888889
1,25.072916666666668
1,5.156944444444444
1,5.403472222222222
1,5.236111111111111
1,33.27708333333333
1,82.02986111111112
1,5.023611111111111
1,22.343055555555555
1,22.347916666666666
1,61.025
1,75.27361111111111
1,5.017361111111111
1,5.017361111111111
1,45.31319444444444
1,82.02152777777778
1,7.308333333333334
1,7.0159722222222225
1,5.2243055555555555
1,5.05625
1,60.18611111111111
1,6.138888888888889
1,5.055555555555555
1,22.346527777777776
1,25.2625
1,54.05833333333333
1,5.302777777777778
1,6.010416666666667
1,75.26527777777778
1,124.34305555555555
1,5.091666666666667
1,22.32777777777778
1,5.963888888888889
1,41.045833333333334
1,5.754166666666666
1,47.21805555555556
1,22.319444444444443
1,5.998611111111111
1,7.165277777777778
1,75.25277777777778
1,26.163194444444443
1,5.038888888888889
1,24.954166666666666
1,40.03680555555555
1,22.32847222222222
1,58.958333333333336
1,25.952083333333334
1,40.15972222222222
1,40.11666666666667
1,84.20486111111111
1,272.11597222222224
1,5.240972222222222
1,26.90625
1,7.031944444444444
1,40.03125
1,22.321527777777778
1,5.946527777777778
1,5.027777777777778
1,79.86527777777778
1,79.86458333333333
1,25.148611111111112
1,40.14791666666667
1,5.148611111111111
1,22.300694444444446
1,26.896527777777777
1,22.299305555555556
1,22.3125
1,80.02569444444444
1,22.31111111111111
1,5.103472222222222
1,22.29722222222222
1,48.02430555555556
1,22.304166666666667
1,58.89791666666667
1,22.30902777777778
1,60.020833333333336
1,22.29375
1,22.292361111111113
1,22.291666666666668
1,22.29861111111111
1,5.138194444444444
1,26.886805555555554
1,5.886805555555555
1,7.052083333333333
1,6.051388888888889
1,22.286805555555556
1,6.134027777777778
1,22.3
1,25.965972222222224
1,22.293055555555554
1,22.291666666666668
1,6.047916666666667
1,22.28263888888889
1,5.0875
1,27.00347222222222
1,22.280555555555555
1,26.209027777777777
1,5.042361111111111
1,22.277083333333334
1,60.918055555555554
1,22.28611111111111
1,5.9944444444444445
1,25.160416666666666
1,22.278472222222224
1,6.115972222222222
1,81.95277777777778
1,5.114583333333333
1,24.7375
1,52.077083333333334
1,22.27638888888889
1,95.90694444444445
1,22.275
1,22.261805555555554
1,22.274305555555557
1,5.690972222222222
1,6.897916666666666
1,6.147222222222222
1,22.271527777777777
1,139.06875
1,5.020138888888889
1,22.268055555555556
1,24.726388888888888
1,22.252083333333335
1,5.057638888888889
1,22.258333333333333
1,22.256944444444443
1,26.97013888888889
1,22.24652777777778
1,6.884027777777778
1,24.838194444444444
1,5.0881944444444445
1,7.170138888888889
1,166.9597222222222
1,6.125694444444444
1,5.041666666666667
1,5.122916666666667
1,6.080555555555556
1,22.245833333333334
1,5.038194444444445
1,5.0375
1,5.7034722222222225
1,5.033333333333333
1,5.073611111111111
1,22.230555555555554
1,25.10972222222222
1,22.226388888888888
1,51.861805555555556
1,22.218055555555555
1,40.015972222222224
1,5.0152777777777775
1,58.81180555555556
1,5.1819444444444445
1,79.76944444444445
1,58.93541666666667
1,25.179166666666667
1,83.89305555555555
1,5.011111111111111
1,7.173611111111111
1,5.048611111111111
1,24.130555555555556
1,22.21388888888889
1,40.00555555555555
1,7.1722222222222225
1,22.213194444444444
1,58.80138888888889
1,5.0465277777777775
1,60.009027777777774
1,79.92430555555555
1,75.92222222222222
1,7.125
1,7.083333333333333
1,39.99930555555556
1,6.124305555555556
1,39.915277777777774
1,5.040972222222222
1,5.165277777777778
1,79.91875
1,6.871527777777778
1,22.19097222222222
1,24.82847222222222
1,22.20347222222222
1,5.9534722222222225
1,5.0368055555555555
1,6.827083333333333
1,171.825
1,339.19930555555555
1,22.191666666666666
1,22.180555555555557
1,25.900694444444444
1,6.942361111111111
1,22.18402777777778
1,5.856944444444444
1,22.183333333333334
1,6.064583333333333
1,5.022222222222222
1,5.854861111111111
1,5.771527777777778
1,22.180555555555557
1,22.17222222222222
1,5.852777777777778
1,69.89930555555556
1,5.101388888888889
1,22.177777777777777
1,25.89236111111111
1,6.8493055555555555
1,86.8125
1,22.174305555555556
1,128.76458333333332
1,22.165972222222223
1,6.054166666666666
1,38.010416666666664
1,122.09375
1,5.052083333333333
1,5.0881944444444445
1,46.050694444444446
1,5.044444444444444
1,22.16875
1,7.04375
1,5.043055555555555
1,22.152083333333334
1,81.8375
1,6.832638888888889
1,22.150694444444444
1,6.830555555555556
1,22.1625
1,22.147916666666667
1,22.154166666666665
1,257.0361111111111
1,6.827083333333333
1,22.145833333333332
1,6.075694444444444
1,32.11666666666667
1,7.075694444444444
1,7.074305555555555
1,6.823611111111111
1,5.031944444444444
1,5.863888888888889
1,5.779166666666667
1,22.146527777777777
1,5.320138888888889
1,7.06875
1,219.81875
1,22.135416666666668
1,5.064583333333333
1,7.105555555555555
1,87.94305555555556
1,5.104861111111111
1,5.061805555555556
1,24.76875
1,26.852083333333333
1,7.185416666666667
1,5.850694444444445
1,22.14027777777778
1,26.929861111111112
1,10.84375
1,22.134722222222223
1,6.009722222222222
1,5.717361111111111
1,22.130555555555556
1,24.75486111111111
1,44.96597222222222
1,22.111805555555556
1,8.019444444444444
1,5.083333333333333
1,22.11111111111111
1,22.122916666666665
1,6.997916666666667
1,22.122222222222224
1,22.105555555555554
1,22.104166666666668
1,22.117361111111112
1,81.78888888888889
1,6.781944444444444
1,6.906944444444444
1,22.101388888888888
1,6.03125
1,22.106944444444444
1,22.110416666666666
1,25.31736111111111
1,22.094444444444445
1,74.98680555555555
1,22.105555555555554
1,5.939583333333333
1,22.103472222222223
1,5.020138888888889
1,5.686805555555556
1,5.852777777777778
1,39.768055555555556
1,7.266666666666667
1,5.725
1,24.93263888888889
1,5.0569444444444445
1,22.096527777777776
1,38.0125
1,5.845138888888889
1,75.64097222222222
1,5.760416666666667
1,5.052083333333333
1,82.76319444444445
1,7.049305555555556
1,5.047916666666667
1,22.075
1,5.7965277777777775
1,22.08125
1,22.072916666666668
1,22.07986111111111
1,22.079166666666666
1,22.082638888888887
1,22.06875
1,5.040277777777778
1,22.06597222222222
1,22.072916666666668
1,6.865972222222222
1,5.697916666666667
1,5.197222222222222
1,5.029166666666667
1,6.027083333333334
1,5.9840277777777775
1,6.979861111111111
1,6.0625
1,7.186805555555556
1,5.642361111111111
1,5.639583333333333
1,5.013888888888889
1,22.04375
1,22.03263888888889
1,22.04513888888889
1,22.03263888888889
1,5.9118055555555555
1,5.035416666666666
1,24.318055555555556
1,22.011805555555554
1,5.025
1,5.023611111111111
1,6.85
1,24.98611111111111
1,5.020833333333333
1,5.011805555555555
1,5.050694444444445
1,5.045138888888889
1,5.018055555555556
1,5.491666666666666
1,21.898611111111112
1,21.86875
1,21.85902777777778
1,5.610416666666667
1,6.477083333333334
1,21.81875
1,5.102777777777778
1,5.377083333333333
1,5.060416666666667
1,5.101388888888889
1,5.059027777777778
1,5.010416666666667
1,5.2
1,21.477083333333333
1,21.469444444444445
1,6.308333333333334
1,5.05625
1,21.460416666666667
1,6.2972222222222225
1,6.170138888888889
1,5.038888888888889
1,5.038194444444445
1,21.45138888888889
1,102.20277777777778
1,21.426388888888887
1,5.307638888888889
1,21.430555555555557
1,5.222916666666666
1,21.415277777777778
1,5.011805555555555
1,26.134027777777778
1,5.009027777777778
1,6.591666666666667
1,6.00625
1,5.2972222222222225
1,5.004861111111111
1,21.40972222222222
1,5.290972222222222
1,5.040277777777778
1,24.247222222222224
1,21.399305555555557
1,21.404166666666665
1,21.397222222222222
1,21.403472222222224
1,5.035416666666666
1,21.396527777777777
1,21.408333333333335
1,33.99027777777778
1,21.40625
1,21.39236111111111
1,5.321527777777778
1,5.027777777777778
1,21.40138888888889
1,81.0736111111111
1,5.233333333333333
1,21.399305555555557
1,21.399305555555557
1,21.385416666666668
1,5.23125
1,5.147222222222222
1,6.604166666666667
1,21.395138888888887
1,21.381944444444443
1,6.603472222222222
1,21.388194444444444
1,24.309722222222224
1,5.0159722222222225
1,5.9743055555555555
1,21.377083333333335
1,4.027083333333334
1,6.097222222222222
1,21.38125
1,6.302777777777778
1,5.384722222222222
1,21.370833333333334
1,5.008333333333334
1,21.36875
1,21.374305555555555
1,30.088194444444444
1,78.925
1,11.294444444444444
1,21.3625
1,31.0
1,5.292361111111111
1,25.25
1,5.041666666666667
1,5.957638888888889
1,39.20625
1,78.9173611111111
1,23.07847222222222
1,21.35625
1,32.201388888888886
1,5.034722222222222
1,5.033333333333333
1,125.075
1,6.158333333333333
1,30.073611111111113
1,66.24513888888889
1,5.197916666666667
1,21.356944444444444
1,5.155555555555556
1,21.347916666666666
1,6.19375
1,21.346527777777776
1,47.32361111111111
1,21.352083333333333
1,21.358333333333334
1,5.024305555555555
1,6.23125
1,6.230555555555555
1,21.341666666666665
1,5.272222222222222
1,205.1472222222222
1,21.340972222222224
1,5.020138888888889
1,21.339583333333334
1,21.339583333333334
1,6.144444444444445
1,21.34513888888889
1,123.26805555555555
1,6.309722222222222
1,21.349305555555556
1,5.0152777777777775
1,21.334027777777777
1,21.34027777777778
1,21.330555555555556
1,6.177083333333333
1,21.32986111111111
1,21.335416666666667
1,5.048611111111111
1,21.3375
1,26.045833333333334
1,21.3375
1,32.00277777777778
1,23.294444444444444
1,96.00694444444444
1,21.319444444444443
1,5.290277777777778
1,21.33125
1,149.20555555555555
1,21.31597222222222
1,23.036805555555556
1,21.327083333333334
1,6.24375
1,21.313194444444445
1,21.3125
1,5.993055555555555
1,23.117361111111112
1,21.318055555555556
1,21.323611111111113
1,122.32222222222222
1,21.320833333333333
1,5.070833333333334
1,26.278472222222224
1,5.153472222222222
1,21.3125
1,128.15208333333334
1,24.15138888888889
1,5.027083333333334
1,21.304166666666667
1,5.151388888888889
1,75.28055555555555
1,341.27569444444447
1,21.31597222222222
1,5.940972222222222
1,6.024305555555555
1,151.44027777777777
1,121.98055555555555
1,5.020138888888889
1,21.294444444444444
1,21.294444444444444
1,173.31458333333333
1,5.1409722222222225
1,21.292361111111113
1,5.0125
1,29.969444444444445
1,33.01111111111111
1,5.094444444444444
1,23.008333333333333
1,5.009027777777778
1,21.286805555555556
1,5.008333333333334
1,104.00694444444444
1,5.129166666666666
1,29.013194444444444
1,6.002777777777778
1,21.279166666666665
1,80.87986111111111
1,31.915972222222223
1,6.790972222222222
1,5.08125
1,5.997222222222222
1,22.995833333333334
1,309.86805555555554
1,22.825
1,5.031944444444444
1,21.266666666666666
1,5.027083333333334
1,5.9840277777777775
1,5.025
1,21.264583333333334
1,78.81458333333333
1,21.252777777777776
1,21.25625
1,5.961805555555555
1,21.2375
1,5.165972222222222
1,21.238194444444446
1,21.224305555555556
1,5.1097222222222225
1,21.21875
1,21.215972222222224
1,5.020138888888889
1,21.227083333333333
1,11.970138888888888
1,5.014583333333333
1,5.05625
1,5.013194444444444
1,5.0125
1,5.0125
1,21.219444444444445
1,21.219444444444445
1,5.011111111111111
1,6.177777777777778
1,21.204166666666666
1,6.050694444444445
1,5.7965277777777775
1,5.879166666666666
1,5.125694444444444
1,21.208333333333332
1,21.202083333333334
1,6.165972222222222
1,21.193055555555556
1,6.038194444444445
1,21.19097222222222
1,21.20347222222222
1,21.189583333333335
1,21.189583333333335
1,5.076388888888889
1,5.741666666666666
1,5.825
1,21.183333333333334
1,5.070138888888889
1,21.180555555555557
1,33.859722222222224
1,21.186805555555555
1,52.864583333333336
1,21.191666666666666
1,21.177083333333332
1,25.770138888888887
1,21.17361111111111
1,33.06041666666667
1,78.85555555555555
1,5.057638888888889
1,25.764583333333334
1,5.05625
1,21.17361111111111
1,309.7625
1,6.011805555555555
1,269.05347222222224
1,5.84375
1,33.884027777777774
1,309.75902777777776
1,21.160416666666666
1,5.048611111111111
1,5.048611111111111
1,5.797916666666667
1,5.170138888888889
1,21.154166666666665
1,93.79722222222222
1,21.166666666666668
1,5.041666666666667
1,6.041666666666667
1,121.12430555555555
1,21.152083333333334
1,33.87291666666667
1,21.150694444444444
1,57.75208333333333
1,21.15972222222222
1,5.74375
1,80.83125
1,145.82569444444445
1,21.15
1,21.14097222222222
1,5.820833333333334
1,5.0680555555555555
1,117.06805555555556
1,5.0680555555555555
1,21.136805555555554
1,5.0256944444444445
1,21.135416666666668
1,5.147916666666666
1,21.133333333333333
1,21.145833333333332
1,5.853472222222222
1,21.1375
1,21.129166666666666
1,21.14236111111111
1,5.809027777777778
1,5.017361111111111
1,21.127083333333335
1,6.0152777777777775
1,21.13888888888889
1,5.05625
1,21.13125
1,7.095833333333333
1,205.84583333333333
1,5.970138888888889
1,5.761805555555555
1,31.759722222222223
1,21.134027777777778
1,21.134027777777778
1,6.050694444444445
1,5.008333333333334
1,21.11875
1,5.7965277777777775
1,21.115277777777777
1,23.084027777777777
1,5.706944444444445
1,21.10902777777778
1,21.106944444444444
1,21.10625
1,22.994444444444444
1,5.784722222222222
1,27.992361111111112
1,5.784027777777778
1,58.705555555555556
1,21.102777777777778
1,5.031944444444444
1,22.863888888888887
1,5.072916666666667
1,21.106944444444444
1,21.105555555555554
1,33.775
1,113.77361111111111
1,21.105555555555554
1,5.271527777777778
1,5.0625
1,5.019444444444445
1,6.018055555555556
1,21.086111111111112
1,121.76597222222222
1,21.084722222222222
1,121.7625
1,22.802777777777777
1,5.053472222222222
1,6.009722222222222
1,5.8
1,5.758333333333334
1,5.0465277777777775
1,21.074305555555554
1,21.073611111111113
1,44.84097222222222
1,21.084722222222222
1,21.070138888888888
1,21.069444444444443
1,5.829166666666667
1,21.064583333333335
1,21.070833333333333
1,68.03958333333334
1,21.061805555555555
1,21.074305555555554
1,32.7375
1,21.05763888888889
1,21.054861111111112
1,93.94583333333334
1,5.898611111111111
1,21.05
1,21.047916666666666
1,22.935416666666665
1,29.684722222222224
1,65.68819444444445
1,5.05625
1,60.977777777777774
1,21.045833333333334
1,21.038888888888888
1,21.029166666666665
1,5.042361111111111
1,23.870833333333334
1,5.6625
1,5.995833333333334
1,21.031944444444445
1,5.6090277777777775
1,21.024305555555557
1,23.897222222222222
1,5.598611111111111
1,5.052777777777778
1,5.045138888888889
1,5.002777777777778
1,5.911111111111111
1,20.99375
1,5.81875
1,5.065277777777778
1,20.975
1,20.95
1,20.918055555555554
1,20.903472222222224
1,5.4534722222222225
1,5.040277777777778
1,5.03125
1,20.759027777777778
1,20.7625
1,5.759722222222222
1,5.032638888888889
1,20.660416666666666
1,5.045138888888889
1,0.05486111111111111
1,20.528472222222224
1,5.361111111111111
1,23.097916666666666
1,20.49652777777778
1,5.358333333333333
1,23.35625
1,20.47361111111111
1,5.309722222222222
1,20.452083333333334
1,5.1305555555555555
1,20.454166666666666
1,5.120138888888889
1,20.445833333333333
1,20.450694444444444
1,5.031944444444444
1,6.323611111111111
1,20.447222222222223
1,20.43611111111111
1,5.023611111111111
1,5.020833333333333
1,5.1875
1,5.145138888888889
1,80.10416666666667
1,20.424305555555556
1,5.347222222222222
1,20.416666666666668
1,20.42222222222222
1,5.052083333333333
1,20.425694444444446
1,29.008333333333333
1,20.41111111111111
1,5.3381944444444445
1,5.129861111111111
1,74.38472222222222
1,136.12916666666666
1,20.411805555555556
1,20.418055555555554
1,29.042361111111113
1,5.292361111111111
1,20.402083333333334
1,20.40138888888889
1,20.406944444444445
1,74.36875
1,5.1125
1,20.396527777777777
1,20.402083333333334
1,176.10972222222222
1,20.386805555555554
1,20.398611111111112
1,31.28611111111111
1,5.019444444444445
1,23.14236111111111
1,80.06388888888888
1,5.348611111111111
1,20.383333333333333
1,20.386805555555554
1,20.37361111111111
1,80.05833333333334
1,20.372222222222224
1,20.372222222222224
1,5.094444444444444
1,10.009722222222223
1,20.370833333333334
1,228.09166666666667
1,121.04791666666667
1,5.045833333333333
1,20.364583333333332
1,121.00277777777778
1,23.041666666666668
1,22.249305555555555
1,20.36111111111111
1,20.35972222222222
1,5.248611111111111
1,5.08125
1,5.33125
1,5.038194444444445
1,5.0375
1,5.0375
1,31.99375
1,22.993055555555557
1,20.354861111111113
1,5.034722222222222
1,20.35972222222222
1,5.241666666666666
1,20.352083333333333
1,20.3625
1,20.349305555555556
1,20.361805555555556
1,20.346527777777776
1,5.027083333333334
1,58.99305555555556
1,20.34513888888889
1,20.34513888888889
1,5.0256944444444445
1,80.03055555555555
1,20.344444444444445
1,5.023611111111111
1,20.34861111111111
1,24.021527777777777
1,20.354861111111113
1,20.354861111111113
1,80.02569444444444
1,20.353472222222223
1,22.978472222222223
1,5.186805555555556
1,20.350694444444443
1,5.018055555555556
1,20.34236111111111
1,80.02083333333333
1,20.335416666666667
1,22.97222222222222
1,20.3375
1,5.175
1,24.215972222222224
1,5.3
1,22.963194444444444
1,80.01041666666667
1,20.324305555555554
1,20.33125
1,60.050694444444446
1,20.323611111111113
1,20.322916666666668
1,5.044444444444444
1,20.334027777777777
1,24.167361111111113
1,5.293055555555555
1,23.916666666666668
1,20.323611111111113
1,5.038194444444445
1,46.206944444444446
1,20.318055555555556
1,20.31597222222222
1,5.070833333333334
1,25.111805555555556
1,29.94375
1,20.31875
1,20.304861111111112
1,5.151388888888889
1,35.016666666666666
1,25.273611111111112
1,49.986805555555556
1,5.190277777777778
1,20.305555555555557
1,20.29722222222222
1,24.185416666666665
1,5.184722222222222
1,20.29513888888889
1,5.058333333333334
1,5.182638888888889
1,46.02013888888889
1,5.138888888888889
1,5.054861111111111
1,38.053472222222226
1,5.176388888888889
1,20.2875
1,20.29375
1,20.28611111111111
1,20.291666666666668
1,20.29652777777778
1,20.288194444444443
1,5.253472222222222
1,20.2875
1,20.280555555555555
1,20.286805555555556
1,5.127083333333333
1,20.28472222222222
1,20.283333333333335
1,20.285416666666666
1,20.28472222222222
1,20.27777777777778
1,20.270833333333332
1,79.95347222222222
1,5.031944444444444
1,20.273611111111112
1,24.0625
1,20.255555555555556
1,5.017361111111111
1,20.252083333333335
1,79.93472222222222
1,20.25347222222222
1,20.259722222222223
1,20.257638888888888
1,40.079861111111114
1,24.950694444444444
1,20.240972222222222
1,5.2
1,5.652777777777778
1,20.226388888888888
1,79.90069444444444
1,5.016666666666667
1,20.210416666666667
1,5.177777777777778
1,20.2125
1,20.209027777777777
1,20.206944444444446
1,5.045833333333333
1,20.196527777777778
1,20.200694444444444
1,20.198611111111113
1,23.87152777777778
1,5.0375
1,20.197222222222223
1,20.18888888888889
1,20.1875
1,20.19375
1,5.034027777777778
1,21.864583333333332
1,5.03125
1,20.190277777777776
1,5.195138888888889
1,20.18125
1,43.90694444444444
1,20.186805555555555
1,20.18402777777778
1,20.190277777777776
1,79.86180555555555
1,20.189583333333335
1,20.172916666666666
1,5.102083333333334
1,20.17152777777778
1,20.184722222222224
1,120.89305555555555
1,20.177083333333332
1,5.016666666666667
1,20.16875
1,20.172916666666666
1,20.178472222222222
1,100.1
1,5.094444444444444
1,20.177083333333332
1,38.80138888888889
1,20.1625
1,20.175
1,20.16111111111111
1,5.007638888888889
1,46.886805555555554
1,20.158333333333335
1,5.0055555555555555
1,32.83819444444445
1,20.161805555555556
1,20.15486111111111
1,20.160416666666666
1,20.15972222222222
1,60.08541666666667
1,20.163194444444443
1,20.149305555555557
1,20.147222222222222
1,5.034722222222222
1,5.075
1,20.15138888888889
1,20.14097222222222
1,20.138194444444444
1,20.135416666666668
1,20.134722222222223
1,28.854166666666668
1,129.10416666666666
1,20.131944444444443
1,23.974305555555556
1,20.125
1,29.84513888888889
1,20.135416666666668
1,60.015277777777776
1,5.052083333333333
1,20.133333333333333
1,24.005555555555556
1,20.116666666666667
1,23.879166666666666
1,5.0875
1,23.792361111111113
1,20.119444444444444
1,21.833333333333332
1,20.111805555555556
1,20.117361111111112
1,20.122222222222224
1,21.955555555555556
1,5.038888888888889
1,20.10763888888889
1,5.0375
1,20.119444444444444
1,23.74375
1,5.076388888888889
1,20.103472222222223
1,20.10902777777778
1,49.7875
1,20.101388888888888
1,20.113888888888887
1,20.099305555555556
1,22.735416666666666
1,20.096527777777776
1,20.094444444444445
1,20.093055555555555
1,5.522916666666666
1,29.938194444444445
1,20.104166666666668
1,23.811805555555555
1,5.020833333333333
1,20.088194444444444
1,22.725
1,20.093055555555555
1,5.0159722222222225
1,5.05625
1,22.7625
1,22.926388888888887
1,21.675694444444446
1,20.084722222222222
1,20.07777777777778
1,20.07777777777778
1,5.007638888888889
1,5.048611111111111
1,20.075694444444444
1,5.045833333333333
1,26.79513888888889
1,20.072222222222223
1,20.072222222222223
1,20.085416666666667
1,20.084027777777777
1,20.070138888888888
1,20.06875
1,20.080555555555556
1,20.074305555555554
1,20.065277777777776
1,20.070833333333333
1,22.742361111111112
1,22.700694444444444
1,20.074305555555554
1,20.06111111111111
1,20.068055555555556
1,20.066666666666666
1,30.65486111111111
1,20.065277777777776
1,5.030555555555556
1,24.903472222222224
1,20.05625
1,5.027777777777778
1,114.77708333333334
1,20.06736111111111
1,20.054166666666667
1,20.06597222222222
1,21.855555555555554
1,28.855555555555554
1,5.480555555555555
1,21.934722222222224
1,20.04652777777778
1,5.017361111111111
1,5.054861111111111
1,20.038194444444443
1,3.8819444444444446
1,5.036111111111111
1,79.70277777777778
1,20.00486111111111
1,19.99652777777778
1,19.9875
1,19.966666666666665
1,5.254861111111111
1,19.94375
1,30.62152777777778
1,19.947222222222223
1,5.822222222222222
1,5.988194444444445
1,5.814583333333333
1,19.93402777777778
1,19.91875
1,19.917361111111113
1,19.899305555555557
1,19.888194444444444
1,19.8875
1,19.880555555555556
1,5.042361111111111
1,64.54652777777778
1,24.45486111111111
1,5.030555555555556
1,5.027083333333334
1,5.021527777777778
1,5.011805555555555
1,21.411805555555556
1,5.0368055555555555
1,19.805555555555557
1,19.806944444444444
1,19.790277777777778
1,19.661805555555556
1,19.639583333333334
1,19.575
1,30.399305555555557
1,19.535416666666666
1,19.511111111111113
1,19.500694444444445
1,19.46388888888889
1,19.46388888888889
1,19.37013888888889
1,19.370833333333334
1,5.120138888888889
1,19.367361111111112
1,5.054166666666666
1,5.036111111111111
1,19.301388888888887
1,19.297916666666666
1,5.040972222222222
1,19.271527777777777
1,19.28263888888889
1,19.208333333333332
1,19.197222222222223
1,5.040972222222222
1,5.040972222222222
1,23.058333333333334
1,19.133333333333333
1,23.89375
1,19.028472222222224
1,5.079861111111111
1,5.098611111111111
1,5.050694444444445
1,5.044444444444444
1,18.879166666666666
1,18.820833333333333
1,18.813194444444445
1,18.774305555555557
1,18.769444444444446
1,18.760416666666668
1,18.772222222222222
1,18.64236111111111
1,18.625694444444445
1,18.624305555555555
1,18.565277777777776
1,18.524305555555557
1,18.49375
1,18.447916666666668
1,18.454166666666666
1,18.416666666666668
1,18.375
1,18.34236111111111
1,18.325
1,18.325
1,18.325
1,18.325
1,18.325
1,18.325
1,18.324305555555554
1,21.034027777777776
1,18.281944444444445
1,18.259027777777778
1,18.257638888888888
1,18.18611111111111
1,18.18125
1,18.13125
1,18.124305555555555
1,18.108333333333334
1,18.103472222222223
1,18.1
1,18.084722222222222
1,18.080555555555556
1,18.06111111111111
1,77.72708333333334
1,18.039583333333333
1,18.035416666666666
1,18.033333333333335
1,18.01875
1,17.997222222222224
1,77.68055555555556
1,17.986805555555556
1,17.981944444444444
1,21.711805555555557
1,17.930555555555557
1,17.93263888888889
1,17.903472222222224
1,17.866666666666667
1,17.85902777777778
1,77.52986111111112
1,17.852083333333333
1,17.82777777777778
1,17.80625
1,17.809722222222224
1,17.785416666666666
1,17.76597222222222
1,21.558333333333334
1,20.161805555555556
1,17.613194444444446
1,22.310416666666665
1,77.27430555555556
1,21.425
1,17.560416666666665
1,17.571527777777778
1,17.54722222222222
1,17.525
1,17.490277777777777
1,17.48611111111111
1,17.48263888888889
1,17.460416666666667
1,17.45486111111111
1,17.454166666666666
1,17.444444444444443
1,19.08125
1,17.439583333333335
1,17.439583333333335
1,62.125
1,17.450694444444444
1,7.074305555555555
1,17.435416666666665
1,17.434722222222224
1,17.440277777777776
1,17.446527777777778
1,17.431944444444444
1,17.438194444444445
1,16.069444444444443
1,17.430555555555557
1,17.4375
1,17.427777777777777
1,17.427083333333332
1,17.427083333333332
1,17.439583333333335
1,17.438194444444445
1,17.425
1,17.424305555555556
1,21.31111111111111
1,17.428472222222222
1,17.43402777777778
1,17.419444444444444
1,17.419444444444444
1,17.431944444444444
1,17.41875
1,17.43125
1,17.418055555555554
1,17.429861111111112
1,17.422916666666666
1,17.42222222222222
1,17.414583333333333
1,17.4125
1,20.216666666666665
1,17.411805555555556
1,20.3
1,44.138194444444444
1,17.418055555555554
1,17.41111111111111
1,17.410416666666666
1,17.408333333333335
1,17.40763888888889
1,17.42013888888889
1,17.40625
1,17.405555555555555
1,17.405555555555555
1,17.40486111111111
1,17.403472222222224
1,17.415277777777778
1,17.415277777777778
1,17.414583333333333
1,17.400694444444444
1,17.40763888888889
1,17.400694444444444
1,17.4
1,0.36736111111111114
1,22.288194444444443
1,17.398611111111112
1,17.41111111111111
1,17.396527777777777
1,77.08125
1,20.283333333333335
1,17.395138888888887
1,17.408333333333335
1,17.395138888888887
1,17.408333333333335
1,17.395138888888887
1,17.394444444444446
1,17.406944444444445
1,17.404166666666665
1,17.403472222222224
1,17.403472222222224
1,19.11111111111111
1,17.38888888888889
1,17.402083333333334
1,54.11388888888889
1,21.233333333333334
1,17.393055555555556
1,112.14930555555556
1,17.39236111111111
1,17.398611111111112
1,3.095138888888889
1,17.383333333333333
1,17.382638888888888
1,17.38125
1,17.388194444444444
1,7.061111111111111
1,17.39375
1,17.37986111111111
1,17.379166666666666
1,47.022222222222226
1,27.225
1,17.37847222222222
1,17.391666666666666
1,19.224305555555556
1,17.39027777777778
1,19.014583333333334
1,20.13888888888889
1,17.375694444444445
1,17.375694444444445
1,20.138194444444444
1,17.381944444444443
1,17.38125
1,29.054166666666667
1,77.05972222222222
1,17.37361111111111
1,17.372916666666665
1,17.372916666666665
1,17.37986111111111
1,17.372916666666665
1,26.34236111111111
1,17.384027777777778
1,17.377083333333335
1,17.375
1,17.366666666666667
1,17.365972222222222
1,17.37847222222222
1,17.364583333333332
1,17.36111111111111
1,47.045833333333334
1,17.360416666666666
1,17.35972222222222
1,17.358333333333334
1,17.369444444444444
1,17.355555555555554
1,20.99375
1,20.409027777777776
1,17.367361111111112
1,118.03472222222223
1,17.366666666666667
1,17.352777777777778
1,17.352777777777778
1,20.990277777777777
1,17.351388888888888
1,17.351388888888888
1,17.364583333333332
1,17.351388888888888
1,92.03472222222223
1,17.3625
1,17.355555555555554
1,19.236805555555556
1,17.360416666666666
1,27.277083333333334
1,17.34722222222222
1,17.346527777777776
1,17.35902777777778
1,17.35763888888889
1,17.344444444444445
1,17.34375
1,29.022916666666667
1,17.343055555555555
1,17.341666666666665
1,77.02638888888889
1,17.340972222222224
1,17.354166666666668
1,17.34027777777778
1,17.352777777777778
1,17.345833333333335
1,17.351388888888888
1,20.143055555555556
1,77.02291666666666
1,17.336805555555557
1,17.336805555555557
1,17.336805555555557
1,28.1
1,118.01597222222222
1,17.335416666666667
1,17.334722222222222
1,17.340972222222224
1,17.340972222222224
1,17.334027777777777
1,77.01875
1,48.93472222222222
1,62.05972222222222
1,77.01666666666667
1,17.33125
1,17.330555555555556
1,33.260416666666664
1,14.259722222222223
1,17.32847222222222
1,17.32847222222222
1,17.32777777777778
1,17.32777777777778
1,17.327083333333334
1,36.25694444444444
1,17.339583333333334
1,17.325694444444444
1,17.33888888888889
1,62.052083333333336
1,17.3375
1,17.323611111111113
1,17.322916666666668
1,17.32986111111111
1,17.32777777777778
1,27.957638888888887
1,17.325694444444444
1,17.325694444444444
1,17.325
1,146.1236111111111
1,17.318055555555556
1,17.324305555555554
1,17.323611111111113
1,17.316666666666666
1,17.323611111111113
1,17.323611111111113
1,17.32986111111111
1,17.32986111111111
1,17.322916666666668
1,17.31597222222222
1,17.315277777777776
1,76.99861111111112
1,17.313194444444445
1,17.325
1,17.324305555555554
1,44.079861111111114
1,17.31736111111111
1,33.94861111111111
1,17.310416666666665
1,17.322916666666668
1,17.31597222222222
1,17.31597222222222
1,17.315277777777776
1,17.320833333333333
1,17.31388888888889
1,17.320138888888888
1,17.320138888888888
1,18.98611111111111
1,28.02777777777778
1,7.069444444444445
1,17.30625
1,17.31736111111111
1,26.9
1,17.315277777777776
1,17.302083333333332
1,33.980555555555554
1,17.301388888888887
1,17.313194444444445
1,17.3125
1,17.3125
1,17.3
1,17.305555555555557
1,17.299305555555556
1,17.299305555555556
1,17.29861111111111
1,17.29861111111111
1,17.31111111111111
1,17.29861111111111
1,28.143055555555556
1,17.309722222222224
1,10.102083333333333
1,17.308333333333334
1,17.30763888888889
1,17.306944444444444
1,40.1875
1,17.29375
1,17.299305555555556
1,17.293055555555554
1,17.291666666666668
1,17.304166666666667
1,17.295833333333334
1,17.302083333333332
1,17.289583333333333
1,17.301388888888887
1,17.288888888888888
1,17.288194444444443
1,17.288194444444443
1,17.3
1,17.2875
1,17.299305555555556
1,17.286805555555556
1,17.285416666666666
1,17.297916666666666
1,17.285416666666666
1,17.291666666666668
1,17.297916666666666
1,17.29722222222222
1,17.29652777777778
1,17.29652777777778
1,17.289583333333333
1,17.295833333333334
1,22.04513888888889
1,17.29513888888889
1,17.281944444444445
1,27.002777777777776
1,26.252083333333335
1,17.29375
1,17.286805555555556
1,34.20902777777778
1,33.12569444444444
1,17.28611111111111
1,17.291666666666668
1,17.279166666666665
1,17.291666666666668
1,17.284027777777776
1,33.12361111111111
1,17.27777777777778
1,17.288888888888888
1,113.91458333333334
1,46.918055555555554
1,11.995833333333334
1,17.280555555555555
1,17.272222222222222
1,25.949305555555554
1,20.15763888888889
1,76.95347222222222
1,20.030555555555555
1,26.030555555555555
1,28.945138888888888
1,17.271527777777777
1,76.94930555555555
1,28.943055555555556
1,17.26388888888889
1,17.26388888888889
1,17.2625
1,17.261805555555554
1,17.259027777777778
1,17.270138888888887
1,17.25347222222222
1,17.252777777777776
1,76.9375
1,17.257638888888888
1,17.2625
1,22.469444444444445
1,17.254166666666666
1,17.259722222222223
1,76.93194444444444
1,17.25347222222222
1,17.259027777777778
1,17.24513888888889
1,76.92986111111111
1,17.244444444444444
1,17.256944444444443
1,17.255555555555556
1,17.240972222222222
1,17.24652777777778
1,17.239583333333332
1,17.24513888888889
1,17.238194444444446
1,17.238194444444446
1,17.23611111111111
1,17.23611111111111
1,17.23611111111111
1,17.24652777777778
1,17.23263888888889
1,17.244444444444444
1,17.231944444444444
1,17.243055555555557
1,76.91319444444444
1,17.228472222222223
1,17.228472222222223
1,17.227083333333333
1,40.078472222222224
1,89.82777777777778
1,17.23125
1,17.222916666666666
1,17.221527777777776
1,17.22013888888889
1,28.190277777777776
1,17.219444444444445
1,17.225
1,17.229166666666668
1,17.222916666666666
1,21.979166666666668
1,17.216666666666665
1,90.9
1,17.227083333333333
1,17.214583333333334
1,17.226388888888888
1,17.22013888888889
1,17.226388888888888
1,17.213194444444444
1,17.21875
1,17.225
1,19.93125
1,27.88888888888889
1,18.8875
1,21.095833333333335
1,17.214583333333334
1,28.053472222222222
1,17.206944444444446
1,17.21875
1,17.20625
1,17.20625
1,34.177083333333336
1,82.89027777777778
1,17.210416666666667
1,19.8
1,17.204166666666666
1,17.214583333333334
1,17.202083333333334
1,17.202083333333334
1,17.20138888888889
1,17.20138888888889
1,17.200694444444444
1,53.84375
1,17.2
1,17.2
1,17.199305555555554
1,17.197916666666668
1,17.204166666666666
1,6.919444444444444
1,26.834027777777777
1,21.084027777777777
1,17.195833333333333
1,17.195138888888888
1,20.832638888888887
1,17.194444444444443
1,19.831944444444446
1,17.19236111111111
1,17.19236111111111
1,21.870833333333334
1,29.995833333333334
1,17.191666666666666
1,17.20277777777778
1,17.190277777777776
1,120.07847222222222
1,17.195833333333333
1,17.18888888888889
1,29.950694444444444
1,19.825694444444444
1,17.2
1,28.074305555555554
1,70.11944444444444
1,27.154166666666665
1,17.183333333333334
1,55.99236111111111
1,27.15277777777778
1,19.11111111111111
1,21.069444444444443
1,17.18125
1,19.02638888888889
1,26.066666666666666
1,17.179166666666667
1,19.898611111111112
1,17.190277777777776
1,17.176388888888887
1,17.176388888888887
1,17.175694444444446
1,17.175
1,17.174305555555556
1,17.17222222222222
1,17.178472222222222
1,17.17222222222222
1,17.170833333333334
1,6.891666666666667
1,17.181944444444444
1,17.174305555555556
1,32.761805555555554
1,17.17222222222222
1,17.17222222222222
1,17.165277777777778
1,25.886111111111113
1,76.84861111111111
1,17.1625
1,17.1625
1,17.161805555555556
1,17.174305555555556
1,24.08888888888889
1,17.15972222222222
1,17.159027777777776
1,22.0875
1,40.8
1,17.163194444444443
1,17.156944444444445
1,21.085416666666667
1,17.16875
1,17.15486111111111
1,17.16111111111111
1,19.5
1,17.166666666666668
1,19.875
1,17.165277777777778
1,17.159027777777776
1,17.15277777777778
1,17.15138888888889
1,17.15138888888889
1,17.15138888888889
1,17.1625
1,17.15
1,17.154166666666665
1,17.15972222222222
1,17.147222222222222
1,17.15277777777778
1,17.15277777777778
1,21.825
1,17.145138888888887
1,17.145138888888887
1,30.03125
1,17.15625
1,46.78680555555555
1,17.15
1,17.149305555555557
1,17.148611111111112
1,17.154166666666665
1,17.14027777777778
1,20.027083333333334
1,17.139583333333334
1,19.858333333333334
1,17.15
1,17.136805555555554
1,17.149305555555557
1,19.023611111111112
1,17.14236111111111
1,17.134722222222223
1,17.134722222222223
1,17.134027777777778
1,17.14027777777778
1,17.133333333333333
1,17.130555555555556
1,26.85
1,20.974305555555556
1,17.134722222222223
1,17.134027777777778
1,17.134027777777778
1,17.125694444444445
1,17.138194444444444
1,17.124305555555555
1,17.12986111111111
1,17.122916666666665
1,17.12847222222222
1,19.843055555555555
1,17.12152777777778
1,6.009722222222222
1,34.925694444444446
1,23.92361111111111
1,17.124305555555555
1,19.83888888888889
1,17.127777777777776
1,64.79652777777778
1,19.829166666666666
1,17.104166666666668
1,29.947222222222223
1,17.086805555555557
1,17.09027777777778
1,17.079166666666666
1,17.07847222222222
1,17.07777777777778
1,17.084027777777777
1,17.08888888888889
1,48.71597222222222
1,17.072222222222223
1,19.793055555555554
1,17.071527777777778
1,17.075694444444444
1,17.075694444444444
1,27.913888888888888
1,17.072222222222223
1,17.07777777777778
1,17.070138888888888
1,17.07638888888889
1,17.073611111111113
1,17.06597222222222
1,19.363194444444446
1,27.946527777777778
1,17.070833333333333
1,17.054861111111112
1,17.054861111111112
1,17.052083333333332
1,19.771527777777777
1,17.045833333333334
1,18.715972222222224
1,76.71944444444445
1,17.03472222222222
1,17.04375
1,17.036805555555556
1,17.02638888888889
1,20.911805555555556
1,19.82777777777778
1,39.9
1,17.002083333333335
1,17.002777777777776
1,17.002777777777776
1,16.98402777777778
1,16.968055555555555
1,16.95
1,76.62222222222222
1,16.9
1,16.90486111111111
1,16.880555555555556
1,16.872222222222224
1,16.863194444444446
1,19.631944444444443
1,20.70625
1,16.813194444444445
1,18.427777777777777
1,16.769444444444446
1,16.7625
1,16.760416666666668
1,16.755555555555556
1,16.755555555555556
1,16.752083333333335
1,16.75
1,16.743055555555557
1,16.742361111111112
1,16.740277777777777
1,16.740277777777777
1,16.725694444444443
1,16.677083333333332
1,16.665277777777778
1,16.643055555555556
1,16.63888888888889
1,16.638194444444444
1,16.63125
1,16.62986111111111
1,16.629166666666666
1,16.624305555555555
1,16.62152777777778
1,16.618055555555557
1,20.49652777777778
1,16.575
1,16.55902777777778
1,18.320138888888888
1,16.538888888888888
1,16.521527777777777
1,16.51388888888889
1,16.494444444444444
1,0.15694444444444444
1,16.465972222222224
1,0.13819444444444445
1,16.475694444444443
1,18.180555555555557
1,16.471527777777776
1,16.455555555555556
1,16.457638888888887
1,16.4625
1,16.447222222222223
1,20.334722222222222
1,16.455555555555556
1,16.454166666666666
1,16.441666666666666
1,16.44097222222222
1,16.447222222222223
1,19.32847222222222
1,76.125
1,18.40972222222222
1,16.44375
1,16.45
1,16.443055555555556
1,16.443055555555556
1,0.17916666666666667
1,16.440277777777776
1,16.433333333333334
1,16.43888888888889
1,20.320138888888888
1,16.431944444444444
1,24.98611111111111
1,32.15277777777778
1,20.31875
1,16.44236111111111
1,18.23402777777778
1,16.429166666666667
1,16.427777777777777
1,16.427777777777777
1,46.07222222222222
1,18.272222222222222
1,16.426388888888887
1,16.425694444444446
1,16.43125
1,42.234722222222224
1,16.430555555555557
1,16.429861111111112
1,16.422916666666666
1,16.422916666666666
1,12.059722222222222
1,11.100694444444445
1,16.427083333333332
1,16.42013888888889
1,6.058333333333334
1,16.426388888888887
1,18.26597222222222
1,16.431944444444444
1,16.43125
1,16.41875
1,7.0569444444444445
1,76.10277777777777
1,16.429861111111112
1,18.263194444444444
1,16.417361111111113
1,16.416666666666668
1,6.344444444444444
1,16.426388888888887
1,16.4125
1,11.091666666666667
1,28.090972222222224
1,16.418055555555554
1,19.21527777777778
1,18.17361111111111
1,16.417361111111113
1,16.409027777777776
1,16.409027777777776
1,16.408333333333335
1,285.37916666666666
1,16.413888888888888
1,16.406944444444445
1,24.794444444444444
1,16.413194444444443
1,16.418055555555554
1,16.405555555555555
1,16.40486111111111
1,16.410416666666666
1,194.08402777777778
1,16.403472222222224
1,16.413888888888888
1,16.413194444444443
1,16.400694444444444
1,16.400694444444444
1,16.405555555555555
1,16.405555555555555
1,16.399305555555557
1,16.398611111111112
1,16.398611111111112
1,16.395833333333332
1,16.395138888888887
1,16.39375
1,21.114583333333332
1,18.15625
1,16.393055555555556
1,20.280555555555555
1,16.398611111111112
1,16.391666666666666
1,16.39027777777778
1,16.40138888888889
1,16.38888888888889
1,26.066666666666666
1,16.39236111111111
1,16.385416666666668
1,16.385416666666668
1,16.384722222222223
1,16.384722222222223
1,16.39097222222222
1,16.39097222222222
1,16.396527777777777
1,16.381944444444443
1,16.3875
1,18.309722222222224
1,76.06527777777778
1,16.380555555555556
1,16.379166666666666
1,16.39097222222222
1,16.37847222222222
1,16.37638888888889
1,34.05555555555556
1,16.37638888888889
1,19.263194444444444
1,16.38125
1,16.380555555555556
1,16.372222222222224
1,16.372222222222224
1,16.383333333333333
1,16.37013888888889
1,16.369444444444444
1,16.375694444444445
1,16.375
1,16.374305555555555
1,27.04652777777778
1,76.26041666666667
1,16.366666666666667
1,16.372222222222224
1,16.372222222222224
1,16.377777777777776
1,16.364583333333332
1,16.35763888888889
1,16.356944444444444
1,47.040277777777774
1,16.355555555555554
1,16.361805555555556
1,16.354861111111113
1,16.354861111111113
1,16.35902777777778
1,16.35902777777778
1,16.352083333333333
1,16.352083333333333
1,59.49444444444445
1,16.351388888888888
1,16.351388888888888
1,224.19791666666666
1,16.363194444444446
1,18.154166666666665
1,16.347916666666666
1,47.15763888888889
1,16.34722222222222
1,16.35902777777778
1,16.345833333333335
1,16.345833333333335
1,16.345833333333335
1,53.07013888888889
1,25.35625
1,67.15277777777777
1,19.104861111111113
1,16.354166666666668
1,46.27569444444445
1,16.34722222222222
1,117.01944444444445
1,16.345833333333335
1,55.27361111111111
1,16.33888888888889
1,20.225694444444443
1,32.975
1,16.340972222222224
1,19.929861111111112
1,21.304861111111112
1,5.179861111111111
1,46.017361111111114
1,29.12986111111111
1,20.21736111111111
1,16.336111111111112
1,16.341666666666665
1,16.340972222222224
1,16.32847222222222
1,16.333333333333332
1,52.97013888888889
1,16.33888888888889
1,16.325694444444444
1,16.33125
1,46.009027777777774
1,16.335416666666667
1,16.322916666666668
1,16.32847222222222
1,18.209722222222222
1,16.320833333333333
1,16.327083333333334
1,16.332638888888887
1,16.331944444444446
1,16.33125
1,16.323611111111113
1,16.316666666666666
1,16.329166666666666
1,16.31597222222222
1,16.315277777777776
1,16.314583333333335
1,16.320833333333333
1,16.31875
1,16.31875
1,16.324305555555554
1,20.28125
1,17.90625
1,16.316666666666666
1,16.308333333333334
1,16.306944444444444
1,16.3125
1,16.308333333333334
1,16.3
1,16.304861111111112
1,16.29722222222222
1,16.302777777777777
1,16.30902777777778
1,16.305555555555557
1,16.291666666666668
1,16.300694444444446
1,16.288194444444443
1,16.283333333333335
1,16.283333333333335
1,42.00347222222222
1,16.28125
1,16.274305555555557
1,16.286805555555556
1,20.159027777777776
1,16.270833333333332
1,24.948611111111113
1,19.15625
1,16.272222222222222
1,16.278472222222224
1,16.277083333333334
1,24.980555555555554
1,16.258333333333333
1,16.269444444444446
1,16.25347222222222
1,16.259027777777778
1,16.264583333333334
1,16.250694444444445
1,16.24652777777778
1,16.245833333333334
1,16.240972222222222
1,16.22013888888889
1,16.22013888888889
1,16.219444444444445
1,16.225
1,46.90555555555556
1,75.90347222222222
1,16.224305555555556
1,16.215972222222224
1,16.215972222222224
1,18.102777777777778
1,16.221527777777776
1,16.214583333333334
1,16.21388888888889
1,16.213194444444444
1,16.210416666666667
1,16.206944444444446
1,42.85
1,16.205555555555556
1,16.204166666666666
1,16.204166666666666
1,16.2125
1,16.197916666666668
1,46.88194444444444
1,16.196527777777778
1,16.195833333333333
1,16.195138888888888
1,16.20625
1,16.191666666666666
1,16.195833333333333
1,18.159027777777776
1,16.18611111111111
1,16.197916666666668
1,16.184722222222224
1,16.18402777777778
1,20.028472222222224
1,16.19375
1,16.19375
1,16.193055555555556
1,27.106944444444444
1,18.898611111111112
1,18.898611111111112
1,16.189583333333335
1,16.186805555555555
1,18.144444444444446
1,18.06111111111111
1,18.977777777777778
1,18.060416666666665
1,16.17152777777778
1,45.89652777777778
1,18.056944444444444
1,16.180555555555557
1,16.165277777777778
1,16.17152777777778
1,16.177777777777777
1,16.169444444444444
1,16.166666666666668
1,16.165972222222223
1,18.045833333333334
1,16.15625
1,16.155555555555555
1,16.15972222222222
1,75.8375
1,41.048611111111114
1,18.87152777777778
1,16.15486111111111
1,16.147222222222222
1,16.147222222222222
1,16.147222222222222
1,18.78125
1,16.143055555555556
1,16.143055555555556
1,16.147222222222222
1,16.15277777777778
1,16.136805555555554
1,45.821527777777774
1,16.143055555555556
1,16.136111111111113
1,16.131944444444443
1,69.77083333333333
1,16.127083333333335
1,16.125
1,19.011805555555554
1,31.427083333333332
1,16.12847222222222
1,17.96736111111111
1,16.120833333333334
1,52.97152777777778
1,19.002777777777776
1,16.1125
1,16.10902777777778
1,16.115277777777777
1,16.10902777777778
1,16.10763888888889
1,16.105555555555554
1,16.104166666666668
1,16.102777777777778
1,17.90486111111111
1,16.095833333333335
1,25.775
1,75.77986111111112
1,16.099305555555556
1,16.091666666666665
1,16.095833333333335
1,16.089583333333334
1,16.088194444444444
1,17.76527777777778
1,16.07847222222222
1,16.084722222222222
1,16.084027777777777
1,19.756944444444443
1,16.083333333333332
1,26.92222222222222
1,16.0875
1,17.9625
1,16.07986111111111
1,16.07986111111111
1,18.915972222222223
1,18.706944444444446
1,16.069444444444443
1,16.080555555555556
1,16.063194444444445
1,16.066666666666666
1,20.858333333333334
1,16.060416666666665
1,16.052777777777777
1,16.049305555555556
1,271.9270833333333
1,16.039583333333333
1,18.916666666666668
1,16.038194444444443
1,16.023611111111112
1,18.73611111111111
1,16.005555555555556
1,18.55902777777778
1,17.84027777777778
1,46.706944444444446
1,15.917361111111111
1,15.92986111111111
1,15.922222222222222
1,75.58541666666666
1,15.895138888888889
1,15.841666666666667
1,19.71527777777778
1,15.821527777777778
1,15.788194444444445
1,15.794444444444444
1,15.772222222222222
1,15.759027777777778
1,15.715972222222222
1,15.715277777777779
1,17.552083333333332
1,15.678472222222222
1,15.671527777777778
1,15.6625
1,15.654861111111112
1,15.654166666666667
1,17.497222222222224
1,15.634722222222223
1,39.361111111111114
1,17.425
1,15.578472222222222
1,15.567361111111111
1,15.471527777777778
1,17.3125
1,15.461805555555555
1,15.45625
1,18.254166666666666
1,15.45625
1,15.449305555555556
1,18.169444444444444
1,18.169444444444444
1,17.04861111111111
1,28.292361111111113
1,15.446527777777778
1,15.44513888888889
1,15.44375
1,15.445833333333333
1,15.438888888888888
1,15.440972222222221
1,18.030555555555555
1,15.439583333333333
1,15.433333333333334
1,15.4375
1,15.429166666666667
1,15.428472222222222
1,15.427777777777777
1,15.433333333333334
1,15.432638888888889
1,32.02013888888889
1,15.4375
1,15.424305555555556
1,15.429166666666667
1,15.428472222222222
1,15.427083333333334
1,18.016666666666666
1,15.41875
1,15.424305555555556
1,75.10208333333334
1,15.429166666666667
1,15.420833333333333
1,15.425
1,15.410416666666666
1,15.415277777777778
1,15.409027777777778
1,15.411111111111111
1,80.25555555555556
1,15.410416666666666
1,15.408333333333333
1,15.4125
1,15.404166666666667
1,15.395833333333334
1,19.283333333333335
1,15.402083333333334
1,15.400694444444444
1,61.24513888888889
1,18.988888888888887
1,15.390972222222222
1,24.15138888888889
1,15.386111111111111
1,15.385416666666666
1,15.383333333333333
1,15.383333333333333
1,24.020138888888887
1,15.38263888888889
1,15.38888888888889
1,17.103472222222223
1,15.381944444444445
1,32.390972222222224
1,18.14027777777778
1,15.389583333333333
1,15.38888888888889
1,15.372916666666667
1,15.369444444444444
1,15.363888888888889
1,74.00694444444444
1,32.80625
1,26.293055555555554
1,15.369444444444444
1,15.3625
1,15.36736111111111
1,131.08125
1,15.365277777777777
1,19.038194444444443
1,15.356944444444444
1,15.361805555555556
1,15.36736111111111
1,15.360416666666667
1,15.352777777777778
1,15.359027777777778
1,15.363888888888889
1,15.35
1,15.3625
1,15.349305555555556
1,15.354166666666666
1,17.191666666666666
1,18.024305555555557
1,15.35138888888889
1,15.350694444444445
1,17.940277777777776
1,15.350694444444445
1,17.940277777777776
1,15.35763888888889
1,15.35
1,28.10625
1,26.188194444444445
1,15.347222222222221
1,25.019444444444446
1,15.345833333333333
1,33.14375
1,25.310416666666665
1,15.345138888888888
1,18.184722222222224
1,15.338194444444444
1,15.338194444444444
1,15.342361111111112
1,15.334027777777777
1,15.338888888888889
1,15.331944444444444
1,15.331944444444444
1,15.33125
1,15.33125
1,15.32986111111111
1,19.96736111111111
1,73.09722222222223
1,28.090972222222224
1,15.340972222222222
1,19.00625
1,15.332638888888889
1,18.005555555555556
1,15.336805555555555
1,15.329166666666667
1,15.329166666666667
1,15.321527777777778
1,15.327777777777778
1,15.319444444444445
1,15.319444444444445
1,15.31875
1,17.914583333333333
1,23.049305555555556
1,15.323611111111111
1,15.316666666666666
1,15.313194444444445
1,15.318055555555556
1,15.316666666666666
1,15.315972222222221
1,33.15069444444445
1,17.9
1,15.303472222222222
1,27.98263888888889
1,7.190277777777778
1,15.309027777777779
1,15.309027777777779
1,15.308333333333334
1,74.98472222222222
1,23.029166666666665
1,15.309722222222222
1,15.29513888888889
1,15.307638888888889
1,15.300694444444444
1,15.292361111111111
1,15.297916666666667
1,25.261805555555554
1,15.289583333333333
1,15.302083333333334
1,15.295833333333333
1,15.28888888888889
1,15.288194444444445
1,45.97291666666667
1,38.97083333333333
1,17.96527777777778
1,27.839583333333334
1,18.044444444444444
1,15.286805555555556
1,15.290277777777778
1,15.282638888888888
1,18.93125
1,26.954166666666666
1,15.277777777777779
1,15.277083333333334
1,15.276388888888889
1,25.28125
1,25.194444444444443
1,19.185416666666665
1,18.930555555555557
1,15.261111111111111
1,18.091666666666665
1,74.925
1,46.09027777777778
1,39.922916666666666
1,15.24236111111111
1,15.244444444444444
1,15.236805555555556
1,15.241666666666667
1,15.227777777777778
1,15.234027777777778
1,15.239583333333334
1,15.230555555555556
1,15.233333333333333
1,15.23125
1,15.222916666666666
1,15.220833333333333
1,23.85
1,15.217361111111112
1,15.214583333333334
1,15.220833333333333
1,15.220833333333333
1,15.213194444444444
1,15.2125
1,27.051388888888887
1,25.091666666666665
1,15.203472222222222
1,15.209722222222222
1,15.209027777777777
1,15.213888888888889
1,15.202777777777778
1,15.206944444444444
1,15.204166666666667
1,15.189583333333333
1,24.07638888888889
1,15.185416666666667
1,15.191666666666666
1,15.190972222222221
1,15.183333333333334
1,15.188888888888888
1,15.18125
1,16.81736111111111
1,17.85902777777778
1,75.15555555555555
1,15.177083333333334
1,17.8125
1,16.81111111111111
1,18.01875
1,32.85069444444444
1,15.178472222222222
1,15.176388888888889
1,33.09722222222222
1,25.096527777777776
1,15.178472222222222
1,28.552777777777777
1,15.17013888888889
1,15.169444444444444
1,15.175694444444444
1,17.79861111111111
1,26.047916666666666
1,15.160416666666666
1,25.879166666666666
1,15.155555555555555
1,15.161805555555556
1,15.166666666666666
1,15.160416666666666
1,15.159722222222221
1,19.039583333333333
1,27.9125
1,15.1625
1,15.15625
1,15.149305555555555
1,15.154861111111112
1,15.154861111111112
1,15.159722222222221
1,23.908333333333335
1,26.03125
1,115.8625
1,15.139583333333333
1,15.139583333333333
1,15.14236111111111
1,15.135416666666666
1,15.134722222222223
1,17.76388888888889
1,15.126388888888888
1,15.13125
1,15.121527777777779
1,15.127083333333333
1,15.120138888888889
1,19.92361111111111
1,15.129861111111111
1,53.923611111111114
1,15.126388888888888
1,15.113194444444444
1,19.997222222222224
1,15.116666666666667
1,20.705555555555556
1,26.747222222222224
1,34.829861111111114
1,15.114583333333334
1,15.119444444444444
1,15.1125
1,19.034027777777776
1,54.78611111111111
1,124.78333333333333
1,16.6875
1,40.730555555555554
1,15.0875
1,16.681944444444444
1,15.089583333333334
1,18.177777777777777
1,15.086805555555555
1,17.83888888888889
1,15.072916666666666
1,31.706944444444446
1,17.829166666666666
1,15.072222222222223
1,15.071527777777778
1,15.070833333333333
1,0.9409722222222222
1,24.695138888888888
1,15.061111111111112
1,15.065277777777778
1,18.965972222222224
1,15.042361111111111
1,15.028472222222222
1,62.75277777777778
1,15.031944444444445
1,15.022222222222222
1,15.025694444444444
1,34.863194444444446
1,38.90902777777778
1,1.8222222222222222
1,15.009027777777778
1,15.008333333333333
1,15.0
1,14.995833333333334
1,14.988194444444444
1,14.8375
1,14.822222222222223
1,16.915972222222223
1,24.51527777777778
1,14.776388888888889
1,14.736805555555556
1,14.718055555555555
1,14.6375
1,45.26875
1,14.539583333333333
1,14.504166666666666
1,14.483333333333333
1,14.474305555555556
1,14.461805555555555
1,46.05555555555556
1,14.465972222222222
1,14.457638888888889
1,14.45625
1,14.45
1,14.454166666666667
1,14.447222222222223
1,14.44513888888889
1,14.442361111111111
1,18.280555555555555
1,14.441666666666666
1,14.440277777777778
1,14.445833333333333
1,14.439583333333333
1,14.4375
1,14.436805555555555
1,14.435416666666667
1,14.441666666666666
1,14.434722222222222
1,14.42986111111111
1,59.31527777777778
1,14.428472222222222
1,14.427083333333334
1,14.425694444444444
1,14.425
1,14.425
1,14.424305555555556
1,14.420833333333333
1,14.414583333333333
1,16.084027777777777
1,16.372916666666665
1,14.408333333333333
1,61.00277777777778
1,25.247222222222224
1,14.407638888888888
1,14.41388888888889
1,54.37638888888889
1,18.245833333333334
1,14.4125
1,14.403472222222222
1,18.199305555555554
1,115.11597222222223
1,14.407638888888888
1,27.072222222222223
1,14.4
1,14.404166666666667
1,14.397916666666667
1,14.397222222222222
1,14.395138888888889
1,14.394444444444444
1,14.39375
1,44.363194444444446
1,17.274305555555557
1,14.39236111111111
1,14.39236111111111
1,14.39236111111111
1,14.397916666666667
1,19.272222222222222
1,17.979861111111113
1,14.389583333333333
1,16.14375
1,14.394444444444444
1,14.393055555555556
1,24.30763888888889
1,14.38263888888889
1,14.379861111111111
1,25.300694444444446
1,27.29861111111111
1,14.376388888888888
1,14.375694444444445
1,14.374305555555555
1,14.374305555555555
1,14.372222222222222
1,66.00625
1,14.373611111111112
1,55.169444444444444
1,14.368055555555555
1,14.364583333333334
1,14.35625
1,14.355555555555556
1,23.277083333333334
1,184.27708333333334
1,14.359722222222222
1,14.353472222222223
1,14.359722222222222
1,34.270833333333336
1,14.353472222222223
1,41.357638888888886
1,38.94583333333333
1,17.226388888888888
1,14.345833333333333
1,14.345138888888888
1,52.06458333333333
1,14.350694444444445
1,67.0625
1,18.180555555555557
1,17.34722222222222
1,23.179861111111112
1,23.096527777777776
1,14.339583333333334
1,43.97430555555555
1,14.342361111111112
1,14.334027777777777
1,14.334027777777777
1,14.339583333333334
1,14.33125
1,14.32986111111111
1,14.335416666666667
1,14.329166666666667
1,14.327777777777778
1,14.32638888888889
1,14.321527777777778
1,25.99375
1,18.159027777777776
1,36.99652777777778
1,14.317361111111111
1,14.316666666666666
1,14.314583333333333
1,14.314583333333333
1,14.313194444444445
1,14.3125
1,14.311111111111112
1,14.316666666666666
1,14.309722222222222
1,14.309722222222222
1,14.309722222222222
1,14.309722222222222
1,14.30625
1,14.30625
1,14.305555555555555
1,14.304166666666667
1,14.304166666666667
1,14.304166666666667
1,19.18402777777778
1,37.18888888888889
1,14.301388888888889
1,17.97361111111111
1,14.3
1,18.179861111111112
1,14.299305555555556
1,14.297222222222222
1,14.297222222222222
1,14.296527777777778
1,14.294444444444444
1,14.289583333333333
1,17.17013888888889
1,14.288194444444445
1,60.172916666666666
1,14.284722222222221
1,17.038194444444443
1,14.284027777777778
1,18.865277777777777
1,14.27361111111111
1,14.268055555555556
1,16.854166666666668
1,19.270138888888887
1,15.978472222222223
1,14.269444444444444
1,14.263194444444444
1,14.269444444444444
1,24.268055555555556
1,14.255555555555556
1,14.254861111111111
1,14.254861111111111
1,14.25763888888889
1,14.248611111111112
1,14.247222222222222
1,14.246527777777779
1,14.246527777777779
1,19.038888888888888
1,24.156944444444445
1,14.233333333333333
1,14.231944444444444
1,14.229166666666666
1,14.234722222222222
1,14.227777777777778
1,14.22638888888889
1,14.225
1,14.222916666666666
1,14.222222222222221
1,14.220833333333333
1,14.219444444444445
1,31.97222222222222
1,14.213194444444444
1,24.051388888888887
1,25.218055555555555
1,14.210416666666667
1,31.131944444444443
1,14.202083333333333
1,14.204166666666667
1,14.197222222222223
1,16.950694444444444
1,25.825
1,16.825
1,14.192361111111111
1,14.192361111111111
1,22.904166666666665
1,21.070138888888888
1,17.02777777777778
1,16.90277777777778
1,14.19375
1,25.149305555555557
1,14.190972222222221
1,24.936805555555555
1,17.851388888888888
1,14.178472222222222
1,24.891666666666666
1,14.177083333333334
1,24.929166666666667
1,22.761805555555554
1,17.011111111111113
1,14.177777777777777
1,14.169444444444444
1,14.172222222222222
1,32.87986111111111
1,14.164583333333333
1,14.16388888888889
1,14.163194444444445
1,17.002083333333335
1,14.159722222222221
1,14.164583333333333
1,16.45347222222222
1,14.155555555555555
1,14.155555555555555
1,14.152777777777779
1,14.152083333333334
1,14.152083333333334
1,14.152083333333334
1,14.150694444444444
1,16.77986111111111
1,17.98611111111111
1,16.90138888888889
1,24.06736111111111
1,37.77986111111111
1,14.14861111111111
1,19.022916666666667
1,14.14236111111111
1,14.136111111111111
1,14.129166666666666
1,14.129166666666666
1,14.131944444444445
1,16.879166666666666
1,16.961805555555557
1,14.122222222222222
1,14.122222222222222
1,14.120833333333334
1,14.116666666666667
1,14.114583333333334
1,26.95277777777778
1,18.70138888888889
1,14.111805555555556
1,14.104166666666666
1,22.943055555555556
1,14.104166666666666
1,14.102777777777778
1,14.10138888888889
1,15.85625
1,14.105555555555556
1,14.102083333333333
1,18.76736111111111
1,14.091666666666667
1,14.096527777777778
1,14.0875
1,26.008333333333333
1,14.084722222222222
1,14.080555555555556
1,25.794444444444444
1,14.077777777777778
1,14.083333333333334
1,18.665972222222223
1,14.077083333333333
1,14.075
1,16.995833333333334
1,9.829166666666667
1,14.071527777777778
1,14.07638888888889
1,22.908333333333335
1,14.068055555555556
1,14.065972222222221
1,66.03541666666666
1,16.775694444444444
1,87.69583333333334
1,16.768055555555556
1,16.76388888888889
1,72.68472222222222
1,14.047222222222222
1,14.050694444444444
1,16.758333333333333
1,74.97222222222223
1,58.00972222222222
1,17.920833333333334
1,14.033333333333333
1,14.0375
1,14.029166666666667
1,14.020138888888889
1,14.016666666666667
1,13.988194444444444
1,16.700694444444444
1,16.699305555555554
1,13.984027777777778
1,13.967361111111112
1,13.872222222222222
1,13.666666666666666
1,0.009722222222222222
1,13.627777777777778
1,0.001388888888888889
1,33.297916666666666
1,13.624305555555555
1,13.622916666666667
1,17.49375
1,13.609027777777778
1,0.5513888888888889
1,13.522222222222222
1,16.394444444444446
1,13.5
1,13.504861111111111
1,16.250694444444445
1,13.48125
1,52.15
1,13.470833333333333
1,13.463888888888889
1,13.456944444444444
1,13.456944444444444
1,13.45486111111111
1,13.459027777777777
1,18.370833333333334
1,16.07777777777778
1,17.105555555555554
1,36.37152777777778
1,13.443055555555556
1,13.439583333333333
1,13.438888888888888
1,13.444444444444445
1,13.43125
1,13.434027777777779
1,13.433333333333334
1,13.427083333333334
1,13.427083333333334
1,13.427083333333334
1,13.426388888888889
1,13.430555555555555
1,16.263194444444444
1,3.1395833333333334
1,36.1
1,13.421527777777778
1,13.42013888888889
1,17.34236111111111
1,13.426388888888889
1,13.41875
1,17.132638888888888
1,13.417361111111111
1,13.417361111111111
1,13.422916666666667
1,13.415277777777778
1,13.414583333333333
1,13.418055555555556
1,13.411805555555556
1,199.2097222222222
1,58.09097222222222
1,13.409722222222221
1,13.409722222222221
1,13.409027777777778
1,13.408333333333333
1,13.407638888888888
1,13.413194444444445
1,22.120833333333334
1,13.40625
1,13.411805555555556
1,13.409722222222221
1,16.158333333333335
1,15.073611111111111
1,13.400694444444444
1,23.154166666666665
1,13.404166666666667
1,13.397222222222222
1,13.396527777777777
1,13.395138888888889
1,13.4
1,13.4
1,13.39375
1,13.393055555555556
1,13.397916666666667
1,13.397916666666667
1,13.390972222222222
1,13.38888888888889
1,13.38888888888889
1,53.27430555555556
1,13.39375
1,13.386805555555556
1,13.386805555555556
1,17.266666666666666
1,13.390972222222222
1,13.38263888888889
1,13.38263888888889
1,22.013194444444444
1,22.970833333333335
1,13.38125
1,13.375
1,88.34305555555555
1,13.372222222222222
1,61.05
1,13.371527777777779
1,17.250694444444445
1,13.370138888888889
1,13.372916666666667
1,13.366666666666667
1,13.363888888888889
1,38.16597222222222
1,17.074305555555554
1,15.114583333333334
1,25.030555555555555
1,23.113194444444446
1,13.35625
1,17.320138888888888
1,17.023611111111112
1,13.35138888888889
1,13.35138888888889
1,13.35625
1,13.348611111111111
1,31.225
1,13.350694444444445
1,13.34375
1,13.34375
1,16.18125
1,13.348611111111111
1,16.180555555555557
1,13.345833333333333
1,13.339583333333334
1,11.304166666666667
1,13.338194444444444
1,13.33611111111111
1,13.340972222222222
1,0.2
1,278.25555555555553
1,13.331944444444444
1,13.3375
1,13.336805555555555
1,16.127083333333335
1,13.33611111111111
1,16.959722222222222
1,13.327777777777778
1,13.327777777777778
1,13.331944444444444
1,13.325
1,32.99652777777778
1,15.286111111111111
1,13.325
1,13.325
1,23.240277777777777
1,13.324305555555556
1,13.315277777777778
1,13.314583333333333
1,25.98611111111111
1,16.110416666666666
1,53.94583333333333
1,25.022222222222222
1,13.313194444444445
1,13.30625
1,13.30625
1,13.304166666666667
1,13.309722222222222
1,13.303472222222222
1,22.01388888888889
1,13.3
1,16.053472222222222
1,13.297916666666667
1,13.303472222222222
1,13.302777777777777
1,13.301388888888889
1,13.294444444444444
1,13.294444444444444
1,13.292361111111111
1,16.047916666666666
1,13.292361111111111
1,51.01111111111111
1,13.290277777777778
1,13.28888888888889
1,13.286111111111111
1,25.910416666666666
1,13.275694444444444
1,39.15902777777778
1,36.115972222222226
1,99.81805555555556
1,16.979861111111113
1,13.272222222222222
1,78.10972222222222
1,16.020833333333332
1,13.264583333333333
1,15.978472222222223
1,13.263194444444444
1,13.25
1,13.255555555555556
1,23.167361111111113
1,15.125694444444445
1,23.989583333333332
1,13.235416666666667
1,72.90625
1,13.22638888888889
1,13.225
1,16.105555555555554
1,43.90138888888889
1,13.229166666666666
1,13.221527777777778
1,18.849305555555556
1,13.221527777777778
1,13.211805555555555
1,13.215972222222222
1,13.215277777777779
1,17.08888888888889
1,13.213194444444444
1,26.002083333333335
1,31.250694444444445
1,14.830555555555556
1,13.2
1,13.195833333333333
1,110.075
1,13.199305555555556
1,13.190277777777778
1,21.820138888888888
1,15.903472222222222
1,13.195833333333333
1,13.189583333333333
1,13.188888888888888
1,36.986805555555556
1,16.98125
1,13.183333333333334
1,13.183333333333334
1,13.182638888888889
1,38.90208333333333
1,16.770833333333332
1,13.17986111111111
1,15.893055555555556
1,17.101388888888888
1,57.14652777777778
1,16.09861111111111
1,13.179166666666667
1,13.177777777777777
1,13.177083333333334
1,13.17013888888889
1,101.80555555555556
1,29.297916666666666
1,13.17361111111111
1,72.84444444444445
1,57.80277777777778
1,13.166666666666666
1,17.75347222222222
1,13.168055555555556
1,13.161805555555556
1,13.161805555555556
1,13.165972222222223
1,13.16388888888889
1,13.1625
1,4.822916666666667
1,24.075694444444444
1,13.152083333333334
1,13.15625
1,13.15625
1,13.15
1,13.14861111111111
1,13.147222222222222
1,13.147222222222222
1,13.146527777777777
1,13.145833333333334
1,13.145833333333334
1,16.9
1,13.149305555555555
1,16.814583333333335
1,13.14236111111111
1,13.147222222222222
1,13.140277777777778
1,92.15069444444444
1,21.852777777777778
1,13.144444444444444
1,13.143055555555556
1,13.136805555555556
1,13.141666666666667
1,92.14583333333333
1,138.05694444444444
1,13.133333333333333
1,13.129861111111111
1,13.127777777777778
1,13.133333333333333
1,113.84166666666667
1,13.127083333333333
1,17.04652777777778
1,23.04375
1,13.11736111111111
1,23.87013888888889
1,15.783333333333333
1,13.109027777777778
1,5.127083333333333
1,24.739583333333332
1,13.11111111111111
1,42.94722222222222
1,16.731944444444444
1,13.098611111111111
1,13.097916666666666
1,39.858333333333334
1,13.096527777777778
1,13.092361111111112
1,16.93125
1,13.091666666666667
1,22.346527777777776
1,13.090972222222222
1,57.06041666666667
1,16.928472222222222
1,16.719444444444445
1,13.093055555555555
1,13.086805555555555
1,15.841666666666667
1,13.084027777777777
1,13.090277777777779
1,17.793055555555554
1,13.07986111111111
1,13.079166666666667
1,13.071527777777778
1,39.079861111111114
1,13.068055555555556
1,13.063888888888888
1,23.981944444444444
1,13.065972222222221
1,32.772222222222226
1,13.059027777777779
1,13.059027777777779
1,14.724305555555556
1,72.72013888888888
1,13.014583333333333
1,12.978472222222223
1,12.980555555555556
1,12.827083333333333
1,12.819444444444445
1,12.781944444444445
1,31.636111111111113
1,15.610416666666667
1,12.702777777777778
1,12.689583333333333
1,14.61875
1,12.490277777777777
1,12.436111111111112
1,72.09097222222222
1,16.244444444444444
1,12.360416666666667
1,12.35625
1,12.328472222222222
1,30.90972222222222
1,12.25625
1,12.252083333333333
1,12.231944444444444
1,12.229861111111111
1,12.228472222222223
1,13.935416666666667
1,13.930555555555555
1,12.221527777777778
1,12.220138888888888
1,15.934027777777779
1,15.036111111111111
1,12.135416666666666
1,12.13263888888889
1,13.845833333333333
1,11.83125
1,11.781944444444445
1,11.578472222222222
1,11.565972222222221
1,11.520833333333334
1,11.495138888888889
1,11.438194444444445
1,11.350694444444445
1,11.33125
1,11.276388888888889
1,68.18055555555556
1,29.054166666666667
1,11.165277777777778
1,11.144444444444444
1,11.144444444444444
1,11.086805555555555
1,14.963888888888889
1,11.052777777777777
1,10.977083333333333
1,10.975
1,70.61805555555556
1,13.652083333333334
1,10.807638888888889
1,10.781944444444445
1,10.770138888888889
1,10.769444444444444
1,10.739583333333334
1,10.654166666666667
1,10.650694444444444
1,10.61111111111111
1,14.188194444444445
1,13.395138888888889
1,10.561805555555555
1,14.916666666666666
1,10.468055555555555
1,10.464583333333334
1,10.463888888888889
1,10.4625
1,10.460416666666667
1,10.459722222222222
1,0.0020833333333333333
1,10.457638888888889
1,10.45486111111111
1,84.08958333333334
1,10.454166666666667
1,10.449305555555556
1,36.45763888888889
1,19.325
1,10.44513888888889
1,10.45
1,10.45
1,23.363888888888887
1,10.442361111111111
1,10.44513888888889
1,10.438888888888888
1,10.438888888888888
1,10.44375
1,10.436111111111112
1,10.441666666666666
1,10.441666666666666
1,13.271527777777777
1,14.188194444444445
1,14.186111111111112
1,14.185416666666667
1,18.15277777777778
1,62.06458333333333
1,22.1
1,15.1
1,15.224305555555556
1,10.432638888888889
1,10.426388888888889
1,30.795833333333334
1,10.42986111111111
1,10.42986111111111
1,22.054166666666667
1,10.42361111111111
1,15.761111111111111
1,13.136111111111111
1,10.428472222222222
1,10.427777777777777
1,10.421527777777778
1,10.427083333333334
1,10.421527777777778
1,10.42013888888889
1,13.965972222222222
1,10.424305555555556
1,10.42361111111111
1,92.34305555555555
1,10.415972222222223
1,10.415277777777778
1,14.253472222222221
1,10.414583333333333
1,10.42013888888889
1,20.252083333333335
1,10.41875
1,10.41875
1,10.413194444444445
1,22.039583333333333
1,10.408333333333333
1,10.408333333333333
1,10.408333333333333
1,10.407638888888888
1,10.4125
1,10.4125
1,10.40625
1,12.033333333333333
1,15.158333333333333
1,10.407638888888888
1,14.239583333333334
1,10.401388888888889
1,10.400694444444444
1,10.405555555555555
1,10.4
1,14.029166666666667
1,10.39861111111111
1,10.404166666666667
1,10.39861111111111
1,13.027777777777779
1,56.074305555555554
1,10.402777777777779
1,10.397222222222222
1,10.39375
1,10.39375
1,10.39861111111111
1,210.06527777777777
1,10.397222222222222
1,10.396527777777777
1,10.395833333333334
1,10.390277777777778
1,10.389583333333333
1,10.395138888888889
1,10.38888888888889
1,10.39375
1,10.3875
1,14.099305555555556
1,10.385416666666666
1,10.385416666666666
1,10.389583333333333
1,10.383333333333333
1,10.386111111111111
1,10.379861111111111
1,28.049305555555556
1,14.049305555555556
1,6.008333333333334
1,10.375694444444445
1,14.045833333333333
1,22.04513888888889
1,10.373611111111112
1,12.294444444444444
1,10.376388888888888
1,10.369444444444444
1,10.375
1,21.040277777777778
1,10.368055555555555
1,10.373611111111112
1,10.368055555555555
1,10.36736111111111
1,10.372222222222222
1,14.24375
1,10.363888888888889
1,10.369444444444444
1,10.369444444444444
1,10.36875
1,13.159722222222221
1,10.363194444444444
1,10.361805555555556
1,10.365972222222222
1,28.15625
1,10.359027777777778
1,10.364583333333334
1,10.363888888888889
1,15.154166666666667
1,10.356944444444444
1,14.194444444444445
1,10.361805555555556
1,10.354861111111111
1,10.353472222222223
1,13.065972222222221
1,10.358333333333333
1,10.352083333333333
1,10.35763888888889
1,13.190277777777778
1,13.27361111111111
1,12.065277777777778
1,43.94444444444444
1,10.350694444444445
1,12.105555555555556
1,21.979166666666668
1,12.061805555555555
1,10.347916666666666
1,14.01875
1,10.347222222222221
1,10.352083333333333
1,10.352083333333333
1,10.35138888888889
1,10.350694444444445
1,10.345138888888888
1,13.099305555555556
1,10.35
1,10.349305555555556
1,10.34375
1,10.34375
1,10.342361111111112
1,30.26388888888889
1,10.341666666666667
1,10.346527777777778
1,10.344444444444445
1,13.093055555555555
1,10.341666666666667
1,14.215277777777779
1,29.17361111111111
1,10.334722222222222
1,10.334027777777777
1,10.332638888888889
1,10.332638888888889
1,13.9625
1,13.04513888888889
1,10.336805555555555
1,10.325694444444444
1,10.33125
1,10.325
1,42.16875
1,10.330555555555556
1,20.32847222222222
1,10.329166666666667
1,10.323611111111111
1,10.329166666666667
1,10.327083333333333
1,10.32013888888889
1,14.948611111111111
1,13.988888888888889
1,15.071527777777778
1,10.316666666666666
1,68.11736111111111
1,14.94513888888889
1,10.313888888888888
1,22.277083333333334
1,10.319444444444445
1,10.313194444444445
1,10.311805555555555
1,10.311111111111112
1,10.311111111111112
1,10.314583333333333
1,13.895833333333334
1,10.309722222222222
1,50.14375
1,13.013194444444444
1,13.0125
1,10.303472222222222
1,10.302777777777777
1,56.93125
1,10.3
1,10.29375
1,188.04861111111111
1,10.292361111111111
1,10.297916666666667
1,47.13472222222222
1,63.92638888888889
1,10.295833333333333
1,10.29375
1,28.208333333333332
1,13.165972222222223
1,14.20625
1,10.286805555555556
1,14.160416666666666
1,20.160416666666666
1,11.993055555555555
1,22.28263888888889
1,10.282638888888888
1,10.28125
1,10.280555555555555
1,13.946527777777778
1,10.272916666666667
1,14.902777777777779
1,10.277083333333334
1,14.900694444444444
1,10.268055555555556
1,10.272222222222222
1,10.270138888888889
1,12.89375
1,10.260416666666666
1,10.259722222222223
1,11.927777777777777
1,10.261111111111111
1,10.261111111111111
1,10.250694444444445
1,10.249305555555555
1,10.247222222222222
1,10.252083333333333
1,10.246527777777779
1,21.875694444444445
1,10.245138888888889
1,16.956944444444446
1,11.956944444444444
1,162.08125
1,20.1625
1,10.239583333333334
1,10.2375
1,12.95
1,10.23611111111111
1,10.23125
1,10.229861111111111
1,13.859722222222222
1,109.94305555555556
1,10.234722222222222
1,10.229166666666666
1,10.227777777777778
1,10.227777777777778
1,12.9375
1,15.061805555555555
1,10.229166666666666
1,10.227777777777778
1,10.227083333333333
1,12.890277777777778
1,10.218055555555555
1,10.213888888888889
1,10.219444444444445
1,10.219444444444445
1,10.21875
1,10.213194444444444
1,10.218055555555555
1,10.215972222222222
1,13.88125
1,10.207638888888889
1,10.207638888888889
1,12.960416666666667
1,10.210416666666667
1,12.918055555555556
1,1.8520833333333333
1,11.95625
1,10.200694444444444
1,10.20625
1,18.788194444444443
1,10.202777777777778
1,10.202083333333333
1,10.2
1,41.12152777777778
1,10.193055555555556
1,10.193055555555556
1,12.904861111111112
1,10.19513888888889
1,10.188194444444445
1,10.193055555555556
1,18.35902777777778
1,10.193055555555556
1,10.186805555555555
1,46.865972222222226
1,30.06597222222222
1,10.190972222222221
1,10.190972222222221
1,10.190277777777778
1,12.104861111111111
1,10.1875
1,13.85138888888889
1,64.89861111111111
1,10.17986111111111
1,11.934027777777779
1,10.177777777777777
1,10.182638888888889
1,10.181944444444444
1,10.18125
1,28.095833333333335
1,10.17986111111111
1,10.178472222222222
1,10.177777777777777
1,10.172222222222222
1,10.177083333333334
1,12.840972222222222
1,47.92916666666667
1,10.168055555555556
1,41.09444444444444
1,10.165277777777778
1,10.164583333333333
1,10.1625
1,10.168055555555556
1,13.75
1,39.71319444444445
1,10.165972222222223
1,13.998611111111112
1,50.75347222222222
1,25.87152777777778
1,12.9125
1,10.159722222222221
1,12.825
1,10.15625
1,10.147916666666667
1,14.775694444444444
1,22.10902777777778
1,10.15
1,10.143055555555556
1,10.14861111111111
1,10.143055555555556
1,10.147222222222222
1,10.141666666666667
1,10.141666666666667
1,10.140277777777778
1,12.76875
1,20.975694444444443
1,10.1375
1,10.134722222222223
1,22.847916666666666
1,14.01388888888889
1,10.134027777777778
1,10.13888888888889
1,10.13888888888889
1,10.133333333333333
1,10.131944444444445
1,69.80902777777777
1,10.127083333333333
1,10.124305555555555
1,10.123611111111112
1,13.002777777777778
1,10.126388888888888
1,10.120833333333334
1,10.122222222222222
1,10.120138888888889
1,10.119444444444444
1,10.11875
1,10.11875
1,10.11736111111111
1,10.116666666666667
1,10.115277777777777
1,21.02986111111111
1,12.69513888888889
1,11.86111111111111
1,11.85763888888889
1,10.102083333333333
1,19.938194444444445
1,10.098611111111111
1,11.852083333333333
1,10.102083333333333
1,11.85
1,10.100694444444445
1,10.100694444444445
1,10.094444444444445
1,10.097222222222221
1,10.089583333333334
1,10.093055555555555
1,11.839583333333334
1,10.090277777777779
1,13.713194444444444
1,10.077083333333333
1,11.873611111111112
1,10.074305555555556
1,10.07986111111111
1,14.703472222222222
1,10.078472222222222
1,11.869444444444444
1,12.952083333333333
1,14.70138888888889
1,10.07638888888889
1,10.069444444444445
1,10.073611111111111
1,10.073611111111111
1,21.945833333333333
1,10.069444444444445
1,10.06875
1,10.06875
1,14.691666666666666
1,10.058333333333334
1,14.685416666666667
1,10.060416666666667
1,10.060416666666667
1,11.634722222222223
1,49.67777777777778
1,10.04513888888889
1,10.044444444444444
1,10.038194444444445
1,10.034027777777778
1,25.689583333333335
1,9.999305555555555
1,9.98611111111111
1,12.717361111111112
1,9.965277777777779
1,9.953472222222222
1,9.910416666666666
1,11.484722222222222
1,13.440277777777778
1,11.763194444444444
1,9.829166666666667
1,29.65277777777778
1,9.819444444444445
1,9.758333333333333
1,9.740277777777777
1,20.60902777777778
1,9.615972222222222
1,9.60138888888889
1,9.538194444444445
1,9.526388888888889
1,9.526388888888889
1,9.50763888888889
1,9.506944444444445
1,9.503472222222221
1,9.503472222222221
1,9.498611111111112
1,9.490972222222222
1,9.488194444444444
1,9.477777777777778
1,9.475694444444445
1,9.472916666666666
1,9.471527777777778
1,9.470833333333333
1,13.302083333333334
1,11.256944444444445
1,9.464583333333334
1,9.463194444444444
1,39.135416666666664
1,9.460416666666667
1,16.20486111111111
1,9.45486111111111
1,9.450694444444444
1,9.450694444444444
1,13.282638888888888
1,11.238194444444444
1,18.529166666666665
1,9.445833333333333
1,9.445833333333333
1,9.444444444444445
1,9.44375
1,9.44375
1,18.23472222222222
1,9.443055555555556
1,9.442361111111111
1,9.441666666666666
1,5.1506944444444445
1,9.440972222222221
1,39.06944444444444
1,9.438888888888888
1,7.147222222222222
1,9.4375
1,11.395138888888889
1,9.436111111111112
1,9.436111111111112
1,9.435416666666667
1,11.934722222222222
1,20.350694444444443
1,22.141666666666666
1,9.433333333333334
1,9.432638888888889
1,9.431944444444444
1,5.0993055555555555
1,9.43125
1,9.42986111111111
1,9.429166666666667
1,9.428472222222222
1,11.927083333333334
1,9.427777777777777
1,11.259027777777778
1,5.09375
1,11.966666666666667
1,9.42361111111111
1,9.422916666666667
1,9.422222222222222
1,9.420833333333333
1,9.42013888888889
1,9.419444444444444
1,9.418055555555556
1,12.167361111111111
1,9.418055555555556
1,9.417361111111111
1,9.417361111111111
1,9.417361111111111
1,5.082638888888889
1,9.414583333333333
1,9.413194444444445
1,9.413194444444445
1,9.4125
1,32.293055555555554
1,18.283333333333335
1,9.407638888888888
1,9.407638888888888
1,9.407638888888888
1,9.406944444444445
1,9.40625
1,9.404166666666667
1,9.403472222222222
1,9.403472222222222
1,9.402777777777779
1,69.07430555555555
1,12.276388888888889
1,9.402083333333334
1,14.025694444444444
1,9.400694444444444
1,9.399305555555555
1,9.397916666666667
1,9.397916666666667
1,13.230555555555556
1,18.06388888888889
1,9.397222222222222
1,19.352083333333333
1,9.39236111111111
1,22.347916666666666
1,17.972916666666666
1,13.222916666666666
1,12.138194444444444
1,9.38888888888889
1,9.3875
1,9.386805555555556
1,12.010416666666666
1,9.386805555555556
1,11.174305555555556
1,9.384027777777778
1,9.380555555555556
1,9.379166666666666
1,9.377777777777778
1,9.377777777777778
1,12.001388888888888
1,12.375
1,9.375694444444445
1,9.375694444444445
1,9.375694444444445
1,9.375
1,9.373611111111112
1,9.373611111111112
1,9.370833333333334
1,9.370833333333334
1,9.370138888888889
1,9.369444444444444
1,9.369444444444444
1,9.368055555555555
1,9.36736111111111
1,9.36736111111111
1,12.115972222222222
1,9.36736111111111
1,9.366666666666667
1,122.95625
1,9.365972222222222
1,49.240972222222226
1,9.361805555555556
1,12.985416666666667
1,69.03055555555555
1,13.23263888888889
1,9.359027777777778
1,13.147916666666667
1,9.354861111111111
1,9.353472222222223
1,9.352777777777778
1,11.97638888888889
1,13.224305555555556
1,9.350694444444445
1,20.013194444444444
1,19.263194444444444
1,9.347222222222221
1,12.0125
1,9.344444444444445
1,39.22291666666667
1,9.342361111111112
1,10.881944444444445
1,20.21527777777778
1,9.339583333333334
1,11.170833333333333
1,9.338888888888889
1,73.92569444444445
1,9.336805555555555
1,12.043055555555556
1,9.334027777777777
1,9.334027777777777
1,9.332638888888889
1,9.331944444444444
1,13.16388888888889
1,12.077777777777778
1,18.91111111111111
1,9.327777777777778
1,9.327083333333333
1,12.950694444444444
1,13.075
1,9.324305555555556
1,9.322222222222223
1,9.322222222222223
1,9.320833333333333
1,11.152083333333334
1,9.315277777777778
1,12.938888888888888
1,18.980555555555554
1,20.146527777777777
1,13.104861111111111
1,9.314583333333333
1,9.313888888888888
1,19.895138888888887
1,9.313194444444445
1,9.311805555555555
1,13.97638888888889
1,9.309722222222222
1,9.309722222222222
1,9.309027777777779
1,16.222916666666666
1,9.306944444444444
1,18.095833333333335
1,13.886111111111111
1,9.301388888888889
1,13.879861111111111
1,9.295833333333333
1,13.16875
1,9.294444444444444
1,9.291666666666666
1,10.872916666666667
1,9.290277777777778
1,11.163194444444445
1,9.286805555555556
1,9.286111111111111
1,9.284027777777778
1,13.113888888888889
1,9.28125
1,9.274305555555555
1,13.145833333333334
1,9.270833333333334
1,90.89861111111111
1,13.89236111111111
1,9.264583333333333
1,9.259027777777778
1,9.250694444444445
1,9.25
1,9.245138888888889
1,12.11736111111111
1,9.24236111111111
1,9.24236111111111
1,9.240972222222222
1,13.988888888888889
1,9.238194444444444
1,9.236805555555556
1,9.233333333333333
1,9.231944444444444
1,9.23125
1,9.230555555555556
1,38.857638888888886
1,9.227777777777778
1,9.227083333333333
1,32.06388888888889
1,11.182638888888889
1,12.140972222222222
1,9.225
1,9.221527777777778
1,9.220138888888888
1,9.21875
1,9.217361111111112
1,9.215972222222222
1,9.215277777777779
1,13.046527777777778
1,13.796527777777778
1,12.879166666666666
1,9.213194444444444
1,61.84097222222222
1,68.88194444444444
1,9.207638888888889
1,12.872222222222222
1,9.20486111111111
1,9.204166666666667
1,12.86875
1,35.08263888888889
1,9.202083333333333
1,9.20138888888889
1,11.866666666666667
1,12.115972222222222
1,9.200694444444444
1,9.198611111111111
1,11.113888888888889
1,13.779861111111112
1,330.15555555555557
1,9.191666666666666
1,12.01875
1,1.75625
1,10.847916666666666
1,26.803472222222222
1,18.84513888888889
1,9.177083333333334
1,9.175694444444444
1,9.175694444444444
1,13.92361111111111
1,18.96388888888889
1,9.169444444444444
1,9.169444444444444
1,9.169444444444444
1,53.88194444444444
1,9.16875
1,9.165972222222223
1,9.161805555555556
1,9.159722222222221
1,18.783333333333335
1,9.159027777777778
1,9.157638888888888
1,9.15625
1,9.154861111111112
1,9.154166666666667
1,9.154166666666667
1,9.152777777777779
1,9.152083333333334
1,18.731944444444444
1,9.15
1,9.149305555555555
1,9.149305555555555
1,9.149305555555555
1,13.770833333333334
1,27.061805555555555
1,9.14236111111111
1,9.14236111111111
1,9.14236111111111
1,9.141666666666667
1,9.140277777777778
1,9.1375
1,9.133333333333333
1,9.129861111111111
1,9.129861111111111
1,104.17013888888889
1,13.000694444444445
1,9.125694444444445
1,5.959027777777778
1,13.747222222222222
1,172.83055555555555
1,27.036805555555556
1,9.118055555555555
1,11.8625
1,36.11736111111111
1,18.819444444444443
1,9.1125
1,9.109027777777778
1,9.105555555555556
1,9.104861111111111
1,9.097222222222221
1,32.05486111111111
1,9.091666666666667
1,9.090277777777779
1,13.003472222222221
1,18.75138888888889
1,9.085416666666667
1,13.834027777777777
1,10.750694444444445
1,13.666666666666666
1,19.040277777777778
1,11.83125
1,11.83125
1,11.83125
1,9.07986111111111
1,9.077083333333333
1,12.74236111111111
1,18.90763888888889
1,9.072916666666666
1,9.072222222222223
1,9.072222222222223
1,9.07013888888889
1,21.902083333333334
1,13.691666666666666
1,9.066666666666666
1,9.066666666666666
1,13.688194444444445
1,13.686805555555555
1,12.895138888888889
1,13.686111111111112
1,13.684722222222222
1,13.681944444444444
1,9.05625
1,12.75763888888889
1,34.678472222222226
1,19.78472222222222
1,9.029166666666667
1,9.018055555555556
1,12.722222222222221
1,9.004861111111111
1,8.975
1,8.971527777777778
1,8.928472222222222
1,12.63125
1,18.709722222222222
1,40.511805555555554
1,8.858333333333333
1,8.782638888888888
1,8.750694444444445
1,8.748611111111112
1,8.683333333333334
1,38.389583333333334
1,8.643055555555556
1,11.425694444444444
1,8.531944444444445
1,8.529166666666667
1,8.527083333333334
1,21.10763888888889
1,13.302777777777777
1,18.29861111111111
1,8.50763888888889
1,8.50625
1,8.50625
1,8.504166666666666
1,8.503472222222221
1,8.490972222222222
1,8.480555555555556
1,11.259027777777778
1,8.463888888888889
1,8.459722222222222
1,8.457638888888889
1,18.1625
1,8.45138888888889
1,8.450694444444444
1,10.069444444444445
1,8.443055555555556
1,11.190972222222221
1,11.35625
1,8.440277777777778
1,8.439583333333333
1,17.352083333333333
1,8.434722222222222
1,18.01527777777778
1,8.433333333333334
1,47.142361111111114
1,8.42986111111111
1,8.428472222222222
1,20.09236111111111
1,20.133333333333333
1,8.425
1,8.422916666666667
1,12.170833333333333
1,8.421527777777778
1,160.2111111111111
1,11.16875
1,8.418055555555556
1,8.416666666666666
1,11.373611111111112
1,8.414583333333333
1,8.41388888888889
1,68.08402777777778
1,8.411805555555556
1,8.411805555555556
1,68.08055555555555
1,8.409027777777778
1,12.990277777777777
1,15.240277777777777
1,8.408333333333333
1,8.40625
1,8.405555555555555
1,11.154166666666667
1,17.111805555555556
1,18.319444444444443
1,17.235416666666666
1,8.402083333333334
1,8.402083333333334
1,8.402083333333334
1,8.402083333333334
1,18.358333333333334
1,8.401388888888889
1,18.314583333333335
1,8.39861111111111
1,8.395833333333334
1,8.395138888888889
1,16.975694444444443
1,8.39375
1,3.296527777777778
1,8.391666666666667
1,8.390277777777778
1,8.390277777777778
1,8.390277777777778
1,8.389583333333333
1,8.38888888888889
1,13.0125
1,8.38888888888889
1,8.388194444444444
1,8.3875
1,8.386805555555556
1,8.385416666666666
1,8.385416666666666
1,8.384722222222223
1,40.013194444444444
1,12.047916666666667
1,8.38125
1,8.379861111111111
1,11.294444444444444
1,11.294444444444444
1,13.085416666666667
1,38.21388888888889
1,39.170138888888886
1,8.374305555555555
1,18.080555555555556
1,8.372916666666667
1,9.993055555555555
1,8.36875
1,24.199305555555554
1,8.366666666666667
1,8.366666666666667
1,8.365277777777777
1,35.11944444444445
1,8.365277777777777
1,10.113888888888889
1,8.363888888888889
1,11.154166666666667
1,8.363194444444444
1,28.23472222222222
1,8.359722222222222
1,19.31597222222222
1,8.359027777777778
1,12.231944444444444
1,8.35763888888889
1,8.355555555555556
1,8.354861111111111
1,8.354166666666666
1,8.352083333333333
1,8.349305555555556
1,8.348611111111111
1,13.01388888888889
1,8.347222222222221
1,10.2625
1,11.135416666666666
1,18.132638888888888
1,11.25763888888889
1,38.17777777777778
1,8.339583333333334
1,8.339583333333334
1,13.04513888888889
1,18.252083333333335
1,11.084722222222222
1,11.084722222222222
1,8.33611111111111
1,20.250694444444445
1,8.334722222222222
1,11.207638888888889
1,11.206944444444444
1,18.12361111111111
1,8.332638888888889
1,8.331944444444444
1,39.29375
1,8.330555555555556
1,8.328472222222222
1,8.327777777777778
1,8.327083333333333
1,8.449305555555556
1,160.1159722222222
1,8.325
1,8.325
1,8.323611111111111
1,19.072222222222223
1,131.27916666666667
1,11.194444444444445
1,26.19375
1,8.317361111111111
1,8.314583333333333
1,37.94166666666667
1,19.18611111111111
1,8.309722222222222
1,8.309027777777779
1,12.305555555555555
1,8.30625
1,8.305555555555555
1,47.22638888888889
1,160.13541666666666
1,8.302777777777777
1,8.302777777777777
1,8.300694444444444
1,8.299305555555556
1,12.25625
1,11.088888888888889
1,8.297916666666667
1,8.297916666666667
1,11.211805555555555
1,8.296527777777778
1,8.294444444444444
1,8.29375
1,8.291666666666666
1,11.161805555555556
1,8.2875
1,10.160416666666666
1,8.286111111111111
1,11.89236111111111
1,8.251388888888888
1,39.96180555555556
1,9.909722222222221
1,11.865277777777777
1,8.240972222222222
1,17.821527777777778
1,18.154166666666665
1,38.076388888888886
1,9.94513888888889
1,8.238194444444444
1,14.805555555555555
1,67.90625
1,8.234722222222222
1,8.234027777777778
1,8.233333333333333
1,8.23263888888889
1,19.81388888888889
1,8.23125
1,38.94305555555555
1,9.894444444444444
1,11.102083333333333
1,11.058333333333334
1,8.224305555555556
1,11.010416666666666
1,23.924305555555556
1,8.216666666666667
1,9.793055555555556
1,8.209027777777777
1,8.209027777777777
1,11.915277777777778
1,8.20625
1,10.120833333333334
1,25.12013888888889
1,8.203472222222222
1,10.82638888888889
1,8.202777777777778
1,10.116666666666667
1,8.199305555555556
1,8.198611111111111
1,8.198611111111111
1,11.905555555555555
1,11.06875
1,8.19513888888889
1,8.193055555555556
1,10.025
1,11.775
1,8.192361111111111
1,8.190972222222221
1,8.190972222222221
1,23.894444444444446
1,8.186805555555555
1,9.85138888888889
1,18.101388888888888
1,8.184722222222222
1,10.099305555555556
1,8.182638888888889
1,8.182638888888889
1,8.17986111111111
1,11.010416666666666
1,8.177083333333334
1,11.009027777777778
1,8.175694444444444
1,11.879166666666666
1,8.171527777777778
1,8.170833333333333
1,8.169444444444444
1,8.169444444444444
1,11.748611111111112
1,215.99930555555557
1,8.165972222222223
1,8.165972222222223
1,10.080555555555556
1,8.165277777777778
1,13.121527777777779
1,8.16388888888889
1,16.82847222222222
1,8.1625
1,11.786111111111111
1,8.161805555555556
1,11.784027777777778
1,132.86805555555554
1,8.159722222222221
1,8.159722222222221
1,19.865972222222222
1,8.15625
1,18.070833333333333
1,8.154166666666667
1,35.03125
1,11.941666666666666
1,8.151388888888889
1,16.774305555555557
1,17.730555555555554
1,17.938194444444445
1,8.147222222222222
1,12.852083333333333
1,8.14236111111111
1,12.974305555555556
1,8.13888888888889
1,8.1375
1,12.968055555555555
1,160.04930555555555
1,8.13125
1,9.91875
1,18.00138888888889
1,46.8375
1,37.9625
1,8.123611111111112
1,12.702777777777778
1,8.120833333333334
1,8.120138888888889
1,8.119444444444444
1,8.115972222222222
1,9.739583333333334
1,11.697916666666666
1,8.115277777777777
1,10.029166666666667
1,8.11111111111111
1,11.48263888888889
1,11.729861111111111
1,8.10625
1,8.10625
1,67.77430555555556
1,48.94097222222222
1,8.102083333333333
1,11.76736111111111
1,8.1
1,8.099305555555556
1,8.098611111111111
1,8.097222222222221
1,12.720138888888888
1,17.927083333333332
1,8.092361111111112
1,8.091666666666667
1,9.756944444444445
1,72.92847222222223
1,8.090277777777779
1,12.796527777777778
1,8.089583333333334
1,8.088888888888889
1,20.04513888888889
1,8.088194444444444
1,8.0875
1,8.086805555555555
1,8.086805555555555
1,8.084722222222222
1,8.084027777777777
1,60.04236111111111
1,8.07986111111111
1,12.785416666666666
1,38.74652777777778
1,8.070833333333333
1,17.02777777777778
1,9.730555555555556
1,67.73541666666667
1,9.645138888888889
1,11.640972222222222
1,8.057638888888889
1,8.057638888888889
1,8.052777777777777
1,16.839583333333334
1,8.04861111111111
1,8.046527777777778
1,16.627083333333335
1,12.89375
1,17.875
1,8.0375
1,8.036111111111111
1,8.020138888888889
1,8.015277777777778
1,11.552083333333334
1,17.525694444444444
1,11.563888888888888
1,11.5625
1,7.915277777777778
1,10.536111111111111
1,7.909027777777778
1,10.4875
1,17.759722222222223
1,15.491666666666667
1,12.475
1,11.590277777777779
1,7.7555555555555555
1,7.708333333333333
1,7.683333333333334
1,7.635416666666667
1,7.576388888888889
1,11.3875
1,7.553472222222222
1,16.159027777777776
1,17.097916666666666
1,7.504166666666666
1,7.483333333333333
1,25.18888888888889
1,7.472916666666666
1,11.177777777777777
1,9.133333333333333
1,7.468055555555556
1,7.466666666666667
1,9.006944444444445
1,17.29722222222222
1,11.295833333333333
1,7.460416666666666
1,10.08125
1,7.456944444444445
1,9.371527777777779
1,17.288194444444443
1,17.364583333333332
1,7.448611111111111
1,7.447222222222222
1,7.447222222222222
1,7.440277777777778
1,7.439583333333333
1,20.394444444444446
1,7.4375
1,12.185416666666667
1,12.393055555555556
1,12.222916666666666
1,24.014583333333334
1,7.4319444444444445
1,7.43125
1,7.430555555555555
1,10.177777777777777
1,17.343055555555555
1,7.427777777777778
1,11.134027777777778
1,7.425694444444445
1,7.425
1,7.424305555555556
1,7.424305555555556
1,7.422916666666667
1,7.4222222222222225
1,7.4222222222222225
1,7.420138888888889
1,7.419444444444444
1,7.418055555555555
1,5.290972222222222
1,7.416666666666667
1,7.415972222222222
1,12.121527777777779
1,7.413888888888889
1,7.413888888888889
1,7.413888888888889
1,7.4118055555555555
1,7.410416666666666
1,7.410416666666666
1,21.115972222222222
1,15.123611111111112
1,20.030555555555555
1,12.279861111111112
1,10.070833333333333
1,7.404861111111111
1,9.027777777777779
1,12.193055555555556
1,7.402777777777778
1,17.275
1,12.108333333333333
1,11.066666666666666
1,7.4006944444444445
1,12.397222222222222
1,0.34097222222222223
1,11.104861111111111
1,12.229166666666666
1,7.397222222222222
1,7.397222222222222
1,33.14930555555556
1,31.149305555555557
1,7.394444444444445
1,7.393055555555556
1,7.393055555555556
1,7.391666666666667
1,30.227777777777778
1,19.13888888888889
1,7.3902777777777775
1,7.3902777777777775
1,7.389583333333333
1,7.388888888888889
1,7.388194444444444
1,7.386805555555555
1,7.386111111111111
1,7.385416666666667
1,7.385416666666667
1,7.384722222222222
1,12.215972222222222
1,7.384722222222222
1,7.384027777777778
1,25.13125
1,7.38125
1,17.29513888888889
1,10.253472222222221
1,7.377777777777778
1,18.000694444444445
1,16.958333333333332
1,7.376388888888889
1,17.956944444444446
1,7.374305555555556
1,10.2875
1,11.0375
1,7.372916666666667
1,7.372916666666667
1,7.372222222222222
1,24.20277777777778
1,11.952777777777778
1,7.370138888888889
1,7.370138888888889
1,128.9923611111111
1,7.365972222222222
1,7.365972222222222
1,7.364583333333333
1,19.611805555555556
1,25.992361111111112
1,7.3625
1,7.3625
1,7.3597222222222225
1,12.190277777777778
1,24.064583333333335
1,12.103472222222223
1,7.354861111111111
1,19.185416666666665
1,7.352777777777778
1,8.934027777777779
1,14.098611111111111
1,7.35
1,7.348611111111111
1,18.0125
1,7.347222222222222
1,7.347222222222222
1,9.177777777777777
1,7.345833333333333
1,7.345833333333333
1,7.345833333333333
1,7.345833333333333
1,7.344444444444444
1,7.34375
1,7.343055555555556
1,7.341666666666667
1,24.005555555555556
1,7.340277777777778
1,11.170833333333333
1,11.918055555555556
1,12.207638888888889
1,7.334027777777778
1,18.07986111111111
1,7.330555555555556
1,7.330555555555556
1,7.329166666666667
1,7.3284722222222225
1,7.3277777777777775
1,7.3277777777777775
1,17.197916666666668
1,7.322916666666667
1,7.321527777777778
1,80.19791666666667
1,7.31875
1,7.3180555555555555
1,7.3180555555555555
1,7.315972222222222
1,10.310416666666667
1,7.3125
1,17.143055555555556
1,17.097916666666666
1,33.144444444444446
1,11.924305555555556
1,16.170833333333334
1,7.297916666666667
1,10.209722222222222
1,8.947222222222223
1,7.278472222222222
1,18.90138888888889
1,51.947916666666664
1,24.19097222222222
1,7.275
1,7.274305555555555
1,7.271527777777778
1,17.893055555555556
1,7.26875
1,7.2652777777777775
1,7.257638888888889
1,25.040972222222223
1,7.247916666666667
1,7.247916666666667
1,7.247222222222222
1,11.118055555555555
1,7.241666666666666
1,11.863194444444444
1,17.19375
1,7.2375
1,7.236111111111111
1,11.981944444444444
1,123.06597222222223
1,7.231944444444444
1,7.230555555555555
1,184.89444444444445
1,7.2243055555555555
1,7.221527777777778
1,7.220138888888889
1,7.21875
1,90.13263888888889
1,7.216666666666667
1,7.215972222222222
1,9.127083333333333
1,16.043055555555554
1,170.91666666666666
1,19.87361111111111
1,9.95486111111111
1,10.202083333333333
1,12.89861111111111
1,9.073611111111111
1,9.945833333333333
1,10.150694444444444
1,15.858333333333333
1,7.191666666666666
1,11.897916666666667
1,7.190972222222222
1,17.104166666666668
1,16.811805555555555
1,15.811805555555555
1,7.188194444444444
1,9.810416666666667
1,17.100694444444443
1,7.186111111111111
1,7.184722222222222
1,7.1819444444444445
1,7.1819444444444445
1,17.094444444444445
1,7.179861111111111
1,12.052083333333334
1,9.801388888888889
1,66.84513888888888
1,18.08888888888889
1,7.170138888888889
1,7.169444444444444
1,7.166666666666667
1,5.124305555555556
1,18.74652777777778
1,9.9125
1,8.827777777777778
1,22.91111111111111
1,16.99375
1,7.1625
1,7.160416666666666
1,9.031944444444445
1,7.158333333333333
1,7.15625
1,17.028472222222224
1,9.86111111111111
1,7.152777777777778
1,7.152083333333334
1,9.854861111111111
1,7.147916666666666
1,66.81666666666666
1,11.891666666666667
1,7.138888888888889
1,10.094444444444445
1,7.134027777777778
1,44.09305555555556
1,17.004166666666666
1,7.1305555555555555
1,13.974305555555556
1,7.125
1,7.120833333333334
1,8.82638888888889
1,30.87152777777778
1,11.864583333333334
1,18.696527777777778
1,9.778472222222222
1,11.903472222222222
1,19.024305555555557
1,8.772916666666667
1,47.93888888888889
1,16.972916666666666
1,7.0993055555555555
1,7.098611111111111
1,7.095833333333333
1,17.96875
1,7.095138888888889
1,10.258333333333333
1,130.84583333333333
1,7.091666666666667
1,23.75486111111111
1,18.9625
1,30.005555555555556
1,7.084722222222222
1,7.083333333333333
1,7.081944444444445
1,7.081944444444445
1,17.99513888888889
1,7.080555555555556
1,8.702777777777778
1,7.0777777777777775
1,7.0777777777777775
1,7.073611111111111
1,11.73263888888889
1,9.77361111111111
1,11.938194444444445
1,66.73402777777778
1,31.93611111111111
1,7.051388888888889
1,8.629166666666666
1,11.879166666666666
1,36.675
1,51.71458333333333
1,7.043055555555555
1,57.9625
1,18.704166666666666
1,66.70694444444445
1,9.865277777777777
1,8.905555555555555
1,7.029166666666667
1,22.668055555555554
1,14.67361111111111
1,16.822916666666668
1,6.9319444444444445
1,6.776388888888889
1,38.46527777777778
1,9.53125
1,6.68125
1,6.65
1,6.606944444444444
1,6.574305555555555
1,6.528472222222222
1,66.19583333333334
1,16.215972222222224
1,6.509027777777778
1,6.50625
1,6.5055555555555555
1,6.502083333333333
1,6.496527777777778
1,19.160416666666666
1,6.495138888888889
1,6.4875
1,6.4840277777777775
1,6.4840277777777775
1,15.35625
1,8.1875
1,17.09722222222222
1,6.46875
1,106.125
1,9.08125
1,16.247222222222224
1,23.286805555555556
1,11.11736111111111
1,6.447222222222222
1,16.028472222222224
1,23.027083333333334
1,8.06875
1,19.318055555555556
1,6.44375
1,6.44375
1,8.190972222222221
1,6.441666666666666
1,16.019444444444446
1,6.435416666666667
1,9.432638888888889
1,18.099305555555556
1,8.097222222222221
1,6.4319444444444445
1,8.302777777777777
1,6.427777777777778
1,12.088194444444444
1,11.0875
1,6.4215277777777775
1,6.420138888888889
1,9.373611111111112
1,10.038194444444445
1,12.079166666666667
1,6.413194444444445
1,19.24375
1,123.07638888888889
1,8.283333333333333
1,51.03680555555555
1,6.408333333333333
1,6.40625
1,15.070833333333333
1,6.405555555555556
1,36.24166666666667
1,6.404861111111111
1,6.404166666666667
1,11.276388888888889
1,11.983333333333333
1,22.10625
1,11.147222222222222
1,6.397916666666666
1,16.102777777777778
1,33.06666666666667
1,221.3527777777778
1,6.395833333333333
1,66.06527777777778
1,29.315277777777776
1,44.93958333333333
1,6.39375
1,11.140277777777778
1,6.391666666666667
1,9.222222222222221
1,6.3902777777777775
1,6.388888888888889
1,25.219444444444445
1,100.21944444444445
1,11.134722222222223
1,12.049305555555556
1,8.255555555555556
1,8.004861111111111
1,9.004166666666666
1,16.086805555555557
1,6.379861111111111
1,8.377083333333333
1,6.377777777777778
1,19.25
1,16.291666666666668
1,6.374305555555556
1,16.244444444444444
1,22.618055555555557
1,16.117361111111112
1,16.074305555555554
1,14.084027777777777
1,15.365972222222222
1,9.15625
1,6.365972222222222
1,6.365277777777778
1,17.029166666666665
1,6.363194444444445
1,17.027083333333334
1,55.19583333333333
1,6.3590277777777775
1,14.075
1,6.357638888888889
1,18.020833333333332
1,6.354861111111111
1,9.434722222222222
1,16.101388888888888
1,7.975694444444445
1,10.975694444444445
1,9.265277777777778
1,16.22361111111111
1,10.01388888888889
1,7.929166666666666
1,7.928472222222222
1,6.347222222222222
1,103.2611111111111
1,22.093055555555555
1,17.216666666666665
1,15.383333333333333
1,17.965972222222224
1,6.343055555555556
1,6.342361111111111
1,16.255555555555556
1,8.04375
1,18.002083333333335
1,8.084027777777777
1,16.25
1,15.915972222222223
1,11.08125
1,6.333333333333333
1,9.28888888888889
1,19.077083333333334
1,24.15972222222222
1,6.327083333333333
1,6.326388888888889
1,29.247916666666665
1,16.239583333333332
1,9.236805555555556
1,6.320833333333334
1,17.10972222222222
1,15.191666666666666
1,14.940972222222221
1,16.231944444444444
1,25.188194444444445
1,6.315277777777778
1,6.315277777777778
1,7.938194444444444
1,17.229166666666668
1,6.313888888888889
1,30.94097222222222
1,29.106944444444444
1,15.141666666666667
1,16.97361111111111
1,6.308333333333334
1,77.89305555555555
1,33.142361111111114
1,6.304861111111111
1,37.1
1,6.304166666666666
1,8.216666666666667
1,6.298611111111111
1,6.2965277777777775
1,35.923611111111114
1,6.291666666666667
1,16.95625
1,11.038194444444445
1,11.161805555555556
1,7.895138888888889
1,6.2659722222222225
1,29.056944444444444
1,6.261111111111111
1,15.839583333333334
1,6.2555555555555555
1,17.124305555555555
1,25.08125
1,17.160416666666666
1,14.985416666666667
1,6.236805555555556
1,11.109027777777778
1,8.940277777777778
1,16.895833333333332
1,6.23125
1,16.14375
1,16.893055555555556
1,6.228472222222222
1,6.223611111111111
1,33.09791666666667
1,18.882638888888888
1,6.213888888888889
1,6.2131944444444445
1,6.2131944444444445
1,10.085416666666667
1,14.959722222222222
1,9.873611111111112
1,9.120833333333334
1,31.75347222222222
1,16.11875
1,105.86736111111111
1,10.781944444444445
1,16.1125
1,16.861805555555556
1,7.819444444444445
1,10.860416666666667
1,6.194444444444445
1,10.15
1,17.774305555555557
1,19.106944444444444
1,6.190972222222222
1,176.14791666666667
1,6.190277777777778
1,7.895833333333333
1,16.89375
1,6.1875
1,6.186111111111111
1,6.184722222222222
1,16.89097222222222
1,6.18125
1,6.179861111111111
1,16.886111111111113
1,7.800694444444445
1,232.05
1,6.175
1,10.922916666666667
1,6.174305555555556
1,6.173611111111111
1,6.173611111111111
1,29.05
1,9.085416666666667
1,6.16875
1,10.041666666666666
1,30.044444444444444
1,6.165277777777778
1,6.165277777777778
1,253.95347222222222
1,16.86875
1,65.83125
1,9.825
1,17.864583333333332
1,16.864583333333332
1,6.15625
1,6.155555555555556
1,6.154166666666667
1,7.7340277777777775
1,6.152777777777778
1,11.109027777777778
1,8.10763888888889
1,6.15
1,6.149305555555555
1,6.149305555555555
1,6.147222222222222
1,6.145138888888889
1,9.058333333333334
1,16.058333333333334
1,15.932638888888889
1,16.89097222222222
1,11.098611111111111
1,16.889583333333334
1,7.722222222222222
1,14.720138888888888
1,9.050694444444444
1,43.84722222222222
1,8.00763888888889
1,17.84027777777778
1,14.965277777777779
1,92.09027777777777
1,8.964583333333334
1,8.086805555555555
1,6.129166666666666
1,32.797916666666666
1,24.790972222222223
1,7.790277777777778
1,6.123611111111111
1,8.948611111111111
1,6.117361111111111
1,6.115277777777778
1,53.86666666666667
1,8.81875
1,6.1125
1,17.81597222222222
1,6.1090277777777775
1,14.98125
1,17.810416666666665
1,15.683333333333334
1,36.81388888888889
1,6.098611111111111
1,7.927777777777778
1,29.766666666666666
1,8.088888888888889
1,20.37847222222222
1,101.71180555555556
1,7.794444444444444
1,45.75625
1,22.833333333333332
1,22.707638888888887
1,10.707638888888889
1,10.70625
1,7.788888888888889
1,10.702083333333333
1,10.70138888888889
1,10.7
1,10.698611111111111
1,6.073611111111111
1,10.693055555555556
1,6.063888888888889
1,8.811111111111112
1,6.061805555555556
1,7.932638888888889
1,8.806944444444444
1,16.843055555555555
1,17.759027777777778
1,53.96597222222222
1,5.992361111111111
1,7.5993055555555555
1,5.975
1,8.597222222222221
1,5.971527777777778
1,14.532638888888888
1,5.93125
1,7.5993055555555555
1,65.5201388888889
1,7.418055555555555
1,14.661805555555556
1,5.824305555555555
1,5.803472222222222
1,5.770138888888889
1,5.7659722222222225
1,7.3381944444444445
1,15.304166666666667
1,5.625694444444444
1,22.322222222222223
1,21.46875
1,7.060416666666667
1,5.507638888888889
1,5.50625
1,10.254166666666666
1,5.501388888888889
1,5.4840277777777775
1,5.4743055555555555
1,5.460416666666666
1,15.372916666666667
1,5.4534722222222225
1,8.36736111111111
1,5.450694444444444
1,65.10416666666667
1,17.134027777777778
1,17.29722222222222
1,8.115972222222222
1,8.020138888888889
1,5.397222222222222
1,7.957638888888889
1,5.2972222222222225
1,5.285416666666666
1,5.278472222222222
1,5.2555555555555555
1,21.14236111111111
1,5.206944444444445
1,5.151388888888889
1,5.104166666666667
1,5.0569444444444445
1,5.052083333333333
1,6.624305555555556
1,6.699305555555555
1,5.052777777777778
1,5.045833333333333
1,5.0256944444444445
1,7.507638888888889
1,6.534027777777778
1,13.63888888888889
1,5.029166666666667
1,5.0152777777777775
1,16.509722222222223
1,5.038888888888889
1,6.714583333333334
1,6.700694444444444
1,5.313888888888889
1,6.258333333333334
1,20.539583333333333
1,5.029166666666667
1,5.0152777777777775
1,5.038888888888889
1,5.038194444444445
1,5.0368055555555555
1,5.059722222222222
1,5.013888888888889
1,6.259722222222222
1,5.0875
1,6.017361111111111
1,5.004166666666666
1,5.042361111111111
1,5.039583333333334
1,5.039583333333334
1,5.0375
1,5.029166666666667
1,19.60902777777778
1,7.227083333333334
1,5.018055555555556
1,13.973611111111111
1,5.038888888888889
1,5.036111111111111
1,13.922916666666667
1,13.91875
1,5.014583333333333
1,5.052777777777778
1,5.111111111111111
1,5.025
1,12.995138888888889
1,5.038888888888889
1,5.018055555555556
1,8.692361111111111
1,5.034722222222222
1,5.649305555555555
1,8.926388888888889
1,5.965972222222222
1,5.057638888888889
1,5.013888888888889
1,5.0472222222222225
1,5.029166666666667
1,5.191666666666666
1,7.402083333333334
1,16.315277777777776
1,14.563194444444445
1,5.092361111111111
1,15.583333333333334
1,14.540972222222223
1,21.70138888888889
1,5.029861111111111
1,5.065972222222222
1,15.55625
1,5.336805555555555
1,26.472916666666666
1,5.048611111111111
1,5.0465277777777775
1,6.120833333333334
1,5.070833333333334
1,5.0375
1,5.326388888888889
1,5.034722222222222
1,5.034027777777778
1,5.031944444444444
1,14.11111111111111
1,5.024305555555555
1,5.044444444444444
1,5.041666666666667
1,5.040972222222222
1,14.411805555555556
1,5.031944444444444
1,5.031944444444444
1,131.11458333333334
1,12.280555555555555
1,5.029166666666667
1,6.4006944444444445
1,5.025
1,5.063888888888889
1,6.228472222222222
1,7.352777777777778
1,5.561111111111111
1,8.10138888888889
1,5.017361111111111
1,6.433333333333334
1,6.266666666666667
1,7.182638888888889
1,13.305555555555555
1,13.346527777777778
1,69.05972222222222
1,5.053472222222222
1,6.720138888888889
1,5.052777777777778
1,5.011111111111111
1,63.09861111111111
1,13.176388888888889
1,5.008333333333334
1,5.05
1,6.007638888888889
1,6.339583333333334
1,8.129861111111111
1,13.336805555555555
1,5.084722222222222
1,5.043055555555555
1,7.208333333333333
1,5.125
1,7.290972222222222
1,7.165972222222222
1,20.20625
1,12.330555555555556
1,23.038888888888888
1,19.74652777777778
1,5.079861111111111
1,7.329861111111111
1,5.0375
1,6.079166666666667
1,5.120138888888889
1,7.1194444444444445
1,5.076388888888889
1,5.034027777777778
1,5.075
1,5.033333333333333
1,5.365972222222222
1,12.989583333333334
1,5.030555555555556
1,14.279861111111112
1,8.277777777777779
1,5.027083333333334
1,5.06875
1,5.358333333333333
1,5.025
1,13.23263888888889
1,5.024305555555555
1,13.231944444444444
1,77.32222222222222
1,13.270833333333334
1,6.061111111111111
1,5.977777777777778
1,5.061111111111111
1,20.227777777777778
1,6.060416666666667
1,6.310416666666667
1,7.059722222222222
1,5.0159722222222225
1,5.182638888888889
1,7.0993055555555555
1,15.056944444444444
1,5.014583333333333
1,5.013194444444444
1,5.013194444444444
1,7.095833333333333
1,6.304166666666666
1,5.053472222222222
1,16.178472222222222
1,15.344444444444445
1,5.718055555555556
1,5.134027777777778
1,13.300694444444444
1,6.008333333333334
1,8.25763888888889
1,5.006944444444445
1,5.00625
1,7.213888888888889
1,5.045833333333333
1,19.336805555555557
1,7.003472222222222
1,5.045138888888889
1,5.252777777777778
1,13.252083333333333
1,9.16875
1,29.381944444444443
1,5.042361111111111
1,5.042361111111111
1,33.21458333333333
1,10.206944444444444
1,5.08125
1,23.247222222222224
1,5.163888888888889
1,13.288194444444445
1,5.0368055555555555
1,5.036111111111111
1,5.702083333333333
1,5.034722222222222
1,5.075
1,5.990972222222222
1,5.155555555555556
1,5.029166666666667
1,6.070833333333334
1,8.236805555555556
1,6.235416666666667
1,5.027083333333334
1,33.28125
1,23.23125
1,7.313194444444444
1,13.979166666666666
1,5.978472222222222
1,14.227777777777778
1,5.184722222222222
1,5.018055555555556
1,7.143055555555556
1,5.225
1,5.1409722222222225
1,5.0159722222222225
1,5.0152777777777775
1,5.098611111111111
1,5.139583333333333
1,8.220833333333333
1,14.054166666666667
1,13.2625
1,5.0125
1,16.0125
1,5.969444444444444
1,5.177777777777778
1,7.302777777777778
1,7.177083333333333
1,5.926388888888889
1,5.007638888888889
1,5.047916666666667
1,16.25625
1,5.463888888888889
1,5.045833333333333
1,13.253472222222221
1,21.210416666666667
1,12.252083333333333
1,5.209722222222222
1,11.958333333333334
1,5.040972222222222
1,6.246527777777778
1,6.995833333333334
1,8.204166666666667
1,5.954166666666667
1,205.03680555555556
1,5.076388888888889
1,15.071527777777778
1,5.029166666666667
1,5.279166666666667
1,62.99166666666667
1,33.115972222222226
1,5.110416666666667
1,5.0256944444444445
1,5.0256944444444445
1,6.2340277777777775
1,5.982638888888889
1,6.232638888888889
1,14.147222222222222
1,6.022222222222222
1,6.313194444444444
1,22.020833333333332
1,7.061111111111111
1,5.227083333333334
1,8.227083333333333
1,19.059722222222224
1,6.2243055555555555
1,13.931944444444444
1,155.22430555555556
1,6.220138888888889
1,6.094444444444444
1,106.05763888888889
1,12.34375
1,13.21875
1,19.009027777777778
1,5.050694444444445
1,5.259027777777778
1,16.08888888888889
1,5.1722222222222225
1,5.211111111111111
1,6.874305555555556
1,5.911111111111111
1,12.286111111111111
1,14.869444444444444
1,21.952083333333334
1,5.157638888888889
1,97.28194444444445
1,14.905555555555555
1,5.029166666666667
1,5.9875
1,5.2340277777777775
1,5.059027777777778
1,16.141666666666666
1,12.17986111111111
1,5.052777777777778
1,5.090972222222222
1,6.172916666666667
1,5.129166666666666
1,15.086805555555555
1,5.044444444444444
1,15.917361111111111
1,6.084027777777778
1,5.042361111111111
1,5.914583333333334
1,13.205555555555556
1,15.078472222222222
1,13.119444444444444
1,6.036111111111111
1,12.866666666666667
1,6.906944444444444
1,5.03125
1,5.572222222222222
1,8.152777777777779
1,5.027777777777778
1,20.110416666666666
1,5.94375
1,5.064583333333333
1,20.229861111111113
1,16.020833333333332
1,5.060416666666667
1,36.14861111111111
1,12.85
1,5.098611111111111
1,7.889583333333333
1,13.136805555555556
1,5.048611111111111
1,13.963194444444444
1,6.877777777777778
1,12.210416666666667
1,13.125
1,51.172222222222224
1,5.040972222222222
1,6.873611111111111
1,6.872916666666667
1,5.911111111111111
1,6.867361111111111
1,5.783333333333333
1,14.825
1,5.740972222222222
1,5.115277777777778
1,6.114583333333333
1,7.153472222222222
1,5.861805555555556
1,6.027083333333334
1,34.03263888888889
1,13.067361111111111
1,5.9006944444444445
1,16.025
1,13.106944444444444
1,5.814583333333333
1,19.147916666666667
1,5.855555555555555
1,7.9375
1,6.729166666666667
1,16.020138888888887
1,88.8125
1,6.76875
1,12.852083333333333
1,5.01875
1,5.059722222222222
1,5.059027777777778
1,6.0993055555555555
1,5.0152777777777775
1,5.848611111111111
1,6.7652777777777775
1,5.055555555555555
1,56.89375
1,20.971527777777776
1,12.970833333333333
1,7.053472222222222
1,64.05833333333334
1,7.136111111111111
1,5.802083333333333
1,19.885416666666668
1,5.008333333333334
1,13.755555555555556
1,5.044444444444444
1,5.79375
1,13.751388888888888
1,12.501388888888888
1,6.834722222222222
1,16.083333333333332
1,20.083333333333332
1,5.041666666666667
1,13.748611111111112
1,5.08125
1,5.872916666666667
1,5.038888888888889
1,13.997222222222222
1,28.877083333333335
1,5.035416666666666
1,13.743055555555555
1,5.034722222222222
1,12.783333333333333
1,5.029861111111111
1,5.029166666666667
1,5.153472222222222
1,22.06597222222222
1,5.021527777777778
1,12.9375
1,8.061805555555555
1,11.97638888888889
1,268.05694444444447
1,5.014583333333333
1,12.011805555555556
1,5.052777777777778
1,39.80833333333333
1,14.09375
1,21.00486111111111
1,13.754861111111111
1,13.754166666666666
1,5.754166666666666
1,6.836805555555555
1,5.044444444444444
1,5.04375
1,5.043055555555555
1,7.042361111111111
1,5.038888888888889
1,5.7875
1,13.745833333333334
1,11.786805555555556
1,5.035416666666666
1,5.118055555555555
1,5.784722222222222
1,13.741666666666667
1,13.863888888888889
1,5.779166666666667
1,13.027083333333334
1,5.0256944444444445
1,14.065972222222221
1,14.940972222222221
1,11.897222222222222
1,5.017361111111111
1,13.766666666666667
1,19.681944444444444
1,6.764583333333333
1,14.930555555555555
1,5.0125
1,7.720138888888889
1,33.80902777777778
1,18.761805555555554
1,5.053472222222222
1,20.136111111111113
1,5.011111111111111
1,7.719444444444444
1,7.718055555555556
1,5.009722222222222
1,5.050694444444445
1,5.009027777777778
1,5.008333333333334
1,13.880555555555556
1,7.795833333333333
1,5.004166666666666
1,27.969444444444445
1,96.75208333333333
1,7.70625
1,7.663888888888889
1,7.704861111111111
1,5.038194444444445
1,6.995138888888889
1,7.7027777777777775
1,18.575
1,25.705555555555556
1,5.78125
1,7.028472222222222
1,5.027083333333334
1,5.979166666666667
1,13.76736111111111
1,7.634722222222222
1,5.0125
1,5.011805555555555
1,5.048611111111111
1,13.671527777777778
1,5.004861111111111
1,5.9625
1,13.669444444444444
1,5.747916666666667
1,5.9430555555555555
1,19.981944444444444
1,5.688194444444444
1,5.008333333333334
1,5.581944444444445
1,5.028472222222222
1,5.027083333333334
1,89.94444444444444
1,89.91875
1,14.784027777777778
1,25.863194444444446
1,27.80902777777778
1,5.4944444444444445
1,10.563888888888888
1,5.7347222222222225
1,5.033333333333333
1,5.029861111111111
1,9.195833333333333
1,5.122916666666667
1,5.023611111111111
1,5.028472222222222
1,5.590277777777778
1,5.0368055555555555
1,5.035416666666666
1,5.066666666666666
1,62.321527777777774
1,20.31388888888889
1,5.009027777777778
1,5.459722222222222
1,5.163888888888889
1,14.152777777777779
1,6.402083333333334
1,5.023611111111111
1,5.188194444444444
1,5.017361111111111
1,5.003472222222222
1,7.405555555555556
1,5.025
1,5.025
1,5.396527777777778
1,12.1
1,8.552777777777777
1,5.006944444444445
1,6.129166666666666
1,14.293055555555556
1,18.12152777777778
1,5.370138888888889
1,6.243055555555555
1,5.034722222222222
1,13.072916666666666
1,5.113888888888889
1,5.363194444444445
1,6.1125
1,5.278472222222222
1,29.445138888888888
1,11.016666666666667
1,14.097916666666666
1,14.261111111111111
1,8.176388888888889
1,6.301388888888889
1,15.174305555555556
1,12.340277777777779
1,5.048611111111111
1,13.047916666666667
1,5.086805555555555
1,20.084722222222222
1,11.167361111111111
1,6.208333333333333
1,7.333333333333333
1,12.331944444444444
1,5.038888888888889
1,25.377777777777776
1,6.036111111111111
1,5.1194444444444445
1,6.2027777777777775
1,14.161111111111111
1,5.327083333333333
1,27.29513888888889
1,5.368055555555555
1,5.033333333333333
1,7.116666666666666
1,5.032638888888889
1,5.197916666666667
1,5.238888888888889
1,15.23611111111111
1,5.110416666666667
1,15.275
1,6.397222222222222
1,12.313194444444445
1,5.059722222222222
1,5.058333333333334
1,5.055555555555555
1,22.013194444444444
1,62.05833333333333
1,5.302777777777778
1,13.134027777777778
1,7.134027777777778
1,5.05
1,19.29722222222222
1,6.336111111111111
1,17.961111111111112
1,7.252083333333333
1,5.293055555555555
1,6.208333333333333
1,6.332638888888889
1,5.038888888888889
1,5.038194444444445
1,18.07986111111111
1,15.120833333333334
1,5.2034722222222225
1,26.333333333333332
1,5.0777777777777775
1,5.077083333333333
1,18.990277777777777
1,14.031944444444445
1,5.03125
1,5.069444444444445
1,12.944444444444445
1,5.027083333333334
1,6.19375
1,5.027083333333334
1,19.94236111111111
1,5.942361111111111
1,26.238888888888887
1,5.024305555555555
1,19.98472222222222
1,5.021527777777778
1,7.979861111111111
1,5.9375
1,5.020138888888889
1,5.020138888888889
1,25.108333333333334
1,5.102777777777778
1,5.01875
1,5.018055555555556
1,14.225694444444445
1,5.182638888888889
1,5.848611111111111
1,12.972916666666666
1,5.096527777777778
1,25.226388888888888
1,6.220833333333333
1,20.010416666666668
1,5.009722222222222
1,5.3
1,5.05
1,5.174305555555556
1,5.132638888888889
1,5.131944444444445
1,46.92916666666667
1,5.00625
1,5.0472222222222225
1,5.0472222222222225
1,5.254166666666666
1,5.253472222222222
1,5.170138888888889
1,6.502777777777778
1,15.169444444444444
1,5.752777777777778
1,210.04166666666666
1,5.206944444444445
1,5.039583333333334
1,5.246527777777778
1,6.2027777777777775
1,20.077083333333334
1,14.158333333333333
1,5.990972222222222
1,10.948611111111111
1,14.15625
1,20.197222222222223
1,195.19930555555555
1,11.06875
1,34.28125
1,14.192361111111111
1,5.025
1,19.566666666666666
1,6.481944444444444
1,20.977777777777778
1,6.144444444444445
1,5.060416666666667
1,5.891666666666667
1,5.0159722222222225
1,6.1402777777777775
1,5.139583333333333
1,10.972222222222221
1,5.054861111111111
1,5.0125
1,18.928472222222222
1,5.00625
1,5.045138888888889
1,7.29375
1,12.25
1,24.959027777777777
1,6.118055555555555
1,5.034722222222222
1,5.113194444444445
1,5.0256944444444445
1,5.065277777777778
1,90.18888888888888
1,13.896527777777777
1,5.020833333333333
1,18.1
1,11.009027777777778
1,5.0465277777777775
1,6.128472222222222
1,5.040972222222222
1,7.115277777777778
1,5.027777777777778
1,5.022916666666666
1,12.1875
1,12.894444444444444
1,272.06180555555557
1,10.934722222222222
1,5.097222222222222
1,18.054861111111112
1,17.929166666666667
1,5.011805555555555
1,6.093055555555556
1,5.009027777777778
1,5.050694444444445
1,5.048611111111111
1,10.879166666666666
1,6.9625
1,6.004166666666666
1,13.920833333333333
1,15.0875
1,18.04513888888889
1,6.003472222222222
1,7.125
1,19.872916666666665
1,17.995833333333334
1,53.04097222222222
1,14.11875
1,6.868055555555555
1,6.116666666666666
1,7.157638888888889
1,5.072916666666667
1,12.155555555555555
1,10.988194444444444
1,12.111805555555556
1,12.902777777777779
1,5.06875
1,14.068055555555556
1,46.82222222222222
1,6.940972222222222
1,6.106944444444444
1,14.064583333333333
1,17.979166666666668
1,5.103472222222222
1,5.102777777777778
1,47.857638888888886
1,12.809722222222222
1,43.10625
1,124.01805555555555
1,26.81388888888889
1,6.058333333333334
1,12.140972222222222
1,26.813194444444445
1,43.104166666666664
1,66.7701388888889
1,76.76875
1,5.054861111111111
1,9.834722222222222
1,13.845138888888888
1,5.965277777777778
1,12.875
1,11.791666666666666
1,213.91666666666666
1,12.998611111111112
1,5.08125
1,6.120833333333334
1,5.9118055555555555
1,8.161111111111111
1,19.119444444444444
1,47.03958333333333
1,33.87222222222222
1,5.072916666666667
1,20.822222222222223
1,14.071527777777778
1,5.029861111111111
1,5.027777777777778
1,5.0680555555555555
1,11.776388888888889
1,5.0256944444444445
1,61.82222222222222
1,20.809722222222224
1,61.81527777777778
1,12.10138888888889
1,5.0993055555555555
1,5.844444444444444
1,7.09375
1,12.009722222222223
1,11.590277777777779
1,5.045833333333333
1,5.040972222222222
1,5.039583333333334
1,5.952083333333333
1,5.077083333333333
1,10.70138888888889
1,5.032638888888889
1,46.78472222222222
1,5.2375
1,6.069444444444445
1,18.022916666666667
1,77.06875
1,5.063194444444444
1,12.854166666666666
1,9.791666666666666
1,20.727083333333333
1,20.059722222222224
1,8.809027777777779
1,12.058333333333334
1,5.0569444444444445
1,12.011805555555556
1,6.71875
1,7.049305555555556
1,12.838194444444444
1,5.045138888888889
1,6.961111111111111
1,77.71597222222222
1,10.875694444444445
1,24.71388888888889
1,6.748611111111111
1,7.83125
1,5.038194444444445
1,5.038194444444445
1,12.953472222222222
1,5.036111111111111
1,61.74791666666667
1,13.780555555555555
1,5.688888888888889
1,11.103472222222223
1,5.017361111111111
1,11.886111111111111
1,24.933333333333334
1,5.045138888888889
1,17.539583333333333
1,10.322916666666666
1,5.030555555555556
1,11.520138888888889
1,5.045138888888889
1,98.53888888888889
1,12.708333333333334
1,6.956944444444445
1,6.413194444444445
1,5.034722222222222
1,5.03125
1,61.45
1,5.019444444444445
1,5.013194444444444
1,5.010416666666667
1,5.044444444444444
1,10.666666666666666
1,5.454861111111111
1,5.448611111111111
1,5.026388888888889
1,5.771527777777778
1,5.425694444444445
1,5.33125
1,5.5784722222222225
1,31.542361111111113
1,5.033333333333333
1,10.275
1,6.313888888888889
1,5.29375
1,10.501388888888888
1,11.534027777777778
1,5.025
1,5.011111111111111
1,5.020138888888889
1,20.425694444444446
1,5.236805555555556
1,5.022916666666666
1,5.027083333333334
1,5.026388888888889
1,5.026388888888889
1,5.0256944444444445
1,5.104861111111111
1,5.020138888888889
1,5.054861111111111
1,5.215277777777778
1,7.989583333333333
1,5.194444444444445
1,5.19375
1,5.058333333333334
1,161.0576388888889
1,12.176388888888889
1,5.0472222222222225
1,5.039583333333334
1,5.414583333333334
1,20.288888888888888
1,5.286111111111111
1,5.368055555555555
1,5.031944444444444
1,5.030555555555556
1,19.113194444444446
1,5.029861111111111
1,5.3180555555555555
1,25.074305555555554
1,5.316666666666666
1,25.153472222222224
1,5.021527777777778
1,10.020833333333334
1,5.061805555555556
1,31.10902777777778
1,24.4
1,5.016666666666667
1,88.23125
1,14.305555555555555
1,11.055555555555555
1,6.096527777777778
1,5.013194444444444
1,5.095833333333333
1,8.678472222222222
1,5.010416666666667
1,13.008333333333333
1,17.049305555555556
1,10.089583333333334
1,6.004861111111111
1,5.0881944444444445
1,24.134027777777778
1,5.335416666666666
1,5.04375
1,5.29375
1,5.084722222222222
1,6.126388888888889
1,13.125694444444445
1,32.0875
1,17.747222222222224
1,13.080555555555556
1,38.918055555555554
1,14.036805555555556
1,6.0777777777777775
1,10.035416666666666
1,38.08125
1,5.158333333333333
1,5.031944444444444
1,13.615277777777777
1,26.12013888888889
1,5.239583333333333
1,5.030555555555556
1,5.028472222222222
1,5.059027777777778
1,6.152777777777778
1,19.272916666666667
1,5.063194444444444
1,6.354861111111111
1,20.229166666666668
1,5.019444444444445
1,9.977083333333333
1,5.227083333333334
1,5.351388888888889
1,5.058333333333334
1,5.1
1,16.722916666666666
1,5.21875
1,21.216666666666665
1,6.05
1,12.047222222222222
1,5.0472222222222225
1,5.0881944444444445
1,6.002777777777778
1,9.96111111111111
1,16.960416666666667
1,5.084722222222222
1,5.041666666666667
1,10.20486111111111
1,5.038194444444445
1,19.120833333333334
1,16.995833333333334
1,5.2444444444444445
1,11.032638888888888
1,5.028472222222222
1,5.028472222222222
1,20.194444444444443
1,12.235416666666667
1,40.989583333333336
1,10.025694444444444
1,6.066666666666666
1,5.024305555555555
1,104.19097222222223
1,5.022222222222222
1,6.313194444444444
1,6.020833333333333
1,13.436805555555555
1,5.061111111111111
1,11.102777777777778
1,20.184722222222224
1,5.016666666666667
1,5.057638888888889
1,10.097222222222221
1,12.01388888888889
1,11.221527777777778
1,12.220833333333333
1,5.053472222222222
1,5.011111111111111
1,165.17777777777778
1,38.09930555555555
1,13.009722222222223
1,5.050694444444445
1,18.255555555555556
1,5.0472222222222225
1,5.0472222222222225
1,5.0465277777777775
1,14.254166666666666
1,31.21736111111111
1,13.960416666666667
1,5.043055555555555
1,19.084722222222222
1,27.175
1,5.041666666666667
1,17.207638888888887
1,5.040277777777778
1,35.16875
1,5.0375
1,5.0368055555555555
1,5.036111111111111
1,5.160416666666666
1,13.034722222222221
1,5.034722222222222
1,90.95208333333333
1,5.033333333333333
1,10.158333333333333
1,22.136111111111113
1,5.906944444444444
1,16.90625
1,5.03125
1,5.030555555555556
1,5.029166666666667
1,17.98611111111111
1,5.027083333333334
1,19.06597222222222
1,11.149305555555555
1,12.10763888888889
1,5.024305555555555
1,27.195833333333333
1,5.020833333333333
1,5.020833333333333
1,5.020138888888889
1,5.103472222222222
1,5.269444444444445
1,45.27430555555556
1,5.060416666666667
1,59.02361111111111
1,5.013888888888889
1,5.011111111111111
1,5.135416666666667
1,25.181944444444444
1,94.13333333333334
1,5.168055555555555
1,18.709027777777777
1,24.92152777777778
1,60.96180555555556
1,6.079861111111111
1,60.95902777777778
1,40.99583333333333
1,16.860416666666666
1,5.021527777777778
1,6.104166666666667
1,13.891666666666667
1,6.0152777777777775
1,27.134722222222223
1,5.045138888888889
1,13.043055555555556
1,5.1625
1,12.909722222222221
1,5.065972222222222
1,12.020138888888889
1,11.852777777777778
1,19.934722222222224
1,10.184027777777779
1,5.013194444444444
1,19.8875
1,44.891666666666666
1,5.009027777777778
1,5.05
1,9.799305555555556
1,11.88125
1,5.045833333333333
1,12.170833333333333
1,17.79513888888889
1,5.044444444444444
1,40.83819444444445
1,11.957638888888889
1,12.039583333333333
1,5.870138888888889
1,10.119444444444444
1,60.875
1,5.784722222222222
1,5.031944444444444
1,5.072916666666667
1,5.029166666666667
1,18.904166666666665
1,5.1097222222222225
1,5.026388888888889
1,16.772916666666667
1,6.814583333333333
1,12.063194444444445
1,5.854166666666667
1,11.019444444444444
1,5.102083333333334
1,5.808333333333334
1,5.0152777777777775
1,18.804166666666667
1,5.095833333333333
1,17.97013888888889
1,30.85
1,5.010416666666667
1,27.056944444444444
1,61.05486111111111
1,8.82986111111111
1,12.840277777777779
1,5.004861111111111
1,18.920833333333334
1,18.795833333333334
1,17.085416666666667
1,5.080555555555556
1,10.911805555555556
1,5.120138888888889
1,9.785416666666666
1,5.034027777777778
1,12.032638888888888
1,9.823611111111111
1,5.03125
1,5.78125
1,25.99513888888889
1,5.029166666666667
1,5.070138888888889
1,9.777083333333334
1,10.980555555555556
1,9.729861111111111
1,5.935416666666667
1,5.018055555555556
1,5.058333333333334
1,10.764583333333333
1,27.811805555555555
1,5.0125
1,5.803472222222222
1,19.052083333333332
1,12.968055555555555
1,91.09166666666667
1,10.089583333333334
1,5.964583333333334
1,10.838888888888889
1,5.040972222222222
1,17.87361111111111
1,5.743055555555555
1,12.95138888888889
1,18.991666666666667
1,12.782638888888888
1,13.94513888888889
1,11.859722222222222
1,5.815972222222222
1,5.690972222222222
1,9.98125
1,17.897222222222222
1,10.76736111111111
1,6.057638888888889
1,5.0569444444444445
1,18.054166666666667
1,20.969444444444445
1,5.007638888888889
1,13.796527777777778
1,5.044444444444444
1,10.752083333333333
1,89.04791666666667
1,16.709027777777777
1,76.04722222222222
1,58.797222222222224
1,13.832638888888889
1,5.665277777777778
1,5.748611111111111
1,60.75
1,5.036111111111111
1,5.661111111111111
1,12.743055555555555
1,5.990277777777778
1,5.029861111111111
1,5.06875
1,5.0256944444444445
1,12.761111111111111
1,60.72430555555555
1,11.755555555555556
1,11.83611111111111
1,39.96458333333333
1,5.080555555555556
1,5.0777777777777775
1,5.076388888888889
1,5.074305555555555
1,5.072916666666667
1,5.06875
1,5.192361111111111
1,5.021527777777778
1,5.017361111111111
1,5.059027777777778
1,60.68333333333333
1,60.68263888888889
1,16.691666666666666
1,13.928472222222222
1,32.59861111111111
1,5.022916666666666
1,5.066666666666666
1,17.509027777777778
1,5.519444444444445
1,5.0159722222222225
1,19.494444444444444
1,16.656944444444445
1,37.45
1,12.486805555555556
1,5.066666666666666
1,5.040972222222222
1,12.19375
1,5.040972222222222
1,5.029166666666667
1,5.032638888888889
1,5.029166666666667
1,5.389583333333333
1,5.3375
1,5.044444444444444
1,17.320138888888888
1,5.025
1,12.390972222222222
1,17.056944444444444
1,5.011805555555555
1,5.050694444444445
1,5.2972222222222225
1,8.11736111111111
1,5.377083333333333
1,5.043055555555555
1,5.121527777777778
1,10.327083333333333
1,13.20138888888889
1,32.12222222222222
1,5.3180555555555555
1,25.322916666666668
1,5.108333333333333
1,5.024305555555555
1,5.024305555555555
1,9.35763888888889
1,9.314583333333333
1,5.061805555555556
1,13.311111111111112
1,9.393055555555556
1,16.391666666666666
1,25.273611111111112
1,10.140277777777778
1,5.054861111111111
1,5.388194444444444
1,6.929166666666666
1,11.095138888888888
1,5.052083333333333
1,5.134027777777778
1,10.133333333333333
1,46.09444444444444
1,5.379861111111111
1,4.061805555555556
1,5.170833333333333
1,5.044444444444444
1,5.041666666666667
1,32.046527777777776
1,5.248611111111111
1,5.248611111111111
1,5.164583333333334
1,5.247222222222222
1,5.246527777777778
1,5.0784722222222225
1,5.161111111111111
1,5.11875
1,5.034027777777778
1,5.029861111111111
1,5.111805555555556
1,17.027083333333334
1,5.106944444444444
1,5.231944444444444
1,6.025
1,40.32013888888889
1,5.105555555555555
1,17.978472222222223
1,6.89375
1,6.89375
1,19.102083333333333
1,6.893055555555556
1,6.893055555555556
1,5.017361111111111
1,6.892361111111111
1,6.891666666666667
1,6.891666666666667
1,5.183333333333334
1,5.1
1,5.0569444444444445
1,5.054166666666666
1,9.2625
1,10.09375
1,5.093055555555556
1,20.257638888888888
1,17.963194444444444
1,5.044444444444444
1,5.209027777777778
1,291.62569444444443
1,15.957638888888889
1,5.040277777777778
1,5.040277777777778
1,82.00347222222223
1,11.20625
1,36.921527777777776
1,5.0375
1,23.209027777777777
1,5.0777777777777775
1,5.077083333333333
1,5.034722222222222
1,5.200694444444444
1,5.325694444444444
1,41.33125
1,17.28125
1,5.40625
1,5.072222222222222
1,12.19513888888889
1,16.277083333333334
1,5.7347222222222225
1,11.026388888888889
1,18.648611111111112
1,10.065277777777778
1,17.31388888888889
1,31.360416666666666
1,5.271527777777778
1,15.979166666666666
1,5.020833333333333
1,9.9375
1,15.9375
1,10.311805555555555
1,23.983333333333334
1,5.266666666666667
1,16.183333333333334
1,11.30625
1,5.05625
1,9.013194444444444
1,37.31041666666667
1,5.970833333333333
1,12.095138888888888
1,16.261805555555554
1,5.135416666666667
1,10.215972222222222
1,12.963888888888889
1,8.963194444444444
1,19.17013888888889
1,6.711111111111111
1,12.127777777777778
1,5.044444444444444
1,5.085416666666666
1,5.164583333333334
1,5.997916666666667
1,19.288194444444443
1,5.0375
1,5.1618055555555555
1,18.198611111111113
1,6.03125
1,5.029861111111111
1,9.19513888888889
1,5.027777777777778
1,9.275694444444444
1,6.816666666666666
1,6.815972222222222
1,6.815972222222222
1,6.814583333333333
1,6.814583333333333
1,12.0625
1,6.8125
1,10.228472222222223
1,16.227777777777778
1,12.061111111111112
1,6.810416666666667
1,5.01875
1,15.975694444444445
1,184.01527777777778
1,30.102777777777778
1,5.220138888888889
1,5.259722222222222
1,10.215972222222222
1,5.214583333333334
1,5.2965277777777775
1,17.045833333333334
1,12.044444444444444
1,5.04375
1,5.04375
1,5.125
1,13.20486111111111
1,5.913194444444445
1,5.121527777777778
1,5.0375
1,30.918055555555554
1,18.079166666666666
1,5.0368055555555555
1,9.868055555555555
1,5.034027777777778
1,18.947916666666668
1,5.070138888888889
1,10.229861111111111
1,5.020833333333333
1,5.018055555555556
1,16.600694444444443
1,12.847916666666666
1,5.096527777777778
1,12.220138888888888
1,5.634027777777778
1,5.172916666666667
1,8.879166666666666
1,10.2125
1,10.210416666666667
1,5.040277777777778
1,5.035416666666666
1,13.073611111111111
1,5.073611111111111
1,5.070138888888889
1,5.027083333333334
1,9.066666666666666
1,11.065277777777778
1,5.022916666666666
1,5.102083333333334
1,5.101388888888889
1,16.05902777777778
1,39.897222222222226
1,9.847916666666666
1,149.09652777777777
1,10.220833333333333
1,9.095138888888888
1,8.926388888888889
1,149.92638888888888
1,18.966666666666665
1,13.13263888888889
1,15.924305555555556
1,13.130555555555556
1,18.879166666666666
1,5.836805555555555
1,5.039583333333334
1,5.036111111111111
1,18.91111111111111
1,5.033333333333333
1,8.866666666666667
1,5.072916666666667
1,16.030555555555555
1,5.029166666666667
1,5.028472222222222
1,5.027083333333334
1,9.151388888888889
1,17.068055555555556
1,5.026388888888889
1,9.065277777777778
1,17.772222222222222
1,8.979166666666666
1,5.227777777777778
1,19.769444444444446
1,53.10625
1,5.017361111111111
1,16.097916666666666
1,8.761111111111111
1,5.133333333333334
1,10.758333333333333
1,5.048611111111111
1,12.88125
1,26.886111111111113
1,5.0472222222222225
1,5.044444444444444
1,12.877777777777778
1,27.17361111111111
1,53.83958333333333
1,5.084027777777778
1,11.831944444444444
1,9.081944444444444
1,27.16875
1,8.829166666666667
1,16.079166666666666
1,11.120138888888889
1,8.869444444444444
1,53.797916666666666
1,5.028472222222222
1,8.94513888888889
1,8.777777777777779
1,12.859722222222222
1,128.0263888888889
1,128.0236111111111
1,128.0236111111111
1,5.022222222222222
1,74.98472222222222
1,74.98263888888889
1,74.98194444444445
1,5.018055555555556
1,5.018055555555556
1,5.100694444444445
1,27.01875
1,15.763194444444444
1,5.052083333333333
1,9.927083333333334
1,12.884027777777778
1,5.047916666666667
1,9.75625
1,9.755555555555556
1,11.045833333333333
1,5.044444444444444
1,17.002777777777776
1,23.840972222222224
1,31.006944444444443
1,5.041666666666667
1,54.9625
1,5.08125
1,17.99652777777778
1,9.954166666666667
1,5.036111111111111
1,8.86875
1,16.034027777777776
1,8.990972222222222
1,5.03125
1,15.989583333333334
1,17.114583333333332
1,5.072916666666667
1,9.946527777777778
1,8.984722222222222
1,10.817361111111111
1,5.0256944444444445
1,8.690972222222221
1,0.07083333333333333
1,5.063194444444444
1,16.935416666666665
1,13.059722222222222
1,12.681944444444444
1,10.931944444444444
1,10.05486111111111
1,5.050694444444445
1,9.00763888888889
1,8.67361111111111
1,5.003472222222222
1,5.042361111111111
1,8.790972222222223
1,10.789583333333333
1,16.991666666666667
1,8.65625
1,8.736805555555556
1,5.023611111111111
1,16.73125
1,8.938194444444445
1,5.268055555555556
1,5.059027777777778
1,5.0152777777777775
1,8.678472222222222
1,36.80833333333333
1,5.175694444444445
1,10.964583333333334
1,5.0465277777777775
1,59.71458333333333
1,25.997916666666665
1,8.700694444444444
1,5.114583333333333
1,53.65833333333333
1,12.652777777777779
1,11.150694444444444
1,9.859027777777778
1,5.00625
1,10.747222222222222
1,8.865972222222222
1,15.861805555555556
1,5.052083333333333
1,5.041666666666667
1,9.78888888888889
1,5.2340277777777775
1,8.515277777777778
1,5.0125
1,5.011805555555555
1,5.008333333333334
1,5.00625
1,15.796527777777778
1,15.795833333333333
1,5.001388888888889
1,5.029861111111111
1,5.029166666666667
1,5.027777777777778
1,5.027777777777778
1,5.027083333333334
1,5.026388888888889
1,5.026388888888889
1,12.849305555555556
1,16.55
1,5.000694444444444
1,5.041666666666667
1,8.491666666666667
1,5.063194444444444
1,8.469444444444445
1,5.034722222222222
1,10.0125
1,16.698611111111113
1,8.646527777777777
1,5.061805555555556
1,5.034027777777778
1,5.15625
1,5.027083333333334
1,5.052083333333333
1,5.01875
1,5.006944444444445
1,5.034722222222222
1,5.0465277777777775
1,5.036111111111111
1,5.01875
1,8.15625
1,5.030555555555556
1,5.024305555555555
1,5.033333333333333
1,59.18333333333333
1,17.313194444444445
1,11.347222222222221
1,5.028472222222222
1,5.0993055555555555
1,15.097222222222221
1,17.29722222222222
1,8.003472222222221
1,9.186111111111112
1,8.572222222222223
1,5.020833333333333
1,5.222222222222222
1,23.226388888888888
1,7.9125
1,5.03125
1,15.197222222222223
1,8.261111111111111
1,5.008333333333334
1,5.045833333333333
1,9.910416666666666
1,7.940972222222222
1,7.893055555555556
1,12.050694444444444
1,5.0465277777777775
1,5.016666666666667
1,5.045138888888889
1,5.009027777777778
1,11.754166666666666
1,5.065277777777778
1,7.899305555555555
1,21.799305555555556
1,5.040972222222222
1,172.69305555555556
1,5.029861111111111
1,14.686111111111112
1,28.68888888888889
1,9.735416666666667
1,5.006944444444445
1,5.023611111111111
1,5.038888888888889
1,5.575
1,5.03125
1,15.22638888888889
1,5.096527777777778
1,5.011805555555555
1,5.010416666666667
1,5.007638888888889
1,5.004861111111111
1,15.2125
1,5.045138888888889
1,7.077083333333333
1,21.354861111111113
1,5.085416666666666
1,5.032638888888889
1,5.03125
1,5.029861111111111
1,7.1125
1,5.020138888888889
1,5.017361111111111
1,5.007638888888889
1,6.989583333333333
1,5.107638888888889
1,5.021527777777778
1,9.263194444444444
1,7.011111111111111
1,5.051388888888889
1,5.048611111111111
1,5.034722222222222
1,15.071527777777778
1,5.029861111111111
1,5.026388888888889
1,10.98125
1,5.022916666666666
1,5.021527777777778
1,5.011805555555555
1,5.0465277777777775
1,5.045138888888889
1,10.447916666666666
1,5.030555555555556
1,15.895833333333334
1,5.019444444444445
1,5.014583333333333
1,5.041666666666667
1,6.952083333333333
1,5.028472222222222
1,5.1618055555555555
1,6.861111111111111
1,6.8590277777777775
1,5.095833333333333
1,28.88125
1,13.86736111111111
1,5.073611111111111
1,5.807638888888889
1,5.027083333333334
1,14.916666666666666
1,9.286111111111111
1,6.858333333333333
1,5.011805555555555
1,5.052777777777778
1,10.924305555555556
1,5.053472222222222
1,57.65347222222222
1,8.64375
1,5.042361111111111
1,5.041666666666667
1,6.6194444444444445
1,6.495138888888889
1,6.488888888888889
1,6.454861111111111
1,5.01875
1,6.084722222222222
1,5.075
1,5.0256944444444445
1,5.0159722222222225
1,7.158333333333333
1,5.186111111111111
1,5.0159722222222225
1,5.166666666666667
1,5.035416666666666
1,5.15625
1,42.325694444444444
1,13.319444444444445
1,5.020138888888889
1,5.0472222222222225
1,5.249305555555556
1,5.975
1,5.007638888888889
1,5.089583333333334
1,5.077083333333333
1,5.075694444444444
1,5.075
1,5.072916666666667
1,5.071527777777778
1,5.940972222222222
1,5.054861111111111
1,5.963888888888889
1,5.038888888888889
1,6.245138888888889
1,5.952083333333333
1,5.025
1,20.176388888888887
1,4.8902777777777775
1,4.884027777777778
1,5.0368055555555555
1,13.899305555555555
1,5.022222222222222
1,6.0777777777777775
1,5.013194444444444
1,5.018055555555556
1,7.952083333333333
1,5.028472222222222
1,56.7
1,5.006944444444445
1,5.040972222222222
1,5.049305555555556
1,5.033333333333333
1,5.032638888888889
1,5.481944444444444
1,5.054166666666666
1,14.442361111111111
1,6.83125
1,5.410416666666666
1,5.852083333333334
1,5.031944444444444
1,6.473611111111111
1,5.039583333333334
1,5.024305555555555
1,5.220833333333333
1,5.009027777777778
1,5.052083333333333
1,5.034722222222222
1,5.822916666666667
1,4.1819444444444445
1,5.441666666666666
1,5.020138888888889
1,12.395138888888889
1,5.018055555555556
1,5.0569444444444445
1,5.014583333333333
1,5.013888888888889
1,5.052083333333333
1,5.083333333333333
1,5.035416666666666
1,13.3625
1,15.319444444444445
1,6.311805555555556
1,13.391666666666667
1,70.1451388888889
1,5.096527777777778
1,15.172916666666667
1,5.047916666666667
1,5.043055555555555
1,5.039583333333334
1,5.164583333333334
1,5.161111111111111
1,22.289583333333333
1,14.325694444444444
1,5.116666666666666
1,9.324305555555556
1,5.030555555555556
1,15.279861111111112
1,7.070833333333334
1,5.027083333333334
1,8.276388888888889
1,5.026388888888889
1,7.067361111111111
1,5.191666666666666
1,5.023611111111111
1,5.022916666666666
1,7.021527777777778
1,8.521527777777777
1,23.195138888888888
1,4.092361111111111
1,5.01875
1,5.100694444444445
1,5.309027777777778
1,5.017361111111111
1,5.057638888888889
1,7.2652777777777775
1,5.013194444444444
1,14.345833333333333
1,15.178472222222222
1,5.053472222222222
1,6.218055555555556
1,5.009027777777778
1,5.009027777777778
1,5.050694444444445
1,5.341666666666667
1,5.132638888888889
1,12.090277777777779
1,7.297916666666667
1,5.00625
1,5.0472222222222225
1,13.088194444444444
1,5.045833333333333
1,19.051388888888887
1,13.2125
1,5.045138888888889
1,5.044444444444444
1,5.044444444444444
1,5.043055555555555
1,5.043055555555555
1,5.042361111111111
1,27.00625
1,5.040277777777778
1,9.372916666666667
1,13.039583333333333
1,5.372222222222222
1,5.204861111111111
1,5.0375
1,7.2875
1,5.036111111111111
1,8.325694444444444
1,5.034027777777778
1,12.284027777777778
1,5.117361111111111
1,5.2
1,9.365972222222222
1,13.990972222222222
1,5.030555555555556
1,13.238888888888889
1,5.030555555555556
1,6.988194444444445
1,5.029861111111111
1,9.279166666666667
1,14.1125
1,8.19513888888889
1,14.028472222222222
1,5.027083333333334
1,5.027083333333334
1,14.817361111111111
1,16.108333333333334
1,5.066666666666666
1,5.315972222222222
1,7.065277777777778
1,8.23125
1,5.063888888888889
1,12.063888888888888
1,19.19375
1,5.019444444444445
1,8.059722222222222
1,5.018055555555556
1,62.02361111111111
1,5.100694444444445
1,8.932638888888889
1,14.099305555555556
1,6.973611111111111
1,5.0152777777777775
1,5.05625
1,14.180555555555555
1,5.263888888888889
1,26.974305555555556
1,9.260416666666666
1,23.306944444444444
1,5.009722222222222
1,6.134027777777778
1,5.009027777777778
1,6.216666666666667
1,27.054861111111112
1,14.006944444444445
1,9.172916666666667
1,5.047916666666667
1,5.0465277777777775
1,12.04513888888889
1,5.252777777777778
1,5.043055555555555
1,5.25
1,91.04166666666667
1,19.25486111111111
1,12.206944444444444
1,5.040277777777778
1,9.039583333333333
1,6.997916666666667
1,5.038888888888889
1,8.122222222222222
1,27.04375
1,9.120833333333334
1,6.2027777777777775
1,14.285416666666666
1,6.076388888888889
1,7.075694444444444
1,5.034027777777778
1,6.408333333333333
1,12.325
1,5.033333333333333
1,5.032638888888889
1,5.032638888888889
1,13.031944444444445
1,9.073611111111111
1,5.030555555555556
1,5.029861111111111
1,5.029861111111111
1,5.238194444444445
1,5.029861111111111
1,5.028472222222222
1,5.152777777777778
1,5.027083333333334
1,5.026388888888889
1,14.109027777777778
1,5.0256944444444445
1,6.066666666666666
1,7.066666666666666
1,8.274305555555555
1,5.357638888888889
1,180.27847222222223
1,5.230555555555555
1,15.063194444444445
1,5.021527777777778
1,5.020833333333333
1,9.1875
1,26.19097222222222
1,5.352083333333334
1,160.06041666666667
1,5.350694444444445
1,26.105555555555554
1,5.057638888888889
1,19.895833333333332
1,5.0152777777777775
1,5.264583333333333
1,5.05625
1,140.34791666666666
1,22.101388888888888
1,5.970833333333333
1,37.05972222222222
1,33.30972222222222
1,5.0125
1,6.509722222222222
1,26.222916666666666
1,7.966666666666667
1,9.17361111111111
1,13.964583333333334
1,6.964583333333334
1,9.005555555555556
1,8.254861111111111
1,6.9631944444444445
1,15.004166666666666
1,41.261805555555554
1,5.002777777777778
1,5.044444444444444
1,6.960416666666666
1,7.960416666666666
1,32.96527777777778
1,5.040277777777778
1,7.123611111111111
1,5.20625
1,6.997916666666667
1,6.163888888888889
1,13.161805555555556
1,8.161805555555556
1,5.036111111111111
1,13.952083333333333
1,5.034722222222222
1,6.283333333333333
1,5.031944444444444
1,16.197916666666668
1,5.155555555555556
1,5.029861111111111
1,5.029861111111111
1,5.113194444444445
1,6.029166666666667
1,20.116666666666667
1,5.0256944444444445
1,6.940972222222222
1,5.940277777777778
1,7.020138888888889
1,15.145138888888889
1,7.01875
1,14.26875
1,7.14375
1,5.018055555555556
1,19.272222222222222
1,5.0152777777777775
1,5.013194444444444
1,12.886111111111111
1,48.93263888888889
1,55.97361111111111
1,20.139583333333334
1,6.217361111111111
1,6.132638888888889
1,5.048611111111111
1,13.256944444444445
1,5.0472222222222225
1,5.0465277777777775
1,5.126388888888889
1,14.125694444444445
1,6.915972222222222
1,5.038194444444445
1,5.0375
1,5.03125
1,5.030555555555556
1,16.070138888888888
1,5.026388888888889
1,5.023611111111111
1,5.10625
1,20.8625
1,8.185416666666667
1,35.94027777777778
1,20.0625
1,6.095833333333333
1,14.095138888888888
1,6.843055555555556
1,19.930555555555557
1,5.05
1,36.925694444444446
1,6.79375
1,5.209722222222222
1,5.040972222222222
1,5.040277777777778
1,5.039583333333334
1,5.039583333333334
1,5.20625
1,5.205555555555556
1,12.913194444444445
1,15.161805555555556
1,5.870138888888889
1,6.036111111111111
1,20.080555555555556
1,7.074305555555555
1,26.992361111111112
1,5.902777777777778
1,7.901388888888889
1,7.129861111111111
1,7.191666666666666
1,5.190972222222222
1,6.189583333333333
1,5.063888888888889
1,7.563888888888889
1,7.063888888888889
1,5.020833333333333
1,21.113888888888887
1,5.0569444444444445
1,6.098611111111111
1,14.930555555555555
1,6.221527777777778
1,21.808333333333334
1,5.135416666666667
1,5.176388888888889
1,6.051388888888889
1,12.841666666666667
1,15.13263888888889
1,5.045138888888889
1,11.836805555555555
1,5.16875
1,5.127083333333333
1,5.041666666666667
1,14.791666666666666
1,7.039583333333334
1,6.745833333333334
1,5.0375
1,5.0368055555555555
1,6.784722222222222
1,16.117361111111112
1,6.991666666666666
1,7.90625
1,5.03125
1,55.86875
1,5.028472222222222
1,7.111111111111111
1,5.151388888888889
1,7.0256944444444445
1,6.025
1,22.113888888888887
1,5.024305555555555
1,123.85833333333333
1,6.023611111111111
1,5.022916666666666
1,5.022916666666666
1,7.063194444444444
1,25.85972222222222
1,6.727083333333334
1,5.017361111111111
1,5.1409722222222225
1,5.014583333333333
1,5.014583333333333
1,5.014583333333333
1,5.013194444444444
1,5.0125
1,8.011805555555556
1,5.011805555555555
1,5.011111111111111
1,5.746527777777778
1,43.84861111111111
1,5.798611111111111
1,5.75625
1,12.922916666666667
1,11.879861111111111
1,5.0465277777777775
1,5.045138888888889
1,11.836805555555555
1,5.086111111111111
1,5.04375
1,7.875694444444444
1,5.790972222222222
1,5.040972222222222
1,6.124305555555556
1,55.83680555555556
1,5.038888888888889
1,6.705555555555556
1,5.0368055555555555
1,5.0368055555555555
1,11.786805555555556
1,5.0368055555555555
1,5.0368055555555555
1,6.783333333333333
1,5.864583333333333
1,12.947916666666666
1,12.989583333333334
1,5.030555555555556
1,5.321527777777778
1,5.1125
1,5.070138888888889
1,11.776388888888889
1,5.0680555555555555
1,5.0256944444444445
1,21.863888888888887
1,5.065972222222222
1,21.863194444444446
1,6.104166666666667
1,5.020138888888889
1,8.977777777777778
1,49.77430555555556
1,16.013194444444444
1,5.011805555555555
1,5.009722222222222
1,7.756944444444445
1,8.005555555555556
1,7.004861111111111
1,5.045833333333333
1,23.050694444444446
1,82.0875
1,6.752083333333333
1,5.041666666666667
1,13.915277777777778
1,5.747916666666667
1,5.0375
1,43.75
1,5.11875
1,5.035416666666666
1,5.034722222222222
1,6.783333333333333
1,5.032638888888889
1,5.782638888888889
1,5.030555555555556
1,5.029861111111111
1,6.986805555555556
1,11.693055555555556
1,5.026388888888889
1,5.025
1,5.940277777777778
1,13.897222222222222
1,5.022222222222222
1,55.06944444444444
1,6.895138888888889
1,5.018055555555556
1,5.975694444444445
1,5.016666666666667
1,11.85
1,5.7659722222222225
1,5.013888888888889
1,5.013888888888889
1,5.054166666666666
1,5.136111111111111
1,252.75972222222222
1,5.008333333333334
1,12.922916666666667
1,5.672916666666667
1,5.0472222222222225
1,5.045138888888889
1,5.04375
1,21.881944444444443
1,11.83125
1,5.0368055555555555
1,5.0368055555555555
1,5.661111111111111
1,5.036111111111111
1,6.741666666666666
1,19.790277777777778
1,6.739583333333333
1,130.6951388888889
1,6.986111111111111
1,22.990972222222222
1,142.88611111111112
1,5.0152777777777775
1,5.051388888888889
1,5.675694444444445
1,5.674305555555556
1,5.049305555555556
1,5.045833333333333
1,5.044444444444444
1,13.372222222222222
1,5.036111111111111
1,9.11736111111111
1,5.033333333333333
1,8.658333333333333
1,8.782638888888888
1,11.90625
1,6.94375
1,5.022222222222222
1,6.933333333333334
1,55.66458333333333
1,6.885416666666667
1,6.550694444444445
1,5.04375
1,12.870138888888889
1,27.663194444444443
1,5.027083333333334
1,26.606944444444444
1,5.002083333333333
1,12.917361111111111
1,11.622916666666667
1,8.577777777777778
1,14.45138888888889
1,5.029166666666667
1,5.018055555555556
1,5.055555555555555
1,5.596527777777778
1,5.040277777777778
1,5.024305555555555
1,14.354861111111111
1,5.642361111111111
1,8.407638888888888
1,5.011805555555555
1,5.4215277777777775
1,6.519444444444445
1,5.0125
1,15.582638888888889
1,5.038888888888889
1,5.017361111111111
1,5.020138888888889
1,13.115277777777777
1,7.445138888888889
1,5.019444444444445
1,5.016666666666667
1,5.011805555555555
1,5.010416666666667
1,8.133333333333333
1,5.045138888888889
1,5.04375
1,12.486805555555556
1,5.063194444444444
1,5.011805555555555
1,22.39027777777778
1,5.04375
1,5.039583333333334
1,6.371527777777778
1,5.0368055555555555
1,5.0368055555555555
1,5.032638888888889
1,5.071527777777778
1,5.069444444444445
1,6.152777777777778
1,13.984722222222222
1,12.234027777777778
1,5.024305555555555
1,5.148611111111111
1,7.105555555555555
1,61.06805555555555
1,5.018055555555556
1,5.017361111111111
1,5.0159722222222225
1,6.0159722222222225
1,11.136805555555556
1,22.058333333333334
1,13.052777777777777
1,5.050694444444445
1,5.089583333333334
1,5.2131944444444445
1,5.0465277777777775
1,8.128472222222221
1,5.128472222222222
1,5.045138888888889
1,5.04375
1,5.043055555555555
1,15.292361111111111
1,12.08125
1,5.2034722222222225
1,5.452083333333333
1,11.077083333333333
1,11.07638888888889
1,5.115972222222222
1,5.032638888888889
1,5.032638888888889
1,5.280555555555556
1,5.030555555555556
1,5.196527777777778
1,5.029861111111111
1,15.32013888888889
1,5.027777777777778
1,5.3180555555555555
1,5.025
1,5.357638888888889
1,5.315277777777778
1,8.1875
1,5.019444444444445
1,5.01875
1,5.018055555555556
1,7.059722222222222
1,5.016666666666667
1,5.058333333333334
1,5.0159722222222225
1,5.0159722222222225
1,21.229166666666668
1,5.014583333333333
1,5.014583333333333
1,56.31041666666667
1,5.013194444444444
1,5.054861111111111
1,5.0125
1,5.054166666666666
1,5.052083333333333
1,7.052083333333333
1,5.009722222222222
1,5.05
1,6.05
1,8.049305555555556
1,14.047916666666667
1,13.088888888888889
1,5.0465277777777775
1,26.052083333333332
1,5.003472222222222
1,14.169444444444444
1,12.043055555555556
1,5.042361111111111
1,20.259722222222223
1,7.041666666666667
1,11.207638888888889
1,5.040277777777778
1,55.045833333333334
1,55.045138888888886
1,5.038888888888889
1,7.079861111111111
1,20.959722222222222
1,5.0777777777777775
1,7.452083333333333
1,5.118055555555555
1,160.24166666666667
1,5.031944444444444
1,5.031944444444444
1,5.281944444444444
1,5.03125
1,6.405555555555556
1,5.947222222222222
1,5.072222222222222
1,5.028472222222222
1,6.1097222222222225
1,18.238888888888887
1,6.065972222222222
1,5.147222222222222
1,5.022222222222222
1,5.01875
1,5.268055555555556
1,7.934027777777778
1,5.017361111111111
1,5.059027777777778
1,5.016666666666667
1,8.096527777777778
1,13.010416666666666
1,8.218055555555555
1,7.175
1,5.05
1,6.172916666666667
1,5.214583333333334
1,5.0472222222222225
1,5.0881944444444445
1,5.0465277777777775
1,5.0881944444444445
1,5.04375
1,5.252083333333333
1,5.04375
1,91.16805555555555
1,7.209027777777778
1,5.041666666666667
1,5.041666666666667
1,221.29652777777778
1,5.040277777777778
1,5.206944444444445
1,8.248611111111112
1,5.040277777777778
1,5.205555555555556
1,55.00208333333333
1,11.079166666666667
1,10.995138888888889
1,5.3277777777777775
1,12.161111111111111
1,6.951388888888889
1,12.909027777777778
1,5.991666666666666
1,6.240972222222222
1,13.156944444444445
1,31.99375
1,5.154861111111111
1,5.154861111111111
1,5.026388888888889
1,31.947916666666668
1,18.239583333333332
1,5.025
1,5.024305555555555
1,5.274305555555555
1,5.023611111111111
1,5.105555555555555
1,14.019444444444444
1,5.01875
1,8.100694444444445
1,5.016666666666667
1,0.009722222222222222
1,2.9611111111111112
1,11.222916666666666
1,11.05625
1,5.014583333333333
1,5.221527777777778
1,5.051388888888889
1,5.256944444444445
1,0.004166666666666667
1,8.2125
1,36.13472222222222
1,14.086805555555555
1,11.252777777777778
1,7.91875
1,8.209722222222222
1,5.040972222222222
1,5.040972222222222
1,7.206944444444445
1,5.038888888888889
1,6.122222222222222
1,5.120833333333334
1,5.031944444444444
1,5.114583333333333
1,5.19375
1,5.066666666666666
1,8.064583333333333
1,5.022222222222222
1,5.019444444444445
1,5.102083333333334
1,5.05625
1,5.006944444444445
1,12.961805555555555
1,36.209722222222226
1,11.120138888888889
1,24.87361111111111
1,5.031944444444444
1,24.911805555555556
1,5.8625
1,10.900694444444444
1,11.10763888888889
1,5.022916666666666
1,5.021527777777778
1,11.354861111111111
1,5.020833333333333
1,8.020138888888889
1,5.061111111111111
1,7.019444444444445
1,5.01875
1,5.183333333333334
1,7.975
1,7.804861111111111
1,5.303472222222222
1,11.886805555555556
1,8.136111111111111
1,12.177083333333334
1,5.009722222222222
1,6.131944444444445
1,5.00625
1,5.0472222222222225
1,8.127777777777778
1,5.04375
1,31.92361111111111
1,11.959722222222222
1,10.875
1,6.164583333333334
1,5.955555555555556
1,5.120138888888889
1,31.958333333333332
1,5.034027777777778
1,5.034027777777778
1,8.116666666666667
1,6.116666666666666
1,21.11875
1,11.069444444444445
1,24.781944444444445
1,5.151388888888889
1,7.857638888888889
1,13.02361111111111
1,10.772916666666667
1,5.022222222222222
1,5.022222222222222
1,5.020833333333333
1,5.020833333333333
1,5.019444444444445
1,22.025
1,10.76736111111111
1,12.099305555555556
1,5.0159722222222225
1,6.847222222222222
1,5.013888888888889
1,10.8875
1,5.052777777777778
1,10.842361111111112
1,5.007638888888889
1,5.049305555555556
1,5.0055555555555555
1,88.0875
1,5.045138888888889
1,7.877777777777778
1,5.04375
1,5.043055555555555
1,18.130555555555556
1,6.333333333333333
1,5.041666666666667
1,13.998611111111112
1,5.039583333333334
1,21.961805555555557
1,10.827777777777778
1,7.8694444444444445
1,10.784722222222221
1,5.988194444444445
1,39.826388888888886
1,10.819444444444445
1,13.771527777777777
1,5.020138888888889
1,5.01875
1,5.976388888888889
1,7.059027777777778
1,5.017361111111111
1,11.014583333333333
1,5.05625
1,5.013194444444444
1,5.968055555555556
1,5.050694444444445
1,5.7972222222222225
1,5.0881944444444445
1,54.800694444444446
1,10.875
1,5.040972222222222
1,33.0875
1,18.04513888888889
1,5.038888888888889
1,13.95486111111111
1,5.077083333333333
1,14.034027777777778
1,12.784027777777778
1,10.990972222222222
1,10.990972222222222
1,18.994444444444444
1,5.029861111111111
1,28.742361111111112
1,5.692361111111111
1,11.984027777777778
1,5.772916666666666
1,42.985416666666666
1,19.988194444444446
1,13.890277777777778
1,5.054166666666666
1,12.802777777777777
1,5.051388888888889
1,32.014583333333334
1,5.674305555555556
1,6.672916666666667
1,5.044444444444444
1,7.877083333333333
1,26.84027777777778
1,26.84027777777778
1,12.75
1,105.87361111111112
1,17.99861111111111
1,5.743055555555555
1,20.914583333333333
1,12.905555555555555
1,11.988194444444444
1,5.027083333333334
1,5.027083333333334
1,5.027083333333334
1,5.026388888888889
1,5.023611111111111
1,5.022916666666666
1,5.022916666666666
1,20.65277777777778
1,10.688194444444445
1,5.020833333333333
1,10.8125
1,5.020138888888889
1,5.019444444444445
1,5.016666666666667
1,5.047916666666667
1,10.964583333333334
1,5.2131944444444445
1,76.88263888888889
1,11.833333333333334
1,5.031944444444444
1,5.025
1,5.022222222222222
1,5.0152777777777775
1,5.014583333333333
1,7.673611111111111
1,12.770833333333334
1,5.039583333333334
1,5.225694444444445
1,5.021527777777778
1,5.011805555555555
1,5.3381944444444445
1,7.527083333333334
1,5.065972222222222
1,5.018055555555556
1,5.0472222222222225
1,5.023611111111111
1,5.043055555555555
1,12.421527777777778
1,5.58125
1,5.0368055555555555
1,5.115972222222222
1,5.029861111111111
1,5.0256944444444445
1,5.025
1,5.0465277777777775
1,5.0465277777777775
1,2.1506944444444445
1,6.1618055555555555
1,5.035416666666666
1,5.033333333333333
1,5.028472222222222
1,11.229166666666666
1,5.219444444444444
1,5.052777777777778
1,5.051388888888889
1,5.049305555555556
1,14.424305555555556
1,18.429166666666667
1,5.006944444444445
1,5.00625
1,5.042361111111111
1,5.040972222222222
1,11.206944444444444
1,5.038888888888889
1,11.205555555555556
1,5.038888888888889
1,6.370138888888889
1,5.2868055555555555
1,10.327777777777778
1,5.285416666666666
1,5.034027777777778
1,6.283333333333333
1,7.115277777777778
1,6.031944444444444
1,5.44375
1,24.199305555555554
1,5.0256944444444445
1,6.0256944444444445
1,12.274305555555555
1,6.190277777777778
1,5.065277777777778
1,5.190277777777778
1,5.021527777777778
1,5.063194444444444
1,11.104166666666666
1,5.395138888888889
1,10.268055555555556
1,5.059722222222222
1,5.308333333333334
1,6.058333333333334
1,6.2659722222222225
1,5.3902777777777775
1,7.263888888888889
1,54.10138888888889
1,54.09930555555555
1,11.177083333333334
1,17.26527777777778
1,5.009027777777778
1,5.090972222222222
1,10.29861111111111
1,5.045833333333333
1,12.127777777777778
1,5.044444444444444
1,5.044444444444444
1,5.376388888888889
1,5.043055555555555
1,5.043055555555555
1,10.042361111111111
1,5.040277777777778
1,110.12361111111112
1,12.039583333333333
1,5.038888888888889
1,6.245138888888889
1,5.035416666666666
1,5.035416666666666
1,5.033333333333333
1,74.33055555555555
1,5.240972222222222
1,5.031944444444444
1,18.07777777777778
1,5.322222222222222
1,220.28125
1,5.113888888888889
1,5.113194444444445
1,5.236805555555556
1,6.236111111111111
1,38.074305555555554
1,5.06875
1,5.31875
1,5.027083333333334
1,18.074305555555554
1,19.115277777777777
1,11.150694444444444
1,5.022916666666666
1,5.022222222222222
1,5.021527777777778
1,5.019444444444445
1,10.227777777777778
1,11.185416666666667
1,12.185416666666667
1,10.059722222222222
1,12.225694444444445
1,5.266666666666667
1,5.097916666666666
1,5.054861111111111
1,6.304166666666666
1,12.136111111111111
1,5.010416666666667
1,21.181944444444444
1,24.139583333333334
1,5.007638888888889
1,5.0472222222222225
1,5.086805555555555
1,7.461805555555555
1,12.71111111111111
1,5.209722222222222
1,10.292361111111111
1,5.082638888888889
1,5.332638888888889
1,6.249305555555556
1,6.165277777777778
1,5.039583333333334
1,5.038888888888889
1,5.995833333333334
1,5.0375
1,5.0368055555555555
1,203.03541666666666
1,7.159722222222222
1,5.034027777777778
1,12.159027777777778
1,5.116666666666666
1,94.24166666666666
1,5.031944444444444
1,259.28194444444443
1,5.030555555555556
1,11.071527777777778
1,5.195833333333334
1,10.07013888888889
1,5.235416666666667
1,5.025
1,5.025
1,5.023611111111111
1,5.022916666666666
1,5.271527777777778
1,6.270833333333333
1,6.269444444444445
1,54.025
1,5.058333333333334
1,5.183333333333334
1,5.2243055555555555
1,5.0993055555555555
1,5.0152777777777775
1,14.222222222222221
1,5.180555555555555
1,5.179166666666666
1,5.0125
1,31.05902777777778
1,9.970138888888888
1,5.011111111111111
1,5.010416666666667
1,5.009027777777778
1,5.965972222222222
1,5.922916666666667
1,32.09513888888889
1,6.2555555555555555
1,5.0472222222222225
1,13.088194444444444
1,6.295138888888889
1,5.045138888888889
1,6.003472222222222
1,11.08611111111111
1,13.085416666666667
1,5.042361111111111
1,5.042361111111111
1,123.12430555555555
1,5.206944444444445
1,11.996527777777779
1,5.0375
1,5.035416666666666
1,7.327083333333333
1,5.035416666666666
1,5.033333333333333
1,48.91041666666667
1,7.029166666666667
1,5.025
1,5.981944444444444
1,39.239583333333336
1,17.98402777777778
1,6.26875
1,6.975
1,55.979166666666664
1,6.222916666666666
1,5.055555555555555
1,12.971527777777778
1,12.970833333333333
1,13.010416666666666
1,7.051388888888889
1,5.009722222222222
1,11.215277777777779
1,11.088194444444444
1,5.045833333333333
1,5.045138888888889
1,5.170138888888889
1,7.002777777777778
1,19.177777777777777
1,5.16875
1,5.083333333333333
1,5.20625
1,5.90625
1,5.029861111111111
1,5.0680555555555555
1,5.149305555555555
1,5.063194444444444
1,5.01875
1,17.147916666666667
1,33.93402777777778
1,5.009027777777778
1,5.044444444444444
1,6.998611111111111
1,5.039583333333334
1,12.870138888888889
1,5.033333333333333
1,5.073611111111111
1,5.863888888888889
1,5.028472222222222
1,5.901388888888889
1,5.021527777777778
1,5.020833333333333
1,5.01875
1,5.017361111111111
1,11.933333333333334
1,7.016666666666667
1,5.013194444444444
1,12.886111111111111
1,5.884027777777778
1,5.924305555555556
1,5.0465277777777775
1,5.086111111111111
1,12.041666666666666
1,13.875
1,5.038194444444445
1,14.036111111111111
1,17.083333333333332
1,5.077083333333333
1,6.907638888888889
1,10.990972222222222
1,31.788194444444443
1,5.03125
1,5.111805555555556
1,12.86111111111111
1,5.152083333333334
1,5.022916666666666
1,7.103472222222222
1,5.01875
1,10.01875
1,7.0569444444444445
1,5.054861111111111
1,5.0125
1,9.803472222222222
1,5.011111111111111
1,94.0513888888889
1,5.048611111111111
1,5.00625
1,5.0472222222222225
1,18.760416666666668
1,5.004861111111111
1,17.843055555555555
1,5.045138888888889
1,5.044444444444444
1,5.125694444444444
1,5.040972222222222
1,19.045833333333334
1,5.034027777777778
1,5.033333333333333
1,5.032638888888889
1,5.031944444444444
1,5.03125
1,12.822916666666666
1,5.072222222222222
1,5.026388888888889
1,5.191666666666666
1,102.85902777777778
1,12.064583333333333
1,205.8972222222222
1,30.98263888888889
1,5.143055555555556
1,10.058333333333334
1,5.0159722222222225
1,95.09930555555556
1,11.097916666666666
1,17.728472222222223
1,10.05486111111111
1,10.054166666666667
1,7.095138888888889
1,10.053472222222222
1,53.80763888888889
1,5.009722222222222
1,6.757638888888889
1,5.007638888888889
1,5.715277777777778
1,6.086805555555555
1,11.794444444444444
1,9.919444444444444
1,5.710416666666666
1,5.043055555555555
1,17.79861111111111
1,13.959722222222222
1,5.915972222222222
1,10.786805555555556
1,5.825
1,17.788888888888888
1,12.738888888888889
1,6.072222222222222
1,5.029166666666667
1,6.066666666666666
1,12.816666666666666
1,5.940972222222222
1,6.895833333333333
1,5.020833333333333
1,5.019444444444445
1,5.76875
1,122.89444444444445
1,6.725
1,5.013888888888889
1,5.011111111111111
1,5.011111111111111
1,11.718055555555555
1,6.007638888888889
1,5.0472222222222225
1,9.795833333333333
1,5.086805555555555
1,11.878472222222221
1,32.05
1,74.79305555555555
1,5.035416666666666
1,5.034722222222222
1,5.031944444444444
1,9.738888888888889
1,9.944444444444445
1,10.98611111111111
1,5.9840277777777775
1,13.021527777777777
1,6.895833333333333
1,5.645833333333333
1,5.978472222222222
1,11.8
1,5.879166666666666
1,5.04375
1,5.079861111111111
1,10.785416666666666
1,13.618055555555555
1,5.934722222222222
1,6.047916666666667
1,53.62569444444444
1,5.534722222222222
1,5.03125
1,5.031944444444444
1,5.040972222222222
1,5.060416666666667
1,5.675694444444445
1,5.022916666666666
1,1.4270833333333333
1,5.011111111111111
1,5.039583333333334
1,20.622916666666665
1,6.476388888888889
1,5.059027777777778
1,12.427777777777777
1,5.027083333333334
1,5.032638888888889
1,12.449305555555556
1,5.004861111111111
1,5.004861111111111
1,5.002777777777778
1,5.042361111111111
1,6.290972222222222
1,5.0375
1,5.026388888888889
1,6.311805555555556
1,10.186111111111112
1,6.1819444444444445
1,5.053472222222222
1,5.052083333333333
1,9.042361111111111
1,163.3736111111111
1,17.208333333333332
1,9.243055555555555
1,5.033333333333333
1,10.2375
1,5.111805555555556
1,5.111111111111111
1,5.025
1,5.022916666666666
1,5.022916666666666
1,9.022222222222222
1,5.020833333333333
1,1.0923611111111111
1,6.0625
1,5.186805555555556
1,5.01875
1,5.184722222222222
1,5.059027777777778
1,23.147916666666667
1,5.225
1,5.0159722222222225
1,5.0152777777777775
1,5.014583333333333
1,23.061805555555555
1,9.05625
1,5.013888888888889
1,5.095138888888889
1,10.136805555555556
1,10.052083333333334
1,5.218055555555556
1,11.884722222222223
1,20.180555555555557
1,5.049305555555556
1,5.299305555555556
1,5.173611111111111
1,5.006944444444445
1,5.0472222222222225
1,12.254861111111111
1,5.045833333333333
1,5.045138888888889
1,12.169444444444444
1,10.210416666666667
1,5.126388888888889
1,23.006944444444443
1,10.251388888888888
1,243.41666666666666
1,5.207638888888889
1,5.290277777777778
1,5.08125
1,6.163888888888889
1,5.0375
1,5.245833333333334
1,5.0375
1,6.0777777777777775
1,5.077083333333333
1,5.076388888888889
1,5.034722222222222
1,186.1173611111111
1,17.122222222222224
1,5.033333333333333
1,5.032638888888889
1,5.28125
1,5.030555555555556
1,10.318055555555556
1,5.026388888888889
1,5.188888888888889
1,10.229861111111111
1,25.068055555555556
1,5.061805555555556
1,5.019444444444445
1,5.019444444444445
1,10.26875
1,12.352083333333333
1,5.018055555555556
1,5.058333333333334
1,53.0625
1,9.014583333333333
1,5.014583333333333
1,5.053472222222222
1,5.344444444444444
1,5.34375
1,6.218055555555556
1,9.967361111111112
1,53.05625
1,51.09722222222222
1,9.090277777777779
1,5.006944444444445
1,6.047916666666667
1,17.09236111111111
1,5.044444444444444
1,5.127083333333333
1,5.125
1,23.25486111111111
1,5.040972222222222
1,5.040277777777778
1,5.038888888888889
1,9.246527777777779
1,11.0375
1,5.036111111111111
1,5.284722222222222
1,10.199305555555556
1,6.031944444444444
1,20.245833333333334
1,5.155555555555556
1,5.195833333333334
1,5.029166666666667
1,5.195138888888889
1,5.0256944444444445
1,9.022222222222222
1,5.145138888888889
1,5.185416666666667
1,5.057638888888889
1,14.279861111111112
1,5.178472222222222
1,5.052083333333333
1,11.968055555555555
1,10.3
1,6.127777777777778
1,5.173611111111111
1,5.0055555555555555
1,5.2125
1,5.044444444444444
1,9.960416666666667
1,17.256944444444443
1,6.292361111111111
1,5.541666666666667
1,5.083333333333333
1,10.207638888888889
1,12.07638888888889
1,5.033333333333333
1,10.948611111111111
1,5.031944444444444
1,5.029861111111111
1,5.029166666666667
1,5.070138888888889
1,5.024305555555555
1,11.105555555555556
1,6.020833333333333
1,8.895833333333334
1,5.020138888888889
1,5.016666666666667
1,11.183333333333334
1,5.0159722222222225
1,24.895833333333332
1,5.0152777777777775
1,12.263194444444444
1,6.052083333333333
1,5.05
1,8.88263888888889
1,6.047916666666667
1,5.0055555555555555
1,5.04375
1,5.04375
1,3.865972222222222
1,5.168055555555555
1,5.042361111111111
1,6.209027777777778
1,17.04652777777778
1,5.077083333333333
1,45.99930555555556
1,8.909722222222221
1,5.992361111111111
1,20.080555555555556
1,13.032638888888888
1,6.0680555555555555
1,5.149305555555555
1,5.020138888888889
1,5.010416666666667
1,5.965972222222222
1,5.882638888888889
1,5.0881944444444445
1,5.1625
1,6.15625
1,5.030555555555556
1,6.113194444444445
1,6.111111111111111
1,38.2
1,249.15277777777777
1,5.026388888888889
1,53.06944444444444
1,5.105555555555555
1,5.020833333333333
1,8.979166666666666
1,6.102777777777778
1,16.94097222222222
1,5.013888888888889
1,6.138194444444444
1,9.1375
1,9.134722222222223
1,5.800694444444445
1,5.050694444444445
1,76.09166666666667
1,9.131944444444445
1,5.170833333333333
1,38.00972222222222
1,5.045833333333333
1,5.045138888888889
1,6.084027777777778
1,5.039583333333334
1,31.044444444444444
1,12.91388888888889
1,5.032638888888889
1,5.115972222222222
1,5.032638888888889
1,5.031944444444444
1,5.03125
1,5.030555555555556
1,5.029861111111111
1,9.1125
1,5.028472222222222
1,5.027777777777778
1,5.022916666666666
1,16.945138888888888
1,6.104166666666667
1,9.102777777777778
1,5.019444444444445
1,6.14375
1,8.893055555555556
1,6.059027777777778
1,5.0159722222222225
1,5.8069444444444445
1,32.85208333333333
1,5.095138888888889
1,5.052777777777778
1,5.800694444444445
1,5.800694444444445
1,8.878472222222221
1,8.835416666666667
1,5.041666666666667
1,101.875
1,9.03888888888889
1,5.829861111111111
1,5.038194444444445
1,5.0375
1,5.870138888888889
1,30.041666666666668
1,5.160416666666666
1,11.86736111111111
1,8.825694444444444
1,5.075
1,5.033333333333333
1,8.990972222222222
1,5.031944444444444
1,5.030555555555556
1,6.029166666666667
1,5.070138888888889
1,17.835416666666667
1,15.786111111111111
1,5.027083333333334
1,5.732638888888889
1,5.064583333333333
1,5.022916666666666
1,5.0625
1,5.104166666666667
1,18.77638888888889
1,5.018055555555556
1,5.017361111111111
1,199.06458333333333
1,30.939583333333335
1,5.059027777777778
1,11.933333333333334
1,9.80625
1,5.013194444444444
1,32.10208333333333
1,8.845833333333333
1,11.927777777777777
1,5.009027777777778
1,5.841666666666667
1,16.761805555555554
1,5.0472222222222225
1,11.420833333333333
1,5.045138888888889
1,5.711111111111111
1,9.79375
1,5.043055555555555
1,9.041666666666666
1,6.0375
1,5.034027777777778
1,9.033333333333333
1,10.032638888888888
1,5.822916666666667
1,16.82638888888889
1,5.736111111111111
1,9.943055555555556
1,6.022222222222222
1,52.77430555555556
1,5.0159722222222225
1,29.644444444444446
1,10.013194444444444
1,5.011111111111111
1,8.300694444444444
1,29.63888888888889
1,8.799305555555556
1,16.76527777777778
1,5.047916666666667
1,30.886805555555554
1,5.044444444444444
1,16.799305555555556
1,5.084722222222222
1,5.793055555555555
1,8.831944444444444
1,5.039583333333334
1,12.705555555555556
1,5.0375
1,11.827083333333333
1,5.032638888888889
1,81.78055555555555
1,5.029166666666667
1,5.069444444444445
1,5.065277777777778
1,5.020833333333333
1,5.679861111111111
1,9.965277777777779
1,5.041666666666667
1,11.784027777777778
1,5.1097222222222225
1,5.0680555555555555
1,5.022222222222222
1,11.811111111111112
1,10.765972222222222
1,23.851388888888888
1,5.040972222222222
1,8.663194444444445
1,10.613194444444444
1,10.611805555555556
1,5.017361111111111
1,5.017361111111111
1,5.0465277777777775
1,15.881944444444445
1,5.035416666666666
1,8.783333333333333
1,19.82638888888889
1,5.643055555555556
1,5.013888888888889
1,5.636805555555555
1,5.010416666666667
1,8.768055555555556
1,5.009722222222222
1,5.0625
1,5.008333333333334
1,8.545833333333333
1,5.081944444444445
1,5.030555555555556
1,9.152777777777779
1,5.021527777777778
1,5.061805555555556
1,5.057638888888889
1,5.093055555555556
1,5.05
1,5.044444444444444
1,5.033333333333333
1,5.032638888888889
1,5.027777777777778
1,16.610416666666666
1,5.3694444444444445
1,5.282638888888889
1,5.028472222222222
1,5.543055555555555
1,5.159027777777778
1,5.075
1,5.01875
1,9.427777777777777
1,5.010416666666667
1,5.16875
1,5.001388888888889
1,5.042361111111111
1,5.040277777777778
1,5.039583333333334
1,5.038194444444445
1,5.031944444444444
1,0.14097222222222222
1,12.109027777777778
1,5.025
1,0.13541666666666666
1,11.146527777777777
1,15.402083333333334
1,22.108333333333334
1,9.180555555555555
1,5.1375
1,5.011111111111111
1,8.38263888888889
1,5.254861111111111
1,5.040972222222222
1,5.039583333333334
1,5.038194444444445
1,5.036111111111111
1,5.034722222222222
1,5.033333333333333
1,5.032638888888889
1,12.239583333333334
1,5.030555555555556
1,8.1125
1,11.109722222222222
1,5.276388888888889
1,5.023611111111111
1,19.361805555555556
1,5.022916666666666
1,8.313888888888888
1,5.063888888888889
1,8.269444444444444
1,5.01875
1,5.058333333333334
1,5.0159722222222225
1,5.0159722222222225
1,5.2652777777777775
1,8.346527777777778
1,93.13888888888889
1,5.054861111111111
1,10.346527777777778
1,5.0125
1,5.053472222222222
1,5.053472222222222
1,5.011805555555555
1,5.261111111111111
1,5.010416666666667
1,5.176388888888889
1,5.131944444444445
1,5.006944444444445
1,12.089583333333334
1,5.0055555555555555
1,5.254861111111111
1,11.213194444444444
1,5.045138888888889
1,5.128472222222222
1,5.210416666666666
1,9.29375
1,5.251388888888889
1,5.040277777777778
1,5.040277777777778
1,5.039583333333334
1,5.039583333333334
1,92.00347222222223
1,10.997222222222222
1,5.038888888888889
1,5.247222222222222
1,23.086111111111112
1,5.0375
1,5.036111111111111
1,5.2444444444444445
1,10.169444444444444
1,9.24375
1,5.034722222222222
1,117.32708333333333
1,10.159027777777778
1,12.075694444444444
1,12.325
1,9.115972222222222
1,5.031944444444444
1,5.031944444444444
1,218.36527777777778
1,5.030555555555556
1,10.322222222222223
1,8.071527777777778
1,5.028472222222222
1,5.027083333333334
1,5.06875
1,5.025
1,5.024305555555555
1,10.98263888888889
1,5.10625
1,8.313888888888888
1,9.063194444444445
1,9.145138888888889
1,8.186805555555555
1,15.275
1,5.019444444444445
1,8.269444444444444
1,5.01875
1,5.016666666666667
1,5.0159722222222225
1,52.06041666666667
1,5.095833333333333
1,5.175
1,24.013194444444444
1,5.299305555555556
1,11.090972222222222
1,9.090277777777779
1,5.088888888888889
1,5.0472222222222225
1,5.004166666666666
1,5.045833333333333
1,8.254166666666666
1,5.045138888888889
1,5.044444444444444
1,5.04375
1,8.043055555555556
1,5.167361111111111
1,8.082638888888889
1,5.081944444444445
1,11.081944444444444
1,5.08125
1,8.122916666666667
1,5.247916666666667
1,5.038888888888889
1,5.0375
1,31.250694444444445
1,8.036805555555556
1,8.202777777777778
1,93.07847222222222
1,80.99444444444444
1,5.118055555555555
1,5.033333333333333
1,5.074305555555555
1,5.074305555555555
1,5.031944444444444
1,9.198611111111111
1,5.030555555555556
1,5.030555555555556
1,5.071527777777778
1,5.029861111111111
1,8.029166666666667
1,5.069444444444445
1,5.027083333333334
1,7.9430555555555555
1,5.023611111111111
1,5.022916666666666
1,8.063194444444445
1,9.229861111111111
1,8.270833333333334
1,52.02569444444445
1,5.019444444444445
1,5.01875
1,8.10138888888889
1,5.017361111111111
1,5.2659722222222225
1,8.265277777777778
1,50.269444444444446
1,11.05486111111111
1,9.304166666666667
1,5.053472222222222
1,5.011111111111111
1,5.052777777777778
1,5.05
1,8.00763888888889
1,11.049305555555556
1,5.048611111111111
1,5.38125
1,5.0465277777777775
1,9.2125
1,5.086111111111111
1,15.13263888888889
1,8.165972222222223
1,5.040277777777778
1,19.004166666666666
1,12.246527777777779
1,5.113888888888889
1,5.035416666666666
1,5.034722222222222
1,5.033333333333333
1,16.955555555555556
1,5.032638888888889
1,5.029166666666667
1,8.236805555555556
1,5.027083333333334
1,8.901388888888889
1,8.901388888888889
1,8.025694444444444
1,5.025
1,15.947222222222223
1,9.23263888888889
1,11.024305555555555
1,5.188888888888889
1,5.020833333333333
1,5.0993055555555555
1,10.223611111111111
1,136.93194444444444
1,8.21875
1,8.885416666666666
1,8.050694444444444
1,8.050694444444444
1,8.00763888888889
1,5.128472222222222
1,5.210416666666666
1,16.049305555555556
1,5.043055555555555
1,5.039583333333334
1,5.073611111111111
1,5.5777777777777775
1,13.416666666666666
1,51.953472222222224
1,8.613888888888889
1,9.193055555555556
1,16.947222222222223
1,5.024305555555555
1,7.563194444444444
1,7.938194444444444
1,5.018055555555556
1,22.05625
1,204.0076388888889
1,5.0465277777777775
1,10.168055555555556
1,5.0368055555555555
1,5.036111111111111
1,9.910416666666666
1,10.824305555555556
1,9.156944444444445
1,9.941666666666666
1,5.064583333333333
1,8.939583333333333
1,15.86111111111111
1,5.020138888888889
1,10.14236111111111
1,8.058333333333334
1,12.014583333333333
1,9.180555555555555
1,5.0125
1,5.011111111111111
1,10.13263888888889
1,10.00763888888889
1,10.090277777777779
1,11.922916666666667
1,5.045833333333333
1,9.086805555555555
1,5.04375
1,8.168055555555556
1,5.040972222222222
1,5.040972222222222
1,5.123611111111111
1,5.040277777777778
1,10.0375
1,7.9125
1,10.952083333333333
1,29.790277777777778
1,5.034027777777778
1,30.84375
1,5.033333333333333
1,29.788194444444443
1,9.073611111111111
1,32.12013888888889
1,5.030555555555556
1,30.869444444444444
1,10.863194444444444
1,14.909722222222221
1,23.868055555555557
1,5.154166666666667
1,29.783333333333335
1,100.90347222222222
1,5.027083333333334
1,5.06875
1,10.859027777777778
1,5.0256944444444445
1,9.859027777777778
1,5.106944444444444
1,7.897222222222222
1,219.14791666666667
1,5.480555555555555
1,50.81805555555555
1,2.84375
1,5.020138888888889
1,5.019444444444445
1,88.14375
1,11.309027777777779
1,10.85
1,5.016666666666667
1,5.0159722222222225
1,5.057638888888889
1,218.09930555555556
1,5.013888888888889
1,5.013194444444444
1,5.011805555555555
1,5.052777777777778
1,5.010416666666667
1,5.010416666666667
1,10.009722222222223
1,5.009027777777778
1,5.091666666666667
1,5.007638888888889
1,8.79861111111111
1,5.0465277777777775
1,15.800694444444444
1,5.045138888888889
1,9.127083333333333
1,5.085416666666666
1,31.08888888888889
1,15.127777777777778
1,5.038194444444445
1,7.871527777777778
1,10.07986111111111
1,5.0368055555555555
1,5.1194444444444445
1,21.958333333333332
1,5.035416666666666
1,8.077083333333333
1,16.87361111111111
1,5.034722222222222
1,7.989583333333333
1,7.988194444444445
1,10.029861111111112
1,7.863194444444445
1,5.1125
1,9.902083333333334
1,5.026388888888889
1,9.775694444444444
1,10.149305555555555
1,5.106944444444444
1,12.022916666666667
1,5.063888888888889
1,7.809722222222222
1,36.981944444444444
1,15.855555555555556
1,5.0159722222222225
1,31.100694444444443
1,5.052777777777778
1,5.008333333333334
1,5.008333333333334
1,9.754166666666666
1,10.879166666666666
1,5.044444444444444
1,5.044444444444444
1,5.04375
1,5.042361111111111
1,15.880555555555556
1,7.832638888888889
1,5.039583333333334
1,10.997222222222222
1,22.000694444444445
1,7.7444444444444445
1,5.077083333333333
1,5.033333333333333
1,5.406944444444444
1,10.06875
1,9.027083333333334
1,5.398611111111111
1,5.022916666666666
1,30.747916666666665
1,5.020138888888889
1,9.14236111111111
1,16.06388888888889
1,9.974305555555556
1,9.057638888888889
1,14.688194444444445
1,5.055555555555555
1,14.977777777777778
1,10.721527777777778
1,46.68472222222222
1,5.053472222222222
1,5.052777777777778
1,7.760416666666667
1,5.007638888888889
1,9.88263888888889
1,5.049305555555556
1,5.00625
1,5.0465277777777775
1,14.341666666666667
1,8.001388888888888
1,7.666666666666667
1,7.748611111111111
1,7.747916666666667
1,5.039583333333334
1,5.0368055555555555
1,5.077083333333333
1,5.035416666666666
1,8.988194444444444
1,5.028472222222222
1,5.027777777777778
1,9.944444444444445
1,5.0256944444444445
1,5.063888888888889
1,5.020138888888889
1,5.017361111111111
1,7.802083333333333
1,5.007638888888889
1,7.757638888888889
1,5.048611111111111
1,10.627777777777778
1,5.075694444444444
1,5.032638888888889
1,7.906944444444444
1,8.652777777777779
1,8.60138888888889
1,5.059027777777778
1,11.965972222222222
1,5.04375
1,11.835416666666667
1,10.747222222222222
1,263.7895833333333
1,5.0256944444444445
1,5.017361111111111
1,5.017361111111111
1,37.59444444444444
1,8.61736111111111
1,7.50625
1,5.063888888888889
1,5.0152777777777775
1,15.603472222222223
1,21.62986111111111
1,8.789583333333333
1,18.708333333333332
1,5.0256944444444445
1,5.006944444444445
1,5.123611111111111
1,5.050694444444445
1,7.4125
1,7.690277777777778
1,5.013194444444444
1,5.076388888888889
1,5.0256944444444445
1,5.0375
1,10.276388888888889
1,5.055555555555555
1,7.124305555555556
1,5.0375
1,5.035416666666666
1,5.0465277777777775
1,5.031944444444444
1,5.029166666666667
1,5.06875
1,5.027083333333334
1,5.067361111111111
1,4.215972222222222
1,5.009027777777778
1,5.132638888888889
1,5.038888888888889
1,5.032638888888889
1,5.027777777777778
1,5.022916666666666
1,5.018055555555556
1,5.017361111111111
1,5.0159722222222225
1,9.222222222222221
1,5.013888888888889
1,5.052777777777778
1,5.011111111111111
1,5.852083333333334
1,7.990972222222222
1,5.029166666666667
1,6.920138888888889
1,6.883333333333334
1,5.044444444444444
1,7.993055555555555
1,5.018055555555556
1,5.011111111111111
1,10.71111111111111
1,5.051388888888889
1,8.883333333333333
1,11.795833333333333
1,5.0777777777777775
1,7.942361111111111
1,6.673611111111111
1,9.714583333333334
1,5.034722222222222
1,6.7868055555555555
1,5.138888888888889
1,5.134027777777778
1,5.088888888888889
1,5.034027777777778
1,5.032638888888889
1,5.028472222222222
1,5.01875
1,5.039583333333334
1,13.613888888888889
1,7.414583333333334
1,7.747916666666667
1,5.031944444444444
1,7.310416666666667
1,5.038194444444445
1,5.028472222222222
1,5.008333333333334
1,5.007638888888889
1,5.004861111111111
1,5.003472222222222
1,5.085416666666666
1,5.058333333333334
1,5.054861111111111
1,5.030555555555556
1,3.2291666666666665
1,5.102083333333334
1,5.050694444444445
1,13.01388888888889
1,5.039583333333334
1,5.0375
1,5.036111111111111
1,5.033333333333333
1,5.030555555555556
1,5.026388888888889
1,6.997222222222222
1,9.995833333333334
1,5.052777777777778
1,5.0375
1,5.034027777777778
1,9.225
1,9.542361111111111
1,7.236111111111111
1,5.091666666666667
1,5.052777777777778
1,5.0569444444444445
1,5.761111111111111
1,6.823611111111111
1,6.819444444444445
1,15.989583333333334
1,5.018055555555556
1,7.7131944444444445
1,19.965972222222224
1,14.088888888888889
1,21.82986111111111
1,20.864583333333332
1,7.038194444444445
1,5.676388888888889
1,6.7875
1,5.590277777777778
1,5.064583333333333
1,5.052083333333333
1,8.752083333333333
1,12.421527777777778
1,12.686111111111112
1,6.481944444444444
1,5.057638888888889
1,5.040277777777778
1,5.095138888888889
1,5.090972222222222
1,9.488194444444444
1,7.45625
1,5.038888888888889
1,6.315972222222222
1,5.03125
1,5.029861111111111
1,5.025
1,5.023611111111111
1,5.019444444444445
1,12.385416666666666
1,5.039583333333334
1,5.033333333333333
1,5.197222222222222
1,5.027083333333334
1,5.148611111111111
1,5.017361111111111
1,5.0569444444444445
1,5.139583333333333
1,5.053472222222222
1,5.05
1,2.2527777777777778
1,28.174305555555556
1,5.125
1,2.2444444444444445
1,13.125694444444445
1,5.410416666666666
1,5.409722222222222
1,5.031944444444444
1,5.03125
1,5.030555555555556
1,5.024305555555555
1,5.023611111111111
1,5.022916666666666
1,5.064583333333333
1,5.022222222222222
1,5.022222222222222
1,5.021527777777778
1,5.145833333333333
1,5.01875
1,5.14375
1,6.225694444444445
1,5.017361111111111
1,6.184027777777778
1,6.058333333333334
1,5.0152777777777775
1,5.1402777777777775
1,7.30625
1,5.014583333333333
1,5.013888888888889
1,5.555555555555555
1,6.221527777777778
1,5.1375
1,6.2625
1,5.0125
1,5.011111111111111
1,5.011111111111111
1,7.052083333333333
1,5.052083333333333
1,5.009722222222222
1,5.134027777777778
1,12.139583333333333
1,5.008333333333334
1,5.007638888888889
1,5.007638888888889
1,5.382638888888889
1,6.298611111111111
1,6.297916666666667
1,5.00625
1,5.088888888888889
1,5.088888888888889
1,5.0465277777777775
1,5.004861111111111
1,5.045833333333333
1,5.045833333333333
1,5.254166666666666
1,5.004166666666666
1,5.003472222222222
1,7.836805555555555
1,6.253472222222222
1,5.044444444444444
1,5.335416666666666
1,5.002083333333333
1,5.043055555555555
1,5.334722222222222
1,5.042361111111111
1,5.042361111111111
1,12.505555555555556
1,5.041666666666667
1,5.040972222222222
1,2.2020833333333334
1,6.373611111111111
1,26.045833333333334
1,5.081944444444445
1,49.08611111111111
1,2.2
1,5.036111111111111
1,5.035416666666666
1,7.327083333333333
1,20.040277777777778
1,5.075694444444444
1,6.241666666666666
1,5.031944444444444
1,5.03125
1,5.03125
1,6.114583333333333
1,5.03125
1,9.030555555555555
1,7.113888888888889
1,5.238888888888889
1,7.236805555555556
1,5.361111111111111
1,5.027777777777778
1,5.027083333333334
1,7.276388888888889
1,20.034027777777776
1,2.1875
1,20.072916666666668
1,6.275
1,8.275
1,6.275
1,5.024305555555555
1,6.231944444444444
1,5.023611111111111
1,20.070833333333333
1,20.27777777777778
1,5.313888888888889
1,5.1875
1,6.227083333333334
1,5.016666666666667
1,5.016666666666667
1,6.2243055555555555
1,5.0159722222222225
1,20.0625
1,6.014583333333333
1,5.05625
1,5.013888888888889
1,6.347222222222222
1,5.096527777777778
1,13.14375
1,26.30902777777778
1,7.095138888888889
1,5.052777777777778
1,5.011111111111111
1,6.177083333333333
1,5.008333333333334
1,6.215972222222222
1,5.006944444444445
1,6.13125
1,6.2972222222222225
1,5.0472222222222225
1,6.254861111111111
1,6.2131944444444445
1,5.045138888888889
1,6.127777777777778
1,13.215972222222222
1,5.085416666666666
1,5.04375
1,5.043055555555555
1,5.040972222222222
1,141.16666666666666
1,5.039583333333334
1,5.247222222222222
1,5.079861111111111
1,15.958333333333334
1,11.997916666666667
1,197.11805555555554
1,7.115972222222222
1,5.738194444444445
1,3.8958333333333335
1,5.06875
1,8.943055555555556
1,5.026388888888889
1,9.193055555555556
1,5.983333333333333
1,5.271527777777778
1,5.061111111111111
1,6.495833333333334
1,5.225
1,6.0159722222222225
1,6.182638888888889
1,5.222916666666666
1,13.019444444444444
1,5.305555555555555
1,30.183333333333334
1,30.26597222222222
1,7.261111111111111
1,5.259027777777778
1,5.132638888888889
1,12.094444444444445
1,6.088888888888889
1,20.011111111111113
1,8.213194444444444
1,7.211805555555555
1,16.258333333333333
1,6.210416666666666
1,5.293055555555555
1,7.543055555555555
1,6.125
1,5.040972222222222
1,83.03958333333334
1,19.169444444444444
1,6.288194444444445
1,49.00138888888889
1,6.370138888888889
1,16.208333333333332
1,5.452083333333333
1,5.202083333333333
1,5.034027777777778
1,153.03472222222223
1,19.995833333333334
1,5.448611111111111
1,5.03125
1,197.03194444444443
1,5.238888888888889
1,14.204166666666667
1,5.029861111111111
1,5.029166666666667
1,5.154166666666667
1,6.070138888888889
1,5.0256944444444445
1,5.025
1,5.149305555555555
1,42.90416666666667
1,5.021527777777778
1,6.188194444444444
1,6.229861111111111
1,141.14652777777778
1,7.061805555555556
1,5.058333333333334
1,5.058333333333334
1,12.188194444444445
1,12.020138888888889
1,8.886805555555556
1,5.011111111111111
1,8.008333333333333
1,5.341666666666667
1,5.008333333333334
1,6.215277777777778
1,6.5055555555555555
1,7.1715277777777775
1,5.129861111111111
1,5.045833333333333
1,5.129166666666666
1,6.961805555555555
1,48.96666666666667
1,12.131944444444445
1,6.084027777777778
1,13.172222222222222
1,5.0368055555555555
1,6.9118055555555555
1,5.036111111111111
1,8.95138888888889
1,19.08125
1,14.872222222222222
1,5.030555555555556
1,6.904861111111111
1,6.963888888888889
1,5.110416666666667
1,5.1097222222222225
1,5.026388888888889
1,46.989583333333336
1,5.024305555555555
1,6.189583333333333
1,7.979861111111111
1,14.109722222222222
1,41.19166666666667
1,6.894444444444445
1,8.01875
1,5.0159722222222225
1,5.05625
1,5.014583333333333
1,5.014583333333333
1,7.888194444444444
1,5.013194444444444
1,5.011805555555555
1,6.177777777777778
1,6.886111111111111
1,5.011111111111111
1,6.926388888888889
1,5.009722222222222
1,7.050694444444445
1,5.009027777777778
1,6.925
1,6.174305555555556
1,20.054166666666667
1,5.9215277777777775
1,7.9625
1,5.043055555555555
1,5.075694444444444
1,5.111805555555556
1,6.903472222222222
1,5.985416666666667
1,37.925
1,5.104861111111111
1,5.104166666666667
1,5.018055555555556
1,13.147916666666667
1,12.022916666666667
1,5.18125
1,5.014583333333333
1,5.013888888888889
1,7.970833333333333
1,12.266666666666667
1,19.016666666666666
1,26.016666666666666
1,5.090277777777778
1,19.8875
1,5.0472222222222225
1,5.045833333333333
1,7.794444444444444
1,7.085416666666666
1,8.959722222222222
1,5.792361111111111
1,5.042361111111111
1,6.913888888888889
1,6.1618055555555555
1,5.325
1,8.822916666666666
1,5.03125
1,6.113194444444445
1,5.027083333333334
1,7.860416666666667
1,7.901388888888889
1,5.065972222222222
1,5.815972222222222
1,5.065972222222222
1,43.07083333333333
1,5.565277777777778
1,6.022916666666666
1,5.896527777777778
1,5.604861111111111
1,20.23402777777778
1,5.019444444444445
1,5.01875
1,5.851388888888889
1,6.058333333333334
1,5.057638888888889
1,6.8069444444444445
1,5.847222222222222
1,5.013888888888889
1,5.011805555555555
1,15.850694444444445
1,5.09375
1,159.13541666666666
1,22.889583333333334
1,6.049305555555556
1,5.004861111111111
1,5.129861111111111
1,5.545833333333333
1,5.043055555555555
1,7.875694444444444
1,7.875694444444444
1,5.040277777777778
1,6.122916666666667
1,5.036111111111111
1,5.036111111111111
1,6.1194444444444445
1,5.034722222222222
1,12.915277777777778
1,20.205555555555556
1,5.490277777777778
1,7.073611111111111
1,6.1125
1,12.07638888888889
1,5.027777777777778
1,5.777777777777778
1,5.774305555555555
1,15.029166666666667
1,5.064583333333333
1,9.022222222222222
1,27.790972222222223
1,6.104861111111111
1,20.81597222222222
1,8.809027777777779
1,5.0159722222222225
1,48.02013888888889
1,5.013194444444444
1,5.0125
1,5.011111111111111
1,5.007638888888889
1,5.881944444444445
1,6.714583333333334
1,7.839583333333334
1,8.171527777777778
1,27.96736111111111
1,8.04513888888889
1,5.04375
1,5.876388888888889
1,5.040972222222222
1,5.915277777777778
1,5.0375
1,6.9125
1,12.834722222222222
1,6.034027777777778
1,36.99722222222222
1,5.030555555555556
1,5.029861111111111
1,7.945138888888889
1,5.026388888888889
1,5.026388888888889
1,13.740277777777777
1,5.025
1,5.065277777777778
1,5.064583333333333
1,5.813194444444444
1,5.979166666666667
1,7.811805555555556
1,11.98263888888889
1,5.89375
1,5.476388888888889
1,5.5152777777777775
1,5.013888888888889
1,6.680555555555555
1,5.054861111111111
1,5.054166666666666
1,20.14236111111111
1,5.885416666666667
1,8.049305555555556
1,6.007638888888889
1,6.714583333333334
1,20.136805555555554
1,5.50625
1,5.004861111111111
1,5.879861111111111
1,5.044444444444444
1,5.79375
1,20.13125
1,5.708333333333333
1,5.039583333333334
1,7.7875
1,5.782638888888889
1,214.94583333333333
1,6.73125
1,5.020833333333333
1,5.017361111111111
1,5.016666666666667
1,20.102083333333333
1,63.888888888888886
1,214.925
1,5.006944444444445
1,48.011805555555554
1,8.671527777777778
1,11.675
1,5.043055555555555
1,6.745138888888889
1,7.813888888888889
1,5.013888888888889
1,7.752777777777778
1,5.022222222222222
1,5.05
1,5.018055555555556
1,11.155555555555555
1,11.440972222222221
1,7.309027777777778
1,5.013888888888889
1,5.0125
1,5.341666666666667
1,20.34513888888889
1,5.040972222222222
1,5.038194444444445
1,5.033333333333333
1,5.404166666666667
1,5.013194444444444
1,5.069444444444445
1,5.027083333333334
1,5.486805555555556
1,14.238888888888889
1,5.0375
1,5.009722222222222
1,5.007638888888889
1,5.00625
1,5.045138888888889
1,5.043055555555555
1,5.084027777777778
1,7.167361111111111
1,5.040277777777778
1,5.038888888888889
1,5.038194444444445
1,5.032638888888889
1,6.199305555555555
1,6.319444444444445
1,5.020138888888889
1,5.3069444444444445
1,5.055555555555555
1,5.138194444444444
1,5.3875
1,15.057638888888889
1,11.347222222222221
1,11.177083333333334
1,7.253472222222222
1,5.044444444444444
1,5.042361111111111
1,11.170833333333333
1,5.33125
1,5.036111111111111
1,6.0777777777777775
1,5.035416666666666
1,5.034722222222222
1,5.034027777777778
1,5.409027777777778
1,25.372222222222224
1,13.290972222222223
1,11.1625
1,5.031944444444444
1,5.03125
1,6.113888888888889
1,5.030555555555556
1,5.028472222222222
1,19.488194444444446
1,5.023611111111111
1,5.022916666666666
1,5.021527777777778
1,5.020833333333333
1,5.019444444444445
1,5.227777777777778
1,13.10763888888889
1,5.0159722222222225
1,5.347222222222222
1,7.055555555555555
1,20.101388888888888
1,8.59375
1,5.051388888888889
1,5.009027777777778
1,11.221527777777778
1,5.048611111111111
1,11.1375
1,6.215277777777778
1,11.220138888888888
1,8.589583333333334
1,5.3375
1,20.093055555555555
1,6.045138888888889
1,6.294444444444444
1,5.336111111111111
1,5.043055555555555
1,5.043055555555555
1,5.042361111111111
1,11.296527777777778
1,5.332638888888889
1,5.415972222222222
1,15.338194444444444
1,5.415972222222222
1,5.040277777777778
1,5.039583333333334
1,5.372916666666667
1,6.205555555555556
1,6.038194444444445
1,6.329166666666667
1,7.4125
1,5.161111111111111
1,5.410416666666666
1,214.28472222222223
1,5.074305555555555
1,6.156944444444444
1,6.072916666666667
1,5.322222222222222
1,5.238194444444445
1,20.077083333333334
1,5.3625
1,5.361805555555556
1,5.361111111111111
1,91.23680555555555
1,5.192361111111111
1,5.232638888888889
1,5.35625
1,5.064583333333333
1,5.313888888888889
1,7.1875
1,5.020833333333333
1,14.068055555555556
1,5.103472222222222
1,5.352777777777778
1,18.983333333333334
1,20.066666666666666
1,5.018055555555556
1,5.017361111111111
1,5.225
1,19.188194444444445
1,5.0159722222222225
1,25.3125
1,7.05625
1,5.055555555555555
1,8.002083333333333
1,5.013888888888889
1,5.138194444444444
1,7.013194444444444
1,12.059722222222222
1,5.0125
1,104.09583333333333
1,5.261805555555555
1,5.052083333333333
1,5.009722222222222
1,5.300694444444445
1,5.341666666666667
1,5.215972222222222
1,5.340972222222222
1,12.053472222222222
1,5.297916666666667
1,5.214583333333334
1,5.004166666666666
1,5.379166666666666
1,5.045833333333333
1,5.044444444444444
1,33.21597222222222
1,5.084027777777778
1,5.331944444444445
1,5.040277777777778
1,5.039583333333334
1,5.245833333333334
1,5.3284722222222225
1,48.04236111111111
1,5.034722222222222
1,5.243055555555555
1,5.200694444444444
1,5.325694444444444
1,5.032638888888889
1,8.240277777777777
1,5.198611111111111
1,5.115277777777778
1,5.364583333333333
1,5.027083333333334
1,5.1506944444444445
1,5.025
1,5.941666666666666
1,12.113194444444444
1,5.024305555555555
1,5.274305555555555
1,5.023611111111111
1,6.981944444444444
1,6.271527777777778
1,5.021527777777778
1,5.020833333333333
1,5.019444444444445
1,11.23263888888889
1,5.017361111111111
1,5.183333333333334
1,6.225
1,5.058333333333334
1,5.0159722222222225
1,5.0152777777777775
1,8.014583333333333
1,14.01875
1,8.013194444444444
1,8.302777777777777
1,6.177777777777778
1,5.051388888888889
1,214.05625
1,11.931944444444444
1,5.340277777777778
1,5.9631944444444445
1,29.21736111111111
1,5.336111111111111
1,12.297222222222222
1,5.040972222222222
1,5.039583333333334
1,5.038194444444445
1,5.9527777777777775
1,5.202083333333333
1,5.909722222222222
1,5.03125
1,5.28125
1,5.030555555555556
1,12.077777777777778
1,14.160416666666666
1,112.19722222222222
1,5.029861111111111
1,6.194444444444445
1,91.11597222222223
1,5.022916666666666
1,5.022222222222222
1,19.985416666666666
1,5.063194444444444
1,5.313194444444444
1,14.192361111111111
1,6.102083333333334
1,18.98125
1,5.017361111111111
1,7.891666666666667
1,13.063194444444445
1,5.138888888888889
1,41.35208333333333
1,7.220833333333333
1,6.135416666666667
1,7.049305555555556
1,5.049305555555556
1,5.048611111111111
1,5.089583333333334
1,5.170833333333333
1,7.128472222222222
1,8.08611111111111
1,5.040972222222222
1,5.040277777777778
1,5.285416666666666
1,244.24375
1,5.201388888888889
1,5.033333333333333
1,5.158333333333333
1,17.95347222222222
1,5.940277777777778
1,5.022222222222222
1,5.104861111111111
1,5.060416666666667
1,7.1402777777777775
1,5.011805555555555
1,5.049305555555556
1,5.042361111111111
1,5.040972222222222
1,11.041666666666666
1,5.030555555555556
1,6.195138888888889
1,5.235416666666667
1,5.025
1,6.025
1,5.023611111111111
1,11.98611111111111
1,5.021527777777778
1,26.941666666666666
1,5.01875
1,5.0569444444444445
1,5.223611111111111
1,89.05555555555556
1,19.14236111111111
1,5.052083333333333
1,5.840972222222222
1,8.004861111111111
1,5.045833333333333
1,50.13194444444444
1,5.084722222222222
1,5.042361111111111
1,7.875
1,5.1625
1,5.035416666666666
1,103.90833333333333
1,8.074305555555556
1,5.031944444444444
1,6.861805555555556
1,2.8583333333333334
1,6.069444444444445
1,5.027777777777778
1,11.865972222222222
1,5.066666666666666
1,19.86111111111111
1,53.02708333333333
1,5.020833333333333
1,5.020138888888889
1,24.85902777777778
1,12.064583333333333
1,5.0159722222222225
1,5.7652777777777775
1,7.097222222222222
1,6.097222222222222
1,5.1375
1,6.094444444444444
1,19.80763888888889
1,5.052083333333333
1,5.175694444444445
1,5.756944444444445
1,5.047916666666667
1,25.96736111111111
1,5.045138888888889
1,5.168055555555555
1,0.2881944444444444
1,5.748611111111111
1,5.039583333333334
1,5.164583333333334
1,15.002777777777778
1,5.0368055555555555
1,5.034722222222222
1,5.033333333333333
1,5.15625
1,21.785416666666666
1,14.035416666666666
1,5.029166666666667
1,5.024305555555555
1,6.10625
1,12.028472222222222
1,14.067361111111111
1,8.144444444444444
1,14.727083333333333
1,5.011111111111111
1,10.804166666666667
1,5.047916666666667
1,10.802083333333334
1,10.802083333333334
1,10.802083333333334
1,10.802083333333334
1,10.802083333333334
1,14.051388888888889
1,5.045833333333333
1,6.128472222222222
1,6.958333333333333
1,6.040972222222222
1,11.836805555555555
1,11.836805555555555
1,6.039583333333334
1,15.127777777777778
1,5.991666666666666
1,5.031944444444444
1,5.030555555555556
1,5.029166666666667
1,5.736805555555556
1,5.028472222222222
1,5.069444444444445
1,24.738194444444446
1,6.104166666666667
1,5.020138888888889
1,31.939583333333335
1,5.058333333333334
1,5.016666666666667
1,5.972222222222222
1,17.93611111111111
1,5.055555555555555
1,5.970833333333333
1,189.7625
1,5.927083333333333
1,5.675
1,5.673611111111111
1,5.048611111111111
1,5.6722222222222225
1,11.761111111111111
1,5.670833333333333
1,5.961111111111111
1,5.961111111111111
1,70.87777777777778
1,5.0368055555555555
1,5.033333333333333
1,151.95
1,5.031944444444444
1,5.029166666666667
1,88.77708333333334
1,6.9006944444444445
1,5.025
1,11.9875
1,5.686111111111111
1,10.686805555555555
1,5.013194444444444
1,7.885416666666667
1,5.760416666666667
1,5.045833333333333
1,5.627777777777778
1,5.875
1,5.034027777777778
1,10.92986111111111
1,6.631944444444445
1,5.748611111111111
1,5.565972222222222
1,5.054861111111111
1,5.720138888888889
1,5.017361111111111
1,5.675
1,12.595833333333333
1,18.584722222222222
1,6.483333333333333
1,5.023611111111111
1,5.022916666666666
1,5.010416666666667
1,5.0256944444444445
1,10.627083333333333
1,5.054861111111111
1,5.175
1,5.027777777777778
1,5.016666666666667
1,40.49444444444445
1,23.961111111111112
1,5.036111111111111
1,5.40625
1,6.177777777777778
1,5.024305555555555
1,5.047916666666667
1,5.002777777777778
1,5.002083333333333
1,5.043055555555555
1,5.043055555555555
1,5.041666666666667
1,5.076388888888889
1,5.03125
1,5.030555555555556
1,5.024305555555555
1,6.309027777777778
1,5.017361111111111
1,13.397222222222222
1,5.051388888888889
1,11.347916666666666
1,5.799305555555556
1,11.384722222222223
1,5.084722222222222
1,10.339583333333334
1,14.169444444444444
1,6.1625
1,5.1375
1,6.283333333333333
1,7.115277777777778
1,13.121527777777779
1,5.027777777777778
1,5.0680555555555555
1,5.0680555555555555
1,10.19513888888889
1,5.314583333333333
1,5.022916666666666
1,47.111111111111114
1,6.146527777777778
1,5.020833333333333
1,6.310416666666667
1,5.01875
1,5.016666666666667
1,5.016666666666667
1,6.2659722222222225
1,5.0159722222222225
1,5.013888888888889
1,5.011111111111111
1,6.302083333333333
1,5.052083333333333
1,5.009722222222222
1,5.008333333333334
1,47.09652777777778
1,25.344444444444445
1,19.385416666666668
1,5.045833333333333
1,5.045138888888889
1,10.340277777777779
1,5.167361111111111
1,5.042361111111111
1,5.333333333333333
1,5.041666666666667
1,6.123611111111111
1,5.038888888888889
1,5.163888888888889
1,5.329861111111111
1,17.040972222222223
1,259.11875
1,5.034027777777778
1,5.033333333333333
1,10.0375
1,6.154861111111111
1,6.986805555555556
1,5.027777777777778
1,10.075
1,5.027777777777778
1,5.152777777777778
1,5.026388888888889
1,7.1930555555555555
1,5.026388888888889
1,5.0256944444444445
1,6.025
1,5.022916666666666
1,5.022916666666666
1,5.229861111111111
1,5.063194444444444
1,5.020138888888889
1,5.01875
1,25.022222222222222
1,5.0159722222222225
1,11.0625
1,6.680555555555555
1,5.013888888888889
1,21.019444444444446
1,5.178472222222222
1,40.30902777777778
1,5.011111111111111
1,5.010416666666667
1,5.010416666666667
1,5.008333333333334
1,5.131944444444445
1,5.064583333333333
1,10.427083333333334
1,5.003472222222222
1,5.044444444444444
1,5.044444444444444
1,5.044444444444444
1,5.042361111111111
1,5.040972222222222
1,24.00486111111111
1,5.038888888888889
1,10.335416666666667
1,10.293055555555556
1,12.163194444444445
1,66.12083333333334
1,5.031944444444444
1,5.197916666666667
1,5.114583333333333
1,5.071527777777778
1,5.024305555555555
1,5.024305555555555
1,5.023611111111111
1,5.023611111111111
1,7.313888888888889
1,10.194444444444445
1,11.069444444444445
1,5.354861111111111
1,83.11111111111111
1,5.061805555555556
1,6.978472222222222
1,7.185416666666667
1,5.017361111111111
1,6.0159722222222225
1,5.0569444444444445
1,5.0152777777777775
1,18.975694444444443
1,49.263194444444444
1,5.00625
1,11.053472222222222
1,5.045833333333333
1,5.045138888888889
1,13.216666666666667
1,17.257638888888888
1,5.043055555555555
1,10.254861111111111
1,33.00486111111111
1,5.165277777777778
1,10.961805555555555
1,18.17013888888889
1,18.169444444444444
1,5.036111111111111
1,5.2444444444444445
1,5.034722222222222
1,5.034027777777778
1,27.163194444444443
1,5.198611111111111
1,18.99513888888889
1,5.070138888888889
1,19.033333333333335
1,10.282638888888888
1,5.025
1,10.154166666666667
1,18.275
1,9.89861111111111
1,5.017361111111111
1,5.0159722222222225
1,5.93125
1,12.980555555555556
1,103.0111111111111
1,5.092361111111111
1,6.924305555555556
1,5.048611111111111
1,88.00763888888889
1,5.090277777777778
1,5.00625
1,5.0881944444444445
1,10.343055555555555
1,5.161111111111111
1,5.035416666666666
1,5.075694444444444
1,5.115972222222222
1,5.031944444444444
1,5.114583333333333
1,5.107638888888889
1,5.852083333333334
1,89.14444444444445
1,5.847222222222222
1,6.138888888888889
1,89.13888888888889
1,89.13680555555555
1,5.05
1,7.1305555555555555
1,10.217361111111112
1,5.878472222222222
1,5.876388888888889
1,5.039583333333334
1,5.038194444444445
1,5.038194444444445
1,6.160416666666666
1,9.915972222222223
1,96.82708333333333
1,5.03125
1,5.03125
1,16.910416666666666
1,5.029166666666667
1,5.023611111111111
1,11.14375
1,12.060416666666667
1,13.808333333333334
1,5.010416666666667
1,10.889583333333333
1,5.800694444444445
1,133.00833333333333
1,25.9125
1,5.045833333333333
1,24.883333333333333
1,12.090972222222222
1,31.88125
1,5.040972222222222
1,5.040277777777778
1,5.034027777777778
1,5.033333333333333
1,19.07847222222222
1,13.078472222222222
1,6.197222222222222
1,11.11875
1,5.778472222222222
1,18.825
1,87.90069444444444
1,18.030555555555555
1,24.738194444444446
1,14.152777777777779
1,24.944444444444443
1,5.0625
1,18.85972222222222
1,6.895833333333333
1,18.85763888888889
1,5.893055555555556
1,5.141666666666667
1,5.05625
1,6.055555555555555
1,6.929861111111111
1,5.0125
1,5.053472222222222
1,41.767361111111114
1,5.011805555555555
1,6.094444444444444
1,5.302777777777778
1,9.85
1,5.010416666666667
1,10.890277777777778
1,102.88472222222222
1,5.092361111111111
1,5.0472222222222225
1,16.927083333333332
1,10.009027777777778
1,6.045138888888889
1,6.752777777777778
1,7.044444444444444
1,9.840972222222222
1,26.96527777777778
1,12.05
1,10.042361111111111
1,18.831944444444446
1,11.915277777777778
1,5.076388888888889
1,11.831944444444444
1,13.040277777777778
1,5.159027777777778
1,6.824305555555555
1,11.828472222222222
1,13.786111111111111
1,7.029166666666667
1,5.029166666666667
1,5.111805555555556
1,5.028472222222222
1,7.028472222222222
1,5.027083333333334
1,5.027083333333334
1,5.024305555555555
1,9.820833333333333
1,5.148611111111111
1,10.860416666666667
1,5.020833333333333
1,10.067361111111111
1,25.025
1,11.941666666666666
1,5.76875
1,13.85625
1,23.815277777777776
1,5.057638888888889
1,26.853472222222223
1,5.138888888888889
1,5.055555555555555
1,5.0125
1,17.01527777777778
1,11.848611111111111
1,5.509027777777778
1,5.0055555555555555
1,5.463888888888889
1,5.9631944444444445
1,24.051388888888887
1,5.084027777777778
1,5.833333333333333
1,6.038194444444445
1,5.0375
1,5.0368055555555555
1,5.034722222222222
1,5.989583333333333
1,5.072222222222222
1,9.786111111111111
1,5.071527777777778
1,6.986805555555556
1,6.938888888888889
1,6.061805555555556
1,9.73263888888889
1,5.018055555555556
1,5.0152777777777775
1,5.0152777777777775
1,46.767361111111114
1,25.7375
1,5.052777777777778
1,5.925694444444445
1,5.967361111111111
1,5.675
1,9.972916666666666
1,10.801388888888889
1,11.884027777777778
1,5.043055555555555
1,10.047916666666667
1,6.707638888888889
1,62.045833333333334
1,13.668055555555556
1,26.747916666666665
1,6.199305555555555
1,5.031944444444444
1,5.070833333333334
1,149.73680555555555
1,6.771527777777778
1,17.027083333333334
1,5.055555555555555
1,5.6375
1,5.010416666666667
1,6.760416666666667
1,5.048611111111111
1,5.045833333333333
1,4.717361111111111
1,5.220138888888889
1,9.761805555555556
1,5.8375
1,5.04375
1,5.5784722222222225
1,5.035416666666666
1,5.242361111111111
1,5.033333333333333
1,5.027083333333334
1,10.53125
1,5.022916666666666
1,5.613888888888889
1,5.429861111111111
1,5.009722222222222
1,5.092361111111111
1,5.039583333333334
1,5.01875
1,5.060416666666667
1,5.851388888888889
1,5.0472222222222225
1,5.454861111111111
1,5.111111111111111
1,5.013194444444444
1,5.008333333333334
1,9.803472222222222
1,5.038888888888889
1,5.035416666666666
1,4.419444444444444
1,5.0152777777777775
1,9.686111111111112
1,6.545138888888889
1,5.949305555555555
1,9.661805555555556
1,5.03125
1,5.025
1,5.057638888888889
1,5.014583333333333
1,5.049305555555556
1,5.006944444444445
1,5.003472222222222
1,5.043055555555555
1,5.027777777777778
1,13.072916666666666
1,5.175694444444445
1,5.172916666666667
1,5.043055555555555
1,5.291666666666667
1,5.204861111111111
1,6.3284722222222225
1,5.370138888888889
1,5.031944444444444
1,5.322222222222222
1,5.155555555555556
1,5.028472222222222
1,5.028472222222222
1,6.1506944444444445
1,5.0256944444444445
1,5.025
1,5.399305555555555
1,12.320833333333333
1,12.359027777777778
1,5.311111111111111
1,6.14375
1,5.018055555555556
1,13.025
1,5.016666666666667
1,5.0569444444444445
1,5.0569444444444445
1,5.429166666666666
1,27.05625
1,5.0465277777777775
1,9.384722222222223
1,5.045138888888889
1,5.003472222222222
1,5.042361111111111
1,9.088888888888889
1,5.040972222222222
1,5.039583333333334
1,9.294444444444444
1,5.120833333333334
1,5.040277777777778
1,6.1194444444444445
1,9.08125
1,5.032638888888889
1,6.322916666666667
1,5.03125
1,5.363194444444445
1,5.029166666666667
1,5.027777777777778
1,5.361111111111111
1,5.026388888888889
1,5.067361111111111
1,9.28125
1,5.983333333333333
1,40.2375
1,5.022916666666666
1,6.10625
1,5.022222222222222
1,10.277777777777779
1,5.396527777777778
1,5.104861111111111
1,88.9798611111111
1,5.061805555555556
1,5.269444444444445
1,5.061111111111111
1,12.024305555555555
1,13.02361111111111
1,5.018055555555556
1,5.016666666666667
1,6.0159722222222225
1,5.05625
1,5.013194444444444
1,6.2625
1,5.011111111111111
1,6.011111111111111
1,13.265972222222222
1,5.009722222222222
1,5.133333333333334
1,13.222222222222221
1,164.29930555555555
1,6.339583333333334
1,5.0472222222222225
1,5.0472222222222225
1,5.045833333333333
1,16.218055555555555
1,11.216666666666667
1,5.210416666666666
1,5.040972222222222
1,5.0375
1,5.0375
1,16.083333333333332
1,11.165277777777778
1,5.034027777777778
1,23.289583333333333
1,5.032638888888889
1,6.240972222222222
1,40.24583333333333
1,5.031944444444444
1,5.03125
1,5.863888888888889
1,5.029166666666667
1,5.028472222222222
1,5.027777777777778
1,5.027777777777778
1,5.027083333333334
1,5.1090277777777775
1,11.24375
1,5.024305555555555
1,5.190277777777778
1,5.065277777777778
1,10.2375
1,5.022916666666666
1,25.070138888888888
1,26.02777777777778
1,5.019444444444445
1,17.275
1,5.018055555555556
1,5.017361111111111
1,10.063888888888888
1,17.022222222222222
1,10.02361111111111
1,5.2243055555555555
1,5.013888888888889
1,5.179166666666666
1,5.011111111111111
1,5.927083333333333
1,5.009722222222222
1,5.051388888888889
1,5.175
1,5.133333333333334
1,5.174305555555556
1,5.298611111111111
1,11.136111111111111
1,5.045833333333333
1,5.918055555555555
1,67.04791666666667
1,6.083333333333333
1,10.171527777777778
1,10.25
1,5.117361111111111
1,5.156944444444444
1,5.822916666666667
1,5.029166666666667
1,5.029166666666667
1,65.15833333333333
1,5.19375
1,5.1506944444444445
1,5.939583333333333
1,33.19375
1,6.146527777777778
1,5.145138888888889
1,67.15
1,156.06180555555557
1,72.22638888888889
1,5.058333333333334
1,5.014583333333333
1,5.18125
1,102.01388888888889
1,5.052777777777778
1,9.225
1,5.052083333333333
1,17.099305555555556
1,5.052083333333333
1,5.133333333333334
1,5.008333333333334
1,5.049305555555556
1,5.923611111111111
1,5.089583333333334
1,6.004166666666666
1,10.009722222222223
1,10.009027777777778
1,38.96736111111111
1,5.042361111111111
1,5.041666666666667
1,6.041666666666667
1,5.0368055555555555
1,5.035416666666666
1,11.165972222222223
1,5.033333333333333
1,5.074305555555555
1,5.157638888888889
1,5.15625
1,5.029861111111111
1,5.026388888888889
1,8.856944444444444
1,6.1409722222222225
1,8.89236111111111
1,11.05625
1,5.0881944444444445
1,10.422916666666667
1,5.040277777777778
1,5.038888888888889
1,5.034722222222222
1,5.159027777777778
1,5.072222222222222
1,8.910416666666666
1,11.11875
1,5.029166666666667
1,46.115972222222226
1,5.8590277777777775
1,17.863194444444446
1,6.065972222222222
1,11.031944444444445
1,9.9875
1,5.770833333333333
1,9.14861111111111
1,17.897916666666667
1,9.938194444444445
1,5.0159722222222225
1,5.097222222222222
1,24.894444444444446
1,88.09722222222223
1,10.934722222222222
1,5.054166666666666
1,5.050694444444445
1,6.132638888888889
1,62.22083333333333
1,12.094444444444445
1,5.045833333333333
1,9.925694444444444
1,5.086805555555555
1,5.044444444444444
1,13.131944444444445
1,5.039583333333334
1,5.871527777777778
1,8.876388888888888
1,22.749305555555555
1,5.034027777777778
1,5.034027777777778
1,6.075
1,5.948611111111111
1,11.079166666666667
1,8.991666666666667
1,8.904166666666667
1,13.067361111111111
1,5.978472222222222
1,60.81319444444444
1,80.84583333333333
1,5.886805555555555
1,5.052777777777778
1,6.09375
1,5.051388888888889
1,5.050694444444445
1,8.847222222222221
1,5.797916666666667
1,9.927777777777777
1,5.045138888888889
1,5.086805555555555
1,5.460416666666666
1,9.004861111111111
1,5.956944444444445
1,10.004166666666666
1,5.038888888888889
1,8.79375
1,29.877083333333335
1,5.954166666666667
1,8.875
1,5.035416666666666
1,5.861111111111111
1,6.026388888888889
1,6.106944444444444
1,23.822916666666668
1,5.0625
1,5.104166666666667
1,6.061805555555556
1,6.019444444444445
1,5.0125
1,11.72638888888889
1,11.022916666666667
1,5.095138888888889
1,5.009722222222222
1,30.847916666666666
1,5.133333333333334
1,5.05
1,5.045138888888889
1,5.042361111111111
1,6.042361111111111
1,5.041666666666667
1,9.965277777777779
1,8.670833333333333
1,23.004166666666666
1,5.039583333333334
1,8.794444444444444
1,5.9125
1,8.834027777777777
1,5.952083333333333
1,5.076388888888889
1,5.075
1,25.07777777777778
1,12.035416666666666
1,6.029861111111111
1,5.0680555555555555
1,11.823611111111111
1,5.0680555555555555
1,5.025
1,5.025
1,5.065277777777778
1,9.154861111111112
1,5.063888888888889
1,5.060416666666667
1,9.774305555555555
1,92.97638888888889
1,29.771527777777777
1,3.78125
1,5.013888888888889
1,5.970138888888889
1,9.972222222222221
1,5.965972222222222
1,8.679166666666667
1,5.0472222222222225
1,8.878472222222221
1,5.036111111111111
1,10.914583333333333
1,5.030555555555556
1,10.783333333333333
1,9.741666666666667
1,5.023611111111111
1,9.897916666666667
1,5.013888888888889
1,5.679861111111111
1,5.049305555555556
1,17.719444444444445
1,5.919444444444444
1,5.829166666666667
1,9.665277777777778
1,5.743055555555555
1,58.74652777777778
1,10.661111111111111
1,5.695138888888889
1,5.025
1,5.602777777777778
1,5.016666666666667
1,5.045138888888889
1,5.045138888888889
1,5.020833333333333
1,10.756944444444445
1,5.043055555555555
1,5.034722222222222
1,5.301388888888889
1,12.526388888888889
1,5.0159722222222225
1,9.42361111111111
1,5.0375
1,5.152083333333334
1,9.146527777777777
1,9.186111111111112
1,5.013194444444444
1,5.0125
1,5.002777777777778
1,5.04375
1,31.33888888888889
1,5.036111111111111
1,8.45625
1,5.027083333333334
1,5.065972222222222
1,5.019444444444445
1,5.048611111111111
1,5.047916666666667
1,186.29791666666668
1,25.29861111111111
1,5.040277777777778
1,5.040277777777778
1,5.040277777777778
1,5.206944444444445
1,5.0368055555555555
1,23.241666666666667
1,5.066666666666666
1,10.325
1,5.022222222222222
1,11.027777777777779
1,86.1451388888889
1,5.102083333333334
1,25.23125
1,5.017361111111111
1,5.016666666666667
1,5.0569444444444445
1,5.0569444444444445
1,10.270138888888889
1,5.014583333333333
1,5.0125
1,5.0125
1,5.34375
1,5.050694444444445
1,5.340972222222222
1,5.2972222222222225
1,5.045833333333333
1,5.211111111111111
1,5.294444444444444
1,9.215277777777779
1,5.043055555555555
1,9.339583333333334
1,8.089583333333334
1,5.041666666666667
1,9.001388888888888
1,5.2868055555555555
1,5.245138888888889
1,16.207638888888887
1,193.16666666666666
1,5.034027777777778
1,5.033333333333333
1,17.07986111111111
1,8.203472222222222
1,5.03125
1,5.029861111111111
1,5.195833333333334
1,7.909027777777778
1,5.028472222222222
1,8.115277777777777
1,5.026388888888889
1,5.022916666666666
1,5.064583333333333
1,5.021527777777778
1,5.020833333333333
1,5.019444444444445
1,5.311111111111111
1,9.233333333333333
1,5.059722222222222
1,22.022916666666667
1,5.267361111111111
1,5.016666666666667
1,5.016666666666667
1,11.0625
1,5.0152777777777775
1,9.145138888888889
1,5.013888888888889
1,30.227777777777778
1,5.013194444444444
1,5.261111111111111
1,5.010416666666667
1,5.047916666666667
1,5.25625
1,10.970138888888888
1,5.0465277777777775
1,86.08819444444444
1,8.301388888888889
1,11.008333333333333
1,8.29861111111111
1,5.043055555555555
1,8.297916666666667
1,11.755555555555556
1,5.207638888888889
1,12.254166666666666
1,5.247222222222222
1,5.035416666666666
1,5.284027777777778
1,8.1625
1,5.279861111111111
1,87.94652777777777
1,61.03194444444444
1,10.239583333333334
1,3.0409722222222224
1,5.023611111111111
1,16.06875
1,5.479166666666667
1,9.151388888888889
1,137.18680555555557
1,9.024305555555555
1,5.352083333333334
1,10.188888888888888
1,211.26736111111111
1,5.0993055555555555
1,17.020833333333332
1,5.014583333333333
1,5.013888888888889
1,5.0125
1,5.010416666666667
1,7.973611111111111
1,5.050694444444445
1,5.049305555555556
1,5.172916666666667
1,5.045138888888889
1,39.050694444444446
1,5.042361111111111
1,9.172916666666667
1,5.039583333333334
1,5.039583333333334
1,5.039583333333334
1,9.16875
1,45.00069444444444
1,5.036111111111111
1,7.997222222222222
1,5.032638888888889
1,8.995833333333334
1,5.029861111111111
1,11.034722222222221
1,5.025
1,5.065972222222222
1,9.029166666666667
1,204.06597222222223
1,7.986805555555556
1,5.188194444444444
1,11.06875
1,5.060416666666667
1,26.273611111111112
1,14.897916666666667
1,5.183333333333334
1,5.0152777777777775
1,5.0569444444444445
1,5.177083333333333
1,5.134722222222222
1,5.009722222222222
1,5.175
1,12.013194444444444
1,8.92986111111111
1,5.131944444444445
1,5.0472222222222225
1,5.004861111111111
1,16.96875
1,8.134722222222223
1,72.92013888888889
1,64.925
1,41.38333333333333
1,5.002777777777778
1,5.04375
1,5.04375
1,5.041666666666667
1,46.208333333333336
1,24.416666666666668
1,5.033333333333333
1,30.24652777777778
1,42.99583333333333
1,5.072916666666667
1,7.8284722222222225
1,5.030555555555556
1,30.240277777777777
1,7.897222222222222
1,7.977777777777778
1,5.013194444444444
1,5.1375
1,10.013194444444444
1,25.970833333333335
1,5.172916666666667
1,8.136805555555556
1,5.044444444444444
1,5.042361111111111
1,12.172222222222222
1,5.0368055555555555
1,5.2027777777777775
1,5.03125
1,11.869444444444444
1,8.11875
1,28.954166666666666
1,10.034027777777778
1,5.027777777777778
1,12.282638888888888
1,9.822916666666666
1,5.023611111111111
1,9.944444444444445
1,5.0625
1,5.059722222222222
1,10.940277777777778
1,5.0152777777777775
1,8.183333333333334
1,5.052083333333333
1,8.140277777777778
1,21.847916666666666
1,5.050694444444445
1,5.050694444444445
1,14.886805555555556
1,5.211111111111111
1,8.13125
1,5.038194444444445
1,5.1618055555555555
1,5.034722222222222
1,5.032638888888889
1,10.032638888888888
1,10.031944444444445
1,7.947916666666667
1,10.074305555555556
1,10.070833333333333
1,5.061805555555556
1,5.018055555555556
1,5.059027777777778
1,5.016666666666667
1,5.05625
1,10.89375
1,5.054861111111111
1,5.0125
1,11.01736111111111
1,16.852777777777778
1,80.20902777777778
1,5.040277777777778
1,8.253472222222221
1,5.038888888888889
1,10.835416666666667
1,5.0368055555555555
1,5.0368055555555555
1,10.000694444444445
1,7.790972222222222
1,5.034027777777778
1,14.95625
1,11.871527777777779
1,5.03125
1,5.030555555555556
1,5.029166666666667
1,14.991666666666667
1,192.86180555555555
1,5.025
1,5.274305555555555
1,9.067361111111111
1,5.020138888888889
1,9.734027777777778
1,5.01875
1,7.729861111111111
1,10.853472222222223
1,5.055555555555555
1,44.81111111111111
1,8.01736111111111
1,25.76597222222222
1,8.722222222222221
1,213.9673611111111
1,5.007638888888889
1,5.048611111111111
1,5.00625
1,5.045833333333333
1,7.966666666666667
1,7.843055555555556
1,8.005555555555556
1,5.039583333333334
1,7.959027777777778
1,5.036111111111111
1,9.039583333333333
1,5.033333333333333
1,5.032638888888889
1,19.036805555555556
1,65.99444444444444
1,7.702083333333333
1,7.7
1,8.740277777777777
1,7.781944444444444
1,7.78125
1,5.025
1,12.030555555555555
1,7.778472222222222
1,5.063888888888889
1,9.734722222222222
1,14.859722222222222
1,17.024305555555557
1,5.060416666666667
1,8.690277777777778
1,14.939583333333333
1,7.727083333333334
1,5.011805555555555
1,5.047916666666667
1,11.01388888888889
1,5.047916666666667
1,5.0465277777777775
1,5.003472222222222
1,5.044444444444444
1,10.839583333333334
1,7.920138888888889
1,7.752777777777778
1,5.034027777777778
1,8.784722222222221
1,7.907638888888889
1,7.90625
1,8.779861111111112
1,7.904166666666667
1,5.055555555555555
1,5.043055555555555
1,9.927777777777777
1,9.710416666666667
1,39.65833333333333
1,7.575694444444444
1,25.853472222222223
1,5.013194444444444
1,5.049305555555556
1,18.677777777777777
1,5.044444444444444
1,8.649305555555555
1,24.571527777777778
1,5.022222222222222
1,9.76388888888889
1,5.044444444444444
1,7.711111111111111
1,7.658333333333333
1,8.373611111111112
1,5.031944444444444
1,5.018055555555556
1,5.039583333333334
1,10.30625
1,7.544444444444444
1,7.447916666666667
1,5.026388888888889
1,5.011111111111111
1,21.591666666666665
1,7.053472222222222
1,5.041666666666667
1,7.288194444444445
1,6.6125
1,5.061805555555556
1,9.168055555555556
1,7.040277777777778
1,7.981944444444444
1,5.295138888888889
1,5.03125
1,5.070833333333334
1,5.014583333333333
1,5.044444444444444
1,15.002777777777778
1,7.794444444444444
1,5.070833333333334
1,5.027083333333334
1,15.956944444444444
1,5.050694444444445
1,5.038194444444445
1,5.016666666666667
1,13.7625
1,10.501388888888888
1,5.020833333333333
1,5.059027777777778
1,6.788194444444445
1,5.0368055555555555
1,5.035416666666666
1,13.654166666666667
1,6.53125
1,7.374305555555556
1,5.003472222222222
1,7.2756944444444445
1,5.038194444444445
1,5.004166666666666
1,5.066666666666666
1,14.4
1,5.363888888888889
1,5.040972222222222
1,7.368055555555555
1,6.0777777777777775
1,5.022916666666666
1,8.272222222222222
1,5.016666666666667
1,6.305555555555555
1,5.049305555555556
1,5.2652777777777775
1,7.938888888888889
1,5.022916666666666
1,6.21875
1,7.201388888888889
1,13.935416666666667
1,5.033333333333333
1,8.00625
1,5.011111111111111
1,5.018055555555556
1,5.041666666666667
1,5.031944444444444
1,13.24375
1,27.65
1,5.922916666666667
1,5.857638888888889
1,5.00625
1,5.047916666666667
1,5.066666666666666
1,5.0368055555555555
1,5.023611111111111
1,8.431944444444444
1,5.039583333333334
1,5.041666666666667
1,5.665972222222222
1,5.047916666666667
1,7.508333333333334
1,21.415972222222223
1,14.17361111111111
1,5.0256944444444445
1,5.020833333333333
1,5.011111111111111
1,5.010416666666667
1,5.004166666666666
1,5.001388888888889
1,5.002777777777778
1,5.122222222222222
1,7.1875
1,5.0159722222222225
1,6.179861111111111
1,5.428472222222222
1,5.051388888888889
1,5.088888888888889
1,13.334027777777777
1,12.208333333333334
1,5.040972222222222
1,5.038888888888889
1,5.1194444444444445
1,5.034027777777778
1,5.034027777777778
1,8.116666666666667
1,5.032638888888889
1,5.240277777777778
1,5.113194444444445
1,5.029166666666667
1,6.070138888888889
1,86.8638888888889
1,5.277083333333334
1,5.027083333333334
1,5.0256944444444445
1,5.191666666666666
1,8.10763888888889
1,6.274305555555555
1,5.023611111111111
1,8.23125
1,5.022916666666666
1,5.105555555555555
1,5.063194444444444
1,22.269444444444446
1,5.019444444444445
1,5.019444444444445
1,5.059027777777778
1,5.016666666666667
1,7.058333333333334
1,12.140972222222222
1,14.265972222222222
1,82.3013888888889
1,5.263888888888889
1,5.095833333333333
1,5.0125
1,7.30625
1,5.009722222222222
1,6.132638888888889
1,8.090277777777779
1,8.214583333333334
1,5.088888888888889
1,5.0881944444444445
1,6.3381944444444445
1,8.0875
1,5.003472222222222
1,5.043055555555555
1,7.298611111111111
1,7.041666666666667
1,5.040972222222222
1,14.123611111111112
1,5.248611111111111
1,30.331944444444446
1,12.164583333333333
1,5.039583333333334
1,5.038194444444445
1,8.246527777777779
1,5.0375
1,5.0375
1,7.2444444444444445
1,5.036111111111111
1,5.036111111111111
1,5.034722222222222
1,5.034027777777778
1,5.034027777777778
1,6.075
1,5.033333333333333
1,7.240972222222222
1,5.032638888888889
1,42.07361111111111
1,6.281944444444444
1,7.28125
1,5.028472222222222
1,5.028472222222222
1,5.111805555555556
1,6.988194444444445
1,5.985416666666667
1,5.233333333333333
1,5.025
1,5.107638888888889
1,5.024305555555555
1,6.982638888888889
1,5.023611111111111
1,7.022916666666666
1,5.022916666666666
1,8.022916666666667
1,5.022222222222222
1,5.021527777777778
1,5.021527777777778
1,27.311805555555555
1,13.05625
1,5.05625
1,9.307638888888889
1,5.054861111111111
1,8.095138888888888
1,5.011805555555555
1,5.011111111111111
1,6.052083333333333
1,14.217361111111112
1,5.05
1,219.25277777777777
1,5.093055555555556
1,5.048611111111111
1,5.047916666666667
1,5.0472222222222225
1,5.335416666666666
1,5.334722222222222
1,13.334722222222222
1,5.038888888888889
1,5.0375
1,5.0368055555555555
1,5.035416666666666
1,7.033333333333333
1,7.242361111111111
1,6.113888888888889
1,5.030555555555556
1,5.238194444444445
1,5.029861111111111
1,6.029166666666667
1,5.0256944444444445
1,5.025
1,8.520833333333334
1,5.020138888888889
1,5.020138888888889
1,6.019444444444445
1,28.227083333333333
1,6.893055555555556
1,5.225694444444445
1,5.2243055555555555
1,5.0569444444444445
1,5.05625
1,6.139583333333333
1,7.221527777777778
1,8.970833333333333
1,7.177777777777778
1,6.051388888888889
1,5.009027777777778
1,6.0055555555555555
1,5.0881944444444445
1,5.006944444444445
1,5.004861111111111
1,18.960416666666667
1,5.085416666666666
1,12.167361111111111
1,5.041666666666667
1,5.041666666666667
1,6.207638888888889
1,5.040277777777778
1,5.9125
1,5.036111111111111
1,5.035416666666666
1,8.243055555555555
1,5.284027777777778
1,5.033333333333333
1,6.865972222222222
1,7.114583333333333
1,5.03125
1,5.072222222222222
1,63.90416666666667
1,5.070138888888889
1,5.026388888888889
1,5.9
1,7.940972222222222
1,5.022916666666666
1,5.022222222222222
1,6.938194444444444
1,8.979861111111111
1,5.063194444444444
1,14.145138888888889
1,7.977777777777778
1,5.059027777777778
1,6.0152777777777775
1,5.014583333333333
1,6.972916666666666
1,12.014583333333333
1,5.180555555555555
1,21.221527777777776
1,19.2625
1,5.053472222222222
1,8.011111111111111
1,98.13055555555556
1,5.009722222222222
1,5.134027777777778
1,5.216666666666667
1,6.174305555555556
1,5.173611111111111
1,5.048611111111111
1,36.171527777777776
1,8.129166666666666
1,5.045138888888889
1,12.247222222222222
1,5.035416666666666
1,12.534722222222221
1,5.1097222222222225
1,5.020833333333333
1,5.059722222222222
1,5.18125
1,97.96527777777777
1,5.134027777777778
1,8.045833333333333
1,6.836805555555555
1,5.042361111111111
1,7.956944444444445
1,7.913888888888889
1,5.120138888888889
1,8.910416666666666
1,5.033333333333333
1,14.073611111111111
1,5.156944444444444
1,5.073611111111111
1,5.030555555555556
1,7.117361111111111
1,5.029861111111111
1,22.446527777777778
1,5.026388888888889
1,98.18819444444445
1,5.0256944444444445
1,8.817361111111111
1,5.024305555555555
1,5.022916666666666
1,5.022916666666666
1,12.855555555555556
1,5.855555555555555
1,5.0993055555555555
1,5.057638888888889
1,7.0569444444444445
1,5.68125
1,5.845138888888889
1,5.845138888888889
1,7.097222222222222
1,6.134027777777778
1,5.008333333333334
1,5.0472222222222225
1,12.171527777777778
1,8.169444444444444
1,5.04375
1,40.87708333333333
1,40.87430555555556
1,7.915277777777778
1,5.040277777777778
1,5.0375
1,5.995833333333334
1,12.08125
1,8.953472222222222
1,5.034722222222222
1,7.031944444444444
1,5.03125
1,5.780555555555556
1,5.863194444444445
1,84.94097222222223
1,19.028472222222224
1,5.028472222222222
1,13.986805555555556
1,5.026388888888889
1,5.024305555555555
1,6.10625
1,6.105555555555555
1,5.104861111111111
1,5.645138888888889
1,7.76875
1,6.102083333333334
1,6.097916666666666
1,5.0125
1,6.132638888888889
1,7.052083333333333
1,5.006944444444445
1,12.127083333333333
1,6.876388888888889
1,11.917361111111111
1,5.081944444444445
1,5.913194444444445
1,5.0375
1,5.0777777777777775
1,5.077083333333333
1,36.11875
1,5.034722222222222
1,5.825
1,6.116666666666666
1,5.781944444444444
1,18.864583333333332
1,5.030555555555556
1,7.988194444444445
1,5.113194444444445
1,11.863194444444444
1,5.028472222222222
1,6.111805555555556
1,7.985416666666667
1,7.941666666666666
1,5.730555555555555
1,5.813888888888889
1,5.730555555555555
1,5.729166666666667
1,5.936805555555556
1,14.061805555555555
1,5.807638888888889
1,5.0159722222222225
1,5.9319444444444445
1,5.930555555555555
1,5.055555555555555
1,5.0152777777777775
1,5.720833333333333
1,7.929166666666666
1,5.0125
1,5.011805555555555
1,5.761111111111111
1,5.052083333333333
1,5.799305555555556
1,5.006944444444445
1,5.0055555555555555
1,5.8375
1,5.045138888888889
1,5.04375
1,5.04375
1,5.998611111111111
1,6.986805555555556
1,81.9486111111111
1,7.826388888888889
1,6.867361111111111
1,7.95
1,5.032638888888889
1,11.865972222222222
1,5.701388888888889
1,14.988888888888889
1,28.822222222222223
1,5.738888888888889
1,16.025694444444444
1,144.9326388888889
1,6.894444444444445
1,5.684027777777778
1,6.892361111111111
1,5.0569444444444445
1,5.04375
1,5.997916666666667
1,5.0368055555555555
1,6.742361111111111
1,5.65625
1,26.697916666666668
1,5.986805555555556
1,5.027083333333334
1,5.026388888888889
1,5.065972222222222
1,8.684027777777779
1,6.933333333333334
1,6.011111111111111
1,5.879861111111111
1,5.045833333333333
1,19.5875
1,5.751388888888889
1,18.959722222222222
1,5.080555555555556
1,5.6625
1,5.034722222222222
1,5.657638888888889
1,5.031944444444444
1,6.686111111111111
1,5.0472222222222225
1,6.6930555555555555
1,8.803472222222222
1,5.048611111111111
1,5.5
1,5.0569444444444445
1,19.45347222222222
1,5.063194444444444
1,6.420138888888889
1,13.45486111111111
1,5.396527777777778
1,5.0152777777777775
1,6.339583333333334
1,5.038888888888889
1,5.044444444444444
1,13.24375
1,5.023611111111111
1,8.358333333333333
1,13.313194444444445
1,11.095138888888888
1,5.033333333333333
1,6.104861111111111
1,8.186805555555555
1,6.342361111111111
1,5.00625
1,25.380555555555556
1,5.043055555555555
1,5.041666666666667
1,5.163194444444445
1,5.076388888888889
1,6.242361111111111
1,5.03125
1,5.030555555555556
1,5.154166666666667
1,5.028472222222222
1,5.111111111111111
1,5.069444444444445
1,5.026388888888889
1,18.191666666666666
1,5.024305555555555
1,8.0625
1,8.352083333333333
1,5.01875
1,7.350694444444445
1,132.09305555555557
1,5.014583333333333
1,5.055555555555555
1,6.054861111111111
1,256.2576388888889
1,5.011111111111111
1,8.05
1,6.049305555555556
1,5.090277777777778
1,5.089583333333334
1,6.088888888888889
1,5.1305555555555555
1,5.004861111111111
1,5.045138888888889
1,6.044444444444444
1,8.129166666666666
1,82.03680555555556
1,5.082638888888889
1,7.957638888888889
1,6.08125
1,8.039583333333333
1,6.080555555555556
1,8.330555555555556
1,5.038194444444445
1,5.370833333333334
1,8.245138888888889
1,5.036111111111111
1,5.033333333333333
1,42.324305555555554
1,7.282638888888889
1,5.03125
1,5.03125
1,5.03125
1,5.030555555555556
1,5.030555555555556
1,15.321527777777778
1,7.236805555555556
1,5.027777777777778
1,5.026388888888889
1,5.274305555555555
1,7.231944444444444
1,5.023611111111111
1,5.897222222222222
1,10.980555555555556
1,6.021527777777778
1,11.3125
1,5.020138888888889
1,70.09791666666666
1,8.01875
1,5.018055555555556
1,7.058333333333334
1,5.098611111111111
1,5.3069444444444445
1,5.014583333333333
1,18.014583333333334
1,5.055555555555555
1,5.013888888888889
1,5.013888888888889
1,5.2625
1,5.009722222222222
1,5.051388888888889
1,5.008333333333334
1,6.090972222222222
1,5.297916666666667
1,6.086111111111111
1,5.004166666666666
1,6.250694444444444
1,6.959027777777778
1,6.042361111111111
1,5.041666666666667
1,36.331944444444446
1,7.997916666666667
1,7.20625
1,7.955555555555556
1,11.288194444444445
1,5.038194444444445
1,5.0375
1,5.204166666666667
1,8.161111111111111
1,5.2
1,5.033333333333333
1,6.240972222222222
1,6.113888888888889
1,6.238194444444445
1,7.988194444444445
1,7.2375
1,5.028472222222222
1,5.027777777777778
1,7.06875
1,5.0256944444444445
1,18.275694444444444
1,6.024305555555555
1,5.190972222222222
1,5.020138888888889
1,6.019444444444445
1,5.309722222222222
1,5.019444444444445
1,5.225694444444445
1,5.182638888888889
1,12.972916666666666
1,7.180555555555555
1,6.138888888888889
1,6.011805555555555
1,7.011111111111111
1,11.052083333333334
1,5.052083333333333
1,7.008333333333334
1,5.172916666666667
1,5.172916666666667
1,20.00625
1,41.00625
1,11.295833333333333
1,5.045138888888889
1,39.00208333333333
1,235.99375
1,5.039583333333334
1,5.164583333333334
1,131.07430555555555
1,5.035416666666666
1,10.989583333333334
1,5.072222222222222
1,5.028472222222222
1,5.986111111111111
1,5.151388888888889
1,6.1097222222222225
1,5.026388888888889
1,5.026388888888889
1,5.023611111111111
1,5.022916666666666
1,5.978472222222222
1,7.145138888888889
1,5.018055555555556
1,5.309027777777778
1,7.891666666666667
1,7.9319444444444445
1,6.097916666666666
1,12.013194444444444
1,5.011805555555555
1,5.011111111111111
1,5.011111111111111
1,7.886111111111111
1,11.885416666666666
1,5.051388888888889
1,8.05
1,7.884722222222222
1,5.131944444444445
1,11.129861111111111
1,12.879861111111111
1,5.501388888888889
1,6.793055555555555
1,6.125
1,6.169444444444444
1,5.997222222222222
1,5.2875
1,5.0375
1,7.829166666666667
1,7.952083333333333
1,5.993055555555555
1,61.90833333333333
1,5.030555555555556
1,6.154166666666667
1,6.15625
1,5.027083333333334
1,5.067361111111111
1,5.021527777777778
1,7.853472222222222
1,6.143055555555556
1,7.889583333333333
1,20.84722222222222
1,6.1402777777777775
1,19.009027777777778
1,5.008333333333334
1,5.004166666666666
1,11.168055555555556
1,7.875694444444444
1,5.040972222222222
1,5.038194444444445
1,5.038194444444445
1,7.870138888888889
1,5.1194444444444445
1,5.036111111111111
1,5.032638888888889
1,5.029166666666667
1,6.945833333333334
1,6.025
1,96.93680555555555
1,5.898611111111111
1,5.897222222222222
1,6.813888888888889
1,5.020833333333333
1,6.977777777777778
1,13.01875
1,7.059722222222222
1,5.018055555555556
1,47.85069444444444
1,5.016666666666667
1,7.096527777777778
1,5.179166666666666
1,6.970833333333333
1,5.928472222222222
1,5.011111111111111
1,6.885416666666667
1,5.011111111111111
1,5.05
1,5.13125
1,7.00625
1,5.879861111111111
1,7.834722222222222
1,5.081944444444445
1,101.86875
1,19.872916666666665
1,5.038888888888889
1,5.038194444444445
1,5.0375
1,5.0375
1,14.829166666666667
1,5.0375
1,5.0368055555555555
1,17.869444444444444
1,7.11875
1,69.16041666666666
1,5.032638888888889
1,5.030555555555556
1,7.779861111111111
1,5.029861111111111
1,6.029166666666667
1,8.152777777777779
1,5.027083333333334
1,34.02708333333333
1,5.026388888888889
1,7.065277777777778
1,6.0625
1,7.811805555555556
1,5.020138888888889
1,5.019444444444445
1,20.14375
1,8.14375
1,6.85
1,12.975
1,5.05625
1,25.805555555555557
1,5.013194444444444
1,7.095833333333333
1,5.136111111111111
1,7.052083333333333
1,97.00416666666666
1,6.840972222222222
1,7.7972222222222225
1,5.0465277777777775
1,5.043055555555555
1,11.418055555555556
1,12.959722222222222
1,12.875694444444445
1,26.752777777777776
1,34.87291666666667
1,5.830555555555556
1,5.0368055555555555
1,5.033333333333333
1,5.157638888888889
1,5.030555555555556
1,39.07083333333333
1,5.028472222222222
1,11.861805555555556
1,5.027777777777778
1,5.986111111111111
1,5.026388888888889
1,5.0256944444444445
1,11.067361111111111
1,207.02083333333334
1,7.774305555555555
1,5.023611111111111
1,12.772916666666667
1,5.979166666666667
1,5.01875
1,5.017361111111111
1,6.850694444444445
1,5.014583333333333
1,11.05486111111111
1,7.678472222222222
1,6.845833333333333
1,7.71875
1,6.013888888888889
1,5.009722222222222
1,35.00625
1,5.044444444444444
1,22.044444444444444
1,5.044444444444444
1,8.21111111111111
1,6.960416666666666
1,5.960416666666666
1,5.043055555555555
1,5.040972222222222
1,5.040972222222222
1,5.035416666666666
1,5.701388888888889
1,5.034722222222222
1,7.699305555555555
1,7.697916666666667
1,5.029861111111111
1,96.93958333333333
1,7.69375
1,5.024305555555555
1,12.899305555555555
1,5.856944444444444
1,5.022916666666666
1,73.72430555555556
1,42.01875
1,7.64375
1,5.01875
1,7.7659722222222225
1,5.013194444444444
1,5.009027777777778
1,5.009722222222222
1,5.040972222222222
1,11.664583333333333
1,5.038888888888889
1,5.038888888888889
1,5.0368055555555555
1,5.957638888888889
1,5.908333333333333
1,5.033333333333333
1,11.949305555555556
1,5.032638888888889
1,5.656944444444444
1,5.03125
1,5.030555555555556
1,5.028472222222222
1,18.735416666666666
1,5.025
1,6.9
1,18.730555555555554
1,5.01875
1,31.68125
1,5.721527777777778
1,5.011805555555555
1,5.010416666666667
1,5.007638888888889
1,5.006944444444445
1,5.0465277777777775
1,21.918055555555554
1,7.957638888888889
1,5.0368055555555555
1,10.950694444444444
1,18.575
1,18.574305555555554
1,5.614583333333333
1,35.94305555555555
1,5.606944444444444
1,5.019444444444445
1,5.016666666666667
1,42.63125
1,12.832638888888889
1,6.54375
1,20.635416666666668
1,5.2868055555555555
1,5.03125
1,5.026388888888889
1,5.016666666666667
1,5.043055555555555
1,5.040972222222222
1,5.0375
1,5.035416666666666
1,5.034027777777778
1,5.031944444444444
1,5.026388888888889
1,5.024305555555555
1,5.04375
1,5.581944444444445
1,5.38125
1,5.065972222222222
1,5.968055555555556
1,5.196527777777778
1,5.022222222222222
1,5.0152777777777775
1,5.013888888888889
1,5.029861111111111
1,5.039583333333334
1,5.034722222222222
1,5.031944444444444
1,5.030555555555556
1,5.023611111111111
1,17.086805555555557
1,5.084027777777778
1,5.027083333333334
1,18.10972222222222
1,5.021527777777778
1,5.020833333333333
1,5.020833333333333
1,5.020138888888889
1,5.311111111111111
1,5.019444444444445
1,5.019444444444445
1,5.01875
1,5.132638888888889
1,5.298611111111111
1,5.0472222222222225
1,5.295833333333333
1,17.752083333333335
1,5.043055555555555
1,7.043055555555555
1,5.084027777777778
1,5.042361111111111
1,5.040972222222222
1,5.038194444444445
1,5.038194444444445
1,5.1625
1,10.204166666666667
1,5.036111111111111
1,24.11875
1,5.032638888888889
1,6.28125
1,11.320833333333333
1,5.028472222222222
1,5.027083333333334
1,5.1930555555555555
1,5.0680555555555555
1,5.0256944444444445
1,5.067361111111111
1,5.065277777777778
1,12.147916666666667
1,19.35625
1,7.020833333333333
1,6.145138888888889
1,17.269444444444446
1,5.01875
1,5.017361111111111
1,5.016666666666667
1,6.057638888888889
1,5.0152777777777775
1,5.014583333333333
1,5.013194444444444
1,5.0125
1,5.053472222222222
1,5.011111111111111
1,24.176388888888887
1,5.007638888888889
1,5.090972222222222
1,5.006944444444445
1,5.13125
1,147.0402777777778
1,5.169444444444444
1,5.044444444444444
1,5.04375
1,5.042361111111111
1,6.084027777777778
1,5.040972222222222
1,5.039583333333334
1,5.038888888888889
1,39.99722222222222
1,7.204166666666667
1,5.0368055555555555
1,6.9944444444444445
1,5.238888888888889
1,7.49375
1,5.034027777777778
1,5.032638888888889
1,5.032638888888889
1,5.033333333333333
1,6.279166666666667
1,6.278472222222222
1,5.277777777777778
1,5.027083333333334
1,5.025
1,14.315972222222221
1,6.106944444444444
1,30.939583333333335
1,5.021527777777778
1,5.020833333333333
1,6.104166666666667
1,6.229166666666667
1,5.185416666666667
1,6.183333333333334
1,11.223611111111111
1,5.054861111111111
1,5.009027777777778
1,5.009027777777778
1,5.007638888888889
1,5.045833333333333
1,24.336805555555557
1,5.042361111111111
1,5.042361111111111
1,5.041666666666667
1,5.040277777777778
1,5.163194444444445
1,105.23958333333333
1,10.202777777777778
1,6.159722222222222
1,5.243055555555555
1,5.075
1,10.32638888888889
1,5.199305555555555
1,6.114583333333333
1,6.239583333333333
1,11.195833333333333
1,17.194444444444443
1,10.194444444444445
1,6.19375
1,5.026388888888889
1,5.0256944444444445
1,5.023611111111111
1,7.23125
1,5.020138888888889
1,5.060416666666667
1,5.01875
1,5.018055555555556
1,17.018055555555556
1,5.229166666666667
1,5.0152777777777775
1,5.013194444444444
1,5.013194444444444
1,5.179166666666666
1,6.011111111111111
1,6.844444444444444
1,5.052777777777778
1,5.010416666666667
1,7.05
1,6.258333333333334
1,5.175
1,5.220833333333333
1,6.174305555555556
1,5.048611111111111
1,5.006944444444445
1,40.00625
1,5.0465277777777775
1,5.045138888888889
1,5.004861111111111
1,5.086111111111111
1,29.186805555555555
1,5.040972222222222
1,5.038194444444445
1,5.0375
1,6.245833333333334
1,5.0368055555555555
1,5.036111111111111
1,6.0777777777777775
1,39.16041666666667
1,9.909722222222221
1,5.034027777777778
1,5.031944444444444
1,5.072916666666667
1,5.030555555555556
1,11.113194444444444
1,76.19166666666666
1,5.027083333333334
1,6.982638888888889
1,5.940277777777778
1,11.979166666666666
1,11.230555555555556
1,19.935416666666665
1,5.018055555555556
1,5.016666666666667
1,5.05625
1,5.014583333333333
1,5.096527777777778
1,5.010416666666667
1,5.050694444444445
1,6.132638888888889
1,5.175694444444445
1,31.92222222222222
1,17.005555555555556
1,81.91388888888889
1,19.000694444444445
1,5.040972222222222
1,5.040277777777778
1,6.163888888888889
1,26.20486111111111
1,5.996527777777778
1,11.954166666666667
1,5.954166666666667
1,6.160416666666666
1,5.030555555555556
1,5.029166666666667
1,5.028472222222222
1,6.188888888888889
1,5.0159722222222225
1,5.013888888888889
1,5.011805555555555
1,5.053472222222222
1,5.047916666666667
1,5.8805555555555555
1,34.83680555555556
1,5.045138888888889
1,5.043055555555555
1,5.124305555555556
1,5.039583333333334
1,5.038194444444445
1,5.0375
1,5.0368055555555555
1,233.86180555555555
1,10.907638888888888
1,5.03125
1,5.030555555555556
1,11.947222222222223
1,7.154861111111111
1,6.8625
1,5.0256944444444445
1,6.1090277777777775
1,6.151388888888889
1,17.93888888888889
1,7.063194444444444
1,14.102083333333333
1,6.058333333333334
1,10.931944444444444
1,5.014583333333333
1,7.05625
1,5.7625
1,12.177083333333334
1,16.925
1,5.884722222222222
1,6.923611111111111
1,45.173611111111114
1,5.045833333333333
1,12.04375
1,7.085416666666666
1,16.877083333333335
1,5.042361111111111
1,5.039583333333334
1,5.038194444444445
1,129.95
1,5.0368055555555555
1,5.034722222222222
1,9.78125
1,11.863194444444444
1,5.0680555555555555
1,17.856944444444444
1,5.061111111111111
1,5.01875
1,5.061805555555556
1,5.0159722222222225
1,5.014583333333333
1,5.013194444444444
1,5.053472222222222
1,10.886111111111111
1,11.134027777777778
1,18.961805555555557
1,5.044444444444444
1,5.047916666666667
1,95.99652777777777
1,46.00347222222222
1,5.045138888888889
1,26.961111111111112
1,7.040277777777778
1,11.872222222222222
1,5.039583333333334
1,5.9534722222222225
1,17.82777777777778
1,6.034722222222222
1,5.034027777777778
1,5.905555555555556
1,6.070833333333334
1,5.028472222222222
1,38.81944444444444
1,6.027777777777778
1,5.027083333333334
1,5.031944444444444
1,5.024305555555555
1,7.065277777777778
1,5.020138888888889
1,5.018055555555556
1,5.014583333333333
1,5.014583333333333
1,5.0125
1,5.016666666666667
1,6.009722222222222
1,5.00625
1,11.005555555555556
1,41.048611111111114
1,5.008333333333334
1,5.004166666666666
1,10.000694444444445
1,24.708333333333332
1,83.99305555555556
1,5.000694444444444
1,4.999305555555556
1,4.999305555555556
1,4.997916666666667
1,5.742361111111111
1,5.741666666666666
1,4.995138888888889
1,4.991666666666666
1,4.990277777777778
1,34.06944444444444
1,4.988888888888889
1,4.9847222222222225
1,4.979166666666667
1,4.977083333333334
1,4.977777777777778
1,4.977083333333334
1,4.976388888888889
1,4.975694444444445
1,4.9743055555555555
1,16.800694444444446
1,5.965972222222222
1,4.966666666666667
1,19.045833333333334
1,5.959027777777778
1,5.95625
1,4.959027777777778
1,4.956944444444445
1,4.955555555555556
1,4.955555555555556
1,4.9534722222222225
1,33.90972222222222
1,4.951388888888889
1,4.945138888888889
1,10.734027777777778
1,4.940972222222222
1,17.727777777777778
1,16.639583333333334
1,9.88125
1,4.917361111111111
1,4.90625
1,4.904166666666667
1,25.94236111111111
1,5.65
1,6.728472222222222
1,4.894444444444445
1,18.721527777777776
1,4.885416666666667
1,4.852777777777778
1,4.8375
1,4.817361111111111
1,19.689583333333335
1,4.811805555555556
1,5.663888888888889
1,4.784722222222222
1,5.695138888888889
1,4.76875
1,10.683333333333334
1,4.758333333333334
1,18.452083333333334
1,4.741666666666666
1,5.613194444444445
1,4.736805555555556
1,5.513194444444444
1,5.365277777777778
1,5.041666666666667
1,5.402777777777778
1,5.346527777777778
1,5.004861111111111
1,5.104861111111111
1,5.0152777777777775
1,5.04375
1,20.12638888888889
1,5.035416666666666
1,5.002083333333333
1,5.0368055555555555
1,5.1875
1,5.127083333333333
1,5.002777777777778
1,5.040972222222222
1,5.036111111111111
1,5.034722222222222
1,5.030555555555556
1,9.403472222222222
1,5.026388888888889
1,5.025
1,10.313194444444445
1,11.224305555555556
1,5.0125
1,5.009027777777778
1,9.50625
1,5.040972222222222
1,5.332638888888889
1,5.038888888888889
1,5.038194444444445
1,6.159722222222222
1,5.034027777777778
1,10.11736111111111
1,10.40625
1,6.363888888888889
1,5.238194444444445
1,5.027777777777778
1,19.149305555555557
1,5.023611111111111
1,23.271527777777777
1,5.063194444444444
1,17.104861111111113
1,5.2868055555555555
1,5.019444444444445
1,5.101388888888889
1,5.017361111111111
1,5.017361111111111
1,7.307638888888889
1,5.0152777777777775
1,5.18125
1,5.0159722222222225
1,5.013888888888889
1,5.221527777777778
1,6.1375
1,5.011111111111111
1,5.093055555555556
1,5.047916666666667
1,11.172222222222222
1,5.0465277777777775
1,5.086805555555555
1,5.004861111111111
1,5.002777777777778
1,5.085416666666666
1,11.165972222222223
1,10.540972222222223
1,5.039583333333334
1,6.33125
1,5.038194444444445
1,5.2875
1,5.0368055555555555
1,5.036111111111111
1,9.327083333333333
1,5.077083333333333
1,5.034027777777778
1,6.284027777777778
1,0.15347222222222223
1,5.074305555555555
1,5.031944444444444
1,5.15625
1,25.986805555555556
1,6.279861111111111
1,9.070833333333333
1,5.028472222222222
1,5.027777777777778
1,6.235416666666667
1,5.06875
1,6.2340277777777775
1,5.025
1,164.2263888888889
1,15.939583333333333
1,5.063194444444444
1,5.020833333333333
1,5.061111111111111
1,10.019444444444444
1,5.059027777777778
1,6.057638888888889
1,5.0159722222222225
1,5.0152777777777775
1,5.013888888888889
1,5.050694444444445
1,18.299305555555556
1,5.215972222222222
1,9.13125
1,5.002777777777778
1,10.21111111111111
1,5.043055555555555
1,5.040277777777778
1,9.20625
1,5.038888888888889
1,5.080555555555556
1,5.0375
1,5.0375
1,5.075694444444444
1,5.032638888888889
1,5.199305555555555
1,10.990277777777777
1,5.03125
1,23.238194444444446
1,5.029166666666667
1,17.028472222222224
1,12.943055555555556
1,90.14583333333333
1,5.1506944444444445
1,5.025
1,5.025
1,38.02291666666667
1,5.23125
1,5.022916666666666
1,5.938194444444444
1,5.019444444444445
1,6.184722222222222
1,5.0159722222222225
1,11.181944444444444
1,79.46805555555555
1,19.264583333333334
1,8.970138888888888
1,5.970138888888889
1,16.302083333333332
1,5.052083333333333
1,5.340277777777778
1,0.24027777777777778
1,5.0472222222222225
1,9.171527777777778
1,6.045833333333333
1,180.20625
1,17.12638888888889
1,9.999305555555555
1,5.040277777777778
1,5.038194444444445
1,12.996527777777779
1,5.036111111111111
1,5.034722222222222
1,6.034722222222222
1,5.034722222222222
1,5.990277777777778
1,5.03125
1,5.029166666666667
1,5.153472222222222
1,5.236111111111111
1,25.15
1,24.273611111111112
1,5.022916666666666
1,6.022222222222222
1,9.9375
1,104.22361111111111
1,5.061805555555556
1,5.018055555555556
1,10.930555555555555
1,5.0125
1,5.136111111111111
1,5.011111111111111
1,6.011111111111111
1,5.009027777777778
1,5.007638888888889
1,5.0472222222222225
1,5.0465277777777775
1,5.045833333333333
1,5.9625
1,5.118055555555555
1,5.200694444444444
1,5.116666666666666
1,5.155555555555556
1,17.988888888888887
1,5.029166666666667
1,5.028472222222222
1,10.944444444444445
1,6.06875
1,5.025
1,6.023611111111111
1,5.022916666666666
1,5.022222222222222
1,10.841666666666667
1,5.023611111111111
1,5.145833333333333
1,5.017361111111111
1,5.0159722222222225
1,23.013194444444444
1,5.053472222222222
1,5.093055555555556
1,5.009722222222222
1,5.048611111111111
1,5.2125
1,5.00625
1,5.045138888888889
1,5.04375
1,24.999305555555555
1,5.038194444444445
1,38.91041666666667
1,5.035416666666666
1,30.117361111111112
1,5.074305555555555
1,5.03125
1,5.030555555555556
1,5.030555555555556
1,5.029166666666667
1,8.86111111111111
1,5.025
1,5.024305555555555
1,5.188888888888889
1,5.021527777777778
1,5.059027777777778
1,5.85
1,8.975
1,5.1409722222222225
1,16.84861111111111
1,5.0152777777777775
1,5.1402777777777775
1,5.014583333333333
1,5.052777777777778
1,216.00277777777777
1,5.006944444444445
1,61.79236111111111
1,6.088888888888889
1,5.0055555555555555
1,5.04375
1,15.91875
1,10.041666666666666
1,5.081944444444445
1,5.039583333333334
1,5.039583333333334
1,5.039583333333334
1,5.039583333333334
1,10.953472222222222
1,11.035416666666666
1,5.032638888888889
1,5.031944444444444
1,5.030555555555556
1,5.029861111111111
1,18.90277777777778
1,5.985416666666667
1,5.026388888888889
1,79.06319444444445
1,5.022916666666666
1,9.813194444444445
1,5.021527777777778
1,10.852083333333333
1,11.059722222222222
1,8.933333333333334
1,5.0569444444444445
1,5.05625
1,10.972916666666666
1,5.013194444444444
1,5.011805555555555
1,5.970138888888889
1,23.09513888888889
1,5.013194444444444
1,16.883333333333333
1,9.921527777777778
1,10.875
1,5.081944444444445
1,8.831944444444444
1,9.123611111111112
1,5.0375
1,5.120833333333334
1,9.994444444444444
1,5.036111111111111
1,5.035416666666666
1,10.86875
1,10.11875
1,15.74375
1,9.116666666666667
1,5.033333333333333
1,8.865277777777777
1,9.947916666666666
1,5.029861111111111
1,5.027777777777778
1,19.73125
1,5.022916666666666
1,5.022222222222222
1,16.728472222222223
1,5.019444444444445
1,18.851388888888888
1,5.017361111111111
1,5.0159722222222225
1,10.930555555555555
1,5.054861111111111
1,5.0125
1,16.841666666666665
1,11.965972222222222
1,8.964583333333334
1,5.7972222222222225
1,5.004166666666666
1,32.75
1,5.002083333333333
1,5.707638888888889
1,5.040277777777778
1,22.99861111111111
1,16.955555555555556
1,18.825694444444444
1,5.824305555555555
1,5.031944444444444
1,5.030555555555556
1,19.779166666666665
1,89.89791666666666
1,5.7756944444444445
1,9.89861111111111
1,5.856944444444444
1,5.063194444444444
1,15.646527777777777
1,5.895138888888889
1,5.977777777777778
1,5.016666666666667
1,5.764583333333333
1,5.05625
1,8.88888888888889
1,9.720833333333333
1,5.968055555555556
1,5.006944444444445
1,5.048611111111111
1,5.715277777777778
1,31.71527777777778
1,5.045833333333333
1,5.004166666666666
1,5.004166666666666
1,8.91875
1,5.667361111111111
1,5.040277777777778
1,5.746527777777778
1,5.034722222222222
1,5.699305555555555
1,5.029166666666667
1,17.06736111111111
1,5.022916666666666
1,5.686805555555556
1,5.7659722222222225
1,5.014583333333333
1,163.88333333333333
1,22.71875
1,5.043055555555555
1,5.042361111111111
1,5.040972222222222
1,8.661805555555556
1,38.69583333333333
1,5.0625
1,5.00625
1,5.04375
1,5.038888888888889
1,5.0375
1,17.7
1,5.822222222222222
1,5.110416666666667
1,5.023611111111111
1,5.543055555555555
1,5.022916666666666
1,33.142361111111114
1,5.490277777777778
1,5.009027777777778
1,17.53125
1,5.861805555555556
1,5.579166666666667
1,17.645833333333332
1,5.079861111111111
1,18.49513888888889
1,5.067361111111111
1,5.021527777777778
1,5.059027777777778
1,5.347916666666666
1,10.588888888888889
1,8.334027777777777
1,5.0159722222222225
1,9.54861111111111
1,5.004861111111111
1,5.376388888888889
1,5.067361111111111
1,5.050694444444445
1,5.040277777777778
1,5.0159722222222225
1,5.029861111111111
1,9.359722222222222
1,5.0159722222222225
1,5.040277777777778
1,23.15972222222222
1,22.239583333333332
1,5.386805555555555
1,5.009722222222222
1,26.215972222222224
1,9.425694444444444
1,5.2555555555555555
1,5.045138888888889
1,5.041666666666667
1,5.034027777777778
1,233.11180555555555
1,5.033333333333333
1,25.323611111111113
1,5.115277777777778
1,8.03125
1,9.072222222222223
1,5.072222222222222
1,10.32013888888889
1,5.028472222222222
1,5.027777777777778
1,5.027777777777778
1,5.149305555555555
1,8.147222222222222
1,5.063888888888889
1,5.022222222222222
1,5.021527777777778
1,5.0625
1,9.061111111111112
1,5.01875
1,8.39375
1,250.26388888888889
1,5.059027777777778
1,60.015277777777776
1,5.014583333333333
1,5.013194444444444
1,5.0125
1,5.009722222222222
1,79.12847222222223
1,8.341666666666667
1,5.256944444444445
1,5.006944444444445
1,10.422916666666667
1,5.0465277777777775
1,5.0465277777777775
1,5.0465277777777775
1,5.295833333333333
1,5.043055555555555
1,9.209722222222222
1,5.123611111111111
1,18.12361111111111
1,5.122222222222222
1,5.038888888888889
1,5.038194444444445
1,8.2875
1,5.286111111111111
1,5.077083333333333
1,7.99375
1,5.034722222222222
1,5.033333333333333
1,5.197916666666667
1,5.03125
1,5.030555555555556
1,5.070833333333334
1,38.07083333333333
1,9.028472222222222
1,5.027777777777778
1,5.0256944444444445
1,5.025
1,5.232638888888889
1,5.065277777777778
1,5.022916666666666
1,5.022222222222222
1,5.022222222222222
1,5.022222222222222
1,5.188194444444444
1,7.978472222222222
1,10.311111111111112
1,5.019444444444445
1,5.018055555555556
1,5.101388888888889
1,5.100694444444445
1,9.141666666666667
1,8.016666666666667
1,8.224305555555556
1,5.0152777777777775
1,5.055555555555555
1,5.095833333333333
1,5.0125
1,5.052083333333333
1,5.134027777777778
1,5.011111111111111
1,5.049305555555556
1,5.007638888888889
1,5.00625
1,5.04375
1,24.045833333333334
1,5.003472222222222
1,5.042361111111111
1,5.084027777777778
1,5.041666666666667
1,9.290972222222223
1,9.043055555555556
1,5.040972222222222
1,5.0375
1,5.0375
1,5.0368055555555555
1,5.036111111111111
1,8.991666666666667
1,9.32638888888889
1,10.07013888888889
1,5.027777777777778
1,5.0680555555555555
1,26.23402777777778
1,38.02361111111111
1,5.022916666666666
1,5.230555555555555
1,5.022222222222222
1,5.021527777777778
1,5.228472222222222
1,5.019444444444445
1,5.059722222222222
1,5.058333333333334
1,5.0152777777777775
1,5.135416666666667
1,5.010416666666667
1,5.052083333333333
1,9.218055555555555
1,8.214583333333334
1,5.129861111111111
1,25.17152777777778
1,5.0465277777777775
1,5.044444444444444
1,5.043055555555555
1,5.166666666666667
1,8.416666666666666
1,8.20625
1,16.911805555555556
1,5.036111111111111
1,8.033333333333333
1,10.153472222222222
1,5.028472222222222
1,5.027777777777778
1,8.193055555555556
1,51.15069444444445
1,5.025
1,5.022222222222222
1,44.145833333333336
1,5.061805555555556
1,5.019444444444445
1,5.019444444444445
1,7.977083333333334
1,5.184722222222222
1,5.100694444444445
1,5.017361111111111
1,5.017361111111111
1,5.0152777777777775
1,9.138194444444444
1,5.179861111111111
1,8.053472222222222
1,36.17638888888889
1,24.008333333333333
1,16.007638888888888
1,5.007638888888889
1,36.25694444444444
1,5.0472222222222225
1,30.17222222222222
1,5.045833333333333
1,5.0055555555555555
1,9.086805555555555
1,5.045138888888889
1,5.125694444444444
1,5.041666666666667
1,8.206944444444444
1,5.08125
1,5.122916666666667
1,11.121527777777779
1,5.0368055555555555
1,5.911111111111111
1,32.15972222222222
1,7.95
1,205.06527777777777
1,9.94513888888889
1,5.026388888888889
1,5.1097222222222225
1,36.859027777777776
1,5.023611111111111
1,5.10625
1,5.0625
1,5.020138888888889
1,5.019444444444445
1,12.143055555555556
1,5.014583333333333
1,43.22291666666667
1,5.013888888888889
1,8.013194444444444
1,5.054861111111111
1,5.00625
1,5.007638888888889
1,5.045833333333333
1,5.042361111111111
1,5.039583333333334
1,5.038194444444445
1,9.159722222222221
1,5.158333333333333
1,5.113888888888889
1,5.154861111111111
1,5.029861111111111
1,37.77777777777778
1,12.150694444444444
1,5.025
1,5.144444444444445
1,5.060416666666667
1,37.893055555555556
1,8.01736111111111
1,5.100694444444445
1,14.850694444444445
1,5.017361111111111
1,5.1
1,5.011805555555555
1,18.96875
1,5.051388888888889
1,24.134027777777778
1,5.090972222222222
1,5.048611111111111
1,5.0472222222222225
1,5.0875
1,5.041666666666667
1,8.832638888888889
1,5.040972222222222
1,9.871527777777779
1,14.788194444444445
1,5.0375
1,32.03472222222222
1,18.78472222222222
1,5.034027777777778
1,5.033333333333333
1,37.86527777777778
1,18.865277777777777
1,9.990277777777777
1,15.154166666666667
1,5.070833333333334
1,5.070138888888889
1,78.89722222222223
1,5.0256944444444445
1,5.025
1,17.895138888888887
1,5.019444444444445
1,9.059027777777779
1,9.890972222222222
1,8.140972222222222
1,5.018055555555556
1,5.0152777777777775
1,5.0125
1,8.804166666666667
1,14.845833333333333
1,5.010416666666667
1,15.760416666666666
1,7.968055555555556
1,15.758333333333333
1,8.8
1,9.049305555555556
1,5.05
1,5.047916666666667
1,8.38125
1,5.0055555555555555
1,5.045833333333333
1,5.0055555555555555
1,5.044444444444444
1,10.002083333333333
1,5.042361111111111
1,9.04375
1,5.001388888888889
1,5.040277777777778
1,5.040277777777778
1,5.038888888888889
1,5.0368055555555555
1,10.078472222222222
1,9.036805555555556
1,10.077777777777778
1,5.034722222222222
1,5.032638888888889
1,19.155555555555555
1,5.071527777777778
1,8.863194444444444
1,5.029166666666667
1,15.861805555555556
1,5.027777777777778
1,16.73611111111111
1,5.027083333333334
1,5.0680555555555555
1,5.1090277777777775
1,16.73263888888889
1,5.022916666666666
1,5.105555555555555
1,31.729861111111113
1,5.020833333333333
1,23.894444444444446
1,5.060416666666667
1,5.018055555555556
1,7.9743055555555555
1,7.848611111111111
1,7.93125
1,7.845138888888889
1,14.552083333333334
1,5.010416666666667
1,17.259722222222223
1,5.047916666666667
1,15.711805555555555
1,14.875694444444445
1,5.041666666666667
1,8.790277777777778
1,15.831944444444444
1,5.079861111111111
1,5.038194444444445
1,16.788194444444443
1,193.8215277777778
1,5.034027777777778
1,5.033333333333333
1,16.866666666666667
1,5.074305555555555
1,5.031944444444444
1,9.740277777777777
1,18.03125
1,5.030555555555556
1,5.030555555555556
1,15.73611111111111
1,5.110416666666667
1,5.026388888888889
1,5.023611111111111
1,15.813888888888888
1,5.019444444444445
1,5.01875
1,5.058333333333334
1,7.641666666666667
1,5.0152777777777775
1,18.97222222222222
1,8.7625
1,15.011805555555556
1,9.716666666666667
1,5.007638888888889
1,5.006944444444445
1,9.213194444444444
1,16.836111111111112
1,5.004861111111111
1,8.334722222222222
1,9.875694444444445
1,8.747916666666667
1,23.747222222222224
1,5.0375
1,17.78125
1,5.067361111111111
1,7.60625
1,5.021527777777778
1,5.020833333333333
1,5.01875
1,305.88680555555555
1,9.677083333333334
1,5.00625
1,5.0472222222222225
1,5.042361111111111
1,5.025
1,5.0625
1,5.020833333333333
1,5.018055555555556
1,5.0159722222222225
1,5.053472222222222
1,5.042361111111111
1,5.040277777777778
1,5.021527777777778
1,7.513194444444444
1,5.013194444444444
1,5.032638888888889
1,5.020138888888889
1,78.86180555555555
1,5.025
1,9.728472222222223
1,5.01875
1,5.032638888888889
1,7.35625
1,2.3006944444444444
1,7.340277777777778
1,5.029166666666667
1,7.641666666666667
1,5.026388888888889
1,5.004166666666666
1,5.038888888888889
1,7.148611111111111
1,1.8145833333333334
1,7.2375
1,5.036111111111111
1,7.335416666666666
1,5.031944444444444
1,8.425
1,5.0055555555555555
1,5.038194444444445
1,5.030555555555556
1,5.030555555555556
1,5.064583333333333
1,5.048611111111111
1,5.004166666666666
1,5.017361111111111
1,5.019444444444445
1,9.160416666666666
1,5.052777777777778
1,5.168055555555555
1,8.909722222222221
1,16.81111111111111
1,13.9875
1,5.041666666666667
1,7.99375
1,5.014583333333333
1,5.003472222222222
1,5.0569444444444445
1,7.722916666666666
1,14.696527777777778
1,6.560416666666667
1,5.0152777777777775
1,6.810416666666667
1,5.045833333333333
1,5.048611111111111
1,5.034722222222222
1,5.033333333333333
1,15.175694444444444
1,16.159027777777776
1,6.268055555555556
1,7.323611111111111
1,6.274305555555555
1,13.397222222222222
1,5.054166666666666
1,16.24375
1,5.023611111111111
1,5.977083333333334
1,20.102083333333333
1,5.156944444444444
1,5.029166666666667
1,5.029861111111111
1,13.945833333333333
1,5.028472222222222
1,14.105555555555556
1,5.0159722222222225
1,6.083333333333333
1,5.058333333333334
1,5.013888888888889
1,7.741666666666666
1,5.022916666666666
1,5.007638888888889
1,5.073611111111111
1,5.0368055555555555
1,12.08611111111111
1,5.075
1,5.055555555555555
1,6.550694444444445
1,5.0375
1,5.044444444444444
1,5.147222222222222
1,5.225
1,5.010416666666667
1,30.40625
1,5.028472222222222
1,5.016666666666667
1,5.054166666666666
1,5.300694444444445
1,11.842361111111112
1,5.05
1,5.004861111111111
1,5.248611111111111
1,5.0368055555555555
1,5.034722222222222
1,9.368055555555555
1,5.034027777777778
1,6.117361111111111
1,5.160416666666666
1,5.240972222222222
1,19.365972222222222
1,5.029861111111111
1,5.196527777777778
1,16.363194444444446
1,12.07013888888889
1,5.028472222222222
1,5.028472222222222
1,15.029166666666667
1,5.027083333333334
1,5.027083333333334
1,5.022916666666666
1,9.35763888888889
1,15.145833333333334
1,5.269444444444445
1,5.102083333333334
1,5.018055555555556
1,5.017361111111111
1,5.100694444444445
1,6.014583333333333
1,9.349305555555556
1,5.263194444444444
1,5.0152777777777775
1,12.5125
1,5.18125
1,5.011111111111111
1,5.09375
1,5.21875
1,5.010416666666667
1,5.051388888888889
1,5.009027777777778
1,5.008333333333334
1,5.090972222222222
1,5.215277777777778
1,5.048611111111111
1,5.339583333333334
1,16.255555555555556
1,5.1715277777777775
1,5.295138888888889
1,5.045138888888889
1,5.045138888888889
1,6.128472222222222
1,5.086805555555555
1,7.044444444444444
1,5.2131944444444445
1,5.04375
1,5.043055555555555
1,6.250694444444444
1,5.084027777777778
1,5.040277777777778
1,6.205555555555556
1,5.038194444444445
1,5.370833333333334
1,20.994444444444444
1,12.035416666666666
1,14.199305555555556
1,5.032638888888889
1,5.031944444444444
1,5.03125
1,13.072222222222223
1,7.073611111111111
1,5.029166666666667
1,14.042361111111111
1,5.028472222222222
1,5.2347222222222225
1,6.026388888888889
1,6.108333333333333
1,5.024305555555555
1,7.024305555555555
1,5.065277777777778
1,5.022222222222222
1,5.020833333333333
1,6.020138888888889
1,5.019444444444445
1,5.269444444444445
1,6.269444444444445
1,7.01875
1,14.227083333333333
1,5.225694444444445
1,5.016666666666667
1,13.977083333333333
1,5.0159722222222225
1,5.3069444444444445
1,28.264583333333334
1,5.0159722222222225
1,6.179861111111111
1,5.0125
1,5.0125
1,5.220833333333333
1,6.095833333333333
1,5.218055555555556
1,5.051388888888889
1,13.968055555555555
1,6.009027777777778
1,6.965277777777778
1,72.29861111111111
1,5.048611111111111
1,28.00625
1,5.00625
1,15.005555555555556
1,6.0055555555555555
1,34.96388888888889
1,5.0465277777777775
1,5.961805555555555
1,5.045138888888889
1,5.044444444444444
1,16.002083333333335
1,7.04375
1,41.00069444444444
1,16.292361111111113
1,5.041666666666667
1,12.083333333333334
1,16.252083333333335
1,20.332638888888887
1,5.040972222222222
1,5.040972222222222
1,5.165277777777778
1,34.956944444444446
1,5.039583333333334
1,5.0368055555555555
1,5.034722222222222
1,9.286805555555556
1,5.034027777777778
1,5.032638888888889
1,5.03125
1,5.989583333333333
1,16.197916666666668
1,5.028472222222222
1,13.11111111111111
1,5.026388888888889
1,13.995833333333334
1,11.73263888888889
1,5.024305555555555
1,7.024305555555555
1,14.065972222222221
1,5.022916666666666
1,11.980555555555556
1,5.228472222222222
1,139.2236111111111
1,5.01875
1,5.020138888888889
1,11.72638888888889
1,204.17916666666667
1,5.267361111111111
1,5.0159722222222225
1,5.013888888888889
1,5.222222222222222
1,5.011111111111111
1,29.968055555555555
1,5.132638888888889
1,13.089583333333334
1,6.172916666666667
1,5.00625
1,5.047916666666667
1,12.297222222222222
1,5.3805555555555555
1,6.5055555555555555
1,5.004166666666666
1,5.126388888888889
1,244.02569444444444
1,5.041666666666667
1,12.125
1,7.039583333333334
1,5.039583333333334
1,14.079166666666667
1,5.913888888888889
1,13.160416666666666
1,7.077083333333333
1,12.285416666666666
1,5.035416666666666
1,5.033333333333333
1,6.156944444444444
1,5.03125
1,5.03125
1,15.945833333333333
1,5.028472222222222
1,7.860416666666667
1,20.025
1,5.025
1,25.981944444444444
1,7.271527777777778
1,6.14375
1,5.01875
1,13.893055555555556
1,5.017361111111111
1,5.138888888888889
1,5.0125
1,6.136805555555555
1,13.052777777777777
1,5.010416666666667
1,9.260416666666666
1,6.134027777777778
1,5.047916666666667
1,34.96388888888889
1,6.9215277777777775
1,5.0465277777777775
1,6.129166666666666
1,5.04375
1,5.043055555555555
1,8.917361111111111
1,5.040972222222222
1,34.954861111111114
1,5.0375
1,5.034027777777778
1,5.072916666666667
1,5.069444444444445
1,5.901388888888889
1,36.18888888888889
1,6.104166666666667
1,5.058333333333334
1,231.09444444444443
1,5.050694444444445
1,12.133333333333333
1,6.129861111111111
1,5.214583333333334
1,6.211111111111111
1,5.038194444444445
1,36.203472222222224
1,5.0368055555555555
1,5.036111111111111
1,5.0777777777777775
1,60.828472222222224
1,5.034722222222222
1,7.032638888888889
1,5.030555555555556
1,15.027777777777779
1,5.1097222222222225
1,15.068055555555556
1,5.028472222222222
1,5.9
1,5.025
1,5.022916666666666
1,13.105555555555556
1,5.0625
1,5.019444444444445
1,34.893055555555556
1,15.140972222222222
1,5.0159722222222225
1,6.888888888888889
1,5.013888888888889
1,100.09861111111111
1,6.054166666666666
1,5.0125
1,5.177777777777778
1,37.13472222222222
1,12.88263888888889
1,5.048611111111111
1,5.1722222222222225
1,5.044444444444444
1,13.083333333333334
1,5.038888888888889
1,13.82986111111111
1,5.079166666666667
1,6.7875
1,5.0375
1,5.0368055555555555
1,5.0784722222222225
1,5.036111111111111
1,18.78611111111111
1,6.115277777777778
1,7.031944444444444
1,5.073611111111111
1,19.197222222222223
1,6.030555555555556
1,6.072222222222222
1,5.152777777777778
1,5.027083333333334
1,5.023611111111111
1,5.020833333333333
1,14.895833333333334
1,5.020833333333333
1,5.016666666666667
1,5.057638888888889
1,5.0152777777777775
1,22.929861111111112
1,18.429861111111112
1,11.7625
1,5.133333333333334
1,5.052083333333333
1,5.047916666666667
1,5.13125
1,18.8375
1,5.0875
1,5.126388888888889
1,57.12569444444444
1,5.041666666666667
1,12.749305555555555
1,5.915277777777778
1,5.08125
1,5.039583333333334
1,0.7708333333333334
1,14.9125
1,5.076388888888889
1,6.909027777777778
1,5.032638888888889
1,6.865972222222222
1,5.03125
1,5.03125
1,5.821527777777778
1,11.988194444444444
1,5.070833333333334
1,5.027083333333334
1,5.733333333333333
1,5.022916666666666
1,12.852777777777778
1,5.019444444444445
1,5.102083333333334
1,5.018055555555556
1,5.016666666666667
1,5.098611111111111
1,5.972222222222222
1,5.013888888888889
1,5.013194444444444
1,5.804861111111111
1,6.011805555555555
1,5.011111111111111
1,5.008333333333334
1,5.965972222222222
1,5.049305555555556
1,5.009027777777778
1,5.964583333333334
1,5.047916666666667
1,5.047916666666667
1,12.964583333333334
1,5.9222222222222225
1,5.963888888888889
1,5.047916666666667
1,5.00625
1,15.794444444444444
1,5.79375
1,5.04375
1,5.042361111111111
1,16.0
1,5.040972222222222
1,5.75
1,18.997222222222224
1,5.038888888888889
1,242.82430555555555
1,14.036805555555556
1,229.78055555555557
1,5.823611111111111
1,5.947222222222222
1,6.945138888888889
1,5.027083333333334
1,12.984027777777778
1,64.72638888888889
1,5.022222222222222
1,105.80833333333334
1,5.0625
1,5.728472222222222
1,5.020138888888889
1,5.018055555555556
1,5.059027777777778
1,13.765972222222222
1,5.057638888888889
1,5.013888888888889
1,5.053472222222222
1,5.761111111111111
1,20.75625
1,5.0472222222222225
1,12.963888888888889
1,5.045833333333333
1,18.92013888888889
1,5.04375
1,34.91458333333333
1,5.7034722222222225
1,12.030555555555555
1,21.988888888888887
1,144.9909722222222
1,6.1090277777777775
1,5.022916666666666
1,64.88541666666667
1,5.011805555555555
1,40.09097222222222
1,5.003472222222222
1,5.044444444444444
1,5.039583333333334
1,5.038194444444445
1,5.6097222222222225
1,5.016666666666667
1,19.794444444444444
1,11.66875
1,5.0375
1,5.020138888888889
1,5.053472222222222
1,5.086111111111111
1,5.0375
1,5.034722222222222
1,13.658333333333333
1,5.027083333333334
1,5.025
1,15.545833333333333
1,5.491666666666666
1,5.423611111111111
1,5.422916666666667
1,6.4534722222222225
1,5.027777777777778
1,5.395138888888889
1,6.392361111111111
1,5.040972222222222
1,5.019444444444445
1,6.346527777777778
1,5.302083333333333
1,20.419444444444444
1,5.127083333333333
1,5.165277777777778
1,5.121527777777778
1,11.574305555555556
1,5.024305555555555
1,5.273611111111111
1,15.449305555555556
1,5.305555555555555
1,5.035416666666666
1,5.063888888888889
1,5.170138888888889
1,5.010416666666667
1,5.034027777777778
1,20.279166666666665
1,5.019444444444445
1,5.010416666666667
1,5.009722222222222
1,19.04375
1,5.040277777777778
1,5.0368055555555555
1,13.116666666666667
1,35.115972222222226
1,6.279166666666667
1,6.195138888888889
1,5.027777777777778
1,5.108333333333333
1,12.272916666666667
1,5.230555555555555
1,5.022222222222222
1,5.022222222222222
1,12.3125
1,5.268055555555556
1,5.017361111111111
1,19.058333333333334
1,5.0159722222222225
1,5.222916666666666
1,5.014583333333333
1,15.222916666666666
1,5.013194444444444
1,5.054166666666666
1,6.178472222222222
1,99.08958333333334
1,11.175
1,5.006944444444445
1,6.089583333333334
1,19.29652777777778
1,5.2131944444444445
1,14.295833333333333
1,11.129166666666666
1,12.294444444444444
1,12.169444444444444
1,5.084027777777778
1,5.041666666666667
1,5.206944444444445
1,5.08125
1,6.163888888888889
1,11.28888888888889
1,11.538194444444445
1,5.0375
1,5.079166666666667
1,5.036111111111111
1,5.036111111111111
1,7.11875
1,5.034722222222222
1,5.032638888888889
1,12.365277777777777
1,5.03125
1,5.030555555555556
1,5.277083333333334
1,5.066666666666666
1,5.191666666666666
1,5.022916666666666
1,14.10625
1,13.102777777777778
1,5.0159722222222225
1,5.0152777777777775
1,71.25694444444444
1,5.011111111111111
1,228.0090277777778
1,11.340277777777779
1,5.048611111111111
1,13.089583333333334
1,12.172222222222222
1,12.046527777777778
1,5.006944444444445
1,5.0875
1,5.045833333333333
1,5.045138888888889
1,5.043055555555555
1,26.0
1,5.040972222222222
1,5.332638888888889
1,11.33125
1,7.997222222222222
1,18.288194444444443
1,5.0368055555555555
1,27.035416666666666
1,5.034722222222222
1,5.950694444444444
1,5.03125
1,5.1125
1,5.028472222222222
1,5.027083333333334
1,5.026388888888889
1,57.270833333333336
1,5.191666666666666
1,5.024305555555555
1,12.14861111111111
1,5.063194444444444
1,5.226388888888889
1,5.309027777777778
1,5.058333333333334
1,5.057638888888889
1,5.222222222222222
1,5.138194444444444
1,5.178472222222222
1,5.052777777777778
1,5.052777777777778
1,15.136111111111111
1,5.970833333333333
1,0.02638888888888889
1,6.299305555555556
1,5.007638888888889
1,5.043055555555555
1,11.286805555555556
1,12.910416666666666
1,182.0263888888889
1,10.947222222222223
1,5.028472222222222
1,27.194444444444443
1,5.940972222222222
1,5.940277777777778
1,5.813194444444444
1,5.102777777777778
1,5.185416666666667
1,6.226388888888889
1,5.016666666666667
1,5.0159722222222225
1,5.013194444444444
1,5.054166666666666
1,5.0125
1,5.051388888888889
1,5.217361111111111
1,40.13472222222222
1,5.00625
1,5.2125
1,181.99722222222223
1,6.376388888888889
1,5.041666666666667
1,12.207638888888889
1,5.038888888888889
1,17.954166666666666
1,5.0375
1,5.034027777777778
1,15.075694444444444
1,5.031944444444444
1,5.28125
1,20.195138888888888
1,5.027777777777778
1,13.94375
1,5.235416666666667
1,5.1097222222222225
1,6.190277777777778
1,5.263888888888889
1,5.055555555555555
1,5.219444444444444
1,5.175694444444445
1,20.008333333333333
1,6.131944444444445
1,5.838888888888889
1,5.045833333333333
1,31.877777777777776
1,5.040972222222222
1,60.86875
1,5.08125
1,5.035416666666666
1,90.07152777777777
1,18.240277777777777
1,5.030555555555556
1,6.946527777777778
1,5.027777777777778
1,13.152777777777779
1,12.814583333333333
1,19.899305555555557
1,5.103472222222222
1,5.060416666666667
1,5.934722222222222
1,5.059027777777778
1,5.0993055555555555
1,5.0569444444444445
1,12.01388888888889
1,5.013194444444444
1,5.09375
1,5.009722222222222
1,23.986805555555556
1,5.0472222222222225
1,5.0465277777777775
1,29.169444444444444
1,5.038194444444445
1,13.95486111111111
1,33.87013888888889
1,5.035416666666666
1,5.035416666666666
1,5.034722222222222
1,6.826388888888889
1,33.074305555555554
1,5.782638888888889
1,46.86527777777778
1,5.070138888888889
1,5.027083333333334
1,5.8597222222222225
1,5.067361111111111
1,5.0256944444444445
1,5.022222222222222
1,5.020833333333333
1,11.8125
1,19.935416666666665
1,10.809027777777779
1,5.058333333333334
1,19.099305555555556
1,5.097916666666666
1,35.763888888888886
1,31.886805555555554
1,5.052777777777778
1,5.886111111111111
1,14.96875
1,12.178472222222222
1,5.093055555555556
1,5.0465277777777775
1,33.83402777777778
1,18.038888888888888
1,18.830555555555556
1,11.120138888888889
1,6.785416666666666
1,5.03125
1,5.03125
1,5.78125
1,11.861805555555556
1,5.028472222222222
1,5.027083333333334
1,5.7347222222222225
1,10.734027777777778
1,11.73263888888889
1,6.024305555555555
1,14.98125
1,5.022222222222222
1,181.85069444444446
1,5.022222222222222
1,12.979166666666666
1,5.020138888888889
1,25.76736111111111
1,5.016666666666667
1,21.97013888888889
1,27.844444444444445
1,5.009722222222222
1,5.0472222222222225
1,5.922916666666667
1,5.754166666666666
1,5.042361111111111
1,5.002777777777778
1,5.040972222222222
1,12.790277777777778
1,5.040277777777778
1,5.038194444444445
1,5.7444444444444445
1,5.74375
1,5.702083333333333
1,14.909027777777778
1,5.032638888888889
1,5.074305555555555
1,5.031944444444444
1,5.072222222222222
1,5.030555555555556
1,18.904166666666665
1,5.028472222222222
1,14.82013888888889
1,5.028472222222222
1,5.026388888888889
1,5.026388888888889
1,5.066666666666666
1,10.858333333333333
1,5.065972222222222
1,5.023611111111111
1,13.019444444444444
1,5.059027777777778
1,27.975694444444443
1,5.014583333333333
1,5.05625
1,10.88888888888889
1,5.010416666666667
1,5.759722222222222
1,5.840972222222222
1,12.088888888888889
1,5.045138888888889
1,5.043055555555555
1,199.95347222222222
1,5.038194444444445
1,5.0375
1,5.035416666666666
1,5.029861111111111
1,5.029166666666667
1,12.727083333333333
1,5.014583333333333
1,5.013888888888889
1,5.9625
1,5.870138888888889
1,5.034027777777778
1,5.65
1,5.045833333333333
1,11.697222222222223
1,5.6090277777777775
1,5.524305555555555
1,5.593055555555556
1,14.672916666666667
1,5.038194444444445
1,5.034027777777778
1,14.157638888888888
1,5.064583333333333
1,10.790277777777778
1,5.028472222222222
1,5.026388888888889
1,14.635416666666666
1,5.38125
1,5.0881944444444445
1,5.417361111111111
1,5.4125
1,5.03125
1,17.65625
1,5.063194444444444
1,17.761805555555554
1,18.550694444444446
1,19.589583333333334
1,5.036111111111111
1,19.577083333333334
1,5.033333333333333
1,10.35138888888889
1,28.30763888888889
1,33.75625
1,11.525
1,5.05
1,14.058333333333334
1,5.0159722222222225
1,5.029166666666667
1,5.029166666666667
1,5.0465277777777775
1,13.186805555555555
1,5.017361111111111
1,5.054166666666666
1,5.053472222222222
1,12.177777777777777
1,5.006944444444445
1,5.0875
1,5.038888888888889
1,5.038194444444445
1,10.240277777777777
1,5.03125
1,11.278472222222222
1,5.06875
1,5.027083333333334
1,7.274305555555555
1,5.063888888888889
1,5.020138888888889
1,5.186111111111111
1,10.10138888888889
1,5.059027777777778
1,0.05138888888888889
1,5.0152777777777775
1,5.096527777777778
1,5.052083333333333
1,5.048611111111111
1,5.0472222222222225
1,5.004861111111111
1,5.045833333333333
1,5.045138888888889
1,5.16875
1,14.125694444444445
1,5.040972222222222
1,5.2875
1,5.0375
1,5.079166666666667
1,14.120138888888889
1,13.036111111111111
1,10.161111111111111
1,5.035416666666666
1,5.034027777777778
1,5.031944444444444
1,13.323611111111111
1,5.030555555555556
1,5.029861111111111
1,5.028472222222222
1,5.026388888888889
1,5.0256944444444445
1,10.025694444444444
1,5.0256944444444445
1,5.108333333333333
1,5.022916666666666
1,11.064583333333333
1,5.019444444444445
1,18.184722222222224
1,10.018055555555556
1,5.101388888888889
1,89.21944444444445
1,5.055555555555555
1,5.011805555555555
1,38.052083333333336
1,5.259027777777778
1,5.133333333333334
1,5.008333333333334
1,12.00625
1,5.045833333333333
1,5.003472222222222
1,26.42013888888889
1,5.044444444444444
1,5.043055555555555
1,5.251388888888889
1,5.126388888888889
1,17.040277777777778
1,5.206944444444445
1,5.039583333333334
1,5.039583333333334
1,5.0368055555555555
1,5.1194444444444445
1,6.160416666666666
1,5.035416666666666
1,12.240972222222222
1,10.072222222222223
1,13.946527777777778
1,5.029166666666667
1,5.026388888888889
1,5.026388888888889
1,5.107638888888889
1,5.023611111111111
1,5.020833333333333
1,5.020833333333333
1,5.020138888888889
1,5.017361111111111
1,5.05625
1,5.0152777777777775
1,5.011111111111111
1,5.011111111111111
1,5.218055555555556
1,5.175694444444445
1,20.085416666666667
1,9.917361111111111
1,5.042361111111111
1,5.040972222222222
1,5.040972222222222
1,5.122222222222222
1,5.038888888888889
1,5.038194444444445
1,5.120833333333334
1,5.036111111111111
1,5.077083333333333
1,10.11875
1,5.160416666666666
1,5.284722222222222
1,5.034027777777778
1,5.075
1,97.10833333333333
1,5.153472222222222
1,5.111805555555556
1,10.154861111111112
1,5.276388888888889
1,5.151388888888889
1,5.192361111111111
1,5.027083333333334
1,6.106944444444444
1,5.102777777777778
1,11.01736111111111
1,5.016666666666667
1,5.0159722222222225
1,5.05625
1,26.8875
1,5.013194444444444
1,5.010416666666667
1,5.008333333333334
1,5.256944444444445
1,5.047916666666667
1,5.044444444444444
1,9.91875
1,24.91875
1,5.040277777777778
1,32.956944444444446
1,9.866666666666667
1,12.073611111111111
1,9.904861111111112
1,5.154166666666667
1,10.102777777777778
1,5.143055555555556
1,5.0159722222222225
1,5.0569444444444445
1,5.138194444444444
1,5.0125
1,5.177083333333333
1,5.048611111111111
1,5.129861111111111
1,18.086805555555557
1,5.038888888888889
1,5.038194444444445
1,5.034722222222222
1,5.034027777777778
1,9.948611111111111
1,5.03125
1,10.030555555555555
1,5.030555555555556
1,5.0256944444444445
1,5.063888888888889
1,5.147222222222222
1,18.018055555555556
1,5.0159722222222225
1,5.013888888888889
1,12.970833333333333
1,5.009027777777778
1,5.0472222222222225
1,5.0881944444444445
1,5.004166666666666
1,5.086805555555555
1,10.919444444444444
1,25.419444444444444
1,5.044444444444444
1,5.085416666666666
1,5.084027777777778
1,5.082638888888889
1,5.081944444444445
1,13.040277777777778
1,5.080555555555556
1,18.12152777777778
1,5.0375
1,5.0368055555555555
1,14.077777777777778
1,5.99375
1,5.077083333333333
1,5.076388888888889
1,5.034722222222222
1,5.242361111111111
1,5.241666666666666
1,5.032638888888889
1,5.239583333333333
1,10.03125
1,5.238888888888889
1,5.029861111111111
1,11.988194444444444
1,25.404166666666665
1,6.777777777777778
1,5.2347222222222225
1,5.2340277777777775
1,17.983333333333334
1,5.191666666666666
1,5.107638888888889
1,5.190277777777778
1,5.189583333333333
1,10.10625
1,5.188888888888889
1,5.021527777777778
1,5.021527777777778
1,5.148611111111111
1,25.394444444444446
1,5.14375
1,5.018055555555556
1,5.018055555555556
1,17.893055555555556
1,5.059027777777778
1,20.850694444444443
1,5.058333333333334
1,5.057638888888889
1,12.350694444444445
1,11.181944444444444
1,5.0569444444444445
1,14.056944444444444
1,13.014583333333333
1,5.05625
1,5.013194444444444
1,5.052083333333333
1,5.051388888888889
1,5.342361111111111
1,10.091666666666667
1,5.006944444444445
1,9.964583333333334
1,5.0472222222222225
1,5.045138888888889
1,5.044444444444444
1,5.04375
1,18.04375
1,5.039583333333334
1,5.079166666666667
1,5.0368055555555555
1,5.0784722222222225
1,5.036111111111111
1,5.0777777777777775
1,5.034722222222222
1,5.033333333333333
1,5.031944444444444
1,5.03125
1,11.153472222222222
1,61.81180555555556
1,10.772916666666667
1,11.730555555555556
1,9.729861111111111
1,5.021527777777778
1,12.354166666666666
1,5.145138888888889
1,5.019444444444445
1,10.060416666666667
1,5.01875
1,5.059027777777778
1,17.76736111111111
1,11.975
1,5.014583333333333
1,5.013888888888889
1,5.013194444444444
1,5.011805555555555
1,5.052777777777778
1,5.013194444444444
1,5.010416666666667
1,5.051388888888889
1,5.051388888888889
1,19.133333333333333
1,5.007638888888889
1,19.132638888888888
1,19.13125
1,9.8375
1,13.795833333333333
1,16.879166666666666
1,5.045138888888889
1,5.002083333333333
1,188.91041666666666
1,13.997916666666667
1,9.78888888888889
1,5.038194444444445
1,226.74791666666667
1,9.995833333333334
1,10.745833333333334
1,40.03680555555555
1,40.03611111111111
1,5.035416666666666
1,89.8638888888889
1,5.03125
1,5.03125
1,5.029861111111111
1,5.028472222222222
1,5.027777777777778
1,19.944444444444443
1,9.81875
1,5.026388888888889
1,5.026388888888889
1,5.0256944444444445
1,19.941666666666666
1,10.775
1,5.025
1,13.858333333333333
1,10.815972222222221
1,10.02361111111111
1,19.940277777777776
1,5.022916666666666
1,5.063194444444444
1,5.020833333333333
1,5.0625
1,5.01875
1,9.97638888888889
1,19.101388888888888
1,19.100694444444443
1,9.933333333333334
1,19.099305555555556
1,11.059722222222222
1,19.09861111111111
1,5.0152777777777775
1,19.93125
1,19.929861111111112
1,19.929166666666667
1,13.970833333333333
1,19.928472222222222
1,5.761111111111111
1,5.011111111111111
1,19.927083333333332
1,11.010416666666666
1,5.009722222222222
1,19.925694444444446
1,5.050694444444445
1,19.925
1,19.92361111111111
1,5.009027777777778
1,26.797916666666666
1,19.922916666666666
1,5.0055555555555555
1,19.92152777777778
1,9.920833333333333
1,19.920833333333334
1,19.91875
1,14.043055555555556
1,19.917361111111113
1,19.916666666666668
1,19.915277777777778
1,9.997222222222222
1,19.915972222222223
1,20.9125
1,20.910416666666666
1,20.90972222222222
1,9.659722222222221
1,5.033333333333333
1,20.908333333333335
1,5.075
1,20.90763888888889
1,20.906944444444445
1,20.90625
1,20.90486111111111
1,24.696527777777778
1,20.904166666666665
1,20.903472222222224
1,20.94236111111111
1,20.941666666666666
1,12.774305555555555
1,20.94097222222222
1,5.023611111111111
1,20.939583333333335
1,5.022916666666666
1,20.899305555555557
1,19.688194444444445
1,9.895833333333334
1,5.3909722222222225
1,5.013888888888889
1,9.888194444444444
1,24.929861111111112
1,5.011805555555555
1,5.002777777777778
1,5.042361111111111
1,5.041666666666667
1,20.906944444444445
1,10.655555555555555
1,5.065277777777778
1,5.014583333333333
1,26.8875
1,26.884722222222223
1,13.883333333333333
1,26.88125
1,9.627777777777778
1,20.872222222222224
1,19.869444444444444
1,5.034722222222222
1,9.824305555555556
1,5.03125
1,26.863888888888887
1,9.81875
1,20.8125
1,20.84722222222222
1,20.802083333333332
1,11.59375
1,5.008333333333334
1,13.67361111111111
1,26.83888888888889
1,34.8375
1,5.043055555555555
1,5.030555555555556
1,5.0993055555555555
1,5.013888888888889
1,5.042361111111111
1,5.398611111111111
1,16.552777777777777
1,5.031944444444444
1,5.260416666666667
1,5.004166666666666
1,45.391666666666666
1,45.375
1,12.331944444444444
1,13.5375
1,18.410416666666666
1,9.988194444444444
1,17.56111111111111
1,32.291666666666664
1,5.038194444444445
1,5.052777777777778
1,19.3375
1,5.156944444444444
1,5.019444444444445
1,20.088194444444444
1,5.035416666666666
1,9.236805555555556
1,69.30902777777777
1,16.01597222222222
1,5.020833333333333
1,5.026388888888889
1,9.131944444444445
1,5.08125
1,9.170833333333333
1,8.813194444444445
1,5.03125
1,5.048611111111111
1,8.794444444444444
1,5.033333333333333
1,11.841666666666667
1,5.042361111111111
1,5.072222222222222
1,5.024305555555555
1,5.0569444444444445
1,5.007638888888889
1,23.70625
1,8.871527777777779
1,5.0152777777777775
1,5.095138888888889
1,5.025
1,5.024305555555555
1,23.4375
1,5.041666666666667
1,5.038888888888889
1,5.029166666666667
1,5.026388888888889
1,5.025
1,5.019444444444445
1,5.014583333333333
1,22.55
1,11.447222222222223
1,5.026388888888889
1,9.3875
1,5.041666666666667
1,8.399305555555555
1,10.684027777777779
1,11.663194444444445
1,22.114583333333332
1,8.36111111111111
1,8.277083333333334
1,5.0256944444444445
1,68.3125
1,5.01875
1,8.097222222222221
1,10.095138888888888
1,5.0472222222222225
1,5.04375
1,5.040277777777778
1,8.248611111111112
1,5.039583333333334
1,5.025
1,24.06597222222222
1,5.022916666666666
1,10.352777777777778
1,5.0055555555555555
1,5.122222222222222
1,8.246527777777779
1,8.190972222222221
1,5.020833333333333
1,5.009722222222222
1,8.213888888888889
1,7.961805555555555
1,8.210416666666667
1,5.043055555555555
1,5.084027777777778
1,24.988888888888887
1,5.029861111111111
1,5.025
1,5.019444444444445
1,5.059027777777778
1,11.888194444444444
1,8.129166666666666
1,5.08125
1,5.034027777777778
1,5.020833333333333
1,16.927083333333332
1,5.049305555555556
1,5.0472222222222225
1,5.045138888888889
1,7.836111111111111
1,30.91875
1,16.90763888888889
1,5.065277777777778
1,5.020833333333333
1,26.099305555555556
1,5.094444444444444
1,8.093055555555555
1,8.090972222222222
1,20.097916666666666
1,5.0159722222222225
1,5.054861111111111
1,12.053472222222222
1,5.045138888888889
1,8.08125
1,5.0256944444444445
1,5.105555555555555
1,5.019444444444445
1,9.977083333333333
1,16.804861111111112
1,5.004166666666666
1,5.041666666666667
1,21.00625
1,7.700694444444444
1,5.03125
1,11.815277777777778
1,5.0569444444444445
1,17.9625
1,5.038194444444445
1,11.776388888888889
1,44.017361111111114
1,7.925694444444445
1,7.672916666666667
1,5.043055555555555
1,7.950694444444444
1,5.052083333333333
1,9.823611111111111
1,8.772222222222222
1,14.502777777777778
1,8.679166666666667
1,5.065972222222222
1,7.022916666666666
1,5.04375
1,7.457638888888889
1,5.035416666666666
1,5.049305555555556
1,5.1715277777777775
1,5.165277777777778
1,5.247916666666667
1,5.201388888888889
1,7.025
1,5.105555555555555
1,5.0159722222222225
1,5.0152777777777775
1,8.549305555555556
1,7.004861111111111
1,5.0368055555555555
1,5.03125
1,5.026388888888889
1,5.0256944444444445
1,5.0465277777777775
1,7.334722222222222
1,5.039583333333334
1,8.265972222222222
1,6.802777777777778
1,7.51875
1,7.2243055555555555
1,31.49375
1,9.234722222222222
1,5.039583333333334
1,5.161111111111111
1,7.3590277777777775
1,5.05
1,8.777083333333334
1,11.224305555555556
1,5.0125
1,5.072916666666667
1,10.002083333333333
1,5.083333333333333
1,5.029166666666667
1,5.009722222222222
1,5.028472222222222
1,5.027777777777778
1,9.98263888888889
1,5.020138888888889
1,5.020833333333333
1,5.034027777777778
1,5.027083333333334
1,5.047916666666667
1,5.010416666666667
1,5.0680555555555555
1,5.0368055555555555
1,7.5993055555555555
1,5.024305555555555
1,7.605555555555555
1,15.436805555555555
1,5.268055555555556
1,5.034722222222222
1,6.253472222222222
1,13.247916666666667
1,5.03125
1,10.029861111111112
1,5.0125
1,5.04375
1,5.039583333333334
1,8.85
1,5.0368055555555555
1,5.013888888888889
1,43.59375
1,5.022222222222222
1,7.540277777777778
1,12.565972222222221
1,5.035416666666666
1,5.0472222222222225
1,5.019444444444445
1,7.39375
1,5.060416666666667
1,13.346527777777778
1,5.627777777777778
1,7.382638888888889
1,5.010416666666667
1,5.038888888888889
1,5.034027777777778
1,5.065972222222222
1,5.063888888888889
1,23.406944444444445
1,5.017361111111111
1,5.008333333333334
1,5.007638888888889
1,5.006944444444445
1,5.04375
1,47.041666666666664
1,5.026388888888889
1,5.022222222222222
1,8.139583333333333
1,5.05625
1,5.010416666666667
1,5.009027777777778
1,5.008333333333334
1,8.294444444444444
1,5.002083333333333
1,5.042361111111111
1,6.084027777777778
1,5.042361111111111
1,5.125694444444444
1,15.290277777777778
1,5.0375
1,5.036111111111111
1,5.034027777777778
1,5.034027777777778
1,5.032638888888889
1,5.032638888888889
1,5.031944444444444
1,5.28125
1,5.030555555555556
1,5.321527777777778
1,5.030555555555556
1,5.027777777777778
1,5.027777777777778
1,5.027083333333334
1,5.0680555555555555
1,5.0256944444444445
1,5.024305555555555
1,5.022916666666666
1,5.022916666666666
1,5.188888888888889
1,5.188888888888889
1,5.188194444444444
1,5.020138888888889
1,5.019444444444445
1,5.019444444444445
1,6.058333333333334
1,5.016666666666667
1,14.18125
1,5.013888888888889
1,21.09722222222222
1,33.09652777777778
1,5.054861111111111
1,5.009027777777778
1,6.092361111111111
1,5.007638888888889
1,5.007638888888889
1,5.00625
1,9.255555555555556
1,5.0472222222222225
1,12.129861111111111
1,15.338194444444444
1,5.004861111111111
1,5.042361111111111
1,5.040972222222222
1,5.122916666666667
1,6.039583333333334
1,61.03472222222222
1,5.038888888888889
1,5.038888888888889
1,5.038888888888889
1,5.0784722222222225
1,5.995138888888889
1,5.0368055555555555
1,5.036111111111111
1,5.1194444444444445
1,7.11875
1,56.27986111111111
1,40.28402777777778
1,5.032638888888889
1,5.032638888888889
1,23.240972222222222
1,5.281944444444444
1,23.325
1,5.029861111111111
1,5.029166666666667
1,5.028472222222222
1,5.027777777777778
1,6.027083333333334
1,5.026388888888889
1,5.025
1,6.066666666666666
1,5.025
1,7.063194444444444
1,5.271527777777778
1,5.26875
1,15.26875
1,5.977083333333334
1,5.018055555555556
1,5.018055555555556
1,5.017361111111111
1,7.934722222222222
1,5.014583333333333
1,5.18125
1,5.055555555555555
1,5.013888888888889
1,5.013194444444444
1,5.1375
1,5.0125
1,5.011805555555555
1,5.053472222222222
1,5.302777777777778
1,5.013194444444444
1,7.052777777777778
1,5.052777777777778
1,5.010416666666667
1,5.259722222222222
1,19.134027777777778
1,5.009027777777778
1,5.009027777777778
1,5.008333333333334
1,5.05
1,5.008333333333334
1,5.00625
1,23.339583333333334
1,5.007638888888889
1,29.04652777777778
1,5.045138888888889
1,5.291666666666667
1,5.041666666666667
1,33.333333333333336
1,5.040277777777778
1,5.040277777777778
1,5.206944444444445
1,5.039583333333334
1,5.288888888888889
1,5.0375
1,6.245138888888889
1,5.036111111111111
1,5.034722222222222
1,7.076388888888889
1,7.034027777777778
1,5.034027777777778
1,5.033333333333333
1,5.032638888888889
1,5.030555555555556
1,7.113888888888889
1,5.071527777777778
1,8.195833333333333
1,12.070833333333333
1,7.2756944444444445
1,5.0256944444444445
1,5.065972222222222
1,7.190972222222222
1,5.065277777777778
1,6.980555555555555
1,5.021527777777778
1,5.061111111111111
1,6.934027777777778
1,5.0159722222222225
1,5.0159722222222225
1,5.0152777777777775
1,12.972916666666666
1,5.0125
1,153.01388888888889
1,13.303472222222222
1,5.011111111111111
1,5.010416666666667
1,7.301388888888889
1,12.00763888888889
1,5.965277777777778
1,9.215277777777779
1,5.214583333333334
1,6.0465277777777775
1,5.0465277777777775
1,5.918055555555555
1,5.042361111111111
1,7.165972222222222
1,6.955555555555556
1,5.954861111111111
1,6.038194444444445
1,5.246527777777778
1,5.038194444444445
1,5.035416666666666
1,5.035416666666666
1,5.034027777777778
1,5.033333333333333
1,5.031944444444444
1,5.03125
1,5.029861111111111
1,5.944444444444445
1,5.027083333333334
1,5.0256944444444445
1,62.1875
1,8.192361111111111
1,5.9
1,9.190972222222221
1,5.024305555555555
1,5.063194444444444
1,5.020833333333333
1,5.020138888888889
1,5.019444444444445
1,5.01875
1,6.225694444444445
1,5.267361111111111
1,5.017361111111111
1,5.017361111111111
1,5.016666666666667
1,5.016666666666667
1,6.266666666666667
1,5.0159722222222225
1,5.182638888888889
1,5.0159722222222225
1,6.0569444444444445
1,5.014583333333333
1,26.889583333333334
1,5.014583333333333
1,5.011805555555555
1,5.010416666666667
1,5.009722222222222
1,5.009027777777778
1,7.006944444444445
1,5.088888888888889
1,5.0465277777777775
1,5.045833333333333
1,5.253472222222222
1,5.043055555555555
1,5.038194444444445
1,5.035416666666666
1,11.868055555555555
1,5.032638888888889
1,13.990972222222222
1,5.031944444444444
1,5.03125
1,5.026388888888889
1,50.852777777777774
1,5.020138888888889
1,5.017361111111111
1,5.885416666666667
1,5.009722222222222
1,5.05
1,5.049305555555556
1,5.090972222222222
1,5.048611111111111
1,6.044444444444444
1,5.165972222222222
1,7.830555555555556
1,5.038194444444445
1,5.035416666666666
1,5.034027777777778
1,5.032638888888889
1,5.03125
1,5.030555555555556
1,5.110416666666667
1,5.151388888888889
1,5.026388888888889
1,5.1090277777777775
1,5.1090277777777775
1,5.025
1,6.941666666666666
1,5.065277777777778
1,5.105555555555555
1,5.022222222222222
1,5.021527777777778
1,5.145138888888889
1,5.01875
1,6.060416666666667
1,5.018055555555556
1,5.017361111111111
1,5.016666666666667
1,5.0159722222222225
1,5.0152777777777775
1,5.8902777777777775
1,5.013888888888889
1,5.805555555555555
1,7.888888888888889
1,7.013194444444444
1,15.096527777777778
1,5.053472222222222
1,27.885416666666668
1,7.84375
1,5.009722222222222
1,5.926388888888889
1,5.049305555555556
1,6.965972222222222
1,5.047916666666667
1,6.9215277777777775
1,5.0881944444444445
1,8.916666666666666
1,5.122916666666667
1,5.83125
1,5.038888888888889
1,5.040972222222222
1,5.038194444444445
1,21.7875
1,6.785416666666666
1,5.03125
1,5.027777777777778
1,5.027083333333334
1,8.109027777777778
1,6.829861111111111
1,8.9
1,5.065972222222222
1,6.065277777777778
1,5.023611111111111
1,5.023611111111111
1,5.021527777777778
1,5.896527777777778
1,5.810416666666667
1,5.059722222222222
1,6.892361111111111
1,5.85
1,6.1409722222222225
1,5.014583333333333
1,5.014583333333333
1,6.888888888888889
1,5.970833333333333
1,5.053472222222222
1,5.011111111111111
1,5.0125
1,5.051388888888889
1,5.009027777777778
1,6.964583333333334
1,5.88125
1,5.047916666666667
1,5.0881944444444445
1,5.9631944444444445
1,5.004166666666666
1,14.128472222222221
1,43.794444444444444
1,5.002777777777778
1,6.084722222222222
1,5.793055555555555
1,5.040972222222222
1,27.831944444444446
1,239.99375
1,5.038888888888889
1,5.038888888888889
1,14.0375
1,7.7875
1,18.78611111111111
1,5.034722222222222
1,5.034722222222222
1,5.033333333333333
1,5.032638888888889
1,5.030555555555556
1,5.029861111111111
1,5.029861111111111
1,5.029166666666667
1,5.0256944444444445
1,5.025
1,5.024305555555555
1,5.065972222222222
1,5.939583333333333
1,5.022222222222222
1,6.855555555555555
1,5.022222222222222
1,19.81388888888889
1,8.063194444444445
1,6.979166666666667
1,26.061805555555555
1,5.01875
1,5.0152777777777775
1,5.014583333333333
1,5.013194444444444
1,6.845138888888889
1,5.761805555555555
1,5.009027777777778
1,5.05
1,5.301388888888889
1,5.840277777777778
1,5.048611111111111
1,5.007638888888889
1,12.834722222222222
1,6.959722222222222
1,5.042361111111111
1,11.791666666666666
1,21.163888888888888
1,11.911111111111111
1,5.036111111111111
1,34.78541666666667
1,6.826388888888889
1,5.034027777777778
1,5.783333333333333
1,5.029861111111111
1,5.029166666666667
1,5.94375
1,5.0256944444444445
1,5.022916666666666
1,6.979861111111111
1,5.811111111111111
1,5.019444444444445
1,7.645138888888889
1,5.014583333333333
1,7.053472222222222
1,5.011111111111111
1,5.759722222222222
1,5.008333333333334
1,21.79722222222222
1,5.751388888888889
1,5.748611111111111
1,5.039583333333334
1,5.0368055555555555
1,5.033333333333333
1,5.94375
1,5.025
1,5.691666666666666
1,12.774305555555555
1,5.856944444444444
1,5.063888888888889
1,6.934027777777778
1,6.801388888888889
1,12.966666666666667
1,7.965972222222222
1,5.0465277777777775
1,8.96111111111111
1,5.040277777777778
1,5.830555555555556
1,7.870138888888889
1,6.783333333333333
1,5.054166666666666
1,5.008333333333334
1,5.8909722222222225
1,5.09375
1,5.047916666666667
1,5.779861111111111
1,13.661111111111111
1,7.590972222222222
1,0.12152777777777778
1,5.0368055555555555
1,5.461111111111111
1,11.644444444444444
1,5.057638888888889
1,5.048611111111111
1,5.0055555555555555
1,7.545138888888889
1,5.558333333333334
1,5.041666666666667
1,5.365972222222222
1,5.022222222222222
1,6.170833333333333
1,5.043055555555555
1,5.0368055555555555
1,5.035416666666666
1,5.032638888888889
1,5.154166666666667
1,5.013194444444444
1,6.1375
1,6.379861111111111
1,5.026388888888889
1,5.019444444444445
1,14.268055555555556
1,6.1
1,5.0465277777777775
1,5.00625
1,5.211111111111111
1,5.041666666666667
1,5.083333333333333
1,5.1194444444444445
1,18.07638888888889
1,5.032638888888889
1,5.031944444444444
1,5.072916666666667
1,5.029861111111111
1,6.113194444444445
1,5.028472222222222
1,5.027777777777778
1,5.0256944444444445
1,5.065277777777778
1,6.106944444444444
1,5.021527777777778
1,5.063194444444444
1,8.39375
1,5.01875
1,5.143055555555556
1,5.017361111111111
1,5.058333333333334
1,5.0159722222222225
1,5.1402777777777775
1,5.1402777777777775
1,5.0152777777777775
1,5.1402777777777775
1,5.058333333333334
1,5.014583333333333
1,8.222222222222221
1,5.0152777777777775
1,5.011805555555555
1,5.011111111111111
1,7.136111111111111
1,12.09375
1,5.009027777777778
1,6.1305555555555555
1,5.0472222222222225
1,5.004861111111111
1,5.254166666666666
1,12.379166666666666
1,6.125694444444444
1,5.041666666666667
1,13.207638888888889
1,5.040277777777778
1,20.164583333333333
1,5.122916666666667
1,5.038888888888889
1,41.454861111111114
1,5.036111111111111
1,5.035416666666666
1,7.11875
1,8.07638888888889
1,5.659027777777778
1,6.284027777777778
1,6.534027777777778
1,5.158333333333333
1,28.40763888888889
1,5.032638888888889
1,5.03125
1,7.155555555555556
1,11.155555555555555
1,5.030555555555556
1,5.028472222222222
1,5.027777777777778
1,25.35902777777778
1,5.024305555555555
1,5.023611111111111
1,5.272222222222222
1,7.104861111111111
1,175.10416666666666
1,5.020833333333333
1,5.019444444444445
1,5.01875
1,6.031944444444444
1,5.307638888888889
1,49.22430555555555
1,5.055555555555555
1,5.054861111111111
1,5.220138888888889
1,5.05
1,5.008333333333334
1,5.006944444444445
1,5.047916666666667
1,5.004861111111111
1,5.0881944444444445
1,5.086111111111111
1,5.04375
1,5.004166666666666
1,5.040277777777778
1,5.165277777777778
1,11.123611111111112
1,5.034027777777778
1,5.034027777777778
1,6.2
1,7.116666666666666
1,5.03125
1,5.030555555555556
1,5.029166666666667
1,5.028472222222222
1,6.944444444444445
1,5.027777777777778
1,7.111111111111111
1,5.019444444444445
1,5.01875
1,5.018055555555556
1,42.017361111111114
1,11.141666666666667
1,13.1
1,6.225
1,8.223611111111111
1,5.972916666666666
1,0.009722222222222222
1,7.304861111111111
1,7.011805555555555
1,21.005555555555556
1,5.003472222222222
1,5.915972222222222
1,5.082638888888889
1,5.040277777777778
1,5.039583333333334
1,11.99375
1,11.075694444444444
1,5.032638888888889
1,5.032638888888889
1,5.030555555555556
1,5.029861111111111
1,5.065972222222222
1,29.19097222222222
1,5.023611111111111
1,8.188194444444445
1,14.186111111111112
1,5.01875
1,6.309027777777778
1,5.055555555555555
1,5.011805555555555
1,5.008333333333334
1,11.13263888888889
1,6.0055555555555555
1,5.044444444444444
1,5.041666666666667
1,5.040277777777778
1,5.038888888888889
1,5.0375
1,5.036111111111111
1,6.116666666666666
1,5.032638888888889
1,5.03125
1,8.197222222222223
1,5.029861111111111
1,5.028472222222222
1,5.027777777777778
1,7.1090277777777775
1,6.853472222222222
1,5.058333333333334
1,5.055555555555555
1,5.0465277777777775
1,5.834027777777778
1,6.915972222222222
1,12.91388888888889
1,7.909722222222222
1,5.03125
1,8.111805555555556
1,5.027777777777778
1,5.816666666666666
1,5.020833333333333
1,5.020138888888889
1,5.01875
1,196.93472222222223
1,5.0152777777777775
1,5.0569444444444445
1,13.053472222222222
1,6.128472222222222
1,6.041666666666667
1,25.790972222222223
1,5.038194444444445
1,5.159027777777778
1,6.866666666666666
1,13.199305555555556
1,6.156944444444444
1,5.03125
1,5.029166666666667
1,5.986805555555556
1,8.069444444444445
1,5.069444444444445
1,5.026388888888889
1,5.026388888888889
1,5.025
1,19.10763888888889
1,11.10625
1,5.021527777777778
1,12.102777777777778
1,5.100694444444445
1,14.93125
1,5.013194444444444
1,5.054861111111111
1,5.013194444444444
1,5.011805555555555
1,20.844444444444445
1,5.010416666666667
1,11.967361111111112
1,6.006944444444445
1,6.923611111111111
1,5.0055555555555555
1,5.045138888888889
1,60.08125
1,5.004861111111111
1,7.084027777777778
1,32.08541666666667
1,5.875
1,5.041666666666667
1,20.999305555555555
1,5.792361111111111
1,5.039583333333334
1,5.081944444444445
1,5.038194444444445
1,5.036111111111111
1,12.99375
1,5.035416666666666
1,14.784722222222221
1,27.740277777777777
1,5.029166666666667
1,5.027777777777778
1,5.027083333333334
1,5.027083333333334
1,5.0256944444444445
1,5.73125
1,10.730555555555556
1,5.022222222222222
1,6.01875
1,8.058333333333334
1,5.0159722222222225
1,5.057638888888889
1,29.016666666666666
1,6.05625
1,5.013194444444444
1,5.011805555555555
1,5.013194444444444
1,6.027777777777778
1,18.802777777777777
1,5.049305555555556
1,5.049305555555556
1,6.0875
1,6.9222222222222225
1,5.004166666666666
1,5.003472222222222
1,18.040972222222223
1,5.039583333333334
1,5.0375
1,5.8277777777777775
1,5.825694444444444
1,62.860416666666666
1,8.029861111111112
1,5.7375
1,5.027083333333334
1,10.818055555555556
1,6.7756944444444445
1,5.0256944444444445
1,5.024305555555555
1,6.023611111111111
1,5.061805555555556
1,6.9743055555555555
1,8.015277777777778
1,43.013888888888886
1,8.01388888888889
1,13.76388888888889
1,5.013194444444444
1,10.804166666666667
1,5.011805555555555
1,5.052083333333333
1,5.675
1,5.049305555555556
1,5.009722222222222
1,5.965277777777778
1,5.006944444444445
1,5.006944444444445
1,5.045833333333333
1,5.045138888888889
1,5.040972222222222
1,5.039583333333334
1,6.9847222222222225
1,5.025
1,37.72708333333333
1,5.022222222222222
1,5.017361111111111
1,5.0152777777777775
1,8.014583333333333
1,6.68125
1,5.042361111111111
1,5.032638888888889
1,5.024305555555555
1,5.021527777777778
1,5.020833333333333
1,39.640277777777776
1,5.0125
1,5.631944444444445
1,5.00625
1,5.0472222222222225
1,5.0256944444444445
1,6.809722222222222
1,5.0125
1,5.086805555555555
1,5.038888888888889
1,5.033333333333333
1,5.0256944444444445
1,11.894444444444444
1,5.007638888888889
1,6.875
1,5.072222222222222
1,6.490277777777778
1,5.114583333333333
1,5.020833333333333
1,5.03125
1,5.016666666666667
1,5.0465277777777775
1,5.01875
1,5.040972222222222
1,12.123611111111112
1,24.20277777777778
1,5.027777777777778
1,13.109722222222222
1,5.022222222222222
1,7.397222222222222
1,5.006944444444445
1,5.0472222222222225
1,5.045138888888889
1,5.336111111111111
1,10.16875
1,5.247222222222222
1,6.0777777777777775
1,5.030555555555556
1,5.028472222222222
1,5.027777777777778
1,5.027083333333334
1,6.0680555555555555
1,10.193055555555556
1,10.234722222222222
1,5.025
1,5.024305555555555
1,5.022222222222222
1,6.271527777777778
1,5.103472222222222
1,5.309027777777778
1,5.058333333333334
1,10.225
1,7.3493055555555555
1,10.015972222222222
1,5.018055555555556
1,5.0125
1,5.095138888888889
1,5.135416666666667
1,5.051388888888889
1,5.050694444444445
1,5.050694444444445
1,5.05
1,6.1715277777777775
1,5.0465277777777775
1,5.045833333333333
1,5.004166666666666
1,6.003472222222222
1,5.045138888888889
1,10.210416666666667
1,5.04375
1,6.001388888888889
1,6.250694444444444
1,5.041666666666667
1,5.038888888888889
1,5.038888888888889
1,10.204166666666667
1,6.161111111111111
1,5.034722222222222
1,5.032638888888889
1,5.074305555555555
1,28.323611111111113
1,20.074305555555554
1,5.113194444444445
1,5.029861111111111
1,13.029166666666667
1,6.070138888888889
1,18.069444444444443
1,13.277083333333334
1,5.026388888888889
1,5.066666666666666
1,5.064583333333333
1,6.104861111111111
1,5.020833333333333
1,7.020833333333333
1,5.020138888888889
1,5.01875
1,63.263194444444444
1,7.101388888888889
1,10.974305555555556
1,5.017361111111111
1,5.097222222222222
1,5.011111111111111
1,5.010416666666667
1,6.010416666666667
1,5.050694444444445
1,13.091666666666667
1,5.007638888888889
1,5.0472222222222225
1,11.295833333333333
1,5.045138888888889
1,6.003472222222222
1,5.086111111111111
1,11.040972222222223
1,5.081944444444445
1,5.040277777777778
1,5.040277777777778
1,16.144444444444446
1,5.039583333333334
1,5.039583333333334
1,5.038194444444445
1,6.0784722222222225
1,5.2034722222222225
1,5.034722222222222
1,6.034722222222222
1,5.032638888888889
1,5.031944444444444
1,5.073611111111111
1,5.113888888888889
1,5.029861111111111
1,7.279861111111111
1,31.02986111111111
1,5.071527777777778
1,19.988194444444446
1,5.0256944444444445
1,9.981944444444444
1,5.023611111111111
1,9.938888888888888
1,10.147222222222222
1,11.188194444444445
1,5.0625
1,5.061805555555556
1,5.227083333333334
1,5.060416666666667
1,5.018055555555556
1,5.059027777777778
1,6.139583333333333
1,49.047222222222224
1,5.011805555555555
1,5.925
1,5.048611111111111
1,21.213194444444444
1,5.16875
1,6.209722222222222
1,5.039583333333334
1,6.205555555555556
1,5.079166666666667
1,5.0368055555555555
1,5.2034722222222225
1,5.159722222222222
1,5.033333333333333
1,130.06944444444446
1,47.11527777777778
1,6.28125
1,5.03125
1,7.111111111111111
1,7.235416666666667
1,5.2756944444444445
1,5.108333333333333
1,5.023611111111111
1,5.022222222222222
1,12.315277777777778
1,5.020833333333333
1,17.186805555555555
1,5.020138888888889
1,5.103472222222222
1,5.01875
1,5.018055555555556
1,10.97638888888889
1,6.017361111111111
1,5.014583333333333
1,5.055555555555555
1,5.8875
1,6.970833333333333
1,5.010416666666667
1,5.302083333333333
1,6.009722222222222
1,5.009027777777778
1,5.133333333333334
1,10.13263888888889
1,5.006944444444445
1,5.881944444444445
1,5.1305555555555555
1,19.12986111111111
1,6.0881944444444445
1,11.004166666666666
1,5.044444444444444
1,5.002777777777778
1,5.085416666666666
1,5.001388888888889
1,5.002777777777778
1,5.164583333333334
1,5.079861111111111
1,5.0375
1,5.995138888888889
1,5.075694444444444
1,5.0625
1,46.93402777777778
1,5.05625
1,20.096527777777776
1,5.136111111111111
1,5.00625
1,5.0472222222222225
1,5.044444444444444
1,6.165972222222222
1,7.161111111111111
1,5.036111111111111
1,5.035416666666666
1,5.034722222222222
1,20.823611111111113
1,5.029861111111111
1,5.029861111111111
1,5.1930555555555555
1,5.023611111111111
1,5.021527777777778
1,5.020833333333333
1,5.020833333333333
1,5.019444444444445
1,5.01875
1,5.017361111111111
1,6.892361111111111
1,11.786111111111111
1,38.18263888888889
1,5.054166666666666
1,5.094444444444444
1,5.052083333333333
1,8.885416666666666
1,5.009027777777778
1,5.011111111111111
1,5.008333333333334
1,5.0465277777777775
1,6.166666666666667
1,6.955555555555556
1,5.038194444444445
1,6.121527777777778
1,5.038194444444445
1,7.036111111111111
1,5.03125
1,5.029166666666667
1,5.026388888888889
1,12.900694444444444
1,5.025
1,14.065972222222221
1,5.022222222222222
1,5.061111111111111
1,5.975694444444445
1,6.0569444444444445
1,5.0125
1,5.054166666666666
1,5.053472222222222
1,5.0125
1,5.800694444444445
1,12.884027777777778
1,6.090972222222222
1,5.004861111111111
1,5.043055555555555
1,5.834027777777778
1,5.041666666666667
1,10.040277777777778
1,9.790277777777778
1,52.74236111111111
1,5.038888888888889
1,10.911805555555556
1,45.78611111111111
1,5.032638888888889
1,5.032638888888889
1,5.029166666666667
1,6.027083333333334
1,5.1506944444444445
1,5.105555555555555
1,5.063888888888889
1,5.017361111111111
1,62.016666666666666
1,5.058333333333334
1,5.0159722222222225
1,5.055555555555555
1,5.013194444444444
1,5.802083333333333
1,13.96875
1,6.007638888888889
1,5.131944444444445
1,6.0881944444444445
1,14.001388888888888
1,5.043055555555555
1,5.042361111111111
1,5.708333333333333
1,5.0375
1,5.0375
1,14.120138888888889
1,6.745138888888889
1,5.036111111111111
1,5.452083333333333
1,5.032638888888889
1,5.782638888888889
1,5.030555555555556
1,31.025694444444444
1,12.817361111111111
1,215.69097222222223
1,5.731944444444444
1,27.81388888888889
1,5.813194444444444
1,6.020138888888889
1,5.019444444444445
1,5.016666666666667
1,5.016666666666667
1,6.972222222222222
1,5.680555555555555
1,5.050694444444445
1,19.675
1,6.0055555555555555
1,6.002777777777778
1,9.710416666666667
1,5.042361111111111
1,5.75
1,27.790972222222223
1,5.039583333333334
1,32.078472222222224
1,55.69583333333333
1,9.74236111111111
1,16.946527777777778
1,5.026388888888889
1,5.026388888888889
1,7.0256944444444445
1,5.025
1,5.021527777777778
1,5.019444444444445
1,6.809722222222222
1,5.041666666666667
1,5.031944444444444
1,5.029861111111111
1,5.028472222222222
1,5.027777777777778
1,5.027083333333334
1,5.022916666666666
1,5.021527777777778
1,5.011111111111111
1,5.027083333333334
1,5.018055555555556
1,5.017361111111111
1,5.016666666666667
1,5.763888888888889
1,5.013194444444444
1,5.045138888888889
1,5.002777777777778
1,5.002083333333333
1,5.039583333333334
1,13.779861111111112
1,5.567361111111111
1,11.685416666666667
1,9.555555555555555
1,13.759027777777778
1,5.5881944444444445
1,13.752777777777778
1,13.752083333333333
1,5.022916666666666
1,5.022222222222222
1,5.021527777777778
1,5.020138888888889
1,5.019444444444445
1,5.018055555555556
1,5.017361111111111
1,5.016666666666667
1,5.014583333333333
1,9.636111111111111
1,5.004166666666666
1,5.003472222222222
1,5.002083333333333
1,5.001388888888889
1,5.040277777777778
1,5.038888888888889
1,5.063194444444444
1,6.663888888888889
1,5.079166666666667
1,9.654861111111112
1,5.945833333333334
1,5.027083333333334
1,5.004861111111111
1,19.62638888888889
1,5.376388888888889
1,5.028472222222222
1,4.324305555555555
1,6.352777777777778
1,6.163888888888889
1,5.026388888888889
1,5.013194444444444
1,6.377083333333333
1,5.0256944444444445
1,5.01875
1,5.21875
1,5.034027777777778
1,5.029861111111111
1,5.029166666666667
1,5.108333333333333
1,5.025
1,5.023611111111111
1,5.022222222222222
1,5.063194444444444
1,5.020138888888889
1,5.01875
1,5.016666666666667
1,5.05
1,5.049305555555556
1,6.2555555555555555
1,5.128472222222222
1,5.0055555555555555
1,5.043055555555555
1,5.082638888888889
1,10.372916666666667
1,5.330555555555556
1,5.076388888888889
1,5.034027777777778
1,5.034027777777778
1,5.032638888888889
1,44.19861111111111
1,6.280555555555556
1,5.029861111111111
1,5.029861111111111
1,5.1125
1,5.027777777777778
1,16.15138888888889
1,5.108333333333333
1,5.065277777777778
1,6.231944444444444
1,5.063888888888889
1,5.063194444444444
1,5.064583333333333
1,5.103472222222222
1,6.061805555555556
1,5.061111111111111
1,5.061111111111111
1,5.060416666666667
1,5.059722222222222
1,9.309722222222222
1,5.061111111111111
1,5.016666666666667
1,5.058333333333334
1,5.057638888888889
1,5.0159722222222225
1,5.0152777777777775
1,5.059027777777778
1,5.05625
1,24.05625
1,6.055555555555555
1,5.097222222222222
1,5.054861111111111
1,5.095833333333333
1,5.013888888888889
1,5.053472222222222
1,5.344444444444444
1,5.052777777777778
1,5.052083333333333
1,5.051388888888889
1,5.342361111111111
1,6.132638888888889
1,5.007638888888889
1,5.0465277777777775
1,5.045833333333333
1,5.045833333333333
1,5.045138888888889
1,5.044444444444444
1,5.294444444444444
1,11.08611111111111
1,5.04375
1,5.045138888888889
1,62.37083333333333
1,5.040972222222222
1,5.040277777777778
1,5.081944444444445
1,6.122916666666667
1,5.08125
1,13.372222222222222
1,5.040972222222222
1,5.079166666666667
1,17.079166666666666
1,5.079166666666667
1,5.0784722222222225
1,5.0777777777777775
1,5.035416666666666
1,5.034722222222222
1,5.0368055555555555
1,5.034027777777778
1,5.074305555555555
1,5.029861111111111
1,5.029861111111111
1,18.322222222222223
1,23.278472222222224
1,5.027777777777778
1,5.151388888888889
1,256.6458333333333
1,5.0256944444444445
1,5.025
1,5.025
1,5.107638888888889
1,5.065277777777778
1,5.10625
1,5.105555555555555
1,5.024305555555555
1,5.020833333333333
1,5.269444444444445
1,6.225694444444445
1,10.01736111111111
1,5.1
1,5.011111111111111
1,23.970833333333335
1,5.259722222222222
1,5.252777777777778
1,5.043055555555555
1,18.042361111111113
1,5.16875
1,5.25
1,5.20625
1,5.246527777777778
1,5.329861111111111
1,5.0375
1,5.204166666666667
1,5.036111111111111
1,55.23888888888889
1,19.283333333333335
1,5.073611111111111
1,5.028472222222222
1,5.027777777777778
1,5.0256944444444445
1,5.940972222222222
1,5.940277777777778
1,5.022222222222222
1,11.521527777777777
1,5.104166666666667
1,5.020833333333333
1,5.020138888888889
1,5.018055555555556
1,5.059722222222222
1,5.016666666666667
1,6.182638888888889
1,5.013888888888889
1,5.013194444444444
1,6.220833333333333
1,5.011805555555555
1,10.1375
1,5.010416666666667
1,5.009027777777778
1,5.006944444444445
1,5.009027777777778
1,5.0472222222222225
1,5.213888888888889
1,5.004861111111111
1,5.003472222222222
1,5.003472222222222
1,5.002777777777778
1,5.002777777777778
1,5.002083333333333
1,10.29375
1,5.04375
1,5.043055555555555
1,19.959722222222222
1,5.001388888888889
1,5.168055555555555
1,5.167361111111111
1,5.002777777777778
1,11.0
1,5.206944444444445
1,5.123611111111111
1,5.083333333333333
1,5.039583333333334
1,5.036111111111111
1,5.036111111111111
1,41.24305555555556
1,5.033333333333333
1,5.158333333333333
1,5.031944444444444
1,5.989583333333333
1,5.030555555555556
1,5.029861111111111
1,5.029166666666667
1,5.027777777777778
1,5.027083333333334
1,5.026388888888889
1,5.0256944444444445
1,26.31736111111111
1,5.025
1,5.025
1,6.190277777777778
1,10.271527777777777
1,8.895833333333334
1,53.890972222222224
1,5.020138888888889
1,5.019444444444445
1,5.223611111111111
1,5.0152777777777775
1,5.014583333333333
1,5.011111111111111
1,8.926388888888889
1,11.00763888888889
1,5.009722222222222
1,5.924305555555556
1,5.215277777777778
1,8.96111111111111
1,5.044444444444444
1,5.040277777777778
1,5.034722222222222
1,5.034722222222222
1,5.031944444444444
1,6.115277777777778
1,5.03125
1,5.03125
1,5.03125
1,5.070833333333334
1,5.028472222222222
1,5.153472222222222
1,11.026388888888889
1,5.023611111111111
1,5.01875
1,6.26875
1,5.018055555555556
1,5.142361111111111
1,5.0159722222222225
1,5.014583333333333
1,9.470138888888888
1,5.052777777777778
1,5.052777777777778
1,50.96319444444445
1,6.092361111111111
1,5.0472222222222225
1,8.876388888888888
1,5.040277777777778
1,5.0368055555555555
1,5.911111111111111
1,12.114583333333334
1,5.028472222222222
1,24.90138888888889
1,5.027083333333334
1,24.899305555555557
1,5.940277777777778
1,5.939583333333333
1,24.897222222222222
1,9.186111111111112
1,11.97638888888889
1,18.80763888888889
1,10.01388888888889
1,24.886805555555554
1,24.09513888888889
1,5.011111111111111
1,5.050694444444445
1,5.009027777777778
1,9.090972222222222
1,6.047916666666667
1,5.045138888888889
1,5.04375
1,9.0875
1,24.875694444444445
1,5.125694444444444
1,5.875
1,24.875
1,22.831944444444446
1,5.915277777777778
1,10.456944444444444
1,5.0375
1,24.869444444444444
1,6.077083333333333
1,24.867361111111112
1,43.825
1,5.031944444444444
1,10.197916666666666
1,5.113194444444445
1,24.86111111111111
1,18.85972222222222
1,11.900694444444444
1,5.982638888888889
1,5.022222222222222
1,5.020138888888889
1,5.851388888888889
1,16.809722222222224
1,48.05138888888889
1,5.013888888888889
1,9.055555555555555
1,5.0125
1,5.010416666666667
1,26.05
1,5.045833333333333
1,5.753472222222222
1,5.960416666666666
1,5.043055555555555
1,5.040277777777778
1,5.0375
1,24.82777777777778
1,5.035416666666666
1,5.074305555555555
1,24.823611111111113
1,5.029861111111111
1,24.820138888888888
1,25.818055555555556
1,5.026388888888889
1,5.1090277777777775
1,10.275
1,24.81597222222222
1,5.065277777777778
1,5.019444444444445
1,16.019444444444446
1,11.76875
1,18.85
1,9.849305555555556
1,24.806944444444444
1,8.796527777777778
1,5.085416666666666
1,24.792361111111113
1,5.041666666666667
1,24.790972222222223
1,24.788888888888888
1,5.038888888888889
1,10.82986111111111
1,24.7875
1,24.786805555555556
1,5.7034722222222225
1,8.785416666666666
1,5.785416666666666
1,40.90763888888889
1,5.031944444444444
1,5.698611111111111
1,8.988194444444444
1,8.779861111111112
1,5.065972222222222
1,6.065277777777778
1,5.98125
1,31.770138888888887
1,5.727777777777778
1,5.0152777777777775
1,10.972916666666666
1,5.014583333333333
1,5.013888888888889
1,5.0152777777777775
1,10.928472222222222
1,12.96875
1,5.009722222222222
1,5.009027777777778
1,8.839583333333334
1,12.005555555555556
1,5.0055555555555555
1,5.0055555555555555
1,12.96111111111111
1,60.954861111111114
1,5.040277777777778
1,11.789583333333333
1,5.038194444444445
1,5.993055555555555
1,5.865972222222222
1,5.031944444444444
1,5.029861111111111
1,5.028472222222222
1,5.026388888888889
1,9.275694444444444
1,5.020833333333333
1,5.017361111111111
1,5.875
1,5.033333333333333
1,5.863888888888889
1,9.645138888888889
1,134.88194444444446
1,5.052777777777778
1,5.74375
1,5.657638888888889
1,5.03125
1,5.697222222222222
1,9.813194444444445
1,9.838194444444444
1,10.7125
1,5.045138888888889
1,12.002777777777778
1,5.6125
1,5.027083333333334
1,5.5
1,9.66875
1,10.443055555555556
1,5.007638888888889
1,5.184722222222222
1,10.595138888888888
1,10.592361111111112
1,9.591666666666667
1,8.381944444444445
1,5.025
1,6.111805555555556
1,5.429166666666666
1,9.504166666666666
1,5.036111111111111
1,10.285416666666666
1,5.021527777777778
1,5.011111111111111
1,5.0152777777777775
1,5.013888888888889
1,5.013194444444444
1,5.0125
1,5.011805555555555
1,5.011111111111111
1,5.038888888888889
1,5.288194444444445
1,5.029166666666667
1,5.020833333333333
1,9.2625
1,5.345138888888889
1,5.009027777777778
1,5.00625
1,5.047916666666667
1,5.0055555555555555
1,5.040277777777778
1,5.0375
1,5.034027777777778
1,9.40625
1,5.28125
1,5.030555555555556
1,5.029861111111111
1,5.154166666666667
1,5.152777777777778
1,5.027777777777778
1,5.271527777777778
1,5.021527777777778
1,5.104166666666667
1,10.186111111111112
1,10.183333333333334
1,5.016666666666667
1,15.308333333333334
1,10.099305555555556
1,51.09444444444444
1,8.140972222222222
1,5.014583333333333
1,5.052777777777778
1,5.009027777777778
1,5.05
1,8.05
1,5.004861111111111
1,5.045138888888889
1,5.044444444444444
1,5.002083333333333
1,5.04375
1,8.377083333333333
1,5.209722222222222
1,9.248611111111112
1,5.20625
1,10.080555555555556
1,5.038194444444445
1,8.245833333333334
1,9.245138888888889
1,5.0777777777777775
1,5.035416666666666
1,8.36875
1,5.035416666666666
1,5.282638888888889
1,5.113888888888889
1,5.029166666666667
1,5.026388888888889
1,17.399305555555557
1,5.232638888888889
1,5.023611111111111
1,9.189583333333333
1,9.23125
1,9.189583333333333
1,5.063888888888889
1,5.021527777777778
1,5.021527777777778
1,5.020138888888889
1,5.227083333333334
1,5.225694444444445
1,5.0159722222222225
1,10.265972222222222
1,5.0152777777777775
1,5.014583333333333
1,17.969444444444445
1,5.011111111111111
1,24.052083333333332
1,5.045833333333333
1,5.045833333333333
1,24.04375
1,5.043055555555555
1,40.29097222222222
1,5.038194444444445
1,8.036111111111111
1,50.072916666666664
1,5.035416666666666
1,5.075
1,10.949305555555556
1,5.03125
1,5.030555555555556
1,8.322222222222223
1,5.238194444444445
1,10.1125
1,5.070138888888889
1,46.19375
1,5.19375
1,5.3597222222222225
1,58.982638888888886
1,5.024305555555555
1,5.023611111111111
1,5.022222222222222
1,5.313888888888889
1,8.063888888888888
1,5.063194444444444
1,5.020138888888889
1,8.186805555555555
1,5.020138888888889
1,5.348611111111111
1,5.017361111111111
1,10.139583333333333
1,213.05
1,5.011111111111111
1,5.052777777777778
1,5.009027777777778
1,5.175694444444445
1,11.300694444444444
1,5.135416666666667
1,8.090972222222222
1,7.8805555555555555
1,24.005555555555556
1,9.213194444444444
1,5.04375
1,5.251388888888889
1,5.042361111111111
1,5.040972222222222
1,5.040972222222222
1,5.039583333333334
1,5.039583333333334
1,9.872916666666667
1,9.158333333333333
1,5.195833333333334
1,5.029166666666667
1,9.153472222222222
1,5.027777777777778
1,5.027083333333334
1,8.027083333333334
1,5.027083333333334
1,5.026388888888889
1,5.0256944444444445
1,8.275694444444444
1,5.025
1,5.025
1,5.024305555555555
1,5.232638888888889
1,5.023611111111111
1,45.89861111111111
1,5.022916666666666
1,5.022916666666666
1,5.022222222222222
1,5.022222222222222
1,8.938888888888888
1,5.021527777777778
1,61.05763888888889
1,5.020833333333333
1,5.019444444444445
1,5.01875
1,7.934027777777778
1,8.182638888888889
1,5.1402777777777775
1,9.014583333333333
1,5.013194444444444
1,5.0125
1,5.011111111111111
1,5.010416666666667
1,9.010416666666666
1,5.009722222222222
1,9.092361111111112
1,5.048611111111111
1,5.00625
1,9.088888888888889
1,5.0465277777777775
1,10.17013888888889
1,5.167361111111111
1,19.122916666666665
1,26.164583333333333
1,45.99444444444445
1,5.031944444444444
1,5.03125
1,5.030555555555556
1,5.029166666666667
1,9.194444444444445
1,5.0680555555555555
1,5.021527777777778
1,5.188194444444444
1,8.01736111111111
1,5.1819444444444445
1,8.970138888888888
1,5.009027777777778
1,5.008333333333334
1,8.214583333333334
1,9.129166666666666
1,7.920138888888889
1,5.04375
1,5.002777777777778
1,36.08402777777778
1,10.081944444444444
1,10.95486111111111
1,5.038194444444445
1,5.0375
1,11.161111111111111
1,9.034722222222221
1,5.032638888888889
1,8.069444444444445
1,5.027083333333334
1,5.024305555555555
1,8.980555555555556
1,12.229166666666666
1,9.853472222222223
1,5.020138888888889
1,5.059722222222222
1,21.89236111111111
1,5.0159722222222225
1,5.0569444444444445
1,8.970833333333333
1,5.011111111111111
1,5.094444444444444
1,7.96875
1,8.881944444444445
1,5.006944444444445
1,5.0465277777777775
1,5.045138888888889
1,5.044444444444444
1,5.04375
1,5.042361111111111
1,5.042361111111111
1,5.041666666666667
1,7.832638888888889
1,7.873611111111111
1,11.122222222222222
1,5.038194444444445
1,5.038194444444445
1,12.077777777777778
1,5.035416666666666
1,5.034722222222222
1,5.03125
1,51.94236111111111
1,40.113194444444446
1,5.071527777777778
1,5.064583333333333
1,5.019444444444445
1,179.88888888888889
1,5.059722222222222
1,5.016666666666667
1,12.058333333333334
1,5.0152777777777775
1,7.93125
1,5.013194444444444
1,8.220833333333333
1,5.011111111111111
1,45.76111111111111
1,11.926388888888889
1,8.842361111111112
1,5.008333333333334
1,5.0472222222222225
1,7.8805555555555555
1,5.0465277777777775
1,5.043055555555555
1,5.039583333333334
1,7.872916666666667
1,5.038888888888889
1,5.034722222222222
1,16.034027777777776
1,5.034027777777778
1,5.029861111111111
1,12.029166666666667
1,7.944444444444445
1,5.027777777777778
1,23.818055555555556
1,5.026388888888889
1,16.775694444444444
1,79.01805555555555
1,5.021527777777778
1,65.76319444444445
1,7.934027777777778
1,5.052083333333333
1,5.010416666666667
1,8.965972222222222
1,5.006944444444445
1,7.7555555555555555
1,15.959722222222222
1,5.043055555555555
1,5.042361111111111
1,191.07847222222222
1,5.035416666666666
1,5.035416666666666
1,8.695833333333333
1,5.027083333333334
1,5.0680555555555555
1,22.066666666666666
1,5.066666666666666
1,5.065972222222222
1,5.065277777777778
1,14.730555555555556
1,5.063888888888889
1,5.061111111111111
1,5.060416666666667
1,5.058333333333334
1,5.0569444444444445
1,5.013888888888889
1,5.053472222222222
1,5.053472222222222
1,5.052777777777778
1,5.051388888888889
1,5.092361111111111
1,5.05
1,5.049305555555556
1,5.004861111111111
1,5.045833333333333
1,5.04375
1,5.04375
1,5.042361111111111
1,5.040972222222222
1,5.040277777777778
1,5.040277777777778
1,31.661805555555556
1,5.035416666666666
1,5.035416666666666
1,5.027777777777778
1,10.025
1,5.022222222222222
1,5.013194444444444
1,7.677083333333333
1,8.00763888888889
1,8.754861111111111
1,39.95902777777778
1,5.041666666666667
1,10.790972222222223
1,5.035416666666666
1,9.782638888888888
1,8.729166666666666
1,5.05625
1,5.004861111111111
1,5.028472222222222
1,5.0159722222222225
1,7.80625
1,7.636111111111111
1,8.658333333333333
1,7.530555555555556
1,5.042361111111111
1,5.038194444444445
1,7.495833333333334
1,36.53680555555555
1,5.029861111111111
1,10.561111111111112
1,8.553472222222222
1,5.176388888888889
1,5.059027777777778
1,2.4034722222222222
1,5.053472222222222
1,10.466666666666667
1,39.65347222222222
1,8.611805555555556
1,5.022916666666666
1,8.550694444444444
1,5.0055555555555555
1,5.04375
1,5.048611111111111
1,9.57638888888889
1,7.225
1,7.3902777777777775
1,7.189583333333333
1,5.011805555555555
1,5.0465277777777775
1,7.404166666666667
1,38.111805555555556
1,5.054861111111111
1,6.572916666666667
1,5.029166666666667
1,5.044444444444444
1,6.977083333333334
1,5.019444444444445
1,7.220833333333333
1,8.171527777777778
1,5.040277777777778
1,5.03125
1,7.026388888888889
1,5.0256944444444445
1,6.5569444444444445
1,17.931944444444444
1,7.207638888888889
1,10.953472222222222
1,5.034027777777778
1,8.075694444444444
1,8.031944444444445
1,52.22569444444444
1,7.225694444444445
1,5.139583333333333
1,9.097916666666666
1,5.035416666666666
1,5.029166666666667
1,5.024305555555555
1,5.095833333333333
1,5.017361111111111
1,5.040972222222222
1,7.039583333333334
1,5.0368055555555555
1,5.110416666666667
1,5.020138888888889
1,6.795833333333333
1,5.042361111111111
1,5.025
1,5.009027777777778
1,5.04375
1,8.552777777777777
1,5.0472222222222225
1,6.538888888888889
1,5.032638888888889
1,15.686111111111112
1,5.01875
1,5.0465277777777775
1,5.045138888888889
1,5.16875
1,5.041666666666667
1,5.0375
1,91.37430555555555
1,5.0472222222222225
1,5.022916666666666
1,5.0368055555555555
1,5.020833333333333
1,22.388194444444444
1,6.1722222222222225
1,55.266666666666666
1,5.021527777777778
1,13.13888888888889
1,8.254166666666666
1,5.168055555555555
1,6.081944444444445
1,8.327777777777778
1,13.318055555555556
1,5.040972222222222
1,5.034027777777778
1,5.021527777777778
1,5.01875
1,5.018055555555556
1,5.017361111111111
1,5.016666666666667
1,5.0152777777777775
1,5.013888888888889
1,5.013194444444444
1,5.0125
1,5.010416666666667
1,5.010416666666667
1,5.009027777777778
1,5.008333333333334
1,5.007638888888889
1,5.006944444444445
1,5.047916666666667
1,5.0465277777777775
1,5.042361111111111
1,9.161805555555556
1,5.075
1,5.065972222222222
1,6.272916666666666
1,5.016666666666667
1,6.20625
1,5.075
1,6.884722222222222
1,5.009027777777778
1,5.045833333333333
1,10.05625
1,6.192361111111111
1,10.106944444444444
1,0.8527777777777777
1,6.822916666666667
1,6.811111111111111
1,6.808333333333334
1,6.80625
1,5.009722222222222
1,5.045833333333333
1,6.860416666666667
1,8.972916666666666
1,5.0368055555555555
1,5.027083333333334
1,6.263194444444444
1,5.669444444444444
1,5.030555555555556
1,5.772916666666666
1,7.892361111111111
1,7.641666666666667
1,6.009722222222222
1,5.043055555555555
1,5.040277777777778
1,5.129166666666666
1,5.0777777777777775
1,6.538888888888889
1,5.063888888888889
1,5.54375
1,9.449305555555556
1,5.769444444444445
1,5.040277777777778
1,7.620833333333334
1,5.117361111111111
1,5.029861111111111
1,5.034027777777778
1,5.039583333333334
1,5.281944444444444
1,5.008333333333334
1,5.004861111111111
1,5.0055555555555555
1,5.290972222222222
1,5.0368055555555555
1,22.44236111111111
1,5.022916666666666
1,5.016666666666667
1,7.097916666666666
1,7.301388888888889
1,5.051388888888889
1,5.007638888888889
1,5.2131944444444445
1,5.045833333333333
1,5.004861111111111
1,5.043055555555555
1,6.748611111111111
1,5.040277777777778
1,5.040277777777778
1,5.039583333333334
1,5.038888888888889
1,5.0368055555555555
1,6.2868055555555555
1,5.036111111111111
1,5.4125
1,5.034722222222222
1,5.3284722222222225
1,5.033333333333333
1,5.032638888888889
1,5.031944444444444
1,5.031944444444444
1,5.030555555555556
1,5.363888888888889
1,1.4875
1,5.029861111111111
1,5.029861111111111
1,5.029861111111111
1,5.279861111111111
1,5.3625
1,5.027777777777778
1,5.027777777777778
1,5.027777777777778
1,5.235416666666667
1,5.026388888888889
1,5.026388888888889
1,5.3590277777777775
1,5.275
1,5.024305555555555
1,7.274305555555555
1,6.065277777777778
1,5.022916666666666
1,5.064583333333333
1,5.022916666666666
1,37.35486111111111
1,5.020833333333333
1,7.229166666666667
1,5.103472222222222
1,8.061805555555555
1,5.019444444444445
1,5.018055555555556
1,5.017361111111111
1,5.058333333333334
1,5.016666666666667
1,5.0993055555555555
1,5.309027777777778
1,5.097916666666666
1,5.095833333333333
1,5.2625
1,9.094444444444445
1,5.011111111111111
1,5.010416666666667
1,5.010416666666667
1,5.052083333333333
1,6.134722222222222
1,5.009722222222222
1,5.009027777777778
1,5.009027777777778
1,5.007638888888889
1,5.007638888888889
1,5.090972222222222
1,5.048611111111111
1,5.006944444444445
1,13.131944444444445
1,5.2555555555555555
1,5.0055555555555555
1,15.006944444444445
1,5.00625
1,5.336805555555555
1,5.004861111111111
1,5.044444444444444
1,5.004861111111111
1,5.04375
1,5.127083333333333
1,6.125694444444444
1,6.125694444444444
1,5.040277777777778
1,7.248611111111111
1,12.123611111111112
1,5.08125
1,5.039583333333334
1,13.247916666666667
1,5.038888888888889
1,7.248611111111111
1,6.0368055555555555
1,83.03055555555555
1,169.12083333333334
1,8.24375
1,19.99375
1,5.033333333333333
1,5.033333333333333
1,5.281944444444444
1,5.031944444444444
1,5.03125
1,9.238888888888889
1,13.113888888888889
1,5.321527777777778
1,5.029166666666667
1,5.029166666666667
1,7.278472222222222
1,5.028472222222222
1,5.195138888888889
1,5.027083333333334
1,6.1930555555555555
1,6.1090277777777775
1,5.066666666666666
1,14.065972222222221
1,5.024305555555555
1,5.024305555555555
1,5.1875
1,5.020138888888889
1,37.31041666666667
1,13.102083333333333
1,5.018055555555556
1,252.63819444444445
1,7.2659722222222225
1,7.0993055555555555
1,5.0159722222222225
1,5.305555555555555
1,5.013194444444444
1,12.095138888888888
1,14.261805555555556
1,8.052083333333334
1,5.009722222222222
1,5.343055555555556
1,5.047916666666667
1,8.047916666666667
1,5.2965277777777775
1,5.004861111111111
1,5.003472222222222
1,5.002083333333333
1,5.003472222222222
1,5.043055555555555
1,5.041666666666667
1,9.248611111111112
1,5.039583333333334
1,21.039583333333333
1,5.038888888888889
1,5.954166666666667
1,6.161111111111111
1,6.033333333333333
1,5.033333333333333
1,5.031944444444444
1,5.031944444444444
1,5.03125
1,6.2
1,5.03125
1,5.030555555555556
1,5.030555555555556
1,5.028472222222222
1,5.028472222222222
1,5.986111111111111
1,13.06875
1,19.195833333333333
1,7.2347222222222225
1,5.0256944444444445
1,5.025
1,8.274305555555555
1,22.981944444444444
1,5.023611111111111
1,5.022916666666666
1,169.10069444444446
1,5.270833333333333
1,5.018055555555556
1,5.016666666666667
1,5.016666666666667
1,5.183333333333334
1,5.014583333333333
1,5.054861111111111
1,5.011111111111111
1,5.052777777777778
1,35.00972222222222
1,49.25486111111111
1,6.175694444444445
1,5.009027777777778
1,61.009027777777774
1,21.258333333333333
1,5.008333333333334
1,5.049305555555556
1,5.047916666666667
1,5.047916666666667
1,5.170138888888889
1,5.002777777777778
1,5.294444444444444
1,5.085416666666666
1,6.129166666666666
1,5.999305555555556
1,5.040277777777778
1,5.040277777777778
1,5.038194444444445
1,5.996527777777778
1,5.996527777777778
1,6.117361111111111
1,147.9875
1,15.197916666666666
1,5.029166666666667
1,5.029166666666667
1,6.195833333333334
1,7.195833333333334
1,5.028472222222222
1,6.0256944444444445
1,5.0256944444444445
1,5.192361111111111
1,5.858333333333333
1,5.025
1,5.024305555555555
1,5.022916666666666
1,5.020833333333333
1,14.9375
1,5.102083333333334
1,5.059722222222222
1,11.977083333333333
1,5.9743055555555555
1,5.0159722222222225
1,5.0159722222222225
1,5.0152777777777775
1,5.225
1,5.014583333333333
1,5.014583333333333
1,12.01388888888889
1,5.013194444444444
1,5.9319444444444445
1,18.971527777777776
1,6.136111111111111
1,5.010416666666667
1,5.0125
1,5.134722222222222
1,5.050694444444445
1,6.13125
1,5.2965277777777775
1,5.0465277777777775
1,8.004166666666666
1,13.92013888888889
1,5.041666666666667
1,5.041666666666667
1,5.039583333333334
1,5.038888888888889
1,5.0368055555555555
1,5.036111111111111
1,1.2722222222222221
1,5.035416666666666
1,5.034722222222222
1,5.034027777777778
1,13.909027777777778
1,11.99236111111111
1,5.033333333333333
1,1.1701388888888888
1,13.907638888888888
1,5.03125
1,5.030555555555556
1,6.069444444444445
1,5.110416666666667
1,5.025
1,5.023611111111111
1,7.064583333333333
1,6.938194444444444
1,5.058333333333334
1,5.057638888888889
1,5.0152777777777775
1,5.054861111111111
1,5.051388888888889
1,6.884722222222222
1,5.089583333333334
1,8.042361111111111
1,5.039583333333334
1,5.034722222222222
1,9.071527777777778
1,132.81597222222223
1,15.94375
1,5.027083333333334
1,5.0256944444444445
1,5.065277777777778
1,15.814583333333333
1,5.939583333333333
1,5.855555555555555
1,8.0625
1,5.811805555555556
1,5.059027777777778
1,5.142361111111111
1,46.8875
1,5.932638888888889
1,5.0152777777777775
1,5.013888888888889
1,5.050694444444445
1,5.050694444444445
1,22.884027777777778
1,6.048611111111111
1,12.88125
1,5.128472222222222
1,5.004166666666666
1,5.166666666666667
1,15.994444444444444
1,5.033333333333333
1,5.073611111111111
1,5.031944444444444
1,6.156944444444444
1,5.029166666666667
1,5.19375
1,6.0680555555555555
1,6.9006944444444445
1,5.0256944444444445
1,21.233333333333334
1,21.856944444444444
1,20.022916666666667
1,5.023611111111111
1,5.895138888888889
1,5.145138888888889
1,5.019444444444445
1,5.01875
1,5.01875
1,57.09583333333333
1,5.1409722222222225
1,5.016666666666667
1,5.096527777777778
1,6.136805555555555
1,5.009722222222222
1,5.966666666666667
1,8.883333333333333
1,22.925
1,5.048611111111111
1,6.049305555555556
1,5.004861111111111
1,105.03888888888889
1,5.834722222222222
1,5.041666666666667
1,5.083333333333333
1,5.081944444444445
1,8.747222222222222
1,5.040972222222222
1,5.0375
1,5.0368055555555555
1,22.119444444444444
1,5.032638888888889
1,5.032638888888889
1,6.073611111111111
1,5.072916666666667
1,5.028472222222222
1,5.028472222222222
1,5.027777777777778
1,8.027777777777779
1,5.027083333333334
1,15.068055555555556
1,5.026388888888889
1,5.815972222222222
1,22.81388888888889
1,15.979861111111111
1,5.728472222222222
1,5.019444444444445
1,5.101388888888889
1,5.095138888888889
1,6.053472222222222
1,7.761111111111111
1,5.759027777777778
1,21.884027777777778
1,12.800694444444444
1,5.047916666666667
1,5.0472222222222225
1,5.045833333333333
1,5.042361111111111
1,5.042361111111111
1,13.999305555555555
1,5.040972222222222
1,5.039583333333334
1,5.0375
1,6.995138888888889
1,5.0368055555555555
1,5.0777777777777775
1,5.075
1,5.03125
1,5.78125
1,18.988888888888887
1,5.028472222222222
1,5.028472222222222
1,12.944444444444445
1,5.652777777777778
1,5.7347222222222225
1,5.0256944444444445
1,7.898611111111111
1,5.023611111111111
1,7.893055555555556
1,5.059722222222222
1,5.142361111111111
1,13.975
1,5.016666666666667
1,5.0152777777777775
1,5.014583333333333
1,5.763888888888889
1,6.720138888888889
1,12.800694444444444
1,12.8
1,5.6305555555555555
1,18.715972222222224
1,5.0472222222222225
1,8.794444444444444
1,5.040972222222222
1,49.83263888888889
1,5.911111111111111
1,5.035416666666666
1,5.034027777777778
1,8.950694444444444
1,36.99236111111111
1,5.781944444444444
1,7.695138888888889
1,5.027083333333334
1,11.734027777777778
1,5.898611111111111
1,6.685416666666667
1,172.84722222222223
1,5.010416666666667
1,6.882638888888889
1,8.000694444444445
1,5.997916666666667
1,5.039583333333334
1,6.2875
1,12.615972222222222
1,5.113888888888889
1,14.901388888888889
1,11.556944444444444
1,5.05
1,5.591666666666667
1,7.860416666666667
1,5.151388888888889
1,5.022916666666666
1,5.563888888888889
1,5.042361111111111
1,5.663888888888889
1,5.075
1,5.0375
1,5.018055555555556
1,5.017361111111111
1,5.016666666666667
1,5.0152777777777775
1,5.0152777777777775
1,5.013888888888889
1,5.013194444444444
1,5.013194444444444
1,5.0125
1,5.0125
1,5.011805555555555
1,5.011805555555555
1,5.011111111111111
1,5.010416666666667
1,5.010416666666667
1,5.009027777777778
1,5.008333333333334
1,5.007638888888889
1,5.003472222222222
1,5.002777777777778
1,5.002083333333333
1,5.002083333333333
1,5.001388888888889
1,8.723611111111111
1,5.0368055555555555
1,11.952083333333333
1,18.372222222222224
1,5.03125
1,5.063194444444444
1,5.002777777777778
1,5.098611111111111
1,5.027083333333334
1,5.480555555555555
1,5.938194444444444
1,5.011805555555555
1,5.031944444444444
1,41.51111111111111
1,18.380555555555556
1,7.241666666666666
1,5.324305555555555
1,5.363194444444445
1,5.022222222222222
1,6.016666666666667
1,11.349305555555556
1,5.347916666666666
1,5.344444444444444
1,8.189583333333333
1,12.378472222222221
1,5.044444444444444
1,41.12638888888889
1,7.333333333333333
1,5.163888888888889
1,5.038888888888889
1,5.038888888888889
1,5.038194444444445
1,5.285416666666666
1,5.240277777777778
1,7.072222222222222
1,5.030555555555556
1,5.029166666666667
1,5.361805555555556
1,5.0256944444444445
1,50.270833333333336
1,21.4
1,5.315972222222222
1,5.023611111111111
1,5.022222222222222
1,5.063888888888889
1,5.020833333333333
1,5.019444444444445
1,33.269444444444446
1,5.3125
1,5.352083333333334
1,5.267361111111111
1,15.141666666666667
1,5.016666666666667
1,49.391666666666666
1,33.013888888888886
1,5.013194444444444
1,5.0125
1,19.385416666666668
1,5.048611111111111
1,5.047916666666667
1,5.00625
1,5.0465277777777775
1,5.0465277777777775
1,5.045138888888889
1,5.252083333333333
1,5.04375
1,5.040972222222222
1,5.039583333333334
1,5.0375
1,5.0375
1,5.0368055555555555
1,5.034722222222222
1,5.242361111111111
1,5.036111111111111
1,5.325
1,5.03125
1,5.030555555555556
1,13.317361111111111
1,5.029166666666667
1,14.279166666666667
1,5.029166666666667
1,5.028472222222222
1,5.027083333333334
1,21.31875
1,5.0256944444444445
1,5.236111111111111
1,17.983333333333334
1,5.025
1,5.064583333333333
1,5.022916666666666
1,5.022916666666666
1,8.063888888888888
1,5.230555555555555
1,5.020833333333333
1,5.0625
1,5.354166666666667
1,5.019444444444445
1,5.017361111111111
1,8.307638888888889
1,5.0159722222222225
1,15.098611111111111
1,5.098611111111111
1,5.097222222222222
1,5.304861111111111
1,15.0125
1,5.215277777777778
1,5.00625
1,57.206944444444446
1,27.210416666666667
1,5.29375
1,8.126388888888888
1,5.041666666666667
1,7.165277777777778
1,5.040277777777778
1,5.2034722222222225
1,15.077777777777778
1,5.035416666666666
1,5.035416666666666
1,18.991666666666667
1,5.033333333333333
1,5.032638888888889
1,6.990277777777778
1,5.029166666666667
1,5.028472222222222
1,5.0680555555555555
1,5.0256944444444445
1,5.0256944444444445
1,5.021527777777778
1,5.022916666666666
1,5.022916666666666
1,5.022916666666666
1,5.022916666666666
1,5.019444444444445
1,5.227083333333334
1,5.225694444444445
1,5.017361111111111
1,5.01875
1,5.0569444444444445
1,6.225
1,22.054861111111112
1,5.010416666666667
1,10.929166666666667
1,5.051388888888889
1,5.009722222222222
1,5.049305555555556
1,15.174305555555556
1,6.2555555555555555
1,6.9222222222222225
1,5.0055555555555555
1,8.254166666666666
1,5.045833333333333
1,5.045138888888889
1,8.17013888888889
1,0.022222222222222223
1,6.250694444444444
1,13.165972222222223
1,5.040972222222222
1,5.040277777777778
1,5.080555555555556
1,5.9534722222222225
1,5.076388888888889
1,5.034027777777778
1,6.909027777777778
1,5.0256944444444445
1,12.940972222222221
1,5.147222222222222
1,8.147222222222222
1,5.021527777777778
1,6.186805555555556
1,5.019444444444445
1,75.92986111111111
1,5.017361111111111
1,19.974305555555556
1,8.056944444444444
1,5.052777777777778
1,13.927083333333334
1,5.926388888888889
1,21.256944444444443
1,5.0465277777777775
1,5.043055555555555
1,5.167361111111111
1,5.165277777777778
1,13.20625
1,6.204166666666667
1,5.995833333333334
1,5.036111111111111
1,39.950694444444444
1,8.116666666666667
1,5.030555555555556
1,178.9423611111111
1,11.946527777777778
1,36.19305555555555
1,5.0256944444444445
1,5.144444444444445
1,5.019444444444445
1,5.01875
1,5.017361111111111
1,113.01458333333333
1,5.054861111111111
1,5.0125
1,7.966666666666667
1,15.133333333333333
1,5.086805555555555
1,5.003472222222222
1,7.915972222222222
1,5.038888888888889
1,36.16319444444444
1,5.036111111111111
1,8.116666666666667
1,7.071527777777778
1,5.19375
1,5.024305555555555
1,5.064583333333333
1,17.855555555555554
1,5.014583333333333
1,5.013888888888889
1,5.054166666666666
1,6.053472222222222
1,5.886805555555555
1,5.050694444444445
1,12.841666666666667
1,7.090972222222222
1,12.964583333333334
1,5.0472222222222225
1,5.004861111111111
1,5.0465277777777775
1,6.044444444444444
1,6.919444444444444
1,5.790972222222222
1,18.788888888888888
1,47.829166666666666
1,5.0375
1,5.0784722222222225
1,5.035416666666666
1,5.033333333333333
1,5.819444444444445
1,7.06875
1,5.816666666666666
1,5.065972222222222
1,12.0625
1,5.059027777777778
1,5.014583333333333
1,12.053472222222222
1,11.886111111111111
1,18.011111111111113
1,21.052083333333332
1,5.009027777777778
1,5.008333333333334
1,5.004861111111111
1,5.004166666666666
1,5.043055555555555
1,5.038888888888889
1,6.038194444444445
1,5.038194444444445
1,36.078472222222224
1,5.1194444444444445
1,5.034722222222222
1,40.076388888888886
1,5.075694444444444
1,8.239583333333334
1,5.029166666666667
1,5.0256944444444445
1,7.066666666666666
1,5.025
1,5.025
1,26.815277777777776
1,5.023611111111111
1,7.0625
1,17.976388888888888
1,14.016666666666667
1,12.85
1,5.0993055555555555
1,5.7652777777777775
1,5.0125
1,13.970833333333333
1,5.135416666666667
1,5.051388888888889
1,5.883333333333334
1,5.049305555555556
1,5.131944444444445
1,5.004861111111111
1,5.044444444444444
1,5.670833333333333
1,5.043055555555555
1,5.75
1,5.040277777777778
1,5.039583333333334
1,5.039583333333334
1,5.747222222222222
1,17.995833333333334
1,5.035416666666666
1,5.034722222222222
1,5.784027777777778
1,13.824305555555556
1,5.032638888888889
1,5.029166666666667
1,5.027777777777778
1,21.77638888888889
1,6.022222222222222
1,12.686111111111112
1,5.018055555555556
1,5.682638888888889
1,5.057638888888889
1,5.014583333333333
1,5.013194444444444
1,5.009027777777778
1,5.049305555555556
1,7.920833333333333
1,6.001388888888889
1,5.749305555555556
1,5.040972222222222
1,13.745138888888889
1,5.7027777777777775
1,24.86875
1,5.029861111111111
1,35.97013888888889
1,5.716666666666667
1,5.713888888888889
1,5.709722222222222
1,12.875
1,5.704861111111111
1,5.704861111111111
1,5.704861111111111
1,13.889583333333333
1,10.825
1,7.7868055555555555
1,12.54861111111111
1,5.032638888888889
1,5.028472222222222
1,5.027777777777778
1,5.026388888888889
1,5.026388888888889
1,5.0256944444444445
1,5.0256944444444445
1,5.0256944444444445
1,5.025
1,5.025
1,5.024305555555555
1,5.024305555555555
1,5.024305555555555
1,5.023611111111111
1,5.022916666666666
1,5.022916666666666
1,5.022916666666666
1,5.022222222222222
1,5.022222222222222
1,5.188888888888889
1,5.021527777777778
1,5.021527777777778
1,5.020833333333333
1,5.751388888888889
1,18.480555555555554
1,17.786805555555556
1,14.734722222222222
1,5.069444444444445
1,5.061111111111111
1,5.053472222222222
1,5.041666666666667
1,5.065277777777778
1,7.558333333333334
1,10.211805555555555
1,5.022222222222222
1,5.040972222222222
1,5.013194444444444
1,5.034027777777778
1,5.190277777777778
1,5.019444444444445
1,5.052083333333333
1,5.174305555555556
1,5.047916666666667
1,6.2125
1,6.336805555555555
1,5.336111111111111
1,40.12777777777778
1,5.334027777777778
1,5.042361111111111
1,5.041666666666667
1,5.040277777777778
1,5.0777777777777775
1,5.036111111111111
1,5.033333333333333
1,2.220833333333333
1,5.1125
1,5.027777777777778
1,28.40138888888889
1,5.1090277777777775
1,5.024305555555555
1,5.022916666666666
1,5.022222222222222
1,5.022222222222222
1,5.021527777777778
1,5.020138888888889
1,5.267361111111111
1,45.392361111111114
1,5.017361111111111
1,5.058333333333334
1,5.018055555555556
1,5.0159722222222225
1,10.307638888888889
1,5.098611111111111
1,5.0125
1,6.053472222222222
1,5.011805555555555
1,5.011111111111111
1,5.011111111111111
1,5.051388888888889
1,7.300694444444445
1,5.009027777777778
1,5.091666666666667
1,5.05
1,5.132638888888889
1,7.090277777777778
1,11.088888888888889
1,5.0465277777777775
1,35.046527777777776
1,6.295833333333333
1,15.17013888888889
1,5.045138888888889
1,24.12361111111111
1,6.373611111111111
1,12.122222222222222
1,5.079166666666667
1,5.0368055555555555
1,5.035416666666666
1,5.034722222222222
1,21.03263888888889
1,5.074305555555555
1,6.28125
1,5.030555555555556
1,39.113194444444446
1,7.240277777777778
1,5.113194444444445
1,5.070833333333334
1,5.029166666666667
1,5.027777777777778
1,5.027083333333334
1,5.231944444444444
1,7.103472222222222
1,5.020138888888889
1,5.060416666666667
1,12.059722222222222
1,5.018055555555556
1,5.0152777777777775
1,5.0569444444444445
1,7.222222222222222
1,12.011805555555556
1,5.011111111111111
1,6.218055555555556
1,5.006944444444445
1,6.1715277777777775
1,12.254166666666666
1,5.002777777777778
1,5.334027777777778
1,6.250694444444444
1,5.165277777777778
1,12.247916666666667
1,5.038888888888889
1,5.038194444444445
1,5.0777777777777775
1,7.243055555555555
1,33.950694444444444
1,5.03125
1,5.280555555555556
1,5.029166666666667
1,10.277777777777779
1,9.98263888888889
1,5.315277777777778
1,5.022222222222222
1,5.021527777777778
1,5.01875
1,167.09722222222223
1,6.934027777777778
1,7.100694444444445
1,5.059027777777778
1,5.016666666666667
1,6.057638888888889
1,5.0152777777777775
1,17.972916666666666
1,5.013888888888889
1,13.263194444444444
1,6.971527777777778
1,13.263194444444444
1,0.2659722222222222
1,5.006944444444445
1,18.92013888888889
1,24.044444444444444
1,5.04375
1,5.16875
1,5.04375
1,5.043055555555555
1,7.25
1,5.041666666666667
1,13.207638888888889
1,10.165972222222223
1,54.36875
1,6.205555555555556
1,5.205555555555556
1,5.115972222222222
1,5.03125
1,6.2375
1,5.029166666666667
1,5.1506944444444445
1,5.022916666666666
1,5.147916666666666
1,5.189583333333333
1,5.188888888888889
1,5.019444444444445
1,5.01875
1,11.184027777777779
1,5.059027777777778
1,31.889583333333334
1,6.3875
1,5.134722222222222
1,90.25277777777778
1,5.049305555555556
1,12.129166666666666
1,5.04375
1,5.003472222222222
1,5.042361111111111
1,5.042361111111111
1,19.166666666666668
1,5.0375
1,5.033333333333333
1,5.033333333333333
1,5.158333333333333
1,17.233333333333334
1,5.024305555555555
1,5.065277777777778
1,17.105555555555554
1,5.018055555555556
1,5.017361111111111
1,5.0569444444444445
1,5.139583333333333
1,9.972222222222221
1,21.053472222222222
1,5.009722222222222
1,7.047916666666667
1,19.8375
1,5.042361111111111
1,5.038194444444445
1,5.0375
1,6.829166666666667
1,5.036111111111111
1,5.075694444444444
1,5.075694444444444
1,5.157638888888889
1,5.031944444444444
1,5.031944444444444
1,5.03125
1,5.110416666666667
1,10.151388888888889
1,6.9006944444444445
1,5.066666666666666
1,19.103472222222223
1,5.018055555555556
1,6.8909722222222225
1,20.181944444444444
1,11.140277777777778
1,19.845833333333335
1,10.095833333333333
1,5.095833333333333
1,5.011111111111111
1,20.010416666666668
1,5.091666666666667
1,17.88125
1,5.045833333333333
1,13.086805555555555
1,5.044444444444444
1,5.044444444444444
1,11.833333333333334
1,12.95625
1,5.038194444444445
1,5.038194444444445
1,6.035416666666666
1,5.034722222222222
1,6.2
1,5.032638888888889
1,12.031944444444445
1,5.029166666666667
1,12.068055555555556
1,11.109722222222222
1,5.0256944444444445
1,5.025
1,6.10625
1,5.020833333333333
1,6.102777777777778
1,5.018055555555556
1,5.809722222222222
1,5.0159722222222225
1,5.0569444444444445
1,6.929166666666666
1,5.011111111111111
1,5.011111111111111
1,5.011111111111111
1,5.010416666666667
1,5.009027777777778
1,25.880555555555556
1,14.003472222222221
1,11.79513888888889
1,5.251388888888889
1,5.041666666666667
1,10.039583333333333
1,136.82638888888889
1,136.82638888888889
1,212.74791666666667
1,166.90902777777777
1,5.121527777777778
1,9.788194444444445
1,5.0368055555555555
1,5.036111111111111
1,11.993055555555555
1,5.033333333333333
1,5.863888888888889
1,5.863888888888889
1,35.07013888888889
1,12.775
1,192.98472222222222
1,5.023611111111111
1,5.064583333333333
1,5.021527777777778
1,5.060416666666667
1,13.85138888888889
1,11.018055555555556
1,11.058333333333334
1,5.014583333333333
1,94.09027777777777
1,5.09375
1,6.091666666666667
1,5.008333333333334
1,6.007638888888889
1,9.67361111111111
1,11.75625
1,5.007638888888889
1,5.7131944444444445
1,6.004861111111111
1,5.002083333333333
1,5.042361111111111
1,6.709027777777778
1,5.041666666666667
1,39.831944444444446
1,5.040277777777778
1,12.119444444444444
1,5.035416666666666
1,6.993055555555555
1,5.031944444444444
1,5.781944444444444
1,5.03125
1,5.947222222222222
1,271.7388888888889
1,5.029861111111111
1,9.985416666666667
1,10.858333333333333
1,5.064583333333333
1,5.022222222222222
1,55.765972222222224
1,5.725
1,5.0569444444444445
1,17.05625
1,9.970833333333333
1,20.927083333333332
1,5.009722222222222
1,5.049305555555556
1,12.835416666666667
1,5.042361111111111
1,5.040972222222222
1,6.833333333333333
1,5.038194444444445
1,6.825
1,10.739583333333334
1,6.695138888888889
1,11.940277777777778
1,16.940277777777776
1,11.940277777777778
1,16.939583333333335
1,5.022222222222222
1,5.020138888888889
1,6.893055555555556
1,5.011111111111111
1,55.920833333333334
1,10.92013888888889
1,5.044444444444444
1,5.043055555555555
1,19.00138888888889
1,5.0368055555555555
1,5.077083333333333
1,5.027777777777778
1,9.943055555555556
1,5.024305555555555
1,5.011805555555555
1,5.044444444444444
1,5.040972222222222
1,11.906944444444445
1,12.796527777777778
1,6.669444444444444
1,5.034027777777778
1,5.033333333333333
1,5.03125
1,5.030555555555556
1,5.030555555555556
1,5.029861111111111
1,5.029166666666667
1,5.027777777777778
1,5.027777777777778
1,5.027083333333334
1,5.0256944444444445
1,5.0256944444444445
1,5.023611111111111
1,5.022916666666666
1,5.022222222222222
1,5.020833333333333
1,5.067361111111111
1,16.604861111111113
1,5.0159722222222225
1,5.0159722222222225
1,5.0159722222222225
1,5.013888888888889
1,5.011805555555555
1,5.011111111111111
1,5.010416666666667
1,5.042361111111111
1,12.483333333333333
1,6.691666666666666
1,11.7125
1,11.66388888888889
1,6.677083333333333
1,5.009027777777778
1,5.4631944444444445
1,5.205555555555556
1,25.36875
1,5.029861111111111
1,5.0680555555555555
1,5.063888888888889
1,5.021527777777778
1,5.018055555555556
1,5.09375
1,5.038194444444445
1,6.493055555555555
1,5.041666666666667
1,5.200694444444444
1,5.029166666666667
1,6.4006944444444445
1,5.006944444444445
1,5.035416666666666
1,6.352777777777778
1,5.01875
1,9.308333333333334
1,5.010416666666667
1,9.378472222222221
1,5.043055555555555
1,34.36944444444445
1,5.0777777777777775
1,5.034722222222222
1,5.322916666666667
1,5.072916666666667
1,5.154861111111111
1,6.4430555555555555
1,10.150694444444444
1,5.0256944444444445
1,5.397916666666666
1,5.355555555555555
1,5.020138888888889
1,11.435416666666667
1,6.102083333333334
1,5.351388888888889
1,11.35138888888889
1,34.35138888888889
1,5.059027777777778
1,5.01875
1,5.098611111111111
1,30.30625
1,5.013194444444444
1,5.013194444444444
1,5.179861111111111
1,5.054166666666666
1,5.011805555555555
1,6.010416666666667
1,6.261805555555555
1,16.301388888888887
1,5.297916666666667
1,9.255555555555556
1,6.129166666666666
1,5.336805555555555
1,5.045138888888889
1,5.043055555555555
1,5.043055555555555
1,5.041666666666667
1,5.041666666666667
1,5.040972222222222
1,6.08125
1,5.038888888888889
1,5.329861111111111
1,5.159722222222222
1,5.034722222222222
1,6.073611111111111
1,5.03125
1,44.234027777777776
1,11.279861111111112
1,5.029166666666667
1,5.027777777777778
1,5.277083333333334
1,32.06805555555555
1,5.0256944444444445
1,5.023611111111111
1,5.022916666666666
1,5.10625
1,5.314583333333333
1,17.23125
1,10.063888888888888
1,5.020833333333333
1,9.228472222222223
1,39.02013888888889
1,5.01875
1,6.225
1,6.223611111111111
1,5.055555555555555
1,34.303472222222226
1,54.21944444444444
1,5.011111111111111
1,5.05
1,5.008333333333334
1,5.049305555555556
1,5.047916666666667
1,5.00625
1,5.0055555555555555
1,16.00486111111111
1,37.08680555555556
1,5.086111111111111
1,5.044444444444444
1,23.04375
1,19.335416666666667
1,143.07638888888889
1,19.997916666666665
1,5.039583333333334
1,5.038888888888889
1,5.080555555555556
1,5.288194444444445
1,67.03263888888888
1,5.0375
1,5.0375
1,5.075694444444444
1,37.074305555555554
1,16.990972222222222
1,5.990972222222222
1,5.073611111111111
1,5.03125
1,11.280555555555555
1,5.197222222222222
1,5.156944444444444
1,12.9875
1,13.319444444444445
1,5.0680555555555555
1,5.9840277777777775
1,30.06597222222222
1,13.229861111111111
1,10.229861111111111
1,5.1875
1,5.102777777777778
1,5.01875
1,5.01875
1,5.26875
1,6.268055555555556
1,5.2659722222222225
1,5.054861111111111
1,6.178472222222222
1,5.011805555555555
1,5.052777777777778
1,11.010416666666666
1,12.009722222222223
1,6.051388888888889
1,19.218055555555555
1,6.050694444444445
1,5.259027777777778
1,20.175
1,30.215972222222224
1,5.174305555555556
1,40.049305555555556
1,5.090277777777778
1,5.0472222222222225
1,5.0881944444444445
1,13.171527777777778
1,10.045833333333333
1,5.254166666666666
1,5.086805555555555
1,11.9625
1,5.209027777777778
1,34.24930555555556
1,13.081944444444444
1,5.997916666666667
1,5.0375
1,5.035416666666666
1,16.95138888888889
1,5.032638888888889
1,5.029861111111111
1,5.904861111111111
1,16.196527777777778
1,18.196527777777778
1,5.028472222222222
1,5.111111111111111
1,5.983333333333333
1,5.231944444444444
1,5.228472222222222
1,5.020138888888889
1,5.227777777777778
1,239.97291666666666
1,10.979861111111111
1,9.225694444444445
1,5.225694444444445
1,5.057638888888889
1,12.223611111111111
1,9.139583333333333
1,10.140972222222222
1,9.929166666666667
1,17.97013888888889
1,5.011111111111111
1,6.051388888888889
1,5.050694444444445
1,5.008333333333334
1,5.048611111111111
1,37.925694444444446
1,51.13194444444444
1,5.128472222222222
1,6.043055555555555
1,5.043055555555555
1,5.125
1,5.040972222222222
1,5.167361111111111
1,6.123611111111111
1,6.123611111111111
1,9.95625
1,15.996527777777779
1,5.121527777777778
1,5.160416666666666
1,5.118055555555555
1,5.159027777777778
1,10.11736111111111
1,9.991666666666667
1,5.114583333333333
1,5.030555555555556
1,5.154861111111111
1,5.111805555555556
1,5.069444444444445
1,5.277083333333334
1,5.110416666666667
1,5.0256944444444445
1,5.108333333333333
1,5.024305555555555
1,19.190277777777776
1,11.85625
1,47.85625
1,5.020833333333333
1,34.18680555555556
1,9.935416666666667
1,5.93125
1,16.882638888888888
1,5.044444444444444
1,11.872222222222222
1,5.034722222222222
1,23.072916666666668
1,5.153472222222222
1,5.026388888888889
1,23.108333333333334
1,5.025
1,5.939583333333333
1,5.022222222222222
1,5.1875
1,5.020833333333333
1,5.019444444444445
1,5.05625
1,6.139583333333333
1,12.097222222222221
1,5.134722222222222
1,6.132638888888889
1,5.006944444444445
1,37.96111111111111
1,9.877083333333333
1,5.041666666666667
1,5.041666666666667
1,67.78541666666666
1,5.039583333333334
1,5.7875
1,5.035416666666666
1,5.034722222222222
1,5.032638888888889
1,10.822916666666666
1,5.030555555555556
1,219.85763888888889
1,9.944444444444445
1,5.026388888888889
1,5.0256944444444445
1,5.022916666666666
1,5.018055555555556
1,5.100694444444445
1,5.058333333333334
1,185.05902777777777
1,5.054861111111111
1,16.054166666666667
1,5.0125
1,5.011805555555555
1,5.011805555555555
1,8.970138888888888
1,5.010416666666667
1,5.007638888888889
1,11.924305555555556
1,5.047916666666667
1,5.00625
1,6.004861111111111
1,5.004166666666666
1,5.002083333333333
1,5.002777777777778
1,5.042361111111111
1,5.040972222222222
1,5.039583333333334
1,5.0375
1,5.034722222222222
1,5.034722222222222
1,5.033333333333333
1,5.031944444444444
1,52.94305555555555
1,5.030555555555556
1,5.029166666666667
1,9.069444444444445
1,5.027777777777778
1,5.777083333333334
1,5.0256944444444445
1,5.066666666666666
1,5.024305555555555
1,5.023611111111111
1,6.064583333333333
1,5.022222222222222
1,17.729861111111113
1,5.020833333333333
1,5.020138888888889
1,5.018055555555556
1,5.058333333333334
1,5.016666666666667
1,5.013194444444444
1,5.054861111111111
1,5.011805555555555
1,5.011805555555555
1,10.092361111111112
1,5.009027777777778
1,5.008333333333334
1,5.007638888888889
1,30.049305555555556
1,11.92361111111111
1,9.04861111111111
1,5.006944444444445
1,5.004861111111111
1,8.961805555555555
1,5.003472222222222
1,5.003472222222222
1,16.75
1,5.040277777777778
1,9.03888888888889
1,5.038888888888889
1,5.7875
1,5.0375
1,5.035416666666666
1,5.704166666666667
1,5.034027777777778
1,19.992361111111112
1,5.029861111111111
1,5.029166666666667
1,5.027777777777778
1,5.9847222222222225
1,5.7756944444444445
1,5.774305555555555
1,52.766666666666666
1,5.6875
1,5.0159722222222225
1,5.0569444444444445
1,47.010416666666664
1,5.013888888888889
1,5.010416666666667
1,5.049305555555556
1,9.664583333333333
1,54.99027777777778
1,5.036111111111111
1,12.911111111111111
1,5.95
1,9.815972222222221
1,30.729861111111113
1,5.0625
1,33.97847222222222
1,5.010416666666667
1,5.032638888888889
1,5.615277777777778
1,5.05
1,5.128472222222222
1,17.57847222222222
1,8.652083333333334
1,5.017361111111111
1,5.05
1,30.632638888888888
1,5.047916666666667
1,16.585416666666667
1,5.165277777777778
1,5.00625
1,5.027777777777778
1,5.026388888888889
1,5.020138888888889
1,5.020138888888889
1,5.01875
1,5.018055555555556
1,5.017361111111111
1,5.017361111111111
1,5.016666666666667
1,5.0159722222222225
1,5.0152777777777775
1,5.0152777777777775
1,5.014583333333333
1,5.014583333333333
1,5.013888888888889
1,5.0125
1,5.011111111111111
1,5.71875
1,5.006944444444445
1,5.0055555555555555
1,5.004861111111111
1,5.003472222222222
1,5.002083333333333
1,16.493055555555557
1,16.52777777777778
1,5.027083333333334
1,9.315972222222221
1,9.3875
1,5.588888888888889
1,5.004861111111111
1,36.52916666666667
1,5.305555555555555
1,5.0368055555555555
1,5.61875
1,11.526388888888889
1,5.052777777777778
1,5.008333333333334
1,11.493055555555555
1,11.478472222222223
1,10.241666666666667
1,9.281944444444445
1,5.263194444444444
1,5.004861111111111
1,11.370833333333334
1,60.86666666666667
1,5.403472222222222
1,5.025
1,5.003472222222222
1,9.250694444444445
1,12.16388888888889
1,12.07986111111111
1,5.036111111111111
1,114.32222222222222
1,5.034722222222222
1,5.033333333333333
1,15.240277777777777
1,5.28125
1,5.032638888888889
1,5.028472222222222
1,10.32013888888889
1,5.361111111111111
1,12.235416666666667
1,10.066666666666666
1,5.065972222222222
1,30.315277777777776
1,5.147222222222222
1,5.021527777777778
1,5.0152777777777775
1,5.013888888888889
1,5.222222222222222
1,5.053472222222222
1,124.09027777777777
1,17.302083333333332
1,5.009722222222222
1,5.008333333333334
1,5.007638888888889
1,124.25277777777778
1,5.049305555555556
1,5.340277777777778
1,5.047916666666667
1,5.0465277777777775
1,12.33611111111111
1,9.084722222222222
1,5.333333333333333
1,5.416666666666667
1,5.040972222222222
1,19.24861111111111
1,5.039583333333334
1,5.038888888888889
1,5.038888888888889
1,5.370833333333334
1,5.079166666666667
1,5.2444444444444445
1,18.117361111111112
1,8.2
1,5.032638888888889
1,5.031944444444444
1,8.279861111111112
1,18.98611111111111
1,30.23402777777778
1,5.027777777777778
1,5.024305555555555
1,5.10625
1,5.229166666666667
1,5.022222222222222
1,9.186111111111112
1,5.26875
1,5.3069444444444445
1,8.17986111111111
1,38.0125
1,17.304166666666667
1,5.304166666666666
1,8.053472222222222
1,33.052083333333336
1,16.050694444444446
1,8.009027777777778
1,40.25416666666667
1,5.006944444444445
1,5.008333333333334
1,5.00625
1,38.33958333333333
1,5.0881944444444445
1,5.045138888888889
1,9.17013888888889
1,5.211111111111111
1,5.041666666666667
1,11.291666666666666
1,10.208333333333334
1,5.080555555555556
1,9.245833333333334
1,5.0375
1,10.1625
1,10.245833333333334
1,229.19861111111112
1,11.078472222222222
1,5.034027777777778
1,8.200694444444444
1,11.2
1,11.238888888888889
1,5.071527777777778
1,5.235416666666667
1,16.275694444444444
1,5.190277777777778
1,18.18888888888889
1,5.186805555555556
1,8.061111111111112
1,5.017361111111111
1,5.308333333333334
1,15.057638888888889
1,5.0159722222222225
1,5.054166666666666
1,15.261805555555556
1,5.134722222222222
1,8.218055555555555
1,5.050694444444445
1,5.175694444444445
1,5.049305555555556
1,5.007638888888889
1,8.174305555555556
1,17.006944444444443
1,5.0055555555555555
1,8.213194444444444
1,5.004861111111111
1,5.0881944444444445
1,5.127083333333333
1,5.04375
1,5.209722222222222
1,5.042361111111111
1,22.165972222222223
1,5.040972222222222
1,14.957638888888889
1,5.123611111111111
1,11.247916666666667
1,8.205555555555556
1,10.245833333333334
1,11.078472222222222
1,7.9527777777777775
1,5.036111111111111
1,5.035416666666666
1,11.24236111111111
1,7.950694444444444
1,9.952777777777778
1,5.284027777777778
1,5.157638888888889
1,8.239583333333334
1,5.029861111111111
1,9.903472222222222
1,7.945138888888889
1,5.152083333333334
1,9.19375
1,11.233333333333333
1,5.065277777777778
1,15.89861111111111
1,5.230555555555555
1,8.188888888888888
1,10.978472222222223
1,5.01875
1,12.015277777777778
1,22.26388888888889
1,15.138194444444444
1,5.0125
1,5.011111111111111
1,15.259722222222223
1,18.134027777777778
1,28.92152777777778
1,5.045138888888889
1,5.040277777777778
1,5.038888888888889
1,5.0375
1,5.036111111111111
1,134.94722222222222
1,7.868055555555555
1,5.160416666666666
1,15.116666666666667
1,16.2375
1,17.904166666666665
1,19.218055555555555
1,5.06875
1,11.109027777777778
1,5.025
1,8.065972222222221
1,5.022916666666666
1,5.188888888888889
1,5.104861111111111
1,8.106944444444444
1,5.1875
1,5.019444444444445
1,5.060416666666667
1,5.048611111111111
1,10.963194444444444
1,5.0368055555555555
1,5.118055555555555
1,5.020138888888889
1,5.061805555555556
1,5.01875
1,8.059722222222222
1,5.054861111111111
1,65.04930555555555
1,7.929166666666666
1,5.136805555555555
1,9.09375
1,22.09027777777778
1,5.0465277777777775
1,5.170833333333333
1,5.004166666666666
1,5.044444444444444
1,5.044444444444444
1,5.040972222222222
1,10.95486111111111
1,10.828472222222222
1,0.035416666666666666
1,5.152777777777778
1,7.983333333333333
1,3.7736111111111112
1,33.106944444444444
1,5.065277777777778
1,11.980555555555556
1,5.020138888888889
1,5.060416666666667
1,5.017361111111111
1,5.0159722222222225
1,5.057638888888889
1,5.0993055555555555
1,8.843055555555555
1,5.045833333333333
1,10.002083333333333
1,5.083333333333333
1,228.9951388888889
1,5.082638888888889
1,99.74097222222223
1,5.0375
1,5.077083333333333
1,9.035416666666666
1,5.034722222222222
1,11.784027777777778
1,5.032638888888889
1,7.740277777777778
1,9.031944444444445
1,5.027083333333334
1,10.772222222222222
1,17.022222222222222
1,18.810416666666665
1,8.100694444444445
1,5.0159722222222225
1,25.764583333333334
1,5.014583333333333
1,5.054861111111111
1,5.0125
1,5.011805555555555
1,5.008333333333334
1,2.9715277777777778
1,5.0465277777777775
1,8.95486111111111
1,5.0368055555555555
1,5.035416666666666
1,7.990277777777778
1,5.027777777777778
1,5.027777777777778
1,14.942361111111111
1,7.983333333333333
1,5.065277777777778
1,7.856944444444444
1,5.023611111111111
1,15.815277777777778
1,5.022916666666666
1,9.938194444444445
1,5.016666666666667
1,8.808333333333334
1,5.013888888888889
1,23.805555555555557
1,5.013888888888889
1,5.054166666666666
1,5.009027777777778
1,5.043055555555555
1,5.042361111111111
1,5.040277777777778
1,11.706944444444444
1,5.040277777777778
1,5.0368055555555555
1,9.700694444444444
1,5.025
1,11.02361111111111
1,9.731944444444444
1,5.022916666666666
1,10.813194444444445
1,5.020833333333333
1,5.020138888888889
1,5.020138888888889
1,63.763194444444444
1,10.76736111111111
1,5.0125
1,5.047916666666667
1,32.956944444444446
1,5.040277777777778
1,5.029861111111111
1,5.022916666666666
1,11.643055555555556
1,32.92986111111111
1,7.590277777777778
1,7.5881944444444445
1,18.87013888888889
1,5.029166666666667
1,7.571527777777778
1,16.570138888888888
1,15.604166666666666
1,10.597222222222221
1,7.711111111111111
1,5.041666666666667
1,8.82013888888889
1,5.027083333333334
1,5.021527777777778
1,5.020833333333333
1,5.020833333333333
1,5.020138888888889
1,5.019444444444445
1,5.01875
1,5.017361111111111
1,5.016666666666667
1,5.0159722222222225
1,5.0159722222222225
1,5.0152777777777775
1,5.0152777777777775
1,5.013888888888889
1,5.011805555555555
1,5.010416666666667
1,5.009722222222222
1,5.047916666666667
1,5.003472222222222
1,5.002083333333333
1,5.002777777777778
1,5.040972222222222
1,5.038888888888889
1,5.036111111111111
1,8.741666666666667
1,5.052777777777778
1,5.013888888888889
1,5.0159722222222225
1,5.043055555555555
1,5.042361111111111
1,5.034722222222222
1,5.032638888888889
1,7.611111111111111
1,5.020138888888889
1,5.41875
1,10.570833333333333
1,8.530555555555555
1,7.592361111111111
1,7.307638888888889
1,11.347222222222221
1,22.244444444444444
1,5.036111111111111
1,5.073611111111111
1,5.029166666666667
1,5.006944444444445
1,5.013194444444444
1,7.379166666666666
1,7.3590277777777775
1,5.038888888888889
1,17.040972222222223
1,10.32638888888889
1,7.2652777777777775
1,5.011111111111111
1,7.002083333333333
1,5.125694444444444
1,8.035416666666666
1,6.948611111111111
1,5.040972222222222
1,5.0472222222222225
1,6.992361111111111
1,5.021527777777778
1,5.0159722222222225
1,5.030555555555556
1,6.795833333333333
1,6.747916666666667
1,20.98611111111111
1,7.304166666666666
1,6.761111111111111
1,32.05
1,6.757638888888889
1,6.839583333333334
1,6.752083333333333
1,5.040277777777778
1,5.031944444444444
1,7.904861111111111
1,5.028472222222222
1,9.901388888888889
1,5.0375
1,5.059722222222222
1,6.754166666666666
1,5.042361111111111
1,5.080555555555556
1,31.95347222222222
1,5.110416666666667
1,31.936805555555555
1,5.011111111111111
1,5.1097222222222225
1,7.5993055555555555
1,6.9319444444444445
1,5.021527777777778
1,5.048611111111111
1,5.072222222222222
1,5.023611111111111
1,5.0152777777777775
1,41.49236111111111
1,5.028472222222222
1,5.021527777777778
1,6.64375
1,5.01875
1,5.0125
1,5.0465277777777775
1,5.084027777777778
1,6.259722222222222
1,5.042361111111111
1,5.033333333333333
1,5.0159722222222225
1,5.038194444444445
1,5.01875
1,5.0152777777777775
1,6.428472222222222
1,29.914583333333333
1,6.304166666666666
1,6.259722222222222
1,42.00277777777778
1,5.903472222222222
1,5.006944444444445
1,9.159722222222221
1,7.03125
1,5.022222222222222
1,5.021527777777778
1,5.017361111111111
1,5.014583333333333
1,7.822222222222222
1,5.031944444444444
1,6.0125
1,5.711111111111111
1,6.018055555555556
1,6.725694444444445
1,5.010416666666667
1,7.901388888888889
1,5.0875
1,5.038888888888889
1,5.05625
1,5.047916666666667
1,5.00625
1,5.914583333333334
1,5.723611111111111
1,6.540277777777778
1,5.0256944444444445
1,5.00625
1,5.4625
1,5.0368055555555555
1,5.036111111111111
1,30.652083333333334
1,6.520138888888889
1,5.352777777777778
1,5.3493055555555555
1,5.060416666666667
1,5.2868055555555555
1,6.071527777777778
1,5.3
1,33.40902777777778
1,13.145833333333334
1,30.385416666666668
1,5.050694444444445
1,5.048611111111111
1,5.122916666666667
1,7.288888888888889
1,5.036111111111111
1,5.035416666666666
1,5.11875
1,7.034027777777778
1,5.033333333333333
1,5.031944444444444
1,5.031944444444444
1,5.03125
1,5.029861111111111
1,5.027777777777778
1,5.025
1,5.025
1,5.024305555555555
1,20.315277777777776
1,5.023611111111111
1,5.270833333333333
1,5.020833333333333
1,5.144444444444445
1,5.060416666666667
1,5.01875
1,5.018055555555556
1,5.0569444444444445
1,5.0152777777777775
1,15.01736111111111
1,5.013888888888889
1,83.1375
1,5.136805555555555
1,5.385416666666667
1,6.09375
1,5.259722222222222
1,5.051388888888889
1,5.011805555555555
1,5.132638888888889
1,5.049305555555556
1,5.256944444444445
1,6.088888888888889
1,30.33888888888889
1,14.129861111111111
1,5.045138888888889
1,5.002777777777778
1,5.044444444444444
1,5.086111111111111
1,6.210416666666666
1,5.04375
1,5.127083333333333
1,5.042361111111111
1,19.041666666666668
1,5.332638888888889
1,5.040972222222222
1,5.040277777777778
1,5.9944444444444445
1,5.035416666666666
1,5.99375
1,5.202083333333333
1,5.156944444444444
1,5.03125
1,6.111805555555556
1,5.0256944444444445
1,5.023611111111111
1,5.313194444444444
1,16.229861111111113
1,6.021527777777778
1,8.145138888888889
1,6.311111111111111
1,6.268055555555556
1,5.057638888888889
1,6.054166666666666
1,5.05
1,30.3
1,8.215277777777779
1,43.043055555555554
1,7.963888888888889
1,5.045833333333333
1,16.086111111111112
1,6.041666666666667
1,6.040277777777778
1,56.202083333333334
1,5.038888888888889
1,5.0368055555555555
1,12.035416666666666
1,13.95138888888889
1,5.032638888888889
1,5.03125
1,6.280555555555556
1,8.029861111111112
1,8.07013888888889
1,5.027777777777778
1,5.029861111111111
1,30.277083333333334
1,5.0256944444444445
1,5.108333333333333
1,5.024305555555555
1,5.024305555555555
1,5.189583333333333
1,5.021527777777778
1,5.229861111111111
1,5.980555555555555
1,15.229861111111111
1,5.060416666666667
1,118.22013888888888
1,5.3069444444444445
1,63.927083333333336
1,5.013888888888889
1,53.928472222222226
1,5.011805555555555
1,8.177777777777777
1,6.135416666666667
1,5.134722222222222
1,76.175
1,8.25763888888889
1,5.048611111111111
1,36.298611111111114
1,5.048611111111111
1,5.0875
1,6.004166666666666
1,23.340972222222224
1,5.004861111111111
1,5.002777777777778
1,7.165972222222222
1,8.207638888888889
1,5.040277777777778
1,8.164583333333333
1,6.035416666666666
1,5.992361111111111
1,5.034027777777778
1,15.908333333333333
1,5.073611111111111
1,13.279861111111112
1,12.945833333333333
1,5.236805555555556
1,5.028472222222222
1,5.901388888888889
1,168.1875
1,5.023611111111111
1,5.022916666666666
1,5.143055555555556
1,7.016666666666667
1,9.265277777777778
1,6.930555555555555
1,5.054166666666666
1,30.22013888888889
1,35.928472222222226
1,30.21736111111111
1,9.008333333333333
1,7.008333333333334
1,5.006944444444445
1,5.127083333333333
1,9.16388888888889
1,12.16388888888889
1,5.073611111111111
1,5.195833333333334
1,6.107638888888889
1,5.022916666666666
1,5.229166666666667
1,5.020833333333333
1,15.39375
1,5.014583333333333
1,8.096527777777778
1,5.053472222222222
1,5.802777777777778
1,5.093055555555556
1,5.964583333333334
1,5.004861111111111
1,5.045833333333333
1,5.045138888888889
1,5.04375
1,5.034027777777778
1,5.072222222222222
1,35.86388888888889
1,5.029166666666667
1,5.027777777777778
1,5.0256944444444445
1,5.025
1,30.148611111111112
1,7.10625
1,5.020138888888889
1,5.061111111111111
1,7.894444444444445
1,5.0159722222222225
1,5.0152777777777775
1,5.0152777777777775
1,6.052083333333333
1,5.050694444444445
1,5.00625
1,5.04375
1,5.041666666666667
1,5.041666666666667
1,6.041666666666667
1,5.041666666666667
1,7.124305555555556
1,5.039583333333334
1,5.039583333333334
1,5.034027777777778
1,12.991666666666667
1,29.11875
1,5.823611111111111
1,6.030555555555556
1,15.069444444444445
1,5.986111111111111
1,5.06875
1,5.027083333333334
1,5.858333333333333
1,5.977777777777778
1,5.019444444444445
1,5.854166666666667
1,5.018055555555556
1,5.892361111111111
1,51.05138888888889
1,5.096527777777778
1,35.80416666666667
1,5.8875
1,5.013888888888889
1,5.013194444444444
1,42.922222222222224
1,35.84027777777778
1,5.842361111111111
1,9.047222222222222
1,229.04236111111112
1,5.04375
1,6.0
1,5.040972222222222
1,5.039583333333334
1,7.747916666666667
1,14.120833333333334
1,5.034027777777778
1,5.991666666666666
1,5.074305555555555
1,5.03125
1,5.988888888888889
1,5.026388888888889
1,5.026388888888889
1,20.775694444444444
1,14.733333333333333
1,5.940972222222222
1,8.772916666666667
1,5.025
1,18.813194444444445
1,5.979166666666667
1,5.020138888888889
1,5.019444444444445
1,5.01875
1,5.018055555555556
1,5.809722222222222
1,5.05625
1,5.05625
1,35.93055555555556
1,5.011805555555555
1,5.090972222222222
1,5.00625
1,16.04722222222222
1,5.004166666666666
1,5.711805555555555
1,7.040972222222222
1,5.040277777777778
1,12.7875
1,5.035416666666666
1,7.784722222222222
1,5.034027777777778
1,30.029166666666665
1,25.7375
1,5.067361111111111
1,5.0256944444444445
1,30.025
1,6.772916666666666
1,8.021527777777777
1,5.021527777777778
1,63.725
1,5.021527777777778
1,5.020833333333333
1,5.978472222222222
1,5.725694444444445
1,12.932638888888889
1,5.0152777777777775
1,5.764583333333333
1,35.763888888888886
1,5.013194444444444
1,5.052777777777778
1,5.010416666666667
1,9.009027777777778
1,5.049305555555556
1,5.090972222222222
1,5.040972222222222
1,5.998611111111111
1,5.706944444444445
1,5.035416666666666
1,5.029166666666667
1,13.98611111111111
1,5.898611111111111
1,5.019444444444445
1,5.017361111111111
1,5.014583333333333
1,5.763194444444444
1,13.942361111111111
1,5.725694444444445
1,6.716666666666667
1,6.874305555555556
1,5.829166666666667
1,6.646527777777778
1,7.726388888888889
1,5.024305555555555
1,5.698611111111111
1,5.027083333333334
1,5.0256944444444445
1,5.025
1,5.022916666666666
1,5.022222222222222
1,5.021527777777778
1,5.020833333333333
1,5.020138888888889
1,5.020138888888889
1,5.020138888888889
1,5.019444444444445
1,5.01875
1,5.01875
1,5.018055555555556
1,5.017361111111111
1,5.017361111111111
1,5.017361111111111
1,5.017361111111111
1,5.0159722222222225
1,5.0159722222222225
1,5.013888888888889
1,5.0125
1,5.0465277777777775
1,11.465972222222222
1,5.032638888888889
1,6.695833333333334
1,5.060416666666667
1,5.018055555555556
1,5.05
1,5.315972222222222
1,5.011805555555555
1,5.418055555555555
1,5.1194444444444445
1,5.013888888888889
1,5.0368055555555555
1,5.022916666666666
1,22.18125
1,5.013194444444444
1,5.011805555555555
1,7.341666666666667
1,5.047916666666667
1,5.0375
1,18.07777777777778
1,7.160416666666666
1,5.034722222222222
1,13.322916666666666
1,5.030555555555556
1,5.026388888888889
1,5.022916666666666
1,15.397916666666667
1,5.022222222222222
1,61.272222222222226
1,28.35625
1,6.225694444444445
1,13.225
1,7.308333333333334
1,25.26597222222222
1,11.264583333333333
1,5.054861111111111
1,11.2625
1,8.303472222222222
1,5.011805555555555
1,5.011111111111111
1,5.093055555555556
1,25.384722222222223
1,11.300694444444444
1,29.341666666666665
1,5.091666666666667
1,6.049305555555556
1,15.13125
1,39.37430555555556
1,5.129166666666666
1,11.169444444444444
1,5.251388888888889
1,7.043055555555555
1,6.251388888888889
1,6.042361111111111
1,12.332638888888889
1,26.372916666666665
1,6.122916666666667
1,27.45486111111111
1,13.329166666666667
1,5.0375
1,6.2444444444444445
1,5.034722222222222
1,15.20138888888889
1,5.034722222222222
1,43.27847222222222
1,5.033333333333333
1,5.157638888888889
1,5.072916666666667
1,5.029166666666667
1,5.028472222222222
1,5.0256944444444445
1,39.0625
1,5.233333333333333
1,35.97708333333333
1,5.023611111111111
1,5.063194444444444
1,5.229861111111111
1,8.0625
1,5.019444444444445
1,49.013888888888886
1,5.1875
1,5.017361111111111
1,6.223611111111111
1,39.21736111111111
1,29.302777777777777
1,5.052083333333333
1,7.34375
1,12.343055555555555
1,5.009027777777778
1,6.091666666666667
1,5.965277777777778
1,14.172916666666667
1,166.20763888888888
1,5.045138888888889
1,11.959722222222222
1,5.292361111111111
1,5.040972222222222
1,5.082638888888889
1,5.998611111111111
1,5.121527777777778
1,18.290277777777778
1,8.2875
1,18.073611111111113
1,5.030555555555556
1,1.0145833333333334
1,5.065972222222222
1,5.023611111111111
1,5.022916666666666
1,5.022222222222222
1,5.021527777777778
1,12.221527777777778
1,5.014583333333333
1,161.29652777777778
1,7.968055555555556
1,5.259027777777778
1,8.04861111111111
1,5.044444444444444
1,5.252777777777778
1,6.000694444444444
1,5.042361111111111
1,18.125694444444445
1,5.040972222222222
1,5.039583333333334
1,5.038194444444445
1,5.2027777777777775
1,5.036111111111111
1,8.035416666666666
1,130.9423611111111
1,5.111111111111111
1,5.277777777777778
1,5.231944444444444
1,14.064583333333333
1,5.897222222222222
1,29.229861111111113
1,8.021527777777777
1,49.140277777777776
1,5.227083333333334
1,5.142361111111111
1,27.308333333333334
1,13.223611111111111
1,5.18125
1,5.138888888888889
1,38.923611111111114
1,5.218055555555556
1,5.926388888888889
1,5.092361111111111
1,7.007638888888889
1,5.923611111111111
1,5.88125
1,8.004166666666666
1,18.002777777777776
1,7.127777777777778
1,5.998611111111111
1,14.409722222222221
1,10.990277777777777
1,5.1097222222222225
1,47.93263888888889
1,8.17986111111111
1,5.0125
1,5.009722222222222
1,34.87291666666667
1,27.15972222222222
1,5.031944444444444
1,5.03125
1,5.027777777777778
1,5.058333333333334
1,7.1402777777777775
1,8.095833333333333
1,6.053472222222222
1,5.800694444444445
1,20.131944444444443
1,5.047916666666667
1,12.172222222222222
1,5.043055555555555
1,12.791666666666666
1,6.914583333333334
1,5.038194444444445
1,110.82430555555555
1,7.161111111111111
1,41.03055555555556
1,7.072222222222222
1,5.028472222222222
1,27.820138888888888
1,5.027777777777778
1,14.154166666666667
1,5.024305555555555
1,34.06597222222222
1,5.018055555555556
1,5.058333333333334
1,5.057638888888889
1,5.017361111111111
1,5.973611111111111
1,5.05625
1,62.80138888888889
1,5.847222222222222
1,5.0125
1,5.053472222222222
1,5.009722222222222
1,18.050694444444446
1,6.008333333333334
1,5.0465277777777775
1,5.004861111111111
1,7.002777777777778
1,7.080555555555556
1,5.036111111111111
1,5.035416666666666
1,5.034027777777778
1,6.415972222222222
1,5.03125
1,5.0256944444444445
1,35.77013888888889
1,6.982638888888889
1,5.065277777777778
1,5.022222222222222
1,14.938888888888888
1,17.979861111111113
1,5.013194444444444
1,6.761805555555555
1,13.051388888888889
1,5.009722222222222
1,7.841666666666667
1,6.840972222222222
1,18.04722222222222
1,29.04513888888889
1,29.044444444444444
1,5.043055555555555
1,5.040972222222222
1,12.705555555555556
1,10.788194444444445
1,5.034722222222222
1,5.825694444444444
1,5.075694444444444
1,5.031944444444444
1,5.03125
1,14.821527777777778
1,6.9430555555555555
1,17.94097222222222
1,14.855555555555556
1,17.980555555555554
1,20.06388888888889
1,5.020833333333333
1,5.6875
1,6.770833333333333
1,5.101388888888889
1,5.016666666666667
1,5.013888888888889
1,5.014583333333333
1,5.761111111111111
1,7.802083333333333
1,5.010416666666667
1,5.009027777777778
1,5.717361111111111
1,7.884027777777778
1,5.007638888888889
1,10.965277777777779
1,5.7972222222222225
1,6.754861111111111
1,5.045833333333333
1,54.71180555555556
1,5.746527777777778
1,5.0368055555555555
1,5.909027777777778
1,5.029166666666667
1,28.980555555555554
1,5.019444444444445
1,5.018055555555556
1,5.008333333333334
1,5.920833333333333
1,12.917361111111111
1,5.663888888888889
1,6.913888888888889
1,5.656944444444444
1,5.006944444444445
1,5.8277777777777775
1,5.526388888888889
1,5.016666666666667
1,14.627083333333333
1,5.035416666666666
1,5.021527777777778
1,5.016666666666667
1,5.035416666666666
1,5.006944444444445
1,5.00625
1,5.002777777777778
1,5.002083333333333
1,5.001388888888889
1,41.62361111111111
1,5.039583333333334
1,5.038888888888889
1,5.038194444444445
1,5.0375
1,5.079166666666667
1,5.0368055555555555
1,5.036111111111111
1,13.702083333333333
1,5.035416666666666
1,5.032638888888889
1,5.031944444444444
1,5.03125
1,5.03125
1,5.030555555555556
1,5.029861111111111
1,5.029166666666667
1,5.028472222222222
1,5.027777777777778
1,6.434722222222222
1,5.052083333333333
1,11.4625
1,6.483333333333333
1,5.727777777777778
1,5.392361111111111
1,5.033333333333333
1,5.0680555555555555
1,5.044444444444444
1,5.002083333333333
1,5.0375
1,17.57638888888889
1,5.0256944444444445
1,6.2965277777777775
1,5.0125
1,5.009027777777778
1,5.032638888888889
1,5.031944444444444
1,5.152777777777778
1,5.011805555555555
1,5.036111111111111
1,5.351388888888889
1,5.1305555555555555
1,17.419444444444444
1,28.411805555555556
1,12.202777777777778
1,5.073611111111111
1,5.229166666666667
1,5.267361111111111
1,12.35
1,5.0152777777777775
1,5.259722222222222
1,5.007638888888889
1,6.088888888888889
1,5.045833333333333
1,6.045833333333333
1,5.045138888888889
1,10.292361111111111
1,10.165972222222223
1,5.039583333333334
1,5.038194444444445
1,5.0368055555555555
1,5.034722222222222
1,17.32638888888889
1,5.034027777777778
1,5.033333333333333
1,5.325
1,5.031944444444444
1,5.03125
1,5.03125
1,12.070833333333333
1,7.319444444444445
1,41.22986111111111
1,6.192361111111111
1,7.108333333333333
1,5.108333333333333
1,5.024305555555555
1,5.023611111111111
1,111.26875
1,5.021527777777778
1,5.019444444444445
1,5.019444444444445
1,12.102083333333333
1,6.143055555555556
1,217.34652777777777
1,5.267361111111111
1,5.0159722222222225
1,6.101388888888889
1,5.0152777777777775
1,5.139583333333333
1,5.011805555555555
1,11.302777777777777
1,5.177083333333333
1,6.135416666666667
1,28.343055555555555
1,0.2222222222222222
1,17.08888888888889
1,5.088888888888889
1,5.0055555555555555
1,10.340277777777779
1,5.0881944444444445
1,28.3375
1,28.3375
1,19.044444444444444
1,5.042361111111111
1,5.040277777777778
1,6.290277777777778
1,6.373611111111111
1,5.247916666666667
1,6.247916666666667
1,18.038194444444443
1,5.288194444444445
1,5.036111111111111
1,10.286111111111111
1,5.285416666666666
1,6.24375
1,5.034027777777778
1,5.034027777777778
1,5.367361111111111
1,5.070833333333334
1,5.070833333333334
1,5.029166666666667
1,12.111805555555556
1,6.236111111111111
1,6.027083333333334
1,5.027083333333334
1,6.151388888888889
1,5.0680555555555555
1,5.0256944444444445
1,5.0256944444444445
1,17.10763888888889
1,10.234722222222222
1,5.024305555555555
1,5.023611111111111
1,5.23125
1,5.021527777777778
1,5.311111111111111
1,32.352777777777774
1,5.019444444444445
1,13.227083333333333
1,13.268055555555556
1,19.350694444444443
1,7.014583333333333
1,5.055555555555555
1,5.013194444444444
1,5.179861111111111
1,16.97013888888889
1,18.136111111111113
1,7.052777777777778
1,5.011111111111111
1,5.010416666666667
1,5.051388888888889
1,10.092361111111112
1,12.3
1,52.25138888888889
1,5.25625
1,28.29652777777778
1,5.0055555555555555
1,24.209027777777777
1,5.040277777777778
1,5.038888888888889
1,5.997222222222222
1,109.95
1,28.288194444444443
1,5.204861111111111
1,5.0368055555555555
1,5.036111111111111
1,6.117361111111111
1,14.241666666666667
1,10.991666666666667
1,5.199305555555555
1,5.03125
1,10.320833333333333
1,5.027777777777778
1,160.10486111111112
1,5.026388888888889
1,5.026388888888889
1,44.984027777777776
1,6.315972222222222
1,130.01805555555555
1,6.23125
1,6.188194444444444
1,28.271527777777777
1,5.270833333333333
1,5.977777777777778
1,5.0625
1,5.104166666666667
1,5.018055555555556
1,39.09583333333333
1,5.1402777777777775
1,5.014583333333333
1,5.220833333333333
1,7.095138888888889
1,5.011805555555555
1,5.011805555555555
1,24.136111111111113
1,5.052083333333333
1,5.176388888888889
1,6.133333333333334
1,5.049305555555556
1,14.172222222222222
1,5.210416666666666
1,31.040277777777778
1,32.20625
1,5.039583333333334
1,7.289583333333334
1,28.247222222222224
1,5.038194444444445
1,5.163194444444445
1,5.0784722222222225
1,10.034027777777778
1,67.15416666666667
1,61.950694444444444
1,5.95
1,7.116666666666666
1,5.075
1,53.19375
1,28.23472222222222
1,5.982638888888889
1,5.023611111111111
1,5.022222222222222
1,5.149305555555555
1,5.020138888888889
1,7.102777777777778
1,5.143055555555556
1,11.015972222222222
1,6.0152777777777775
1,210.13472222222222
1,17.21875
1,7.218055555555556
1,12.134027777777778
1,41.169444444444444
1,46.959722222222226
1,5.007638888888889
1,6.0875
1,6.004166666666666
1,5.044444444444444
1,28.210416666666667
1,26.959722222222222
1,6.125694444444444
1,5.042361111111111
1,11.958333333333334
1,5.040972222222222
1,5.08125
1,5.036111111111111
1,6.161111111111111
1,6.990972222222222
1,13.15625
1,13.070833333333333
1,5.070833333333334
1,10.94375
1,5.066666666666666
1,6.981944444444444
1,12.894444444444444
1,54.97013888888889
1,5.013888888888889
1,14.093055555555555
1,28.175
1,5.048611111111111
1,54.168055555555554
1,5.086111111111111
1,5.1618055555555555
1,5.865972222222222
1,5.029861111111111
1,5.022222222222222
1,5.020138888888889
1,28.13888888888889
1,5.927083333333333
1,13.05
1,7.05
1,45.12638888888889
1,5.086111111111111
1,5.04375
1,28.125694444444445
1,6.084027777777778
1,19.084027777777777
1,5.002083333333333
1,5.040972222222222
1,28.124305555555555
1,26.788194444444443
1,5.0368055555555555
1,114.82083333333334
1,5.032638888888889
1,5.032638888888889
1,5.157638888888889
1,5.032638888888889
1,5.032638888888889
1,6.115277777777778
1,5.029166666666667
1,5.026388888888889
1,10.025694444444444
1,34.8125
1,5.108333333333333
1,10.108333333333333
1,25.855555555555554
1,9.854166666666666
1,5.8125
1,5.020138888888889
1,5.020138888888889
1,5.021527777777778
1,5.977777777777778
1,5.016666666666667
1,5.014583333333333
1,16.760416666666668
1,6.051388888888889
1,5.134027777777778
1,9.840972222222222
1,5.006944444444445
1,13.04861111111111
1,108.04375
1,13.839583333333334
1,67.79166666666667
1,5.045833333333333
1,1.9409722222222223
1,5.044444444444444
1,74.12152777777777
1,10.040972222222223
1,10.081944444444444
1,5.039583333333334
1,150.075
1,9.704166666666667
1,9.994444444444444
1,5.035416666666666
1,17.86875
1,5.034722222222222
1,28.073611111111113
1,5.031944444444444
1,5.06875
1,20.77638888888889
1,11.942361111111111
1,5.021527777777778
1,10.979861111111111
1,5.936805555555556
1,34.019444444444446
1,12.14236111111111
1,10.054166666666667
1,5.845833333333333
1,5.845833333333333
1,1.9069444444444446
1,5.050694444444445
1,9.713888888888889
1,10.831944444444444
1,5.831944444444445
1,16.99652777777778
1,5.031944444444444
1,5.029166666666667
1,7.029166666666667
1,6.018055555555556
1,5.010416666666667
1,11.753472222222221
1,5.040277777777778
1,5.913888888888889
1,6.911111111111111
1,5.034027777777778
1,6.678472222222222
1,1.8055555555555556
1,5.701388888888889
1,6.864583333333333
1,10.92013888888889
1,5.042361111111111
1,5.028472222222222
1,5.027777777777778
1,5.027083333333334
1,5.026388888888889
1,5.0256944444444445
1,5.0256944444444445
1,5.024305555555555
1,5.024305555555555
1,5.023611111111111
1,5.022916666666666
1,5.022222222222222
1,5.01875
1,5.01875
1,5.018055555555556
1,5.017361111111111
1,5.016666666666667
1,5.0159722222222225
1,5.014583333333333
1,5.013194444444444
1,5.011805555555555
1,5.009722222222222
1,5.007638888888889
1,9.709722222222222
1,9.410416666666666
1,5.678472222222222
1,5.004166666666666
1,5.031944444444444
1,5.063888888888889
1,10.649305555555555
1,5.019444444444445
1,5.007638888888889
1,5.56875
1,5.333333333333333
1,12.520138888888889
1,5.008333333333334
1,11.2625
1,11.261805555555556
1,11.25763888888889
1,5.259722222222222
1,17.24652777777778
1,5.026388888888889
1,34.1875
1,6.4006944444444445
1,5.215972222222222
1,5.008333333333334
1,5.334027777777778
1,5.332638888888889
1,5.040277777777778
1,5.038194444444445
1,5.034722222222222
1,6.281944444444444
1,5.030555555555556
1,1.2180555555555554
1,5.027777777777778
1,5.027777777777778
1,5.15
1,5.065972222222222
1,27.35763888888889
1,10.356944444444444
1,5.023611111111111
1,5.020138888888889
1,5.01875
1,5.020833333333333
1,5.018055555555556
1,5.309722222222222
1,5.017361111111111
1,6.308333333333334
1,5.2659722222222225
1,10.305555555555555
1,5.303472222222222
1,5.009722222222222
1,5.051388888888889
1,5.009722222222222
1,5.051388888888889
1,5.009722222222222
1,34.050694444444446
1,9.049305555555556
1,5.299305555555556
1,5.259722222222222
1,5.006944444444445
1,5.0472222222222225
1,5.2965277777777775
1,5.045833333333333
1,5.045138888888889
1,5.044444444444444
1,5.002083333333333
1,5.29375
1,5.043055555555555
1,5.002083333333333
1,6.25
1,5.039583333333334
1,27.33125
1,5.080555555555556
1,5.038194444444445
1,5.0368055555555555
1,5.285416666666666
1,5.034722222222222
1,11.075
1,5.032638888888889
1,5.074305555555555
1,5.030555555555556
1,5.988888888888889
1,5.029166666666667
1,5.026388888888889
1,6.066666666666666
1,5.024305555555555
1,5.022222222222222
1,5.020833333333333
1,8.977777777777778
1,6.060416666666667
1,5.01875
1,27.310416666666665
1,27.308333333333334
1,5.0159722222222225
1,6.055555555555555
1,5.013194444444444
1,5.010416666666667
1,26.258333333333333
1,5.0055555555555555
1,5.254861111111111
1,6.170138888888889
1,5.003472222222222
1,5.169444444444444
1,5.044444444444444
1,5.086111111111111
1,5.003472222222222
1,5.044444444444444
1,5.081944444444445
1,5.039583333333334
1,5.038888888888889
1,11.03888888888889
1,5.0375
1,5.0777777777777775
1,5.077083333333333
1,39.19722222222222
1,5.036111111111111
1,5.950694444444444
1,5.074305555555555
1,5.072916666666667
1,5.072222222222222
1,5.029861111111111
1,5.03125
1,9.19375
1,5.1930555555555555
1,5.025
1,5.023611111111111
1,5.022222222222222
1,13.271527777777777
1,5.020833333333333
1,5.184722222222222
1,6.225694444444445
1,5.018055555555556
1,5.0159722222222225
1,6.057638888888889
1,18.930555555555557
1,5.095138888888889
1,27.261111111111113
1,5.009722222222222
1,5.092361111111111
1,5.009027777777778
1,9.965972222222222
1,11.004861111111111
1,6.0465277777777775
1,8.879166666666666
1,34.29097222222222
1,5.211111111111111
1,5.165277777777778
1,10.996527777777779
1,5.19375
1,5.059722222222222
1,5.8909722222222225
1,33.17986111111111
1,5.8875
1,5.010416666666667
1,5.0465277777777775
1,6.129166666666666
1,8.961805555555555
1,64.99444444444444
1,5.034722222222222
1,6.154861111111111
1,5.023611111111111
1,5.023611111111111
1,10.940277777777778
1,5.144444444444445
1,5.01875
1,5.142361111111111
1,5.141666666666667
1,25.099305555555556
1,5.090277777777778
1,6.125
1,5.789583333333334
1,10.159722222222221
1,37.821527777777774
1,6.073611111111111
1,5.906944444444444
1,5.03125
1,33.89652777777778
1,9.936805555555555
1,5.475694444444445
1,5.0993055555555555
1,5.1402777777777775
1,5.014583333333333
1,5.055555555555555
1,5.0159722222222225
1,5.095833333333333
1,5.886805555555555
1,25.927777777777777
1,8.800694444444444
1,11.800694444444444
1,9.884027777777778
1,5.091666666666667
1,8.840972222222222
1,5.047916666666667
1,5.086111111111111
1,5.043055555555555
1,5.043055555555555
1,5.041666666666667
1,17.832638888888887
1,8.873611111111112
1,10.998611111111112
1,5.789583333333334
1,5.954861111111111
1,33.1625
1,5.036111111111111
1,5.4125
1,5.035416666666666
1,5.116666666666666
1,5.074305555555555
1,9.074305555555556
1,5.03125
1,5.404166666666667
1,5.027777777777778
1,11.984722222222222
1,23.10902777777778
1,5.106944444444444
1,10.897916666666667
1,5.021527777777778
1,5.021527777777778
1,23.144444444444446
1,29.805555555555557
1,5.013194444444444
1,11.095833333333333
1,15.845833333333333
1,5.427083333333333
1,5.052083333333333
1,39.08819444444445
1,5.009027777777778
1,5.041666666666667
1,5.040277777777778
1,10.956944444444444
1,5.038194444444445
1,8.871527777777779
1,6.0784722222222225
1,6.076388888888889
1,5.034027777777778
1,5.034027777777778
1,5.033333333333333
1,5.823611111111111
1,5.03125
1,5.030555555555556
1,5.030555555555556
1,5.029166666666667
1,9.7375
1,12.028472222222222
1,5.028472222222222
1,5.027777777777778
1,5.027777777777778
1,9.859027777777778
1,5.067361111111111
1,5.066666666666666
1,12.73263888888889
1,8.899305555555555
1,5.022916666666666
1,31.104166666666668
1,5.019444444444445
1,9.059027777777779
1,5.725
1,5.0159722222222225
1,5.013888888888889
1,5.013888888888889
1,5.052777777777778
1,5.96875
1,5.010416666666667
1,5.049305555555556
1,5.006944444444445
1,5.006944444444445
1,5.004166666666666
1,6.001388888888889
1,5.041666666666667
1,15.999305555555555
1,5.081944444444445
1,8.748611111111112
1,9.830555555555556
1,8.91388888888889
1,5.705555555555556
1,40.99166666666667
1,5.954166666666667
1,5.745138888888889
1,5.911111111111111
1,5.035416666666666
1,51.99236111111111
1,8.866666666666667
1,8.740972222222222
1,8.697222222222223
1,66.94166666666666
1,5.027777777777778
1,9.817361111111111
1,5.025
1,5.941666666666666
1,5.018055555555556
1,5.013888888888889
1,5.045138888888889
1,12.04375
1,5.0375
1,5.034027777777778
1,5.028472222222222
1,5.692361111111111
1,5.691666666666666
1,5.061111111111111
1,5.725
1,5.631944444444445
1,5.003472222222222
1,11.792361111111111
1,36.87083333333333
1,0.8444444444444444
1,5.022916666666666
1,5.022916666666666
1,5.852083333333334
1,5.057638888888889
1,5.054861111111111
1,10.8
1,5.002777777777778
1,5.041666666666667
1,5.038194444444445
1,5.0375
1,5.0368055555555555
1,5.0368055555555555
1,5.035416666666666
1,5.034722222222222
1,5.034027777777778
1,5.018055555555556
1,5.017361111111111
1,5.016666666666667
1,5.0152777777777775
1,5.013888888888889
1,5.011111111111111
1,5.009027777777778
1,5.007638888888889
1,5.00625
1,5.00625
1,5.039583333333334
1,5.038194444444445
1,5.0368055555555555
1,5.035416666666666
1,5.032638888888889
1,5.022916666666666
1,9.544444444444444
1,5.042361111111111
1,10.736805555555556
1,8.639583333333333
1,5.030555555555556
1,5.028472222222222
1,5.018055555555556
1,5.0159722222222225
1,8.473611111111111
1,5.010416666666667
1,5.582638888888889
1,10.723611111111111
1,5.011805555555555
1,8.252083333333333
1,5.032638888888889
1,5.075
1,5.020833333333333
1,16.164583333333333
1,8.317361111111111
1,5.021527777777778
1,5.021527777777778
1,5.048611111111111
1,5.173611111111111
1,73.42222222222222
1,5.088888888888889
1,5.045138888888889
1,5.04375
1,5.043055555555555
1,5.043055555555555
1,5.043055555555555
1,5.3277777777777775
1,5.034722222222222
1,5.031944444444444
1,5.197916666666667
1,5.03125
1,10.072222222222223
1,5.029861111111111
1,5.028472222222222
1,5.1097222222222225
1,5.026388888888889
1,5.192361111111111
1,9.356944444444444
1,5.023611111111111
1,8.394444444444444
1,5.018055555555556
1,8.266666666666667
1,8.058333333333334
1,5.0159722222222225
1,5.348611111111111
1,12.305555555555555
1,15.30486111111111
1,5.0125
1,10.220833333333333
1,10.1375
1,5.010416666666667
1,5.302083333333333
1,5.011805555555555
1,33.045138888888886
1,5.008333333333334
1,5.049305555555556
1,5.175694444444445
1,5.006944444444445
1,5.0472222222222225
1,5.045138888888889
1,5.294444444444444
1,5.04375
1,30.209027777777777
1,5.038888888888889
1,22.033333333333335
1,25.075
1,5.243055555555555
1,0.08958333333333333
1,5.029861111111111
1,5.0256944444444445
1,5.0256944444444445
1,3.1555555555555554
1,17.353472222222223
1,5.019444444444445
1,5.018055555555556
1,5.018055555555556
1,10.264583333333333
1,5.053472222222222
1,5.011805555555555
1,5.011111111111111
1,5.216666666666667
1,5.006944444444445
1,8.29513888888889
1,5.211111111111111
1,5.209722222222222
1,5.039583333333334
1,5.038888888888889
1,5.038194444444445
1,29.0375
1,5.0368055555555555
1,7.954166666666667
1,5.034722222222222
1,8.284027777777778
1,7.991666666666666
1,8.20138888888889
1,5.115277777777778
1,5.029861111111111
1,66.18888888888888
1,7.985416666666667
1,8.10763888888889
1,5.273611111111111
1,8.23125
1,5.0625
1,7.977083333333334
1,5.016666666666667
1,30.931944444444444
1,32.30694444444445
1,5.055555555555555
1,5.013888888888889
1,5.009027777777778
1,8.213888888888889
1,5.2131944444444445
1,8.2125
1,5.211111111111111
1,67.08125
1,7.961111111111111
1,5.044444444444444
1,5.04375
1,5.167361111111111
1,5.271527777777778
1,10.000694444444445
1,7.958333333333333
1,10.248611111111112
1,5.040277777777778
1,11.2875
1,22.036805555555556
1,10.036805555555556
1,22.285416666666666
1,5.075694444444444
1,5.032638888888889
1,5.031944444444444
1,16.9875
1,15.944444444444445
1,12.23263888888889
1,5.021527777777778
1,8.1875
1,5.147916666666666
1,16.05763888888889
1,5.057638888888889
1,5.05625
1,5.013194444444444
1,9.220833333333333
1,5.008333333333334
1,7.881944444444445
1,5.04375
1,225.125
1,5.001388888888889
1,5.038194444444445
1,28.829166666666666
1,5.160416666666666
1,5.152777777777778
1,7.897916666666666
1,5.022222222222222
1,5.020833333333333
1,5.020138888888889
1,5.061805555555556
1,8.933333333333334
1,5.058333333333334
1,5.054166666666666
1,14.928472222222222
1,5.0055555555555555
1,10.088194444444444
1,5.043055555555555
1,15.166666666666666
1,5.040972222222222
1,5.040277777777778
1,5.0375
1,5.036111111111111
1,5.035416666666666
1,10.198611111111111
1,5.027777777777778
1,5.027083333333334
1,9.859027777777778
1,5.025
1,10.104166666666666
1,112.88819444444445
1,12.13888888888889
1,7.802777777777778
1,9.177083333333334
1,5.008333333333334
1,5.047916666666667
1,8.130555555555556
1,5.0881944444444445
1,9.16875
1,5.126388888888889
1,5.002083333333333
1,5.125
1,5.041666666666667
1,8.874305555555555
1,8.915277777777778
1,9.164583333333333
1,9.122222222222222
1,5.038888888888889
1,10.119444444444444
1,5.035416666666666
1,10.988888888888889
1,5.029166666666667
1,5.028472222222222
1,5.027777777777778
1,5.108333333333333
1,25.897222222222222
1,5.020833333333333
1,5.017361111111111
1,5.01875
1,5.141666666666667
1,5.139583333333333
1,5.1375
1,5.052777777777778
1,5.010416666666667
1,12.009027777777778
1,5.134027777777778
1,9.966666666666667
1,8.091666666666667
1,12.004166666666666
1,15.79513888888889
1,5.042361111111111
1,8.124305555555555
1,10.875
1,7.70625
1,7.788194444444445
1,5.036111111111111
1,5.117361111111111
1,9.99236111111111
1,7.784027777777778
1,5.032638888888889
1,5.032638888888889
1,9.8625
1,5.027083333333334
1,5.023611111111111
1,5.021527777777778
1,29.020138888888887
1,9.895138888888889
1,12.179166666666667
1,5.011805555555555
1,11.970138888888888
1,9.05
1,5.008333333333334
1,5.047916666666667
1,5.004166666666666
1,218.87222222222223
1,9.04513888888889
1,10.999305555555555
1,38.78611111111111
1,7.749305555555556
1,8.039583333333333
1,11.245833333333334
1,5.0368055555555555
1,5.035416666666666
1,7.74375
1,5.034027777777778
1,11.950694444444444
1,7.701388888888889
1,5.029861111111111
1,25.778472222222224
1,5.027083333333334
1,8.985416666666667
1,7.7347222222222225
1,7.689583333333333
1,9.022222222222222
1,9.76875
1,9.018055555555556
1,15.725
1,7.8909722222222225
1,28.931944444444444
1,5.013888888888889
1,36.048611111111114
1,5.052777777777778
1,5.049305555555556
1,5.047916666666667
1,16.755555555555556
1,5.045833333333333
1,7.753472222222222
1,5.080555555555556
1,7.788888888888889
1,5.034722222222222
1,8.31875
1,51.675
1,5.089583333333334
1,5.036111111111111
1,5.043055555555555
1,5.022916666666666
1,14.600694444444445
1,5.0159722222222225
1,7.511111111111111
1,5.039583333333334
1,5.03125
1,5.01875
1,8.26875
1,5.018055555555556
1,5.017361111111111
1,5.016666666666667
1,5.016666666666667
1,5.014583333333333
1,5.013194444444444
1,5.011805555555555
1,5.010416666666667
1,5.009027777777778
1,5.007638888888889
1,5.006944444444445
1,5.004861111111111
1,5.003472222222222
1,5.014583333333333
1,16.31111111111111
1,5.011111111111111
1,5.0055555555555555
1,5.038888888888889
1,7.232638888888889
1,7.231944444444444
1,8.1625
1,7.2027777777777775
1,7.236805555555556
1,9.238194444444444
1,5.010416666666667
1,5.036111111111111
1,23.27986111111111
1,9.228472222222223
1,7.305555555555555
1,8.217361111111112
1,7.040972222222222
1,14.161111111111111
1,5.029166666666667
1,5.024305555555555
1,6.84375
1,5.010416666666667
1,5.006944444444445
1,5.041666666666667
1,5.027083333333334
1,5.040277777777778
1,9.784027777777778
1,7.777083333333334
1,6.9006944444444445
1,5.022222222222222
1,6.784027777777778
1,5.013888888888889
1,6.714583333333334
1,5.035416666666666
1,5.006944444444445
1,5.0125
1,5.032638888888889
1,6.575694444444444
1,6.490277777777778
1,6.452083333333333
1,5.025
1,6.575
1,5.028472222222222
1,7.219444444444444
1,5.050694444444445
1,5.026388888888889
1,5.01875
1,6.347916666666666
1,5.011111111111111
1,5.044444444444444
1,5.432638888888889
1,5.03125
1,7.229861111111111
1,6.153472222222222
1,5.029166666666667
1,14.383333333333333
1,7.173611111111111
1,8.376388888888888
1,10.415972222222223
1,5.038888888888889
1,6.381944444444445
1,5.045138888888889
1,5.070138888888889
1,13.176388888888889
1,5.021527777777778
1,9.26736111111111
1,15.018055555555556
1,5.832638888888889
1,5.027083333333334
1,5.025
1,8.003472222222221
1,5.752777777777778
1,5.746527777777778
1,7.935416666666667
1,5.790277777777778
1,6.694444444444445
1,5.007638888888889
1,5.050694444444445
1,5.053472222222222
1,5.633333333333334
1,5.030555555555556
1,5.7243055555555555
1,5.722916666666666
1,7.563194444444444
1,104.68194444444444
1,5.030555555555556
1,5.482638888888889
1,5.035416666666666
1,5.030555555555556
1,5.0256944444444445
1,30.351388888888888
1,12.765277777777778
1,5.036111111111111
1,5.030555555555556
1,20.31875
1,5.041666666666667
1,5.0368055555555555
1,5.427083333333333
1,5.292361111111111
1,5.035416666666666
1,5.1194444444444445
1,7.202083333333333
1,5.030555555555556
1,5.029861111111111
1,12.140972222222222
1,5.054166666666666
1,5.044444444444444
1,5.040277777777778
1,27.113888888888887
1,5.102083333333334
1,5.018055555555556
1,5.392361111111111
1,5.134722222222222
1,5.050694444444445
1,117.37777777777778
1,5.006944444444445
1,8.13125
1,5.045138888888889
1,5.044444444444444
1,5.04375
1,5.041666666666667
1,9.082638888888889
1,5.081944444444445
1,5.039583333333334
1,5.1625
1,5.0368055555555555
1,5.368055555555555
1,5.034722222222222
1,5.034027777777778
1,7.281944444444444
1,5.031944444444444
1,8.364583333333334
1,5.029861111111111
1,5.027777777777778
1,5.027083333333334
1,5.0256944444444445
1,5.1090277777777775
1,5.0256944444444445
1,5.024305555555555
1,5.022916666666666
1,5.022916666666666
1,7.355555555555555
1,5.021527777777778
1,5.020833333333333
1,5.020833333333333
1,5.061111111111111
1,5.016666666666667
1,5.057638888888889
1,5.0152777777777775
1,5.0569444444444445
1,6.263888888888889
1,5.013888888888889
1,5.013888888888889
1,5.054861111111111
1,5.054166666666666
1,5.054166666666666
1,5.053472222222222
1,5.011805555555555
1,5.009722222222222
1,5.009722222222222
1,6.134722222222222
1,5.009027777777778
1,5.298611111111111
1,5.257638888888889
1,6.379861111111111
1,5.004861111111111
1,5.006944444444445
1,5.045833333333333
1,27.04513888888889
1,5.252083333333333
1,5.043055555555555
1,5.042361111111111
1,5.041666666666667
1,30.375
1,5.040972222222222
1,5.081944444444445
1,5.039583333333334
1,5.038888888888889
1,6.080555555555556
1,19.0375
1,5.245833333333334
1,7.247222222222222
1,5.036111111111111
1,5.036111111111111
1,5.035416666666666
1,5.034722222222222
1,5.242361111111111
1,5.242361111111111
1,5.031944444444444
1,5.031944444444444
1,5.031944444444444
1,5.03125
1,5.03125
1,5.238888888888889
1,11.988194444444444
1,5.235416666666667
1,44.270833333333336
1,5.0256944444444445
1,14.4
1,5.024305555555555
1,8.231944444444444
1,5.022222222222222
1,9.271527777777777
1,21.979861111111113
1,5.020833333333333
1,5.020138888888889
1,5.020138888888889
1,30.096527777777776
1,8.225694444444445
1,5.017361111111111
1,5.0159722222222225
1,44.21875
1,90.05069444444445
1,1.1472222222222221
1,8.3875
1,5.014583333333333
1,5.219444444444444
1,5.010416666666667
1,9.302083333333334
1,13.135416666666666
1,5.052083333333333
1,5.134027777777778
1,5.009027777777778
1,5.009027777777778
1,5.089583333333334
1,5.047916666666667
1,51.831944444444446
1,5.211805555555555
1,5.960416666666666
1,5.210416666666666
1,6.334027777777778
1,5.041666666666667
1,5.040972222222222
1,5.040972222222222
1,5.039583333333334
1,5.0375
1,5.0375
1,5.0368055555555555
1,5.245138888888889
1,5.035416666666666
1,5.035416666666666
1,5.033333333333333
1,5.032638888888889
1,5.032638888888889
1,5.031944444444444
1,5.113194444444445
1,20.238194444444446
1,5.029166666666667
1,6.195833333333334
1,5.195138888888889
1,19.19375
1,5.027083333333334
1,5.027083333333334
1,5.0256944444444445
1,5.025
1,5.148611111111111
1,41.268055555555556
1,5.230555555555555
1,5.190972222222222
1,33.015972222222224
1,5.143055555555556
1,5.142361111111111
1,7.267361111111111
1,19.975694444444443
1,5.016666666666667
1,5.182638888888889
1,5.054861111111111
1,5.0125
1,5.929166666666666
1,5.053472222222222
1,6.260416666666667
1,5.259027777777778
1,5.091666666666667
1,5.007638888888889
1,117.91875
1,5.213888888888889
1,5.295833333333333
1,5.044444444444444
1,208.03819444444446
1,5.042361111111111
1,5.291666666666667
1,5.040972222222222
1,5.040277777777778
1,5.040277777777778
1,5.039583333333334
1,8.038194444444445
1,5.038194444444445
1,5.074305555555555
1,5.031944444444444
1,5.073611111111111
1,5.154861111111111
1,5.029166666666667
1,9.027083333333334
1,12.151388888888889
1,5.19375
1,8.022222222222222
1,30.43125
1,41.015972222222224
1,5.228472222222222
1,6.936111111111111
1,5.018055555555556
1,5.143055555555556
1,5.100694444444445
1,5.016666666666667
1,6.182638888888889
1,7.1409722222222225
1,5.013194444444444
1,7.096527777777778
1,5.010416666666667
1,5.174305555555556
1,5.048611111111111
1,6.0881944444444445
1,5.0465277777777775
1,5.045833333333333
1,5.042361111111111
1,5.166666666666667
1,5.040972222222222
1,5.040972222222222
1,5.038888888888889
1,5.035416666666666
1,5.031944444444444
1,33.11388888888889
1,7.196527777777778
1,5.145833333333333
1,5.0159722222222225
1,5.0152777777777775
1,5.010416666666667
1,5.050694444444445
1,5.0465277777777775
1,13.045833333333333
1,33.079861111111114
1,5.834722222222222
1,5.042361111111111
1,5.125
1,7.950694444444444
1,5.033333333333333
1,5.03125
1,5.029861111111111
1,13.820833333333333
1,6.945138888888889
1,5.027083333333334
1,5.025
1,5.024305555555555
1,35.97569444444444
1,5.061805555555556
1,5.020138888888889
1,6.936111111111111
1,5.017361111111111
1,99.975
1,5.057638888888889
1,19.009722222222223
1,42.21319444444445
1,5.009027777777778
1,14.004861111111111
1,5.170833333333333
1,5.004861111111111
1,7.085416666666666
1,30.03611111111111
1,5.040972222222222
1,7.080555555555556
1,5.0375
1,5.0368055555555555
1,5.0368055555555555
1,5.032638888888889
1,5.03125
1,5.030555555555556
1,5.1125
1,6.9006944444444445
1,14.150694444444444
1,5.025
1,5.024305555555555
1,11.977083333333333
1,5.014583333333333
1,40.96805555555556
1,7.763194444444444
1,5.052777777777778
1,5.049305555555556
1,6.88125
1,5.086805555555555
1,8.128472222222221
1,5.044444444444444
1,5.044444444444444
1,11.793055555555556
1,6.166666666666667
1,7.957638888888889
1,36.078472222222224
1,5.036111111111111
1,21.74652777777778
1,5.035416666666666
1,6.117361111111111
1,5.034027777777778
1,5.033333333333333
1,5.032638888888889
1,5.074305555555555
1,5.78125
1,5.072916666666667
1,5.025
1,5.775
1,5.773611111111111
1,6.855555555555555
1,18.770138888888887
1,7.020138888888889
1,5.01875
1,11.893055555555556
1,5.725
1,8.140972222222222
1,5.057638888888889
1,5.0152777777777775
1,70.09305555555555
1,5.013194444444444
1,5.842361111111111
1,5.007638888888889
1,5.965972222222222
1,5.008333333333334
1,5.006944444444445
1,5.042361111111111
1,5.041666666666667
1,5.040972222222222
1,5.039583333333334
1,6.038888888888889
1,5.0368055555555555
1,12.077083333333333
1,33.02986111111111
1,5.782638888888889
1,41.77777777777778
1,5.030555555555556
1,5.028472222222222
1,55.14791666666667
1,5.779166666666667
1,5.7347222222222225
1,5.025
1,5.024305555555555
1,6.064583333333333
1,162.05972222222223
1,5.730555555555555
1,7.020833333333333
1,11.853472222222223
1,6.852777777777778
1,6.936111111111111
1,9.01875
1,5.93125
1,5.013194444444444
1,6.970138888888889
1,7.844444444444444
1,5.010416666666667
1,6.715277777777778
1,5.672916666666667
1,5.045138888888889
1,6.711805555555555
1,5.91875
1,5.915972222222222
1,5.0368055555555555
1,6.992361111111111
1,6.784722222222222
1,7.990277777777778
1,5.90625
1,34.64930555555556
1,8.69375
1,12.734027777777778
1,5.023611111111111
1,5.01875
1,5.888888888888889
1,5.011805555555555
1,6.09375
1,7.634722222222222
1,5.00625
1,7.832638888888889
1,5.040277777777778
1,7.74375
1,5.883333333333334
1,5.0375
1,5.0784722222222225
1,5.821527777777778
1,5.605555555555555
1,5.048611111111111
1,5.039583333333334
1,5.788888888888889
1,11.655555555555555
1,5.027777777777778
1,5.025
1,29.76388888888889
1,5.038194444444445
1,8.81875
1,5.438888888888889
1,5.040972222222222
1,12.7
1,5.409722222222222
1,5.0256944444444445
1,18.544444444444444
1,5.009027777777778
1,5.03125
1,12.509722222222223
1,5.0368055555555555
1,5.653472222222222
1,5.020138888888889
1,11.45486111111111
1,5.0159722222222225
1,5.09375
1,5.0125
1,5.054166666666666
1,5.218055555555556
1,5.004861111111111
1,6.045833333333333
1,7.336111111111111
1,12.127777777777778
1,5.04375
1,5.084722222222222
1,5.124305555555556
1,5.040277777777778
1,5.079166666666667
1,5.159027777777778
1,5.034027777777778
1,7.033333333333333
1,11.155555555555555
1,5.029861111111111
1,11.320833333333333
1,5.151388888888889
1,5.275
1,26.06597222222222
1,5.024305555555555
1,12.190277777777778
1,5.147916666666666
1,5.022916666666666
1,6.022916666666666
1,5.022222222222222
1,5.104861111111111
1,5.0625
1,5.311111111111111
1,18.101388888888888
1,5.267361111111111
1,5.059027777777778
1,5.304861111111111
1,5.011805555555555
1,6.302083333333333
1,5.008333333333334
1,5.132638888888889
1,5.049305555555556
1,5.006944444444445
1,5.048611111111111
1,7.548611111111111
1,6.2972222222222225
1,6.336805555555555
1,6.044444444444444
1,5.04375
1,5.127083333333333
1,5.042361111111111
1,5.038194444444445
1,5.0375
1,3.0256944444444445
1,5.0368055555555555
1,8.119444444444444
1,5.120833333333334
1,6.202083333333333
1,5.034722222222222
1,5.284722222222222
1,5.033333333333333
1,5.032638888888889
1,5.28125
1,5.029166666666667
1,5.986111111111111
1,11.36111111111111
1,5.276388888888889
1,12.275
1,5.025
1,5.025
1,5.107638888888889
1,5.022916666666666
1,5.271527777777778
1,5.019444444444445
1,5.019444444444445
1,159.1784722222222
1,22.099305555555556
1,5.9743055555555555
1,5.0159722222222225
1,15.431944444444444
1,7.18125
1,27.096527777777776
1,6.2625
1,5.011805555555555
1,5.052777777777778
1,6.260416666666667
1,6.259027777777778
1,5.009027777777778
1,5.050694444444445
1,5.007638888888889
1,6.048611111111111
1,5.048611111111111
1,5.047916666666667
1,6.00625
1,8.297222222222222
1,5.004166666666666
1,5.0472222222222225
1,5.004861111111111
1,5.043055555555555
1,5.040972222222222
1,5.040277777777778
1,109.20208333333333
1,5.039583333333334
1,41.28402777777778
1,5.036111111111111
1,5.284027777777778
1,5.031944444444444
1,18.238888888888887
1,7.279861111111111
1,5.9430555555555555
1,11.10763888888889
1,5.061111111111111
1,5.017361111111111
1,7.183333333333334
1,10.932638888888889
1,60.13472222222222
1,11.0125
1,5.094444444444444
1,11.134722222222223
1,5.049305555555556
1,0.09722222222222222
1,5.0472222222222225
1,32.956944444444446
1,11.211805555555555
1,29.165277777777778
1,42.24861111111111
1,6.252777777777778
1,6.293055555555555
1,6.042361111111111
1,5.041666666666667
1,5.040277777777778
1,8.206944444444444
1,11.246527777777779
1,11.204166666666667
1,6.995138888888889
1,5.9527777777777775
1,5.036111111111111
1,11.244444444444444
1,7.952083333333333
1,5.36875
1,12.949305555555556
1,5.282638888888889
1,6.906944444444444
1,5.03125
1,6.197916666666667
1,5.113194444444445
1,5.024305555555555
1,7.440277777777778
1,11.022222222222222
1,5.063888888888889
1,8.229166666666666
1,8.186805555555555
1,5.018055555555556
1,5.184027777777778
1,5.059027777777778
1,11.098611111111111
1,5.014583333333333
1,5.138888888888889
1,6.178472222222222
1,8.134722222222223
1,5.011111111111111
1,7.216666666666667
1,5.089583333333334
1,5.045833333333333
1,5.004166666666666
1,5.045138888888889
1,11.33611111111111
1,5.044444444444444
1,5.003472222222222
1,5.084722222222222
1,5.041666666666667
1,10.916666666666666
1,5.040972222222222
1,7.289583333333334
1,5.9534722222222225
1,5.0368055555555555
1,6.950694444444444
1,10.908333333333333
1,5.03125
1,5.071527777777778
1,17.986805555555556
1,5.028472222222222
1,5.027777777777778
1,5.027777777777778
1,5.026388888888889
1,7.104166666666667
1,5.019444444444445
1,5.013194444444444
1,10.8875
1,5.095833333333333
1,10.925
1,5.007638888888889
1,5.132638888888889
1,7.829861111111111
1,10.9125
1,5.077083333333333
1,5.077083333333333
1,5.032638888888889
1,5.074305555555555
1,5.027777777777778
1,5.026388888888889
1,5.816666666666666
1,6.149305555555555
1,5.024305555555555
1,10.981944444444444
1,5.104166666666667
1,8.103472222222223
1,5.019444444444445
1,56.138194444444444
1,5.0569444444444445
1,5.014583333333333
1,5.013194444444444
1,11.013194444444444
1,62.96458333333333
1,36.12916666666667
1,5.049305555555556
1,5.009722222222222
1,5.922916666666667
1,5.795833333333333
1,5.044444444444444
1,5.004166666666666
1,6.916666666666667
1,5.040277777777778
1,5.039583333333334
1,5.164583333333334
1,5.0784722222222225
1,90.18125
1,7.908333333333333
1,12.03125
1,5.905555555555556
1,5.070833333333334
1,5.026388888888889
1,5.025
1,5.065277777777778
1,70.18958333333333
1,5.022916666666666
1,5.022222222222222
1,5.020833333333333
1,5.020138888888889
1,7.061111111111111
1,5.144444444444445
1,40.1375
1,6.892361111111111
1,6.141666666666667
1,5.05625
1,5.055555555555555
1,5.013888888888889
1,10.761805555555556
1,5.009027777777778
1,5.00625
1,5.8375
1,12.003472222222221
1,5.003472222222222
1,5.04375
1,5.04375
1,5.002777777777778
1,5.040972222222222
1,13.080555555555556
1,5.911111111111111
1,5.034027777777778
1,5.075694444444444
1,5.034027777777778
1,5.027777777777778
1,7.815277777777778
1,19.771527777777777
1,5.01875
1,5.76875
1,5.059722222222222
1,6.975
1,5.933333333333334
1,40.88194444444444
1,5.007638888888889
1,5.381944444444445
1,5.0472222222222225
1,5.0881944444444445
1,5.045138888888889
1,5.960416666666666
1,5.040277777777778
1,34.87291666666667
1,5.079861111111111
1,5.035416666666666
1,5.034027777777778
1,5.034027777777778
1,18.825
1,5.78125
1,6.822916666666667
1,5.820833333333334
1,5.026388888888889
1,5.025
1,5.065972222222222
1,90.77361111111111
1,5.022916666666666
1,6.7652777777777775
1,5.0125
1,5.011805555555555
1,5.009722222222222
1,11.05
1,11.968055555555555
1,5.045138888888889
1,7.878472222222222
1,5.04375
1,5.040972222222222
1,5.659027777777778
1,5.033333333333333
1,28.77777777777778
1,5.031944444444444
1,5.986805555555556
1,5.022222222222222
1,5.9743055555555555
1,20.763194444444444
1,5.050694444444445
1,17.75347222222222
1,34.950694444444444
1,5.034722222222222
1,5.013194444444444
1,5.845138888888889
1,5.002083333333333
1,5.039583333333334
1,5.036111111111111
1,5.031944444444444
1,11.82013888888889
1,6.808333333333334
1,5.014583333333333
1,10.63125
1,5.003472222222222
1,5.917361111111111
1,5.038194444444445
1,5.033333333333333
1,5.030555555555556
1,6.852083333333334
1,5.5159722222222225
1,5.044444444444444
1,5.873611111111111
1,5.039583333333334
1,5.038888888888889
1,5.5784722222222225
1,5.618055555555555
1,7.491666666666666
1,5.032638888888889
1,5.016666666666667
1,5.009722222222222
1,6.7965277777777775
1,5.045138888888889
1,5.032638888888889
1,5.03125
1,5.027083333333334
1,5.729861111111111
1,5.021527777777778
1,5.013888888888889
1,5.413194444444445
1,5.18125
1,5.0125
1,5.136805555555555
1,5.802083333333333
1,12.416666666666666
1,5.0152777777777775
1,5.0159722222222225
1,5.013888888888889
1,5.0125
1,6.384027777777778
1,5.627777777777778
1,5.583333333333333
1,6.831944444444445
1,5.019444444444445
1,6.454861111111111
1,5.6194444444444445
1,5.0256944444444445
1,5.011111111111111
1,5.0465277777777775
1,5.079166666666667
1,5.022222222222222
1,5.029861111111111
1,6.233333333333333
1,6.66875
1,5.115972222222222
1,7.615972222222222
1,7.339583333333334
1,6.654861111111111
1,12.149305555555555
1,5.102777777777778
1,10.13888888888889
1,5.05
1,6.0465277777777775
1,6.626388888888889
1,5.041666666666667
1,10.040277777777778
1,5.038888888888889
1,5.080555555555556
1,5.1625
1,42.328472222222224
1,7.286111111111111
1,10.119444444444444
1,5.034722222222222
1,5.034027777777778
1,5.034027777777778
1,33.32013888888889
1,5.032638888888889
1,7.072222222222222
1,5.3625
1,5.069444444444445
1,5.2347222222222225
1,11.275
1,5.024305555555555
1,5.065277777777778
1,5.022222222222222
1,38.30833333333333
1,5.144444444444445
1,11.310416666666667
1,10.183333333333334
1,10.058333333333334
1,5.1402777777777775
1,5.0152777777777775
1,12.097916666666666
1,5.138888888888889
1,5.180555555555555
1,5.013194444444444
1,32.25833333333333
1,5.096527777777778
1,12.094444444444445
1,6.177777777777778
1,10.093055555555555
1,6.134722222222222
1,14.466666666666667
1,5.049305555555556
1,5.049305555555556
1,5.131944444444445
1,10.047916666666667
1,10.255555555555556
1,20.213194444444444
1,5.0881944444444445
1,10.129861111111111
1,12.0875
1,6.086805555555555
1,5.295138888888889
1,5.004861111111111
1,10.08611111111111
1,7.252083333333333
1,10.293055555555556
1,11.334027777777777
1,12.084027777777777
1,23.958333333333332
1,5.041666666666667
1,5.039583333333334
1,5.038194444444445
1,5.204166666666667
1,5.0368055555555555
1,5.245138888888889
1,28.072916666666668
1,27.28611111111111
1,10.32638888888889
1,19.991666666666667
1,5.282638888888889
1,5.074305555555555
1,5.072222222222222
1,5.030555555555556
1,5.06875
1,5.027083333333334
1,10.235416666666667
1,6.1930555555555555
1,5.1090277777777775
1,54.19027777777778
1,6.020833333333333
1,11.228472222222223
1,5.228472222222222
1,5.102777777777778
1,6.061111111111111
1,17.308333333333334
1,5.433333333333334
1,28.052777777777777
1,5.1402777777777775
1,5.054861111111111
1,11.30486111111111
1,5.094444444444444
1,5.051388888888889
1,5.009027777777778
1,5.215277777777778
1,7.3381944444444445
1,7.2965277777777775
1,5.045138888888889
1,12.04375
1,28.20486111111111
1,5.043055555555555
1,6.251388888888889
1,5.084027777777778
1,5.040972222222222
1,5.038888888888889
1,18.03611111111111
1,6.2027777777777775
1,10.244444444444444
1,34.07222222222222
1,5.035416666666666
1,5.075694444444444
1,5.033333333333333
1,5.031944444444444
1,5.03125
1,5.03125
1,6.947222222222222
1,5.029166666666667
1,5.070833333333334
1,5.066666666666666
1,6.107638888888889
1,5.273611111111111
1,5.022916666666666
1,31.224305555555556
1,19.31111111111111
1,17.019444444444446
1,5.019444444444445
1,6.059027777777778
1,5.017361111111111
1,5.516666666666667
1,5.058333333333334
1,5.0569444444444445
1,5.014583333333333
1,5.013194444444444
1,5.054166666666666
1,5.011805555555555
1,5.21875
1,7.175
1,6.1722222222222225
1,10.045833333333333
1,21.04375
1,5.250694444444444
1,9.916666666666666
1,5.163888888888889
1,5.0375
1,42.03125
1,5.032638888888889
1,5.030555555555556
1,21.027083333333334
1,5.2347222222222225
1,5.024305555555555
1,5.189583333333333
1,5.188888888888889
1,5.021527777777778
1,5.018055555555556
1,5.018055555555556
1,5.143055555555556
1,11.89236111111111
1,5.017361111111111
1,5.141666666666667
1,5.933333333333334
1,27.886111111111113
1,5.05625
1,5.014583333333333
1,5.095138888888889
1,5.011805555555555
1,26.219444444444445
1,5.052083333333333
1,5.009722222222222
1,5.008333333333334
1,11.130555555555556
1,5.170833333333333
1,5.084722222222222
1,5.167361111111111
1,5.166666666666667
1,5.041666666666667
1,5.039583333333334
1,6.0777777777777775
1,5.949305555555555
1,5.116666666666666
1,5.072916666666667
1,5.029166666666667
1,5.028472222222222
1,6.027083333333334
1,5.026388888888889
1,5.10625
1,5.019444444444445
1,11.102083333333333
1,5.059027777777778
1,5.017361111111111
1,5.013888888888889
1,5.052083333333333
1,5.043055555555555
1,5.034027777777778
1,14.074305555555556
1,5.113194444444445
1,5.029166666666667
1,10.815277777777778
1,5.0625
1,5.020833333333333
1,5.100694444444445
1,5.1
1,17.8875
1,5.010416666666667
1,5.218055555555556
1,5.883333333333334
1,5.089583333333334
1,7.088888888888889
1,46.87430555555556
1,5.045138888888889
1,12.042361111111111
1,5.038194444444445
1,150.91041666666666
1,37.94722222222222
1,5.035416666666666
1,5.073611111111111
1,5.073611111111111
1,5.113888888888889
1,5.027777777777778
1,5.777083333333334
1,5.027083333333334
1,11.026388888888889
1,5.026388888888889
1,5.983333333333333
1,26.024305555555557
1,5.065277777777778
1,11.022916666666667
1,5.98125
1,25.225
1,5.146527777777778
1,5.020138888888889
1,5.01875
1,5.809722222222222
1,5.85
1,5.057638888888889
1,5.05625
1,265.97222222222223
1,5.013194444444444
1,5.011111111111111
1,5.838888888888889
1,5.040972222222222
1,16.788194444444443
1,5.034722222222222
1,5.033333333333333
1,9.947222222222223
1,5.780555555555556
1,9.738194444444444
1,5.029861111111111
1,5.070833333333334
1,5.106944444444444
1,5.063888888888889
1,5.978472222222222
1,5.020138888888889
1,11.764583333333333
1,5.804861111111111
1,5.096527777777778
1,18.1375
1,5.009722222222222
1,5.841666666666667
1,165.75208333333333
1,5.0472222222222225
1,5.7965277777777775
1,5.045138888888889
1,10.96111111111111
1,5.0375
1,25.95347222222222
1,5.0368055555555555
1,5.034027777777778
1,17.947916666666668
1,10.945833333333333
1,74.81597222222223
1,6.7375
1,6.1506944444444445
1,5.690277777777778
1,5.064583333333333
1,79.93402777777777
1,5.057638888888889
1,5.014583333333333
1,5.014583333333333
1,5.929861111111111
1,5.0125
1,6.925694444444445
1,7.004166666666666
1,5.961805555555555
1,10.915277777777778
1,6.875
1,5.032638888888889
1,6.738888888888889
1,6.652777777777778
1,19.772916666666667
1,5.896527777777778
1,5.645833333333333
1,6.729166666666667
1,174.97569444444446
1,5.013194444444444
1,130.8375
1,5.010416666666667
1,11.963888888888889
1,30.70486111111111
1,5.0368055555555555
1,5.020833333333333
1,5.7652777777777775
1,10.845833333333333
1,5.008333333333334
1,5.003472222222222
1,5.038888888888889
1,5.017361111111111
1,5.840277777777778
1,5.8375
1,5.878472222222222
1,5.829166666666667
1,9.533333333333333
1,5.813888888888889
1,5.91875
1,5.036111111111111
1,216.7263888888889
1,9.470138888888888
1,10.881944444444445
1,5.448611111111111
1,5.0569444444444445
1,5.014583333333333
1,6.010416666666667
1,5.091666666666667
1,24.54722222222222
1,5.045138888888889
1,5.024305555555555
1,5.388888888888889
1,5.54375
1,5.035416666666666
1,5.020833333333333
1,5.019444444444445
1,5.047916666666667
1,6.2131944444444445
1,9.653472222222222
1,5.98125
1,5.040277777777778
1,5.032638888888889
1,17.197916666666668
1,5.4
1,5.1625
1,5.120138888888889
1,9.23611111111111
1,5.0256944444444445
1,10.141666666666667
1,9.371527777777779
1,10.35763888888889
1,5.0152777777777775
1,5.054861111111111
1,5.260416666666667
1,5.007638888888889
1,5.043055555555555
1,5.292361111111111
1,5.166666666666667
1,5.124305555555556
1,24.165972222222223
1,5.040277777777778
1,5.039583333333334
1,6.038194444444445
1,5.0368055555555555
1,5.035416666666666
1,5.326388888888889
1,10.031944444444445
1,10.323611111111111
1,5.030555555555556
1,69.06944444444444
1,5.152083333333334
1,5.026388888888889
1,5.0256944444444445
1,5.0256944444444445
1,5.025
1,5.022916666666666
1,5.022916666666666
1,9.230555555555556
1,5.019444444444445
1,5.018055555555556
1,5.226388888888889
1,5.0152777777777775
1,5.054166666666666
1,5.011111111111111
1,5.009722222222222
1,5.049305555555556
1,5.338888888888889
1,5.0472222222222225
1,6.0881944444444445
1,5.045833333333333
1,5.129166666666666
1,20.29513888888889
1,5.045138888888889
1,45.33125
1,16.209722222222222
1,0.2701388888888889
1,5.041666666666667
1,5.038194444444445
1,5.038194444444445
1,5.0368055555555555
1,5.033333333333333
1,9.365277777777777
1,5.030555555555556
1,5.072222222222222
1,5.029861111111111
1,6.111805555555556
1,5.027083333333334
1,5.0256944444444445
1,11.190277777777778
1,6.270833333333333
1,5.05625
1,11.096527777777778
1,5.009722222222222
1,10.009722222222223
1,5.051388888888889
1,5.009027777777778
1,5.175694444444445
1,5.258333333333334
1,5.009027777777778
1,9.339583333333334
1,5.961111111111111
1,5.04375
1,5.959722222222222
1,5.042361111111111
1,5.040972222222222
1,5.040277777777778
1,5.040277777777778
1,5.038888888888889
1,5.0375
1,5.0375
1,5.0375
1,15.995833333333334
1,5.034027777777778
1,10.241666666666667
1,5.2
1,5.989583333333333
1,5.322222222222222
1,10.070833333333333
1,5.029166666666667
1,5.028472222222222
1,11.36111111111111
1,27.071527777777778
1,5.982638888888889
1,10.274305555555555
1,10.061111111111112
1,5.01875
1,10.225
1,5.013194444444444
1,5.053472222222222
1,10.218055555555555
1,5.215972222222222
1,5.009027777777778
1,5.215972222222222
1,5.0055555555555555
1,5.044444444444444
1,5.04375
1,5.04375
1,9.002083333333333
1,5.918055555555555
1,8.959027777777777
1,5.916666666666667
1,5.915972222222222
1,5.207638888888889
1,5.040277777777778
1,5.123611111111111
1,5.9534722222222225
1,5.11875
1,5.118055555555555
1,5.034027777777778
1,5.909027777777778
1,5.034027777777778
1,5.034027777777778
1,5.074305555555555
1,6.28125
1,5.03125
1,5.905555555555556
1,10.195833333333333
1,5.153472222222222
1,5.028472222222222
1,5.027083333333334
1,5.027083333333334
1,5.9847222222222225
1,5.9
1,10.189583333333333
1,5.063888888888889
1,5.188194444444444
1,5.1875
1,5.1875
1,5.020833333333333
1,10.186805555555555
1,11.26736111111111
1,11.05625
1,5.888194444444444
1,5.179166666666666
1,5.2131944444444445
1,5.211805555555555
1,9.168055555555556
1,5.040277777777778
1,5.0375
1,5.993055555555555
1,6.11875
1,17.114583333333332
1,11.402777777777779
1,5.065972222222222
1,5.14375
1,5.0152777777777775
1,5.175
1,11.090277777777779
1,6.170833333333333
1,10.127083333333333
1,6.167361111111111
1,8.913194444444445
1,5.0375
1,5.202083333333333
1,5.027083333333334
1,5.9006944444444445
1,5.022916666666666
1,10.0625
1,5.020833333333333
1,5.016666666666667
1,5.0152777777777775
1,5.05625
1,6.054166666666666
1,5.220833333333333
1,5.011805555555555
1,5.135416666666667
1,5.175
1,5.925
1,5.080555555555556
1,5.079861111111111
1,11.07986111111111
1,5.038194444444445
1,16.99513888888889
1,6.077083333333333
1,5.116666666666666
1,5.116666666666666
1,5.031944444444444
1,5.775
1,6.065972222222222
1,5.104166666666667
1,5.020138888888889
1,5.227083333333334
1,5.018055555555556
1,5.098611111111111
1,5.055555555555555
1,5.013194444444444
1,17.133333333333333
1,5.008333333333334
1,11.049305555555556
1,5.047916666666667
1,5.086805555555555
1,9.041666666666666
1,5.041666666666667
1,39.827777777777776
1,25.07986111111111
1,5.035416666666666
1,5.035416666666666
1,5.073611111111111
1,5.990277777777778
1,5.030555555555556
1,5.029861111111111
1,5.029861111111111
1,19.025694444444444
1,5.065972222222222
1,9.979166666666666
1,16.01736111111111
1,5.802083333333333
1,75.75069444444445
1,5.004166666666666
1,10.004166666666666
1,18.042361111111113
1,5.084027777777778
1,5.039583333333334
1,5.039583333333334
1,30.07638888888889
1,5.038888888888889
1,8.702777777777778
1,10.784722222222221
1,5.03125
1,5.029861111111111
1,5.066666666666666
1,45.01875
1,58.88472222222222
1,5.011111111111111
1,5.009722222222222
1,6.004166666666666
1,19.74513888888889
1,16.66111111111111
1,5.032638888888889
1,5.695138888888889
1,5.027777777777778
1,5.06875
1,5.691666666666666
1,5.018055555555556
1,8.766666666666667
1,12.615277777777777
1,5.03125
1,5.019444444444445
1,192.7173611111111
1,5.004166666666666
1,9.627083333333333
1,5.665972222222222
1,5.740972222222222
1,5.031944444444444
1,33.84861111111111
1,12.965972222222222
1,12.964583333333334
1,12.880555555555556
1,12.963888888888889
1,5.031944444444444
1,5.026388888888889
1,8.839583333333334
1,5.0368055555555555
1,18.208333333333332
1,5.489583333333333
1,5.378472222222222
1,5.040277777777778
1,5.013194444444444
1,5.0472222222222225
1,15.619444444444444
1,5.051388888888889
1,5.004861111111111
1,5.207638888888889
1,5.031944444444444
1,5.024305555555555
1,30.427777777777777
1,15.2625
1,5.028472222222222
1,5.480555555555555
1,5.120138888888889
1,10.161111111111111
1,5.034027777777778
1,5.113888888888889
1,12.561111111111112
1,5.435416666666667
1,5.144444444444445
1,5.011805555555555
1,8.009027777777778
1,15.254166666666666
1,5.16875
1,5.043055555555555
1,5.084027777777778
1,18.125
1,5.038888888888889
1,9.205555555555556
1,5.036111111111111
1,5.035416666666666
1,5.035416666666666
1,0.00625
1,5.033333333333333
1,179.36111111111111
1,5.365972222222222
1,5.029861111111111
1,8.320833333333333
1,5.029166666666667
1,5.154166666666667
1,5.027777777777778
1,5.027777777777778
1,22.31736111111111
1,26.354166666666668
1,5.0256944444444445
1,5.275
1,33.14375
1,5.146527777777778
1,5.063194444444444
1,9.185416666666667
1,5.059722222222222
1,5.018055555555556
1,8.349305555555556
1,18.05763888888889
1,5.346527777777778
1,5.054861111111111
1,15.0125
1,5.053472222222222
1,5.052083333333333
1,5.009027777777778
1,5.342361111111111
1,5.05
1,9.299305555555556
1,5.048611111111111
1,5.0055555555555555
1,5.0055555555555555
1,79.04097222222222
1,5.044444444444444
1,26.33125
1,5.086111111111111
1,9.251388888888888
1,50.24583333333333
1,5.082638888888889
1,5.039583333333334
1,12.121527777777779
1,5.0375
1,24.283333333333335
1,5.032638888888889
1,5.031944444444444
1,5.2375
1,5.028472222222222
1,24.11111111111111
1,5.152777777777778
1,71.23472222222222
1,5.026388888888889
1,5.066666666666666
1,5.357638888888889
1,10.065277777777778
1,10.272916666666667
1,5.022916666666666
1,5.188888888888889
1,5.01875
1,5.347916666666666
1,5.05625
1,5.2625
1,5.0125
1,5.052083333333333
1,5.052083333333333
1,5.051388888888889
1,5.009722222222222
1,5.217361111111111
1,15.092361111111112
1,5.0472222222222225
1,8.213888888888889
1,5.254861111111111
1,5.045138888888889
1,5.042361111111111
1,5.165972222222222
1,5.247222222222222
1,5.034722222222222
1,5.034027777777778
1,5.034027777777778
1,5.032638888888889
1,5.28125
1,5.03125
1,5.03125
1,5.027777777777778
1,8.151388888888889
1,5.0256944444444445
1,5.022222222222222
1,5.188194444444444
1,5.020833333333333
1,5.310416666666667
1,16.185416666666665
1,8.934722222222222
1,5.059027777777778
1,5.0152777777777775
1,5.138888888888889
1,73.29930555555555
1,5.261805555555555
1,5.052777777777778
1,5.176388888888889
1,5.008333333333334
1,5.174305555555556
1,7.923611111111111
1,53.16875
1,5.009027777777778
1,5.0472222222222225
1,5.045138888888889
1,8.005555555555556
1,5.04375
1,5.004166666666666
1,5.04375
1,5.250694444444444
1,5.084722222222222
1,5.040972222222222
1,8.206944444444444
1,8.122916666666667
1,5.039583333333334
1,5.039583333333334
1,5.035416666666666
1,5.243055555555555
1,5.242361111111111
1,5.032638888888889
1,5.156944444444444
1,19.02986111111111
1,5.027083333333334
1,10.025694444444444
1,5.148611111111111
1,7.856944444444444
1,9.22638888888889
1,5.017361111111111
1,7.847916666666666
1,5.011805555555555
1,5.010416666666667
1,24.925694444444446
1,8.009027777777778
1,16.134722222222223
1,5.13125
1,18.125
1,5.040972222222222
1,5.158333333333333
1,9.866666666666667
1,5.030555555555556
1,5.029861111111111
1,5.028472222222222
1,14.983333333333333
1,5.024305555555555
1,5.021527777777778
1,5.018055555555556
1,5.018055555555556
1,5.052083333333333
1,8.129861111111111
1,5.003472222222222
1,5.086805555555555
1,9.877777777777778
1,9.036805555555556
1,5.114583333333333
1,5.030555555555556
1,5.023611111111111
1,5.021527777777778
1,7.934722222222222
1,5.016666666666667
1,14.890277777777778
1,10.095833333333333
1,17.62986111111111
1,9.878472222222221
1,5.044444444444444
1,5.042361111111111
1,5.039583333333334
1,8.954166666666667
1,5.0368055555555555
1,5.0368055555555555
1,5.034722222222222
1,28.897916666666667
1,5.027083333333334
1,5.067361111111111
1,22.858333333333334
1,16.0625
1,7.811111111111111
1,7.893055555555556
1,5.017361111111111
1,5.013888888888889
1,5.0125
1,5.054166666666666
1,8.928472222222222
1,5.051388888888889
1,5.050694444444445
1,5.045833333333333
1,5.085416666666666
1,5.084722222222222
1,5.082638888888889
1,5.081944444444445
1,5.08125
1,10.078472222222222
1,5.077083333333333
1,5.034722222222222
1,5.032638888888889
1,5.032638888888889
1,7.782638888888889
1,5.074305555555555
1,5.03125
1,5.030555555555556
1,5.029861111111111
1,5.065972222222222
1,5.064583333333333
1,5.0625
1,9.395138888888889
1,14.765277777777778
1,5.054861111111111
1,8.090972222222222
1,5.007638888888889
1,5.045833333333333
1,5.044444444444444
1,5.044444444444444
1,7.663888888888889
1,5.036111111111111
1,5.034722222222222
1,5.03125
1,5.070138888888889
1,5.027777777777778
1,5.026388888888889
1,5.026388888888889
1,5.026388888888889
1,5.066666666666666
1,5.023611111111111
1,8.102083333333333
1,25.678472222222222
1,16.8875
1,8.678472222222222
1,9.71875
1,5.010416666666667
1,5.009722222222222
1,7.63125
1,7.666666666666667
1,17.705555555555556
1,18.872916666666665
1,5.035416666666666
1,9.95
1,5.031944444444444
1,5.028472222222222
1,7.902777777777778
1,24.69097222222222
1,5.024305555555555
1,7.690277777777778
1,18.773611111111112
1,5.022916666666666
1,5.022222222222222
1,5.020138888888889
1,8.095138888888888
1,5.011111111111111
1,14.709027777777777
1,5.040972222222222
1,7.906944444444444
1,7.863888888888889
1,5.025
1,17.935416666666665
1,7.678472222222222
1,5.094444444444444
1,25.71875
1,5.040972222222222
1,7.998611111111111
1,9.656944444444445
1,7.945833333333334
1,7.811805555555556
1,5.101388888888889
1,5.009027777777778
1,7.495138888888889
1,5.116666666666666
1,7.9430555555555555
1,13.147916666666667
1,5.024305555555555
1,9.80486111111111
1,18.752083333333335
1,7.584722222222222
1,7.479166666666667
1,5.016666666666667
1,5.0152777777777775
1,9.370138888888889
1,7.411111111111111
1,5.016666666666667
1,7.34375
1,5.035416666666666
1,5.03125
1,5.024305555555555
1,5.052777777777778
1,5.009027777777778
1,25.556944444444444
1,5.034027777777778
1,7.238194444444445
1,16.279166666666665
1,7.273611111111111
1,7.148611111111111
1,5.317361111111111
1,5.038888888888889
1,5.013888888888889
1,6.967361111111111
1,5.0375
1,5.008333333333334
1,5.008333333333334
1,7.085416666666666
1,5.042361111111111
1,8.959027777777777
1,5.038194444444445
1,6.947916666666667
1,6.919444444444444
1,7.069444444444445
1,9.027083333333334
1,5.01875
1,5.04375
1,5.06875
1,5.036111111111111
1,6.902777777777778
1,5.010416666666667
1,5.076388888888889
1,6.479166666666667
1,5.0159722222222225
1,7.823611111111111
1,6.571527777777778
1,5.018055555555556
1,5.0472222222222225
1,5.028472222222222
1,5.0375
1,5.017361111111111
1,5.0152777777777775
1,5.022916666666666
1,14.35138888888889
1,7.3493055555555555
1,6.384027777777778
1,5.075
1,5.029166666666667
1,5.081944444444445
1,5.0368055555555555
1,6.065277777777778
1,5.023611111111111
1,6.154861111111111
1,5.032638888888889
1,5.008333333333334
1,14.040972222222223
1,5.014583333333333
1,5.052083333333333
1,5.780555555555556
1,5.043055555555555
1,21.066666666666666
1,5.05
1,5.049305555555556
1,5.01875
1,5.020138888888889
1,5.184722222222222
1,5.01875
1,5.01875
1,5.013888888888889
1,5.034027777777778
1,5.022222222222222
1,5.042361111111111
1,5.507638888888889
1,5.01875
1,5.040972222222222
1,5.040972222222222
1,5.0375
1,6.202083333333333
1,5.035416666666666
1,5.034027777777778
1,5.279166666666667
1,5.027083333333334
1,7.260416666666667
1,5.173611111111111
1,7.252777777777778
1,5.11875
1,12.200694444444444
1,7.148611111111111
1,5.063194444444444
1,6.102083333333334
1,5.014583333333333
1,5.052083333333333
1,5.008333333333334
1,5.2965277777777775
1,5.170833333333333
1,5.045138888888889
1,13.04375
1,5.043055555555555
1,5.084027777777778
1,5.33125
1,5.038194444444445
1,5.038194444444445
1,5.039583333333334
1,5.370833333333334
1,5.079166666666667
1,5.0368055555555555
1,5.0368055555555555
1,5.284027777777778
1,5.075694444444444
1,5.033333333333333
1,5.073611111111111
1,6.073611111111111
1,5.155555555555556
1,5.320138888888889
1,5.028472222222222
1,5.027083333333334
1,5.026388888888889
1,5.024305555555555
1,5.024305555555555
1,5.10625
1,5.064583333333333
1,5.354861111111111
1,5.021527777777778
1,5.019444444444445
1,5.061111111111111
1,5.01875
1,6.310416666666667
1,5.101388888888889
1,5.101388888888889
1,5.016666666666667
1,5.3493055555555555
1,6.057638888888889
1,6.2652777777777775
1,5.347222222222222
1,5.053472222222222
1,5.258333333333334
1,5.091666666666667
1,5.298611111111111
1,7.006944444444445
1,5.007638888888889
1,5.0875
1,6.129166666666666
1,5.294444444444444
1,35.12152777777778
1,5.042361111111111
1,13.374305555555555
1,13.247222222222222
1,5.080555555555556
1,5.079166666666667
1,7.0368055555555555
1,5.0784722222222225
1,5.0777777777777775
1,196.15555555555557
1,5.325694444444444
1,5.033333333333333
1,5.240972222222222
1,12.365972222222222
1,5.032638888888889
1,5.240277777777778
1,5.030555555555556
1,5.071527777777778
1,5.238194444444445
1,11.9875
1,5.029166666666667
1,5.069444444444445
1,5.028472222222222
1,5.026388888888889
1,5.191666666666666
1,5.025
1,5.023611111111111
1,5.064583333333333
1,6.980555555555555
1,6.063888888888889
1,5.979861111111111
1,13.3125
1,107.05625
1,5.018055555555556
1,6.226388888888889
1,5.016666666666667
1,5.2243055555555555
1,5.3069444444444445
1,5.014583333333333
1,5.013888888888889
1,5.054166666666666
1,14.178472222222222
1,5.053472222222222
1,12.177083333333334
1,5.051388888888889
1,5.009722222222222
1,6.217361111111111
1,6.092361111111111
1,5.298611111111111
1,5.048611111111111
1,5.045138888888889
1,5.0055555555555555
1,27.08125
1,5.004166666666666
1,6.04375
1,5.042361111111111
1,5.084027777777778
1,6.040972222222222
1,63.99305555555556
1,5.039583333333334
1,15.247916666666667
1,58.290277777777774
1,5.0375
1,5.036111111111111
1,5.035416666666666
1,5.034722222222222
1,12.2
1,5.158333333333333
1,5.032638888888889
1,5.074305555555555
1,12.240277777777777
1,5.989583333333333
1,5.03125
1,5.028472222222222
1,5.027777777777778
1,34.15277777777778
1,5.027083333333334
1,23.104861111111113
1,5.275
1,5.025
1,6.232638888888889
1,5.065277777777778
1,5.022916666666666
1,5.064583333333333
1,13.022916666666667
1,160.05833333333334
1,6.938194444444444
1,15.229861111111111
1,5.01875
1,13.227083333333333
1,5.018055555555556
1,5.184027777777778
1,5.971527777777778
1,5.011805555555555
1,5.011111111111111
1,5.176388888888889
1,5.009722222222222
1,9.009722222222223
1,22.259722222222223
1,12.966666666666667
1,5.010416666666667
1,5.0881944444444445
1,15.170833333333333
1,5.0055555555555555
1,15.044444444444444
1,5.044444444444444
1,8.334722222222222
1,29.12152777777778
1,5.042361111111111
1,5.207638888888889
1,5.040277777777778
1,6.163888888888889
1,5.038194444444445
1,15.204166666666667
1,5.0368055555555555
1,5.035416666666666
1,5.034027777777778
1,5.1125
1,5.1125
1,5.1125
1,23.113194444444446
1,5.069444444444445
1,5.027777777777778
1,5.0256944444444445
1,5.106944444444444
1,15.189583333333333
1,5.022222222222222
1,5.0625
1,5.020833333333333
1,13.145138888888889
1,21.14375
1,5.185416666666667
1,5.102083333333334
1,141.9701388888889
1,5.0159722222222225
1,28.21875
1,5.180555555555555
1,5.054861111111111
1,5.011805555555555
1,26.927777777777777
1,12.010416666666666
1,5.010416666666667
1,5.884027777777778
1,5.006944444444445
1,15.171527777777778
1,5.169444444444444
1,5.084027777777778
1,5.0784722222222225
1,12.118055555555555
1,20.990972222222222
1,5.030555555555556
1,5.029861111111111
1,13.1125
1,5.029166666666667
1,7.149305555555555
1,5.023611111111111
1,5.022916666666666
1,6.938194444444444
1,5.103472222222222
1,5.019444444444445
1,5.01875
1,5.058333333333334
1,26.969444444444445
1,5.0159722222222225
1,5.142361111111111
1,23.21388888888889
1,5.05
1,5.004861111111111
1,5.960416666666666
1,5.041666666666667
1,23.2
1,5.038194444444445
1,5.067361111111111
1,12.152777777777779
1,39.9
1,5.024305555555555
1,5.023611111111111
1,5.022222222222222
1,15.104861111111111
1,7.0625
1,5.061111111111111
1,12.894444444444444
1,5.018055555555556
1,5.0159722222222225
1,5.054861111111111
1,5.013194444444444
1,5.053472222222222
1,6.925
1,5.840972222222222
1,8.090277777777779
1,5.0472222222222225
1,5.0465277777777775
1,5.045833333333333
1,5.045138888888889
1,5.04375
1,5.125694444444444
1,5.040277777777778
1,5.873611111111111
1,5.039583333333334
1,6.872916666666667
1,5.039583333333334
1,5.8284722222222225
1,21.12013888888889
1,5.036111111111111
1,5.034722222222222
1,21.075
1,5.155555555555556
1,7.152083333333334
1,5.024305555555555
1,5.855555555555555
1,21.145833333333332
1,5.020138888888889
1,5.020138888888889
1,7.186111111111111
1,20.81111111111111
1,5.059027777777778
1,5.017361111111111
1,22.804166666666667
1,50.13611111111111
1,12.05625
1,14.847222222222221
1,6.136111111111111
1,5.010416666666667
1,56.921527777777776
1,5.049305555555556
1,5.00625
1,5.00625
1,5.04375
1,5.043055555555555
1,5.041666666666667
1,5.040972222222222
1,5.040972222222222
1,5.038194444444445
1,5.038194444444445
1,5.870833333333334
1,6.745138888888889
1,11.95138888888889
1,6.824305555555555
1,5.032638888888889
1,13.113888888888889
1,6.8180555555555555
1,5.775
1,15.74236111111111
1,5.064583333333333
1,5.89375
1,5.018055555555556
1,5.054166666666666
1,5.720138888888889
1,11.801388888888889
1,5.961111111111111
1,5.752083333333333
1,6.04375
1,5.7875
1,6.704166666666667
1,5.0368055555555555
1,6.949305555555555
1,5.03125
1,15.779861111111112
1,5.029166666666667
1,6.903472222222222
1,5.0256944444444445
1,5.020833333333333
1,6.895138888888889
1,5.019444444444445
1,11.85138888888889
1,5.059027777777778
1,5.016666666666667
1,12.013194444444444
1,6.845833333333333
1,13.75625
1,12.919444444444444
1,5.0375
1,13.74375
1,5.032638888888889
1,5.030555555555556
1,12.698611111111111
1,5.027777777777778
1,5.651388888888889
1,5.025
1,20.899305555555557
1,19.850694444444443
1,5.641666666666667
1,5.045138888888889
1,5.031944444444444
1,5.197222222222222
1,5.024305555555555
1,5.059722222222222
1,5.057638888888889
1,5.0569444444444445
1,5.055555555555555
1,5.009027777777778
1,5.029861111111111
1,5.654861111111111
1,5.820833333333334
1,5.820138888888889
1,5.820138888888889
1,5.027777777777778
1,5.023611111111111
1,5.60625
1,5.01875
1,5.58125
1,5.020138888888889
1,41.47152777777778
1,12.736805555555556
1,13.693055555555556
1,5.017361111111111
1,5.014583333333333
1,6.954861111111111
1,5.495138888888889
1,13.65625
1,11.64375
1,5.032638888888889
1,5.0125
1,6.358333333333333
1,5.0159722222222225
1,21.290972222222223
1,267.24444444444447
1,15.36736111111111
1,18.198611111111113
1,21.364583333333332
1,42.89930555555556
1,11.146527777777777
1,5.417361111111111
1,6.121527777777778
1,5.238888888888889
1,6.322222222222222
1,12.441666666666666
1,5.021527777777778
1,11.438194444444445
1,5.0881944444444445
1,6.120833333333334
1,5.0375
1,5.0368055555555555
1,5.075
1,6.240972222222222
1,12.113888888888889
1,6.1125
1,5.028472222222222
1,5.027777777777778
1,21.066666666666666
1,12.10763888888889
1,5.147222222222222
1,5.022222222222222
1,11.313888888888888
1,5.020833333333333
1,36.31041666666667
1,21.34722222222222
1,5.013194444444444
1,11.220833333333333
1,5.011805555555555
1,5.011805555555555
1,5.011111111111111
1,5.051388888888889
1,12.384722222222223
1,5.05
1,5.045833333333333
1,28.124305555555555
1,25.038888888888888
1,5.252083333333333
1,5.042361111111111
1,22.28611111111111
1,5.999305555555556
1,6.079861111111111
1,5.079861111111111
1,5.0375
1,5.0368055555555555
1,5.24375
1,5.11875
1,5.034027777777778
1,5.029861111111111
1,5.029166666666667
1,5.026388888888889
1,5.024305555555555
1,5.022916666666666
1,5.064583333333333
1,12.022222222222222
1,5.271527777777778
1,5.0625
1,5.019444444444445
1,5.229861111111111
1,21.185416666666665
1,6.26875
1,5.013194444444444
1,28.21527777777778
1,5.053472222222222
1,11.261805555555556
1,5.007638888888889
1,5.174305555555556
1,5.0875
1,5.045138888888889
1,6.209722222222222
1,5.084027777777778
1,14.249305555555555
1,5.038194444444445
1,5.079166666666667
1,5.0368055555555555
1,21.947916666666668
1,5.0777777777777775
1,5.034027777777778
1,19.198611111111113
1,5.031944444444444
1,5.239583333333333
1,6.072222222222222
1,19.233333333333334
1,5.025
1,13.188194444444445
1,6.26875
1,22.096527777777776
1,5.018055555555556
1,5.017361111111111
1,5.057638888888889
1,5.3069444444444445
1,5.014583333333333
1,5.054861111111111
1,5.138194444444444
1,5.014583333333333
1,6.219444444444444
1,5.009722222222222
1,5.220138888888889
1,19.925694444444446
1,5.090972222222222
1,5.047916666666667
1,11.254861111111111
1,48.28958333333333
1,5.040277777777778
1,6.038194444444445
1,5.0368055555555555
1,13.202083333333333
1,5.035416666666666
1,20.158333333333335
1,5.033333333333333
1,5.032638888888889
1,5.031944444444444
1,5.114583333333333
1,69.025
1,18.191666666666666
1,5.98125
1,5.061805555555556
1,5.103472222222222
1,6.226388888888889
1,6.264583333333333
1,5.139583333333333
1,5.013888888888889
1,20.136805555555554
1,21.880555555555556
1,5.132638888888889
1,21.21527777777778
1,5.088888888888889
1,17.92013888888889
1,5.003472222222222
1,5.034027777777778
1,14.95
1,5.032638888888889
1,15.115277777777777
1,5.154861111111111
1,5.028472222222222
1,5.111805555555556
1,12.147916666666667
1,11.177083333333334
1,64.08125
1,5.041666666666667
1,5.039583333333334
1,5.038888888888889
1,5.024305555555555
1,20.144444444444446
1,7.852777777777778
1,5.0159722222222225
1,5.0152777777777775
1,5.055555555555555
1,32.888194444444444
1,5.048611111111111
1,5.0465277777777775
1,11.834722222222222
1,5.083333333333333
1,5.039583333333334
1,6.039583333333334
1,5.995833333333334
1,5.0375
1,5.0784722222222225
1,5.034027777777778
1,11.866666666666667
1,7.198611111111111
1,10.990277777777777
1,19.818055555555556
1,165.97916666666666
1,5.025
1,5.024305555555555
1,5.023611111111111
1,5.106944444444444
1,5.021527777777778
1,5.854861111111111
1,5.01875
1,12.102083333333333
1,5.060416666666667
1,5.893055555555556
1,87.97013888888888
1,20.849305555555556
1,46.92777777777778
1,11.013194444444444
1,11.7625
1,5.009027777777778
1,6.13125
1,8.807638888888889
1,14.047916666666667
1,35.87361111111111
1,10.96111111111111
1,5.004861111111111
1,5.004166666666666
1,5.043055555555555
1,5.084722222222222
1,25.0375
1,5.040277777777778
1,12.998611111111112
1,12.746527777777779
1,5.7444444444444445
1,21.11875
1,5.034027777777778
1,5.033333333333333
1,7.85625
1,28.772916666666667
1,15.069444444444445
1,14.777083333333334
1,5.065972222222222
1,18.81388888888889
1,5.896527777777778
1,5.895138888888889
1,83.01319444444445
1,5.097916666666666
1,20.930555555555557
1,5.013888888888889
1,5.009722222222222
1,5.048611111111111
1,5.042361111111111
1,5.95625
1,5.038194444444445
1,25.65763888888889
1,5.0375
1,5.035416666666666
1,5.742361111111111
1,6.03125
1,10.739583333333334
1,5.738888888888889
1,11.778472222222222
1,13.064583333333333
1,12.897916666666667
1,5.934722222222222
1,5.013888888888889
1,5.054861111111111
1,13.7625
1,5.0125
1,6.050694444444445
1,5.049305555555556
1,17.875694444444445
1,5.040972222222222
1,12.995833333333334
1,10.661111111111111
1,5.03125
1,5.027083333333334
1,47.768055555555556
1,5.021527777777778
1,11.769444444444444
1,5.893055555555556
1,5.68125
1,5.929166666666666
1,11.71875
1,230.2888888888889
1,18.74652777777778
1,5.0375
1,5.034722222222222
1,5.030555555555556
1,5.022222222222222
1,5.022222222222222
1,5.038194444444445
1,5.157638888888889
1,5.016666666666667
1,5.0159722222222225
1,18.6125
1,5.547916666666667
1,5.7125
1,5.79375
1,5.038194444444445
1,5.024305555555555
1,5.022916666666666
1,5.604861111111111
1,5.059027777777778
1,5.038888888888889
1,5.038888888888889
1,5.3625
1,5.033333333333333
1,5.526388888888889
1,11.297222222222222
1,5.0375
1,5.454166666666667
1,13.531944444444445
1,146.30138888888888
1,146.29375
1,5.045138888888889
1,14.502083333333333
1,5.038888888888889
1,11.454166666666667
1,11.204166666666667
1,5.0375
1,11.08611111111111
1,5.038194444444445
1,18.145138888888887
1,5.016666666666667
1,5.016666666666667
1,5.008333333333334
1,5.0465277777777775
1,17.170833333333334
1,5.04375
1,5.003472222222222
1,5.041666666666667
1,5.288888888888889
1,10.411805555555556
1,5.0368055555555555
1,5.033333333333333
1,5.033333333333333
1,5.03125
1,5.03125
1,5.028472222222222
1,7.278472222222222
1,5.027777777777778
1,18.110416666666666
1,5.06875
1,5.0256944444444445
1,26.311805555555555
1,5.065972222222222
1,5.274305555555555
1,5.231944444444444
1,5.023611111111111
1,7.023611111111111
1,5.230555555555555
1,5.022222222222222
1,5.020833333333333
1,5.020833333333333
1,10.145138888888889
1,10.269444444444444
1,10.060416666666667
1,5.018055555555556
1,5.016666666666667
1,5.016666666666667
1,5.266666666666667
1,5.0152777777777775
1,18.097916666666666
1,5.014583333333333
1,5.097222222222222
1,5.013888888888889
1,5.013194444444444
1,5.054166666666666
1,24.006944444444443
1,5.011805555555555
1,14.052083333333334
1,19.300694444444446
1,10.342361111111112
1,5.05
1,5.0465277777777775
1,5.0465277777777775
1,39.16597222222222
1,5.045138888888889
1,10.040277777777778
1,5.247916666666667
1,5.039583333333334
1,5.038194444444445
1,5.0777777777777775
1,41.02916666666667
1,5.033333333333333
1,5.032638888888889
1,5.197222222222222
1,5.113888888888889
1,11.278472222222222
1,5.027777777777778
1,5.0256944444444445
1,5.06875
1,5.020138888888889
1,5.019444444444445
1,5.227777777777778
1,5.019444444444445
1,5.182638888888889
1,5.0125
1,5.054166666666666
1,5.094444444444444
1,5.010416666666667
1,11.010416666666666
1,17.135416666666668
1,5.05
1,5.007638888888889
1,19.215972222222224
1,5.007638888888889
1,40.33541666666667
1,5.088888888888889
1,5.088888888888889
1,5.2131944444444445
1,5.293055555555555
1,5.040277777777778
1,5.038194444444445
1,5.370833333333334
1,11.203472222222222
1,5.033333333333333
1,5.199305555555555
1,5.03125
1,24.066666666666666
1,5.029861111111111
1,24.028472222222224
1,5.069444444444445
1,18.19236111111111
1,5.0256944444444445
1,5.025
1,11.272916666666667
1,5.01875
1,5.184722222222222
1,13.266666666666667
1,5.0159722222222225
1,11.05625
1,5.055555555555555
1,5.179861111111111
1,17.221527777777776
1,5.013194444444444
1,14.220833333333333
1,5.054166666666666
1,5.176388888888889
1,5.044444444444444
1,5.044444444444444
1,5.126388888888889
1,5.040972222222222
1,5.040277777777778
1,5.0375
1,5.034027777777778
1,5.034027777777778
1,5.03125
1,17.945833333333333
1,5.027083333333334
1,12.985416666666667
1,5.027083333333334
1,18.02777777777778
1,5.0256944444444445
1,5.149305555555555
1,5.023611111111111
1,5.064583333333333
1,45.892361111111114
1,5.021527777777778
1,61.97291666666667
1,5.142361111111111
1,24.176388888888887
1,5.011111111111111
1,20.83888888888889
1,5.132638888888889
1,5.048611111111111
1,14.04861111111111
1,188.12569444444443
1,5.504166666666666
1,13.121527777777779
1,5.120138888888889
1,5.036111111111111
1,5.035416666666666
1,5.111805555555556
1,5.110416666666667
1,5.0256944444444445
1,5.147916666666666
1,5.021527777777778
1,5.01875
1,5.01875
1,5.143055555555556
1,5.100694444444445
1,5.0993055555555555
1,17.97222222222222
1,13.927777777777777
1,5.09375
1,10.878472222222221
1,5.04375
1,5.040277777777778
1,5.039583333333334
1,10.07638888888889
1,5.066666666666666
1,5.025
1,5.022222222222222
1,13.022222222222222
1,5.104166666666667
1,5.014583333333333
1,21.133333333333333
1,10.846527777777778
1,5.05625
1,5.011805555555555
1,20.011111111111113
1,35.08958333333333
1,5.010416666666667
1,13.135416666666666
1,5.048611111111111
1,5.006944444444445
1,19.04652777777778
1,13.129166666666666
1,5.0875
1,5.0055555555555555
1,5.040277777777778
1,5.080555555555556
1,10.91388888888889
1,12.116666666666667
1,13.864583333333334
1,27.78125
1,7.1097222222222225
1,47.85486111111111
1,9.894444444444444
1,5.018055555555556
1,5.058333333333334
1,5.057638888888889
1,9.847222222222221
1,5.052777777777778
1,5.010416666666667
1,10.75763888888889
1,5.0472222222222225
1,5.045833333333333
1,5.004861111111111
1,17.875694444444445
1,10.872916666666667
1,165.1173611111111
1,5.028472222222222
1,16.860416666666666
1,19.11111111111111
1,5.022222222222222
1,16.76875
1,5.052083333333333
1,5.047916666666667
1,9.792361111111111
1,10.70625
1,5.038888888888889
1,13.994444444444444
1,5.033333333333333
1,5.031944444444444
1,10.990277777777777
1,59.94027777777778
1,12.938888888888888
1,5.01875
1,10.727083333333333
1,5.00625
1,24.831944444444446
1,9.955555555555556
1,31.81875
1,11.027777777777779
1,5.021527777777778
1,9.727777777777778
1,5.016666666666667
1,5.013888888888889
1,10.930555555555555
1,8.963194444444444
1,10.660416666666666
1,5.075694444444444
1,5.025
1,9.809722222222222
1,5.0055555555555555
1,10.627777777777778
1,5.041666666666667
1,5.020833333333333
1,5.016666666666667
1,5.03125
1,5.027777777777778
1,9.730555555555556
1,5.026388888888889
1,5.022222222222222
1,5.016666666666667
1,6.63125
1,9.539583333333333
1,5.0368055555555555
1,6.488194444444445
1,5.018055555555556
1,5.010416666666667
1,11.674305555555556
1,13.609027777777778
1,5.020138888888889
1,5.013194444444444
1,5.039583333333334
1,5.034027777777778
1,5.027083333333334
1,5.013194444444444
1,5.009722222222222
1,5.002777777777778
1,5.036111111111111
1,5.029861111111111
1,32.144444444444446
1,5.007638888888889
1,13.170833333333333
1,10.414583333333333
1,33.15902777777778
1,5.071527777777778
1,5.041666666666667
1,5.035416666666666
1,5.045833333333333
1,5.033333333333333
1,6.404861111111111
1,5.029166666666667
1,5.026388888888889
1,5.025
1,17.38888888888889
1,5.011805555555555
1,5.009027777777778
1,5.020138888888889
1,5.028472222222222
1,5.027777777777778
1,10.022916666666667
1,5.014583333333333
1,5.009722222222222
1,10.172222222222222
1,9.102777777777778
1,5.204166666666667
1,5.029166666666667
1,8.848611111111111
1,13.083333333333334
1,5.161111111111111
1,8.903472222222222
1,8.770138888888889
1,16.175
1,61.830555555555556
1,5.75
1,8.788194444444445
1,12.817361111111111
1,5.726388888888889
1,5.040277777777778
1,5.072222222222222
1,5.071527777777778
1,5.063194444444444
1,9.974305555555556
1,9.99375
1,8.699305555555556
1,8.656944444444445
1,8.655555555555555
1,8.644444444444444
1,5.0375
1,5.025
1,5.022222222222222
1,5.022222222222222
1,5.004861111111111
1,5.029166666666667
1,8.760416666666666
1,5.0472222222222225
1,5.007638888888889
1,5.047916666666667
1,9.82986111111111
1,5.861805555555556
1,5.052083333333333
1,5.03125
1,5.038888888888889
1,5.021527777777778
1,5.090277777777778
1,9.431944444444444
1,8.288194444444445
1,5.584722222222222
1,5.031944444444444
1,8.175694444444444
1,5.4631944444444445
1,9.189583333333333
1,8.131944444444445
1,5.0375
1,5.029861111111111
1,5.107638888888889
1,5.023611111111111
1,5.020138888888889
1,5.061111111111111
1,8.05
1,5.007638888888889
1,5.374305555555556
1,5.040277777777778
1,5.038194444444445
1,9.322916666666666
1,5.026388888888889
1,5.065972222222222
1,5.021527777777778
1,5.018055555555556
1,10.219444444444445
1,12.050694444444444
1,9.153472222222222
1,5.021527777777778
1,5.017361111111111
1,5.047916666666667
1,8.29513888888889
1,8.2875
1,5.033333333333333
1,11.940972222222221
1,8.980555555555556
1,5.020138888888889
1,5.016666666666667
1,5.014583333333333
1,5.09375
1,5.090277777777778
1,16.88125
1,8.130555555555556
1,5.1715277777777775
1,5.0368055555555555
1,7.910416666666666
1,5.034027777777778
1,8.029861111111112
1,5.026388888888889
1,24.104166666666668
1,5.017361111111111
1,5.013888888888889
1,5.136805555555555
1,71.04097222222222
1,5.045138888888889
1,5.163888888888889
1,7.799305555555556
1,5.0055555555555555
1,8.04513888888889
1,7.829166666666667
1,5.072916666666667
1,5.030555555555556
1,5.027777777777778
1,5.022916666666666
1,7.717361111111111
1,5.047916666666667
1,8.83125
1,5.034027777777778
1,5.011805555555555
1,5.049305555555556
1,7.669444444444444
1,5.114583333333333
1,5.025
1,5.018055555555556
1,8.71875
1,10.761805555555556
1,8.799305555555556
1,5.0368055555555555
1,22.535416666666666
1,5.052777777777778
1,5.0368055555555555
1,7.407638888888889
1,7.393055555555556
1,5.0472222222222225
1,8.278472222222222
1,7.480555555555555
1,5.047916666666667
1,5.040972222222222
1,5.065277777777778
1,5.004166666666666
1,9.19513888888889
1,5.011111111111111
1,7.896527777777778
1,5.113194444444445
1,5.022222222222222
1,11.246527777777779
1,7.032638888888889
1,8.111805555555556
1,5.024305555555555
1,5.020138888888889
1,8.265972222222222
1,5.316666666666666
1,5.038888888888889
1,7.022916666666666
1,8.189583333333333
1,24.926388888888887
1,5.003472222222222
1,16.195833333333333
1,8.1625
1,5.971527777777778
1,5.125694444444444
1,5.026388888888889
1,7.804861111111111
1,5.041666666666667
1,5.8284722222222225
1,5.00625
1,181.8826388888889
1,10.715277777777779
1,7.5625
1,5.029861111111111
1,5.026388888888889
1,5.020833333333333
1,5.03125
1,5.052083333333333
1,20.334722222222222
1,7.634722222222222
1,5.029166666666667
1,5.011805555555555
1,8.245833333333334
1,5.022222222222222
1,9.126388888888888
1,16.122222222222224
1,5.0777777777777775
1,6.3805555555555555
1,5.028472222222222
1,8.1
1,7.009027777777778
1,10.077777777777778
1,5.033333333333333
1,5.045138888888889
1,6.043055555555555
1,6.050694444444445
1,5.045833333333333
1,5.036111111111111
1,5.029166666666667
1,5.029166666666667
1,5.084722222222222
1,7.165972222222222
1,5.0368055555555555
1,5.028472222222222
1,7.767361111111111
1,5.011111111111111
1,5.040972222222222
1,5.033333333333333
1,5.735416666666667
1,5.145833333333333
1,5.0256944444444445
1,5.0159722222222225
1,9.745833333333334
1,5.097222222222222
1,5.101388888888889
1,5.0159722222222225
1,5.0125
1,5.010416666666667
1,5.038888888888889
1,5.372222222222222
1,6.396527777777778
1,6.642361111111111
1,7.5569444444444445
1,7.634027777777778
1,6.602083333333334
1,6.511805555555555
1,15.334722222222222
1,5.038194444444445
1,5.176388888888889
1,5.021527777777778
1,5.020833333333333
1,5.060416666666667
1,5.058333333333334
1,5.097916666666666
1,5.047916666666667
1,12.296527777777778
1,5.0465277777777775
1,5.045833333333333
1,6.086805555555555
1,5.16875
1,5.127083333333333
1,5.041666666666667
1,5.122222222222222
1,5.371527777777778
1,13.0375
1,5.0368055555555555
1,6.370138888888889
1,5.034722222222222
1,5.033333333333333
1,5.033333333333333
1,5.031944444444444
1,5.072916666666667
1,5.072222222222222
1,5.072222222222222
1,5.029861111111111
1,5.029166666666667
1,6.070833333333334
1,5.028472222222222
1,15.235416666666667
1,5.026388888888889
1,5.025
1,5.065972222222222
1,5.023611111111111
1,5.023611111111111
1,7.065277777777778
1,5.023611111111111
1,5.022916666666666
1,8.104861111111111
1,5.020833333333333
1,5.01875
1,5.017361111111111
1,5.016666666666667
1,7.2659722222222225
1,5.0569444444444445
1,5.0152777777777775
1,5.221527777777778
1,5.0125
1,6.011805555555555
1,7.052777777777778
1,5.011111111111111
1,5.093055555555556
1,10.259027777777778
1,5.009027777777778
1,5.007638888888889
1,5.090972222222222
1,5.090972222222222
1,9.25625
1,6.339583333333334
1,5.047916666666667
1,5.0055555555555555
1,2.411111111111111
1,8.130555555555556
1,6.338888888888889
1,14.213194444444444
1,5.2131944444444445
1,5.045138888888889
1,5.045138888888889
1,5.045138888888889
1,5.044444444444444
1,5.044444444444444
1,5.043055555555555
1,5.039583333333334
1,5.330555555555556
1,5.038888888888889
1,5.0375
1,5.120833333333334
1,7.3284722222222225
1,5.035416666666666
1,9.285416666666666
1,5.076388888888889
1,5.118055555555555
1,22.320833333333333
1,5.032638888888889
1,5.074305555555555
1,5.032638888888889
1,7.198611111111111
1,5.031944444444444
1,5.072916666666667
1,5.029166666666667
1,5.070833333333334
1,5.026388888888889
1,5.023611111111111
1,5.023611111111111
1,14.146527777777777
1,5.104166666666667
1,5.020833333333333
1,5.102777777777778
1,5.268055555555556
1,5.309027777777778
1,6.1402777777777775
1,5.05625
1,5.013194444444444
1,5.0125
1,5.052777777777778
1,21.266666666666666
1,5.134027777777778
1,21.9625
1,5.008333333333334
1,5.008333333333334
1,63.33541666666667
1,5.007638888888889
1,5.0881944444444445
1,8.129861111111111
1,61.166666666666664
1,5.086111111111111
1,5.002777777777778
1,8.043055555555556
1,5.959722222222222
1,41.4125
1,5.042361111111111
1,5.041666666666667
1,5.040277777777778
1,5.081944444444445
1,5.039583333333334
1,5.080555555555556
1,13.0375
1,5.0375
1,41.40625
1,5.035416666666666
1,5.035416666666666
1,5.034722222222222
1,5.075694444444444
1,7.992361111111111
1,5.033333333333333
1,5.031944444444444
1,30.19375
1,5.03125
1,12.28125
1,5.03125
1,5.030555555555556
1,5.030555555555556
1,5.072222222222222
1,5.071527777777778
1,5.029166666666667
1,5.029166666666667
1,14.195833333333333
1,20.06388888888889
1,5.067361111111111
1,5.0256944444444445
1,5.0256944444444445
1,5.024305555555555
1,9.23125
1,20.226388888888888
1,13.98263888888889
1,5.019444444444445
1,5.019444444444445
1,5.01875
1,5.018055555555556
1,8.975694444444445
1,202.2625
1,6.263194444444444
1,5.011805555555555
1,5.011111111111111
1,6.260416666666667
1,12.21875
1,5.050694444444445
1,5.009027777777778
1,25.961805555555557
1,26.961111111111112
1,5.047916666666667
1,14.213888888888889
1,5.253472222222222
1,5.170138888888889
1,6.128472222222222
1,5.044444444444444
1,5.04375
1,7.293055555555555
1,5.040277777777778
1,5.040277777777778
1,12.244444444444444
1,5.035416666666666
1,12.952083333333333
1,5.034722222222222
1,5.031944444444444
1,5.029166666666667
1,5.069444444444445
1,5.026388888888889
1,5.0256944444444445
1,8.109027777777778
1,8.150694444444444
1,5.983333333333333
1,5.024305555555555
1,6.022916666666666
1,5.021527777777778
1,133.97430555555556
1,5.061111111111111
1,7.14375
1,68.92916666666666
1,5.095138888888889
1,5.011111111111111
1,6.966666666666667
1,5.006944444444445
1,5.047916666666667
1,6.13125
1,6.084027777777778
1,5.042361111111111
1,6.959027777777778
1,6.123611111111111
1,5.122222222222222
1,5.0368055555555555
1,5.034027777777778
1,5.034027777777778
1,5.989583333333333
1,5.029861111111111
1,5.029861111111111
1,5.028472222222222
1,6.94375
1,21.188194444444445
1,7.9840277777777775
1,5.982638888888889
1,5.023611111111111
1,9.106944444444444
1,5.016666666666667
1,5.013194444444444
1,5.052777777777778
1,5.00625
1,14.922222222222222
1,5.045138888888889
1,134.9125
1,5.039583333333334
1,5.038888888888889
1,5.0368055555555555
1,5.035416666666666
1,5.035416666666666
1,8.86736111111111
1,5.074305555555555
1,5.073611111111111
1,5.073611111111111
1,34.859722222222224
1,5.986805555555556
1,5.0256944444444445
1,22.894444444444446
1,5.022916666666666
1,5.022916666666666
1,5.063888888888889
1,5.063194444444444
1,5.014583333333333
1,5.055555555555555
1,8.054166666666667
1,5.011805555555555
1,5.803472222222222
1,6.927777777777778
1,5.089583333333334
1,5.0472222222222225
1,5.004861111111111
1,5.003472222222222
1,5.042361111111111
1,5.038888888888889
1,7.117361111111111
1,16.06875
1,5.030555555555556
1,5.029166666666667
1,5.028472222222222
1,5.027083333333334
1,13.776388888888889
1,5.022222222222222
1,9.922222222222222
1,5.020833333333333
1,6.018055555555556
1,5.017361111111111
1,28.091666666666665
1,5.886111111111111
1,6.010416666666667
1,5.09375
1,5.7965277777777775
1,8.8375
1,5.003472222222222
1,7.996527777777778
1,42.74166666666667
1,6.7875
1,5.742361111111111
1,5.032638888888889
1,14.073611111111111
1,5.030555555555556
1,5.988194444444445
1,6.027777777777778
1,5.027083333333334
1,22.84861111111111
1,5.020138888888889
1,18.76388888888889
1,8.018055555555556
1,5.016666666666667
1,5.013888888888889
1,5.011805555555555
1,5.84375
1,6.091666666666667
1,5.715972222222222
1,5.0472222222222225
1,5.004861111111111
1,16.041666666666668
1,50.99652777777778
1,7.418055555555555
1,8.876388888888888
1,5.958333333333333
1,5.747222222222222
1,8.745833333333334
1,15.078472222222222
1,5.035416666666666
1,5.034722222222222
1,5.032638888888889
1,5.948611111111111
1,15.859027777777778
1,7.2375
1,113.06597222222223
1,5.026388888888889
1,116.89930555555556
1,16.059722222222224
1,5.688888888888889
1,5.017361111111111
1,8.808333333333334
1,5.7243055555555555
1,5.804166666666666
1,20.760416666666668
1,5.802083333333333
1,6.676388888888889
1,25.917361111111113
1,5.044444444444444
1,29.95625
1,5.917361111111111
1,5.041666666666667
1,11.832638888888889
1,5.747916666666667
1,5.034027777777778
1,6.696527777777778
1,5.022222222222222
1,5.019444444444445
1,5.059722222222222
1,7.883333333333334
1,6.665972222222222
1,7.663194444444445
1,5.004166666666666
1,5.038888888888889
1,5.0368055555555555
1,12.729861111111111
1,5.0152777777777775
1,5.053472222222222
1,15.803472222222222
1,5.051388888888889
1,21.752083333333335
1,5.074305555555555
1,5.031944444444444
1,5.017361111111111
1,6.471527777777778
1,18.68402777777778
1,6.661111111111111
1,5.051388888888889
1,5.040277777777778
1,5.044444444444444
1,26.45277777777778
1,5.038194444444445
1,7.6618055555555555
1,5.070833333333334
1,5.310416666666667
1,18.511111111111113
1,5.3069444444444445
1,18.502083333333335
1,18.499305555555555
1,5.288194444444445
1,18.45277777777778
1,5.061111111111111
1,8.495138888888889
1,5.020833333333333
1,5.511805555555555
1,5.164583333333334
1,5.153472222222222
1,5.308333333333334
1,5.425
1,5.3125
1,5.009027777777778
1,5.0875
1,5.04375
1,5.043055555555555
1,5.167361111111111
1,48.078472222222224
1,5.082638888888889
1,14.077777777777778
1,5.161111111111111
1,5.493055555555555
1,5.367361111111111
1,5.324305555555555
1,5.072222222222222
1,7.072222222222222
1,5.071527777777778
1,201.10763888888889
1,34.14513888888889
1,5.066666666666666
1,5.025
1,5.357638888888889
1,5.023611111111111
1,25.14375
1,13.397222222222222
1,5.021527777777778
1,5.020138888888889
1,5.01875
1,5.227083333333334
1,5.059027777777778
1,5.0569444444444445
1,5.30625
1,6.05625
1,19.133333333333333
1,5.052083333333333
1,11.093055555555555
1,6.04375
1,112.41319444444444
1,9.150694444444444
1,20.23611111111111
1,5.064583333333333
1,5.059027777777778
1,5.018055555555556
1,11.222222222222221
1,5.2625
1,8.054166666666667
1,5.261805555555555
1,5.095138888888889
1,5.011111111111111
1,5.010416666666667
1,5.968055555555556
1,5.049305555555556
1,5.213888888888889
1,5.002083333333333
1,13.208333333333334
1,5.040277777777778
1,5.039583333333334
1,13.036111111111111
1,8.244444444444444
1,27.363888888888887
1,5.033333333333333
1,5.032638888888889
1,5.073611111111111
1,7.072916666666667
1,6.072222222222222
1,5.030555555555556
1,5.027083333333334
1,12.191666666666666
1,5.023611111111111
1,11.063194444444445
1,18.18263888888889
1,5.01875
1,5.226388888888889
1,5.100694444444445
1,5.017361111111111
1,5.184722222222222
1,5.2659722222222225
1,5.0152777777777775
1,5.18125
1,8.179166666666667
1,7.302777777777778
1,18.089583333333334
1,19.00625
1,22.255555555555556
1,7.176388888888889
1,7.175694444444445
1,5.049305555555556
1,8.006944444444445
1,5.0472222222222225
1,5.2131944444444445
1,5.004861111111111
1,5.045138888888889
1,5.04375
1,5.920138888888889
1,5.003472222222222
1,25.160416666666666
1,5.039583333333334
1,14.99236111111111
1,5.038888888888889
1,5.038194444444445
1,5.0375
1,14.161111111111111
1,7.11875
1,5.034722222222222
1,5.034027777777778
1,5.032638888888889
1,5.154861111111111
1,54.235416666666666
1,5.065277777777778
1,5.022222222222222
1,5.104861111111111
1,5.021527777777778
1,5.019444444444445
1,7.14375
1,5.185416666666667
1,5.016666666666667
1,5.0159722222222225
1,5.0569444444444445
1,13.009722222222223
1,5.05
1,76.21041666666666
1,5.047916666666667
1,5.167361111111111
1,5.042361111111111
1,7.125
1,7.082638888888889
1,6.910416666666666
1,5.034722222222222
1,6.118055555555555
1,5.117361111111111
1,5.033333333333333
1,5.030555555555556
1,19.024305555555557
1,5.026388888888889
1,5.020138888888889
1,5.0152777777777775
1,5.009722222222222
1,5.05
1,5.004861111111111
1,5.0465277777777775
1,5.875694444444444
1,5.040972222222222
1,5.206944444444445
1,10.95625
1,6.955555555555556
1,147.94930555555555
1,84.19791666666667
1,17.905555555555555
1,5.866666666666666
1,5.031944444444444
1,5.031944444444444
1,6.945833333333334
1,5.028472222222222
1,5.151388888888889
1,13.109027777777778
1,5.15
1,5.023611111111111
1,5.021527777777778
1,5.103472222222222
1,5.016666666666667
1,6.141666666666667
1,5.013888888888889
1,11.054166666666667
1,8.095138888888888
1,5.011805555555555
1,5.00625
1,5.0465277777777775
1,5.004861111111111
1,49.16597222222222
1,5.045138888888889
1,26.119444444444444
1,5.040277777777778
1,5.122916666666667
1,27.949305555555554
1,5.036111111111111
1,18.86875
1,5.035416666666666
1,5.782638888888889
1,5.072916666666667
1,10.988888888888889
1,20.814583333333335
1,5.027083333333334
1,7.027777777777778
1,5.024305555555555
1,12.149305555555555
1,6.898611111111111
1,6.48125
1,5.018055555555556
1,5.017361111111111
1,5.8069444444444445
1,5.05625
1,7.055555555555555
1,5.097222222222222
1,5.011805555555555
1,10.844444444444445
1,84.8375
1,7.967361111111111
1,12.133333333333333
1,5.049305555555556
1,10.922916666666667
1,11.838888888888889
1,5.7965277777777775
1,11.8375
1,20.047916666666666
1,5.045138888888889
1,14.002777777777778
1,5.044444444444444
1,6.084722222222222
1,6.084027777777778
1,6.079861111111111
1,5.038194444444445
1,6.0777777777777775
1,5.992361111111111
1,7.825694444444444
1,5.949305555555555
1,6.073611111111111
1,6.40625
1,5.03125
1,5.03125
1,5.9875
1,6.445833333333334
1,5.028472222222222
1,5.024305555555555
1,5.023611111111111
1,8.025694444444444
1,5.941666666666666
1,7.854166666666667
1,17.720833333333335
1,5.017361111111111
1,28.969444444444445
1,5.054861111111111
1,10.965277777777779
1,5.756944444444445
1,5.045833333333333
1,5.04375
1,5.080555555555556
1,5.034722222222222
1,7.697222222222222
1,5.027777777777778
1,5.735416666666667
1,5.690277777777778
1,5.022916666666666
1,6.730555555555555
1,5.021527777777778
1,7.769444444444445
1,6.975694444444445
1,5.017361111111111
1,89.76041666666667
1,12.681944444444444
1,5.0125
1,5.675
1,6.790972222222222
1,5.040277777777778
1,5.039583333333334
1,5.910416666666666
1,10.616666666666667
1,5.030555555555556
1,5.029861111111111
1,5.027777777777778
1,7.735416666666667
1,6.929861111111111
1,5.010416666666667
1,5.029166666666667
1,5.6097222222222225
1,6.941666666666666
1,5.896527777777778
1,5.047916666666667
1,5.084027777777778
1,5.581944444444445
1,5.579861111111111
1,5.786111111111111
1,5.572916666666667
1,5.570833333333334
1,5.570138888888889
1,5.60625
1,5.04375
1,5.536111111111111
1,6.725
1,5.051388888888889
1,5.133333333333334
1,5.0472222222222225
1,7.718055555555556
1,6.120833333333334
1,227.14791666666667
1,5.263194444444444
1,28.188194444444445
1,35.765277777777776
1,5.070833333333334
1,5.80625
1,6.001388888888889
1,5.0777777777777775
1,5.188888888888889
1,85.82638888888889
1,6.802083333333333
1,6.875
1,6.134027777777778
1,23.018055555555556
1,5.768055555555556
1,7.7347222222222225
1,7.248611111111111
1,71.2875
1,7.889583333333333
1,5.168055555555555
1,11.406944444444445
1,5.020138888888889
1,6.918055555555555
1,5.925
1,11.052083333333334
1,68.04097222222222
1,5.278472222222222
1,83.94166666666666
1,68.98402777777778
1,22.200694444444444
1,19.821527777777778
1,7.231944444444444
1,150.12222222222223
1,11.109722222222222
1,19.27777777777778
1,5.019444444444445
1,18.34027777777778
1,5.113888888888889
1,5.1097222222222225
1,6.2243055555555555
1,8.17361111111111
1,35.94722222222222
1,5.177777777777778
1,11.919444444444444
1,66.22916666666667
1,129.29930555555555
1,8.097916666666666
1,95.04375
1,5.070833333333334
1,5.0256944444444445
1,5.031944444444444
1,5.104861111111111
1,10.902777777777779
1,8.027083333333334
1,29.263194444444444
1,106.89444444444445
1,5.043055555555555
1,8.363888888888889
1,15.919444444444444
1,5.052083333333333
1,24.94375
1,34.06736111111111
1,5.034722222222222
1,5.03125
1,94.15625
1,5.011111111111111
1,5.020833333333333
1,5.019444444444445
1,89.20555555555555
1,25.07847222222222
1,14.6125
1,6.704861111111111
1,17.818055555555556
1,5.445833333333334
1,5.01875
1,5.038888888888889
1,5.11875
1,5.022916666666666
1,22.093055555555555
1,5.0569444444444445
1,5.030555555555556
1,5.057638888888889
1,74.16041666666666
1,5.018055555555556
1,5.040277777777778
1,5.0159722222222225
1,2.4923611111111112
1,6.191666666666666
1,9.79513888888889
1,11.65
1,5.11875
1,6.678472222222222
1,6.663194444444445
1,19.120833333333334
1,26.31388888888889
1,5.044444444444444
1,7.279166666666667
1,5.114583333333333
1,5.045138888888889
1,6.836111111111111
1,5.061111111111111
1,5.0875
1,50.06319444444444
1,27.004166666666666
1,5.986111111111111
1,51.697916666666664
1,19.898611111111112
1,33.34236111111111
1,33.25069444444444
1,5.066666666666666
1,5.0368055555555555
1,50.86527777777778
1,5.030555555555556
1,15.7
1,6.863888888888889
1,27.908333333333335
1,6.002777777777778
1,13.116666666666667
1,5.031944444444444
1,5.278472222222222
1,5.230555555555555
1,10.630555555555556
1,5.031944444444444
1,5.053472222222222
1,5.03125
1,5.0256944444444445
1,6.145138888888889
1,36.519444444444446
1,5.041666666666667
1,8.109722222222222
1,5.021527777777778
1,7.8284722222222225
1,8.071527777777778
1,40.08541666666667
1,6.183333333333334
1,5.011111111111111
1,35.02152777777778
1,41.91875
1,14.786111111111111
1,33.858333333333334
1,18.866666666666667
1,5.038194444444445
1,23.918055555555554
1,12.808333333333334
1,32.02013888888889
1,32.83958333333333
1,38.00347222222222
1,15.7625
1,30.97222222222222
1,8.103472222222223
1,5.040277777777778
1,5.027083333333334
1,34.87361111111111
1,19.874305555555555
1,5.995833333333334
1,5.04375
1,6.96875
1,5.9631944444444445
1,5.134722222222222
1,6.70625
1,11.652083333333334
1,6.768055555555556
1,32.10138888888889
1,33.21944444444444
1,30.894444444444446
1,6.929166666666666
1,5.095138888888889
1,4.799305555555556
1,27.709027777777777
1,6.040972222222222
1,5.013194444444444
1,5.029861111111111
1,5.110416666666667
1,5.066666666666666
1,8.609027777777778
1,5.0465277777777775
1,22.004166666666666
1,15.223611111111111
1,6.145833333333333
1,27.005555555555556
1,5.888194444444444
1,6.934027777777778
1,6.9944444444444445
1,26.066666666666666
1,25.054166666666667
1,25.175694444444446
1,6.995138888888889
1,26.14027777777778
1,5.040277777777778
1,7.027083333333334
1,5.050694444444445
1,5.280555555555556
1,5.017361111111111
1,14.61111111111111
1,7.007638888888889
1,5.017361111111111
1,5.736805555555556
1,6.195833333333334
1,16.190277777777776
1,5.075694444444444
1,18.834027777777777
1,8.670833333333333
1,17.09861111111111
1,12.024305555555555
1,11.178472222222222
1,5.019444444444445
1,7.752083333333333
1,15.011805555555556
1,5.897916666666666
1,5.8909722222222225
1,7.938194444444444
1,8.026388888888889
1,5.215972222222222
1,13.978472222222223
1,7.777777777777778
1,13.683333333333334
1,5.0125
1,6.365972222222222
1,5.027777777777778
1,5.019444444444445
1,5.045138888888889
1,5.0055555555555555
1,5.008333333333334
1,6.163194444444445
1,5.033333333333333
1,6.780555555555556
1,5.00625
1,9.955555555555556
1,5.347222222222222
1,5.5
1,6.3375
1,5.040277777777778
1,6.274305555555555
1,10.92986111111111
1,10.927777777777777
1,5.038888888888889
1,5.036111111111111
1,5.013194444444444
1,5.1194444444444445
1,5.8590277777777775
1,6.154166666666667
1,10.001388888888888
1,5.070138888888889
1,5.689583333333333
1,5.03125
1,0.7402777777777778
1,5.746527777777778
1,0.7194444444444444
1,5.639583333333333
1,5.121527777777778
1,5.386805555555555
1,5.060416666666667
1,5.018055555555556
1,0.004861111111111111
1,0.1361111111111111
1,5.008333333333334
1,5.045138888888889
1,0.0
1,0.0
1,1.0659722222222223
1,0.0
1,0.0
1,0.0
1,0.0
1,0.0
1,0.0
1,1.95
1,0.0
1,0.9118055555555555
1,0.030555555555555555
1,0.09791666666666667
