subject_id,assignment_group,survival_event,survival_duration_days
INC0000045,Group 56,1,5.447222222222222
INC0000047,Group 24,1,6.222222222222222
INC0000057,Group 70,1,5.868055555555555
INC0000060,Group 25,1,7.2652777777777775
INC0000062,Group 23,1,5.376388888888889
INC0000063,Group 23,1,5.411111111111111
INC0000064,Group 28,1,8.409722222222221
INC0000065,Group 33,1,7.348611111111111
INC0000066,Group 54,1,7.289583333333334
INC0000067,Group 28,1,7.164583333333334
INC0000070,Group 29,1,24.436805555555555
INC0000071,Group 24,1,6.116666666666666
INC0000073,Group 54,1,6.3180555555555555
INC0000074,Group 66,1,47.28055555555556
INC0000076,Group 23,1,5.357638888888889
INC0000077,Group 70,1,5.064583333333333
INC0000079,Group 65,1,5.144444444444445
INC0000080,Group 70,1,7.14375
INC0000083,Group 23,1,5.347916666666666
INC0000084,Group 66,1,48.269444444444446
INC0000085,Group 54,1,7.263194444444444
INC0000086,Group 23,1,6.303472222222222
INC0000087,Group 54,1,7.259027777777778
INC0000088,Group 70,1,5.05
INC0000089,Group 33,1,8.25625
INC0000092,Group 72,1,12.003472222222221
INC0000093,Group 70,1,5.044444444444444
INC0000094,Group 66,1,24.41111111111111
INC0000098,Group 54,1,7.248611111111111
INC0000099,Group 30,1,6.039583333333334
INC0000100,Group 54,1,7.246527777777778
INC0000101,Group 65,1,5.121527777777778
INC0000102,Group 23,1,24.411805555555556
INC0000103,Group 54,1,7.245138888888889
INC0000104,Group 30,1,6.1194444444444445
INC0000105,Group 55,1,5.118055555555555
INC0000110,Group 54,1,7.240972222222222
INC0000111,Group 54,1,7.240277777777778
INC0000112,Group 23,1,7.28125
INC0000113,Group 25,1,7.445833333333334
INC0000114,Group 70,1,7.695833333333334
INC0000115,Group 24,1,5.986111111111111
INC0000116,Group 47,1,6.152777777777778
INC0000119,Group 24,1,6.026388888888889
INC0000121,Group 23,1,5.315972222222222
INC0000122,Group 22,1,6.314583333333333
INC0000123,Group 54,1,7.229861111111111
INC0000124,Group 33,1,5.104166666666667
INC0000125,Group 27,1,5.978472222222222
INC0000126,Group 54,1,7.228472222222222
INC0000128,Group 39,1,24.384722222222223
INC0000129,Group 24,1,27.179861111111112
INC0000130,Group 73,1,8.05486111111111
INC0000131,Group 66,1,8.013194444444444
INC0000132,Group 23,1,8.2625
INC0000134,Group 73,1,7.969444444444444
INC0000135,Group 70,1,5.302083333333333
INC0000137,Group 70,1,5.091666666666667
INC0000139,Group 54,1,6.006944444444445
INC0000140,Group 25,1,8.089583333333334
INC0000141,Group 54,1,7.213888888888889
INC0000146,Group 54,1,7.210416666666666
INC0000147,Group 25,1,19.0
INC0000148,Group 54,1,7.25
INC0000149,Group 54,1,7.249305555555556
INC0000152,Group 30,1,7.9944444444444445
INC0000153,Group 54,1,7.201388888888889
INC0000155,Group 54,1,7.241666666666666
INC0000156,Group 54,1,7.240277777777778
INC0000158,Group 54,1,7.238194444444445
INC0000159,Group 28,1,7.029861111111111
INC0000160,Group 70,1,5.029166666666667
INC0000161,Group 29,1,24.34861111111111
INC0000164,Group 70,1,8.195833333333333
INC0000166,Group 27,1,5.275
INC0000167,Group 70,1,5.064583333333333
INC0000168,Group 24,1,5.98125
INC0000169,Group 54,1,7.229166666666667
INC0000171,Group 70,1,24.351388888888888
INC0000172,Group 20,1,5.35
INC0000173,Group 65,1,47.18819444444444
INC0000174,Group 54,1,2.0993055555555555
INC0000176,Group 54,1,7.222222222222222
INC0000178,Group 70,1,5.052083333333333
INC0000179,Group 28,1,6.968055555555556
INC0000192,Group 70,1,5.043055555555555
INC0000193,Group 46,1,6.250694444444444
INC0000194,Group 70,1,5.042361111111111
INC0000195,Group 54,1,7.208333333333333
INC0000197,Group 27,1,36.03958333333333
INC0000199,Group 70,1,5.0375
INC0000204,Group 23,1,5.240972222222222
INC0000207,Group 70,1,5.403472222222222
INC0000211,Group 70,1,7.817361111111111
INC0000213,Group 70,1,5.065972222222222
INC0000217,Group 29,1,24.28611111111111
INC0000218,Group 23,1,5.0881944444444445
INC0000220,Group 23,1,17.188194444444445
INC0000221,Group 74,1,7.126388888888889
INC0000223,Group 5,1,7.874305555555556
INC0000228,Group 27,1,5.200694444444444
INC0000230,Group 33,1,24.268055555555556
INC0000232,Group 70,1,24.270833333333332
INC0000236,Group 70,1,5.065277777777778
INC0000237,Group 70,1,6.10625
INC0000246,Group 27,1,8.971527777777778
INC0000250,Group 70,1,24.25486111111111
INC0000253,Group 28,1,6.886805555555555
INC0000257,Group 12,1,5.425
INC0000259,Group 27,1,6.923611111111111
INC0000260,Group 69,1,8.130555555555556
INC0000261,Group 3,1,0.20347222222222222
INC0000262,Group 28,1,6.875694444444444
INC0000265,Group 69,1,7.115277777777778
INC0000266,Group 28,1,9.154166666666667
INC0000268,Group 27,1,24.219444444444445
INC0000269,Group 70,1,5.020833333333333
INC0000272,Group 39,1,24.211111111111112
INC0000273,Group 23,1,9.058333333333334
INC0000278,Group 55,1,5.05
INC0000279,Group 70,1,6.506944444444445
INC0000280,Group 70,1,24.20138888888889
INC0000282,Group 70,1,7.963888888888889
INC0000283,Group 39,1,5.8375
INC0000284,Group 28,1,6.920138888888889
INC0000285,Group 70,1,6.461111111111111
INC0000286,Group 28,1,8.127777777777778
INC0000290,Group 70,1,5.042361111111111
INC0000292,Group 28,1,6.830555555555556
INC0000294,Group 25,1,24.197222222222223
INC0000295,Group 23,1,8.827083333333333
INC0000297,Group 23,1,8.822916666666666
INC0000298,Group 66,1,274.74583333333334
INC0000301,Group 55,1,5.901388888888889
INC0000302,Group 29,1,26.941666666666666
INC0000303,Group 33,1,24.185416666666665
INC0000304,Group 23,1,8.065972222222221
INC0000305,Group 28,1,9.022222222222222
INC0000306,Group 54,1,7.105555555555555
INC0000307,Group 66,1,299.0208333333333
INC0000310,Group 66,1,5.977083333333334
INC0000315,Group 72,1,24.16875
INC0000317,Group 66,1,61.10208333333333
INC0000318,Group 66,1,32.96944444444444
INC0000319,Group 46,1,7.052777777777778
INC0000323,Group 70,1,5.010416666666667
INC0000324,Group 31,1,112.80069444444445
INC0000325,Group 66,1,24.17361111111111
INC0000329,Group 28,1,24.172916666666666
INC0000330,Group 66,1,24.17152777777778
INC0000332,Group 70,1,24.15763888888889
INC0000333,Group 66,1,64.79930555555555
INC0000336,Group 66,1,24.15763888888889
INC0000337,Group 66,1,95.91666666666667
INC0000338,Group 66,1,40.99236111111111
INC0000339,Group 23,1,5.075
INC0000341,Group 66,1,159.9909722222222
INC0000343,Group 31,1,301.78194444444443
INC0000345,Group 23,1,6.071527777777778
INC0000346,Group 66,1,64.78472222222223
INC0000347,Group 30,1,7.777083333333334
INC0000348,Group 31,1,53.78125
INC0000351,Group 66,1,26.06597222222222
INC0000352,Group 70,1,5.064583333333333
INC0000353,Group 70,1,5.022916666666666
INC0000355,Group 30,1,7.854166666666667
INC0000356,Group 26,1,24.130555555555556
INC0000357,Group 70,1,7.059722222222222
INC0000359,Group 31,1,138.76597222222222
INC0000361,Group 54,1,24.12638888888889
INC0000363,Group 31,1,32.96805555555556
INC0000369,Group 39,1,5.758333333333334
INC0000370,Group 30,1,5.7131944444444445
INC0000371,Group 31,1,34.0875
INC0000372,Group 29,1,8.670833333333333
INC0000373,Group 33,1,24.12152777777778
INC0000374,Group 70,1,5.042361111111111
INC0000375,Group 31,1,84.99861111111112
INC0000376,Group 73,1,24.100694444444443
INC0000377,Group 23,1,5.029166666666667
INC0000378,Group 31,1,36.775
INC0000379,Group 56,1,83.77916666666667
INC0000384,Group 70,1,7.729166666666667
INC0000385,Group 76,1,32.727777777777774
INC0000387,Group 23,1,24.084722222222222
INC0000388,Group 33,1,27.011111111111113
INC0000392,Group 28,1,6.797916666666667
INC0000393,Group 6,1,5.7125
INC0000395,Group 23,1,7.0375
INC0000396,Group 70,1,24.06875
INC0000398,Group 39,1,5.698611111111111
INC0000399,Group 70,1,5.022916666666666
INC0000400,Group 70,1,24.060416666666665
INC0000401,Group 23,1,5.973611111111111
INC0000403,Group 24,1,24.03611111111111
INC0000405,Group 30,1,7.6715277777777775
INC0000418,Group 25,1,24.016666666666666
INC0000419,Group 25,1,27.849305555555556
INC0000425,Group 65,1,7.138194444444444
INC0000433,Group 61,1,30.14375
INC0000434,Group 24,1,5.041666666666667
INC0000439,Group 66,1,7.511111111111111
INC0000440,Group 56,1,6.004166666666666
INC0000441,Group 15,1,19.65277777777778
INC0000455,Group 70,1,5.016666666666667
INC0000458,Group 70,1,23.795833333333334
INC0000464,Group 48,1,26.60902777777778
INC0000467,Group 37,1,48.4
INC0000468,Group 24,1,5.35
INC0000469,Group 33,1,6.3875
INC0000473,Group 48,1,26.59027777777778
INC0000477,Group 24,1,6.3125
INC0000480,Group 65,1,5.294444444444444
INC0000486,Group 70,1,5.04375
INC0000491,Group 70,1,5.038888888888889
INC0000493,Group 70,1,23.5375
INC0000494,Group 65,1,7.160416666666666
INC0000497,Group 54,1,8.429166666666667
INC0000499,Group 24,1,5.086805555555555
INC0000500,Group 28,1,6.086111111111111
INC0000503,Group 28,1,6.416666666666667
INC0000504,Group 39,1,6.373611111111111
INC0000505,Group 65,1,7.118055555555555
INC0000508,Group 25,1,23.445138888888888
INC0000509,Group 28,1,7.402083333333334
INC0000510,Group 39,1,7.397916666666666
INC0000511,Group 48,1,26.313194444444445
INC0000512,Group 30,1,7.063194444444444
INC0000513,Group 70,1,7.3125
INC0000516,Group 55,1,5.100694444444445
INC0000517,Group 72,1,54.107638888888886
INC0000519,Group 28,1,6.1409722222222225
INC0000520,Group 25,1,7.222222222222222
INC0000521,Group 72,1,6.0125
INC0000524,Group 70,0,23.426388888888887
INC0000525,Group 60,1,8.3
INC0000526,Group 72,1,6.0055555555555555
INC0000527,Group 66,1,5.4631944444444445
INC0000528,Group 73,1,7.0881944444444445
INC0000530,Group 70,1,5.045138888888889
INC0000532,Group 33,1,6.125694444444444
INC0000534,Group 27,1,5.25
INC0000535,Group 70,1,5.706944444444445
INC0000536,Group 24,1,8.039583333333333
INC0000537,Group 70,1,5.0375
INC0000538,Group 25,1,6.2027777777777775
INC0000539,Group 25,1,7.159722222222222
INC0000540,Group 55,1,5.034027777777778
INC0000541,Group 70,1,25.990277777777777
INC0000543,Group 24,1,5.323611111111111
INC0000544,Group 30,1,7.114583333333333
INC0000545,Group 70,1,5.030555555555556
INC0000547,Group 25,1,23.39027777777778
INC0000548,Group 31,1,8.111805555555556
INC0000549,Group 24,1,6.1097222222222225
INC0000550,Group 70,1,7.2756944444444445
INC0000552,Group 39,1,7.230555555555555
INC0000553,Group 39,1,23.389583333333334
INC0000554,Group 73,1,6.978472222222222
INC0000557,Group 23,1,5.266666666666667
INC0000558,Group 47,1,34.05763888888889
INC0000559,Group 23,1,8.016666666666667
INC0000561,Group 48,1,26.2625
INC0000564,Group 70,1,8.095833333333333
INC0000565,Group 70,1,7.345833333333333
INC0000566,Group 33,0,83.05833333333334
INC0000568,Group 28,1,6.177777777777778
INC0000569,Group 10,1,25.968055555555555
INC0000570,Group 61,1,32.009027777777774
INC0000571,Group 27,1,5.134027777777778
INC0000572,Group 74,1,54.261805555555554
INC0000574,Group 27,1,23.365277777777777
INC0000576,Group 28,1,7.253472222222222
INC0000577,Group 28,1,23.377083333333335
INC0000579,Group 70,1,7.377083333333333
INC0000582,Group 72,1,5.957638888888889
INC0000583,Group 70,1,5.497222222222222
INC0000587,Group 70,1,5.034722222222222
INC0000588,Group 70,1,5.034722222222222
INC0000590,Group 24,1,7.034027777777778
INC0000591,Group 70,1,28.115972222222222
INC0000592,Group 54,1,8.323611111111111
INC0000594,Group 65,1,23.363194444444446
INC0000595,Group 70,1,23.363194444444446
INC0000596,Group 24,1,5.947222222222222
INC0000597,Group 23,1,6.9430555555555555
INC0000598,Group 54,1,7.3590277777777775
INC0000599,Group 25,1,23.352083333333333
INC0000600,Group 20,1,6.397916666666666
INC0000602,Group 25,1,23.3375
INC0000603,Group 25,1,7.267361111111111
INC0000604,Group 70,1,5.016666666666667
INC0000605,Group 70,1,23.347916666666666
INC0000606,Group 70,0,23.34722222222222
INC0000607,Group 24,1,6.18125
INC0000609,Group 68,1,23.344444444444445
INC0000610,Group 66,1,6.051388888888889
INC0000611,Group 24,1,5.967361111111111
INC0000612,Group 27,1,6.007638888888889
INC0000613,Group 23,1,6.0465277777777775
INC0000614,Group 28,1,6.2125
INC0000615,Group 55,1,5.04375
INC0000617,Group 23,1,6.0
INC0000618,Group 39,1,5.165972222222222
INC0000619,Group 49,1,5.122916666666667
INC0000620,Group 70,1,7.247222222222222
INC0000621,Group 73,1,6.9118055555555555
INC0000622,Group 20,1,6.0777777777777775
INC0000623,Group 29,1,23.325694444444444
INC0000624,Group 70,1,5.154861111111111
INC0000625,Group 25,1,23.320833333333333
INC0000627,Group 49,1,23.30763888888889
INC0000628,Group 28,1,7.236805555555556
INC0000630,Group 28,1,6.069444444444445
INC0000631,Group 25,1,7.110416666666667
INC0000632,Group 27,1,23.304166666666667
INC0000633,Group 73,1,6.9430555555555555
INC0000634,Group 30,1,8.234722222222222
INC0000637,Group 39,1,6.940277777777778
INC0000638,Group 23,1,5.065277777777778
INC0000644,Group 70,1,23.304861111111112
INC0000645,Group 39,1,5.144444444444445
INC0000648,Group 25,1,7.102083333333334
INC0000649,Group 56,1,28.114583333333332
INC0000650,Group 39,1,5.141666666666667
INC0000651,Group 23,1,23.301388888888887
INC0000653,Group 39,1,5.139583333333333
INC0000654,Group 23,1,6.222222222222222
INC0000655,Group 28,1,6.930555555555555
INC0000660,Group 70,1,5.007638888888889
INC0000661,Group 15,1,5.25625
INC0000664,Group 24,1,5.0465277777777775
INC0000665,Group 65,1,23.29375
INC0000666,Group 70,1,5.127777777777778
INC0000668,Group 73,1,23.285416666666666
INC0000669,Group 24,1,7.874305555555556
INC0000670,Group 59,1,6.080555555555556
INC0000672,Group 48,1,26.1625
INC0000673,Group 27,1,6.954166666666667
INC0000674,Group 73,1,6.995138888888889
INC0000675,Group 30,1,5.202083333333333
INC0000676,Group 6,1,6.86875
INC0000677,Group 20,1,30.116666666666667
INC0000678,Group 39,1,8.2
INC0000679,Group 25,1,8.158333333333333
INC0000681,Group 48,1,26.15277777777778
INC0000682,Group 70,1,5.028472222222222
INC0000686,Group 70,1,5.022916666666666
INC0000687,Group 69,1,6.85625
INC0000688,Group 30,1,5.189583333333333
INC0000692,Group 30,1,5.188194444444444
INC0000694,Group 30,1,5.186805555555556
INC0000695,Group 30,1,5.186111111111111
INC0000696,Group 28,1,7.102083333333334
INC0000697,Group 30,1,5.184722222222222
INC0000698,Group 30,1,5.184027777777778
INC0000699,Group 67,1,5.141666666666667
INC0000700,Group 30,1,5.182638888888889
INC0000702,Group 30,1,5.18125
INC0000703,Group 30,1,5.180555555555555
INC0000704,Group 25,1,8.136805555555556
INC0000705,Group 24,1,7.970138888888889
INC0000706,Group 70,1,5.011805555555555
INC0000708,Group 55,1,5.134722222222222
INC0000709,Group 70,1,5.007638888888889
INC0000710,Group 70,1,23.25625
INC0000712,Group 64,1,5.0875
INC0000715,Group 73,1,23.240972222222222
INC0000717,Group 30,1,6.952083333333333
INC0000720,Group 65,1,23.242361111111112
INC0000722,Group 49,1,5.032638888888889
INC0000723,Group 70,1,27.990277777777777
INC0000727,Group 70,1,23.233333333333334
INC0000728,Group 30,1,6.942361111111111
INC0000729,Group 39,1,6.857638888888889
INC0000730,Group 70,1,5.024305555555555
INC0000733,Group 70,1,23.227083333333333
INC0000734,Group 53,1,7.14375
INC0000735,Group 27,1,6.89375
INC0000738,Group 39,1,5.057638888888889
INC0000740,Group 25,1,23.207638888888887
INC0000741,Group 49,1,23.21388888888889
INC0000742,Group 70,1,5.051388888888889
INC0000743,Group 39,1,5.091666666666667
INC0000745,Group 23,1,5.088888888888889
INC0000746,Group 24,1,5.043055555555555
INC0000747,Group 70,1,23.194444444444443
INC0000748,Group 65,1,6.165972222222222
INC0000749,Group 64,1,5.122222222222222
INC0000750,Group 28,1,6.0368055555555555
INC0000751,Group 64,1,5.118055555555555
INC0000752,Group 30,1,6.906944444444444
INC0000753,Group 70,1,5.027777777777778
INC0000754,Group 73,1,23.193055555555556
INC0000757,Group 39,1,5.024305555555555
INC0000759,Group 27,1,5.0625
INC0000760,Group 46,1,5.061805555555556
INC0000761,Group 27,1,6.059722222222222
INC0000763,Group 27,1,5.058333333333334
INC0000764,Group 70,0,23.18125
INC0000765,Group 25,1,23.180555555555557
INC0000767,Group 24,1,7.930555555555555
INC0000768,Group 70,1,8.221527777777778
INC0000769,Group 54,1,8.095138888888888
INC0000771,Group 5,1,41.759027777777774
INC0000772,Group 57,1,23.17361111111111
INC0000773,Group 73,1,23.166666666666668
INC0000774,Group 70,1,7.13125
INC0000775,Group 10,1,5.0875
INC0000777,Group 25,1,5.045138888888889
INC0000778,Group 6,1,8.127777777777778
INC0000780,Group 27,1,5.127083333333333
INC0000782,Group 3,1,23.164583333333333
INC0000783,Group 23,1,26.82986111111111
INC0000784,Group 75,1,49.043055555555554
INC0000785,Group 23,1,23.145138888888887
INC0000786,Group 39,1,6.825
INC0000790,Group 10,1,27.7375
INC0000791,Group 20,1,5.944444444444445
INC0000792,Group 70,1,7.1090277777777775
INC0000794,Group 29,1,23.136111111111113
INC0000795,Group 73,1,6.731944444444444
INC0000797,Group 72,1,23.134027777777778
INC0000798,Group 39,1,6.814583333333333
INC0000801,Group 53,1,7.060416666666667
INC0000802,Group 30,1,6.768055555555556
INC0000804,Group 73,1,23.134722222222223
INC0000807,Group 20,1,8.136805555555556
INC0000809,Group 29,1,7.011111111111111
INC0000810,Group 66,1,23.129166666666666
INC0000811,Group 28,1,5.760416666666667
INC0000812,Group 25,1,5.926388888888889
INC0000814,Group 27,1,6.759722222222222
INC0000817,Group 70,1,8.175
INC0000818,Group 24,1,6.965972222222222
INC0000820,Group 24,1,40.00555555555555
INC0000821,Group 70,1,23.12847222222222
INC0000822,Group 24,1,5.754166666666666
INC0000823,Group 70,1,6.045138888888889
INC0000824,Group 33,1,23.118055555555557
INC0000825,Group 30,1,7.874305555555556
INC0000826,Group 24,1,7.040972222222222
INC0000827,Group 70,1,6.164583333333334
INC0000829,Group 39,1,6.788888888888889
INC0000830,Group 23,1,23.106944444444444
INC0000831,Group 48,1,25.993055555555557
INC0000832,Group 20,1,23.104166666666668
INC0000833,Group 29,1,23.103472222222223
INC0000834,Group 70,1,7.820833333333334
INC0000835,Group 25,1,26.941666666666666
INC0000837,Group 70,1,6.191666666666666
INC0000838,Group 20,1,6.73125
INC0000839,Group 28,1,5.767361111111111
INC0000840,Group 31,1,77.93680555555555
INC0000841,Group 70,1,5.054166666666666
INC0000842,Group 25,1,23.094444444444445
INC0000845,Group 30,1,8.009027777777778
INC0000846,Group 70,1,5.423611111111111
INC0000847,Group 24,1,5.756944444444445
INC0000849,Group 31,1,34.00277777777778
INC0000850,Group 70,1,8.003472222222221
INC0000852,Group 54,1,6.958333333333333
INC0000854,Group 20,1,7.915277777777778
INC0000856,Group 23,1,5.747222222222222
INC0000857,Group 6,1,62.79375
INC0000859,Group 55,1,5.74375
INC0000860,Group 27,1,5.032638888888889
INC0000863,Group 23,1,7.738888888888889
INC0000864,Group 73,1,6.738194444444445
INC0000867,Group 23,1,5.815972222222222
INC0000868,Group 6,1,5.773611111111111
INC0000872,Group 6,1,5.891666666666667
INC0000873,Group 28,1,7.016666666666667
INC0000875,Group 25,1,24.760416666666668
INC0000877,Group 5,1,5.674305555555556
INC0000879,Group 30,1,6.797916666666667
INC0000880,Group 57,1,23.03263888888889
INC0000885,Group 23,1,7.038888888888889
INC0000886,Group 27,1,23.025
INC0000887,Group 56,1,23.01875
INC0000888,Group 24,1,23.01875
INC0000890,Group 70,1,5.01875
INC0000892,Group 24,1,22.99861111111111
INC0000894,Group 27,1,22.99652777777778
INC0000895,Group 55,1,22.98472222222222
INC0000896,Group 27,1,5.705555555555556
INC0000897,Group 70,0,25.62013888888889
INC0000899,Group 70,0,25.57638888888889
INC0000900,Group 25,1,82.66319444444444
INC0000901,Group 70,1,6.906944444444444
INC0000903,Group 70,1,22.985416666666666
INC0000905,Group 30,1,22.96875
INC0000906,Group 70,1,7.857638888888889
INC0000907,Group 70,1,22.965972222222224
INC0000908,Group 20,1,7.853472222222222
INC0000910,Group 30,1,22.95625
INC0000912,Group 23,1,7.629861111111111
INC0000913,Group 70,1,22.946527777777778
INC0000914,Group 25,1,22.945138888888888
INC0000915,Group 39,1,22.941666666666666
INC0000916,Group 24,1,5.5784722222222225
INC0000917,Group 28,1,7.576388888888889
INC0000918,Group 64,1,5.8625
INC0000919,Group 30,1,5.690277777777778
INC0000920,Group 39,1,22.92013888888889
INC0000921,Group 56,1,5.059027777777778
INC0000923,Group 30,1,5.670833333333333
INC0000924,Group 30,1,5.66875
INC0000925,Group 30,1,5.667361111111111
INC0000926,Group 73,1,6.5
INC0000927,Group 55,1,5.038888888888889
INC0000928,Group 30,1,5.6625
INC0000930,Group 70,1,5.074305555555555
INC0000937,Group 70,1,5.0625
INC0000938,Group 70,1,22.850694444444443
INC0000939,Group 55,1,5.7243055555555555
INC0000941,Group 70,1,5.0375
INC0000945,Group 19,1,5.754861111111111
INC0000946,Group 70,1,5.795138888888889
INC0000947,Group 70,1,5.025
INC0000948,Group 24,1,6.376388888888889
INC0000952,Group 70,1,5.165972222222222
INC0000953,Group 57,1,6.399305555555555
INC0000954,Group 58,1,5.3805555555555555
INC0000956,Group 19,1,5.399305555555555
INC0000959,Group 65,1,6.248611111111111
INC0000961,Group 55,1,22.56736111111111
INC0000962,Group 55,1,5.444444444444445
INC0000967,Group 70,1,5.029861111111111
INC0000969,Group 25,1,22.478472222222223
INC0000973,Group 33,1,5.360416666666667
INC0000974,Group 24,1,22.47013888888889
INC0000975,Group 70,1,6.4375
INC0000977,Group 70,0,26.031944444444445
INC0000978,Group 24,1,6.338888888888889
INC0000979,Group 70,1,22.458333333333332
INC0000980,Group 24,1,22.445138888888888
INC0000981,Group 70,1,22.45625
INC0000982,Group 25,1,22.455555555555556
INC0000983,Group 65,1,5.330555555555556
INC0000984,Group 70,1,7.371527777777778
INC0000985,Group 24,1,5.1625
INC0000987,Group 24,1,6.2868055555555555
INC0000988,Group 27,1,75.37430555555555
INC0000989,Group 25,1,5.325
INC0000990,Group 70,0,25.03125
INC0000991,Group 27,1,5.072222222222222
INC0000992,Group 54,1,7.404861111111111
INC0000993,Group 48,1,25.318055555555556
INC0000994,Group 70,1,22.429861111111112
INC0000995,Group 56,1,22.436805555555555
INC0000996,Group 25,1,22.443055555555556
INC0000997,Group 70,1,5.0256944444444445
INC0000998,Group 29,1,5.105555555555555
INC0000999,Group 25,1,82.10972222222222
INC0001001,Group 25,1,22.42361111111111
INC0001002,Group 66,1,33.352777777777774
INC0001003,Group 70,1,22.422916666666666
INC0001004,Group 65,1,6.061111111111111
INC0001005,Group 70,1,6.017361111111111
INC0001006,Group 70,1,172.4326388888889
INC0001007,Group 70,1,5.2243055555555555
INC0001008,Group 70,1,5.0152777777777775
INC0001009,Group 27,1,7.389583333333333
INC0001010,Group 24,1,5.30625
INC0001011,Group 65,1,5.304166666666666
INC0001012,Group 70,1,5.136805555555555
INC0001014,Group 29,1,46.35138888888889
INC0001015,Group 10,1,22.413888888888888
INC0001016,Group 70,1,6.176388888888889
INC0001017,Group 37,1,6.341666666666667
INC0001018,Group 70,1,6.1722222222222225
INC0001020,Group 70,1,5.0465277777777775
INC0001021,Group 22,1,42.045138888888886
INC0001022,Group 30,1,6.045833333333333
INC0001023,Group 24,1,5.335416666666666
INC0001025,Group 24,1,7.002083333333333
INC0001026,Group 28,1,7.210416666666666
INC0001028,Group 6,1,22.415277777777778
INC0001029,Group 24,1,5.165972222222222
INC0001030,Group 25,1,22.40138888888889
INC0001031,Group 25,1,5.248611111111111
INC0001033,Group 39,1,6.246527777777778
INC0001034,Group 70,1,22.399305555555557
INC0001036,Group 66,1,5.034722222222222
INC0001037,Group 70,1,5.034722222222222
INC0001038,Group 70,1,5.033333333333333
INC0001040,Group 24,1,5.324305555555555
INC0001041,Group 25,1,31.364583333333332
INC0001042,Group 66,1,63.03402777777778
INC0001043,Group 46,1,6.069444444444445
INC0001044,Group 70,1,22.40138888888889
INC0001045,Group 70,1,5.027083333333334
INC0001046,Group 3,1,25.35972222222222
INC0001047,Group 25,1,6.0256944444444445
INC0001049,Group 66,1,6.022916666666666
INC0001051,Group 73,1,22.383333333333333
INC0001053,Group 31,1,13.188194444444445
INC0001054,Group 70,1,5.020138888888889
INC0001055,Group 73,1,22.38125
INC0001057,Group 30,1,5.978472222222222
INC0001058,Group 15,1,11.102777777777778
INC0001061,Group 6,1,76.02152777777778
INC0001062,Group 24,1,22.377777777777776
INC0001063,Group 25,1,22.39027777777778
INC0001064,Group 73,1,6.057638888888889
INC0001065,Group 66,1,6.305555555555555
INC0001066,Group 23,1,7.138194444444444
INC0001067,Group 31,1,124.34652777777778
INC0001068,Group 23,1,22.386805555555554
INC0001069,Group 66,1,84.14097222222222
INC0001074,Group 66,1,22.377083333333335
INC0001075,Group 24,1,22.369444444444444
INC0001077,Group 64,0,22.382638888888888
INC0001078,Group 76,1,22.382638888888888
INC0001079,Group 29,1,22.37638888888889
INC0001080,Group 23,1,5.049305555555556
INC0001082,Group 28,1,6.2965277777777775
INC0001083,Group 70,1,5.711805555555555
INC0001084,Group 39,1,6.211111111111111
INC0001085,Group 53,1,5.211111111111111
INC0001088,Group 70,0,5.333333333333333
INC0001089,Group 5,1,35.33263888888889
INC0001091,Group 68,1,22.366666666666667
INC0001092,Group 5,1,58.96041666666667
INC0001093,Group 37,1,6.079861111111111
INC0001094,Group 25,1,22.356944444444444
INC0001095,Group 76,1,22.363888888888887
INC0001097,Group 70,1,5.0368055555555555
INC0001098,Group 75,1,22.35625
INC0001100,Group 59,1,6.0784722222222225
INC0001101,Group 66,1,22.363194444444446
INC0001102,Group 39,0,24.99375
INC0001104,Group 70,1,22.366666666666667
INC0001105,Group 23,1,25.074305555555554
INC0001106,Group 66,1,22.35902777777778
INC0001107,Group 76,1,6.282638888888889
INC0001108,Group 70,1,25.072916666666668
INC0001109,Group 23,1,5.156944444444444
INC0001110,Group 25,1,5.403472222222222
INC0001111,Group 6,1,5.236111111111111
INC0001112,Group 66,1,33.27708333333333
INC0001113,Group 25,1,82.02986111111112
INC0001114,Group 70,1,5.023611111111111
INC0001115,Group 22,1,22.343055555555555
INC0001116,Group 76,1,22.347916666666666
INC0001117,Group 68,1,61.025
INC0001118,Group 68,1,75.27361111111111
INC0001119,Group 70,1,5.017361111111111
INC0001120,Group 70,1,5.017361111111111
INC0001121,Group 68,1,45.31319444444444
INC0001122,Group 25,1,82.02152777777778
INC0001123,Group 39,1,7.308333333333334
INC0001124,Group 70,1,7.0159722222222225
INC0001125,Group 25,1,5.2243055555555555
INC0001126,Group 20,1,5.05625
INC0001127,Group 5,1,60.18611111111111
INC0001128,Group 25,1,6.138888888888889
INC0001129,Group 70,1,5.055555555555555
INC0001130,Group 21,1,22.346527777777776
INC0001131,Group 33,1,25.2625
INC0001132,Group 68,1,54.05833333333333
INC0001133,Group 19,1,5.302777777777778
INC0001134,Group 24,1,6.010416666666667
INC0001135,Group 68,1,75.26527777777778
INC0001136,Group 31,1,124.34305555555555
INC0001137,Group 70,1,5.091666666666667
INC0001138,Group 54,1,22.32777777777778
INC0001139,Group 73,1,5.963888888888889
INC0001140,Group 6,1,41.045833333333334
INC0001141,Group 70,1,5.754166666666666
INC0001142,Group 57,1,47.21805555555556
INC0001144,Group 20,1,22.319444444444443
INC0001146,Group 5,1,5.998611111111111
INC0001147,Group 25,1,7.165277777777778
INC0001149,Group 10,1,75.25277777777778
INC0001150,Group 25,1,26.163194444444443
INC0001151,Group 70,1,5.038888888888889
INC0001152,Group 22,1,24.954166666666666
INC0001153,Group 10,1,40.03680555555555
INC0001154,Group 70,1,22.32847222222222
INC0001155,Group 10,1,58.958333333333336
INC0001156,Group 6,1,25.952083333333334
INC0001158,Group 10,1,40.15972222222222
INC0001160,Group 10,1,40.11666666666667
INC0001162,Group 10,1,84.20486111111111
INC0001165,Group 31,1,272.11597222222224
INC0001166,Group 24,1,5.240972222222222
INC0001168,Group 6,1,26.90625
INC0001169,Group 28,1,7.031944444444444
INC0001170,Group 10,1,40.03125
INC0001172,Group 70,0,22.321527777777778
INC0001173,Group 73,1,5.946527777777778
INC0001176,Group 70,1,5.027777777777778
INC0001177,Group 10,1,79.86527777777778
INC0001178,Group 10,1,79.86458333333333
INC0001180,Group 29,1,25.148611111111112
INC0001181,Group 10,1,40.14791666666667
INC0001182,Group 24,1,5.148611111111111
INC0001183,Group 73,1,22.300694444444446
INC0001184,Group 10,1,26.896527777777777
INC0001186,Group 73,1,22.299305555555556
INC0001188,Group 25,1,22.3125
INC0001190,Group 10,1,80.02569444444444
INC0001197,Group 70,0,22.31111111111111
INC0001198,Group 24,1,5.103472222222222
INC0001199,Group 73,1,22.29722222222222
INC0001201,Group 66,1,48.02430555555556
INC0001202,Group 6,1,22.304166666666667
INC0001209,Group 10,1,58.89791666666667
INC0001210,Group 70,1,22.30902777777778
INC0001214,Group 10,1,60.020833333333336
INC0001215,Group 12,1,22.29375
INC0001217,Group 24,1,22.292361111111113
INC0001218,Group 73,1,22.291666666666668
INC0001219,Group 27,1,22.29861111111111
INC0001220,Group 22,1,5.138194444444444
INC0001221,Group 58,1,26.886805555555554
INC0001222,Group 6,1,5.886805555555555
INC0001225,Group 46,1,7.052083333333333
INC0001226,Group 65,1,6.051388888888889
INC0001227,Group 27,1,22.286805555555556
INC0001228,Group 39,1,6.134027777777778
INC0001229,Group 70,1,22.3
INC0001230,Group 73,1,25.965972222222224
INC0001231,Group 58,1,22.293055555555554
INC0001233,Group 21,1,22.291666666666668
INC0001234,Group 27,1,6.047916666666667
INC0001235,Group 55,1,22.28263888888889
INC0001236,Group 24,1,5.0875
INC0001237,Group 6,1,27.00347222222222
INC0001238,Group 28,1,22.280555555555555
INC0001239,Group 6,1,26.209027777777777
INC0001241,Group 70,1,5.042361111111111
INC0001242,Group 6,1,22.277083333333334
INC0001244,Group 57,1,60.918055555555554
INC0001245,Group 70,1,22.28611111111111
INC0001247,Group 70,1,5.9944444444444445
INC0001248,Group 6,1,25.160416666666666
INC0001249,Group 70,1,22.278472222222224
INC0001251,Group 6,1,6.115972222222222
INC0001252,Group 25,1,81.95277777777778
INC0001253,Group 66,1,5.114583333333333
INC0001254,Group 70,1,24.7375
INC0001257,Group 6,1,52.077083333333334
INC0001258,Group 23,1,22.27638888888889
INC0001259,Group 23,1,95.90694444444445
INC0001261,Group 70,1,22.275
INC0001262,Group 24,1,22.261805555555554
INC0001263,Group 5,1,22.274305555555557
INC0001264,Group 70,1,5.690972222222222
INC0001265,Group 39,1,6.897916666666666
INC0001266,Group 39,1,6.147222222222222
INC0001267,Group 70,1,22.271527777777777
INC0001268,Group 6,1,139.06875
INC0001269,Group 70,1,5.020138888888889
INC0001270,Group 6,1,22.268055555555556
INC0001271,Group 70,0,24.726388888888888
INC0001274,Group 25,1,22.252083333333335
INC0001275,Group 70,1,5.057638888888889
INC0001277,Group 6,1,22.258333333333333
INC0001278,Group 73,1,22.256944444444443
INC0001279,Group 6,1,26.97013888888889
INC0001280,Group 23,1,22.24652777777778
INC0001281,Group 6,1,6.884027777777778
INC0001282,Group 70,0,24.838194444444444
INC0001283,Group 6,1,5.0881944444444445
INC0001285,Group 23,1,7.170138888888889
INC0001287,Group 22,1,166.9597222222222
INC0001288,Group 39,1,6.125694444444444
INC0001289,Group 24,1,5.041666666666667
INC0001290,Group 55,1,5.122916666666667
INC0001292,Group 24,1,6.080555555555556
INC0001293,Group 6,1,22.245833333333334
INC0001294,Group 70,1,5.038194444444445
INC0001295,Group 70,1,5.0375
INC0001297,Group 70,1,5.7034722222222225
INC0001298,Group 70,1,5.033333333333333
INC0001299,Group 24,1,5.073611111111111
INC0001301,Group 74,1,22.230555555555554
INC0001302,Group 29,1,25.10972222222222
INC0001303,Group 29,1,22.226388888888888
INC0001304,Group 72,1,51.861805555555556
INC0001306,Group 20,1,22.218055555555555
INC0001307,Group 10,1,40.015972222222224
INC0001308,Group 70,1,5.0152777777777775
INC0001309,Group 10,1,58.81180555555556
INC0001310,Group 28,1,5.1819444444444445
INC0001311,Group 10,1,79.76944444444445
INC0001312,Group 39,1,58.93541666666667
INC0001313,Group 3,1,25.179166666666667
INC0001314,Group 10,1,83.89305555555555
INC0001315,Group 24,1,5.011111111111111
INC0001317,Group 20,1,7.173611111111111
INC0001318,Group 70,1,5.048611111111111
INC0001319,Group 55,1,24.130555555555556
INC0001320,Group 21,1,22.21388888888889
INC0001321,Group 10,1,40.00555555555555
INC0001322,Group 70,1,7.1722222222222225
INC0001323,Group 70,1,22.213194444444444
INC0001325,Group 10,1,58.80138888888889
INC0001326,Group 24,1,5.0465277777777775
INC0001327,Group 10,1,60.009027777777774
INC0001328,Group 10,1,79.92430555555555
INC0001329,Group 10,1,75.92222222222222
INC0001330,Group 28,1,7.125
INC0001331,Group 23,1,7.083333333333333
INC0001332,Group 10,1,39.99930555555556
INC0001333,Group 24,1,6.124305555555556
INC0001334,Group 10,1,39.915277777777774
INC0001335,Group 70,1,5.040972222222222
INC0001336,Group 28,1,5.165277777777778
INC0001337,Group 10,1,79.91875
INC0001338,Group 27,1,6.871527777777778
INC0001339,Group 27,1,22.19097222222222
INC0001340,Group 10,1,24.82847222222222
INC0001341,Group 33,1,22.20347222222222
INC0001342,Group 27,1,5.9534722222222225
INC0001344,Group 70,1,5.0368055555555555
INC0001347,Group 33,1,6.827083333333333
INC0001348,Group 23,1,171.825
INC0001349,Group 67,1,339.19930555555555
INC0001350,Group 25,1,22.191666666666666
INC0001351,Group 70,1,22.180555555555557
INC0001352,Group 58,1,25.900694444444444
INC0001353,Group 24,1,6.942361111111111
INC0001356,Group 67,1,22.18402777777778
INC0001357,Group 58,1,5.856944444444444
INC0001358,Group 58,1,22.183333333333334
INC0001359,Group 39,1,6.064583333333333
INC0001360,Group 70,1,5.022222222222222
INC0001361,Group 58,1,5.854861111111111
INC0001362,Group 73,1,5.771527777777778
INC0001363,Group 58,1,22.180555555555557
INC0001364,Group 22,1,22.17222222222222
INC0001365,Group 58,1,5.852777777777778
INC0001366,Group 67,1,69.89930555555556
INC0001368,Group 37,1,5.101388888888889
INC0001369,Group 58,1,22.177777777777777
INC0001370,Group 58,1,25.89236111111111
INC0001373,Group 58,1,6.8493055555555555
INC0001374,Group 31,1,86.8125
INC0001375,Group 58,1,22.174305555555556
INC0001376,Group 58,1,128.76458333333332
INC0001377,Group 31,1,22.165972222222223
INC0001378,Group 39,1,6.054166666666666
INC0001380,Group 20,1,38.010416666666664
INC0001381,Group 31,1,122.09375
INC0001382,Group 70,1,5.052083333333333
INC0001385,Group 70,1,5.0881944444444445
INC0001386,Group 66,1,46.050694444444446
INC0001387,Group 70,1,5.044444444444444
INC0001389,Group 13,1,22.16875
INC0001390,Group 30,1,7.04375
INC0001391,Group 70,1,5.043055555555555
INC0001392,Group 28,1,22.152083333333334
INC0001393,Group 25,1,81.8375
INC0001394,Group 58,1,6.832638888888889
INC0001395,Group 33,1,22.150694444444444
INC0001396,Group 58,1,6.830555555555556
INC0001397,Group 70,1,22.1625
INC0001399,Group 13,1,22.147916666666667
INC0001400,Group 70,1,22.154166666666665
INC0001401,Group 31,1,257.0361111111111
INC0001402,Group 58,1,6.827083333333333
INC0001404,Group 55,1,22.145833333333332
INC0001405,Group 70,1,6.075694444444444
INC0001406,Group 57,1,32.11666666666667
INC0001407,Group 58,1,7.075694444444444
INC0001408,Group 54,1,7.074305555555555
INC0001409,Group 58,1,6.823611111111111
INC0001410,Group 24,1,5.031944444444444
INC0001412,Group 51,1,5.863888888888889
INC0001413,Group 45,1,5.779166666666667
INC0001415,Group 58,1,22.146527777777777
INC0001417,Group 70,1,5.320138888888889
INC0001418,Group 70,1,7.06875
INC0001419,Group 33,1,219.81875
INC0001422,Group 70,1,22.135416666666668
INC0001426,Group 27,1,5.064583333333333
INC0001427,Group 23,1,7.105555555555555
INC0001428,Group 31,1,87.94305555555556
INC0001429,Group 20,1,5.104861111111111
INC0001430,Group 27,1,5.061805555555556
INC0001431,Group 70,1,24.76875
INC0001433,Group 3,1,26.852083333333333
INC0001434,Group 70,1,7.185416666666667
INC0001436,Group 30,1,5.850694444444445
INC0001438,Group 45,1,22.14027777777778
INC0001442,Group 25,1,26.929861111111112
INC0001445,Group 50,1,10.84375
INC0001446,Group 29,1,22.134722222222223
INC0001448,Group 54,1,6.009722222222222
INC0001449,Group 30,1,5.717361111111111
INC0001451,Group 70,0,22.130555555555556
INC0001452,Group 5,1,24.75486111111111
INC0001453,Group 10,1,44.96597222222222
INC0001456,Group 25,1,22.111805555555556
INC0001457,Group 70,1,8.019444444444444
INC0001459,Group 55,1,5.083333333333333
INC0001460,Group 25,1,22.11111111111111
INC0001462,Group 66,1,22.122916666666665
INC0001464,Group 10,1,6.997916666666667
INC0001465,Group 70,1,22.122222222222224
INC0001468,Group 10,1,22.105555555555554
INC0001471,Group 39,1,22.104166666666668
INC0001472,Group 70,1,22.117361111111112
INC0001473,Group 10,1,81.78888888888889
INC0001474,Group 25,1,6.781944444444444
INC0001475,Group 28,1,6.906944444444444
INC0001476,Group 28,1,22.101388888888888
INC0001477,Group 24,1,6.03125
INC0001478,Group 70,1,22.106944444444444
INC0001479,Group 70,1,22.110416666666666
INC0001480,Group 25,0,25.31736111111111
INC0001481,Group 39,1,22.094444444444445
INC0001482,Group 10,1,74.98680555555555
INC0001483,Group 70,0,22.105555555555554
INC0001484,Group 24,1,5.939583333333333
INC0001486,Group 70,0,22.103472222222223
INC0001487,Group 70,1,5.020138888888889
INC0001488,Group 30,1,5.686805555555556
INC0001490,Group 70,1,5.852777777777778
INC0001491,Group 10,1,39.768055555555556
INC0001492,Group 70,1,7.266666666666667
INC0001493,Group 27,1,5.725
INC0001494,Group 30,1,24.93263888888889
INC0001496,Group 70,1,22.096527777777776
INC0001498,Group 10,1,38.0125
INC0001500,Group 28,1,5.845138888888889
INC0001501,Group 10,1,75.64097222222222
INC0001502,Group 24,1,5.760416666666667
INC0001505,Group 28,1,5.052083333333333
INC0001508,Group 10,1,82.76319444444445
INC0001510,Group 28,1,7.049305555555556
INC0001512,Group 70,1,5.047916666666667
INC0001514,Group 25,1,22.075
INC0001515,Group 53,1,5.7965277777777775
INC0001516,Group 37,1,22.08125
INC0001517,Group 28,1,22.072916666666668
INC0001518,Group 23,1,22.07986111111111
INC0001519,Group 70,1,22.079166666666666
INC0001522,Group 70,0,22.082638888888887
INC0001524,Group 10,1,22.06875
INC0001526,Group 70,1,5.040277777777778
INC0001528,Group 70,1,22.06597222222222
INC0001529,Group 31,1,22.072916666666668
INC0001532,Group 24,1,6.865972222222222
INC0001533,Group 23,1,5.697916666666667
INC0001534,Group 70,1,5.197222222222222
INC0001535,Group 70,1,5.029166666666667
INC0001536,Group 70,1,6.027083333333334
INC0001537,Group 23,1,5.9840277777777775
INC0001539,Group 25,1,6.979861111111111
INC0001540,Group 70,1,6.0625
INC0001542,Group 70,1,7.186805555555556
INC0001545,Group 24,1,5.642361111111111
INC0001547,Group 27,1,5.639583333333333
INC0001549,Group 30,1,5.013888888888889
INC0001552,Group 20,1,22.04375
INC0001556,Group 70,1,22.03263888888889
INC0001557,Group 5,1,22.04513888888889
INC0001561,Group 28,1,22.03263888888889
INC0001563,Group 29,1,5.9118055555555555
INC0001564,Group 70,1,5.035416666666666
INC0001566,Group 70,1,24.318055555555556
INC0001567,Group 39,1,22.011805555555554
INC0001568,Group 70,1,5.025
INC0001569,Group 70,1,5.023611111111111
INC0001570,Group 20,1,6.85
INC0001573,Group 70,0,24.98611111111111
INC0001574,Group 70,1,5.020833333333333
INC0001577,Group 70,1,5.011805555555555
INC0001578,Group 70,1,5.050694444444445
INC0001579,Group 70,1,5.045138888888889
INC0001580,Group 70,1,5.018055555555556
INC0001582,Group 70,1,5.491666666666666
INC0001583,Group 28,1,21.898611111111112
INC0001587,Group 22,1,21.86875
INC0001589,Group 27,1,21.85902777777778
INC0001594,Group 55,1,5.610416666666667
INC0001595,Group 28,1,6.477083333333334
INC0001596,Group 25,1,21.81875
INC0001599,Group 70,1,5.102777777777778
INC0001605,Group 65,1,5.377083333333333
INC0001609,Group 70,1,5.060416666666667
INC0001610,Group 70,1,5.101388888888889
INC0001616,Group 70,1,5.059027777777778
INC0001617,Group 70,1,5.010416666666667
INC0001621,Group 70,1,5.2
INC0001622,Group 28,1,21.477083333333333
INC0001625,Group 27,1,21.469444444444445
INC0001627,Group 24,1,6.308333333333334
INC0001628,Group 24,1,5.05625
INC0001630,Group 34,1,21.460416666666667
INC0001631,Group 24,1,6.2972222222222225
INC0001632,Group 37,1,6.170138888888889
INC0001633,Group 70,1,5.038888888888889
INC0001634,Group 70,1,5.038194444444445
INC0001635,Group 29,1,21.45138888888889
INC0001636,Group 24,1,102.20277777777778
INC0001640,Group 72,1,21.426388888888887
INC0001642,Group 25,1,5.307638888888889
INC0001643,Group 70,0,21.430555555555557
INC0001644,Group 27,1,5.222916666666666
INC0001647,Group 39,1,21.415277777777778
INC0001648,Group 70,1,5.011805555555555
INC0001649,Group 70,1,26.134027777777778
INC0001650,Group 70,1,5.009027777777778
INC0001651,Group 70,1,6.591666666666667
INC0001652,Group 23,1,6.00625
INC0001653,Group 39,1,5.2972222222222225
INC0001655,Group 70,1,5.004861111111111
INC0001656,Group 76,1,21.40972222222222
INC0001657,Group 39,1,5.290972222222222
INC0001658,Group 20,1,5.040277777777778
INC0001659,Group 5,1,24.247222222222224
INC0001660,Group 74,1,21.399305555555557
INC0001661,Group 24,1,21.404166666666665
INC0001662,Group 70,1,21.397222222222222
INC0001663,Group 24,1,21.403472222222224
INC0001664,Group 70,1,5.035416666666666
INC0001665,Group 23,1,21.396527777777777
INC0001668,Group 70,1,21.408333333333335
INC0001669,Group 70,1,33.99027777777778
INC0001670,Group 70,1,21.40625
INC0001671,Group 27,1,21.39236111111111
INC0001672,Group 70,1,5.321527777777778
INC0001674,Group 70,1,5.027777777777778
INC0001675,Group 70,1,21.40138888888889
INC0001676,Group 25,1,81.0736111111111
INC0001677,Group 25,1,5.233333333333333
INC0001678,Group 57,1,21.399305555555557
INC0001679,Group 28,1,21.399305555555557
INC0001680,Group 25,1,21.385416666666668
INC0001681,Group 24,1,5.23125
INC0001682,Group 28,1,5.147222222222222
INC0001684,Group 70,1,6.604166666666667
INC0001685,Group 25,1,21.395138888888887
INC0001686,Group 39,1,21.381944444444443
INC0001687,Group 70,1,6.603472222222222
INC0001688,Group 25,1,21.388194444444444
INC0001689,Group 28,1,24.309722222222224
INC0001690,Group 70,1,5.0159722222222225
INC0001691,Group 27,1,5.9743055555555555
INC0001692,Group 70,1,21.377083333333335
INC0001693,Group 23,1,4.027083333333334
INC0001694,Group 70,1,6.097222222222222
INC0001695,Group 29,1,21.38125
INC0001696,Group 25,1,6.302777777777778
INC0001699,Group 70,1,5.384722222222222
INC0001700,Group 23,1,21.370833333333334
INC0001701,Group 23,1,5.008333333333334
INC0001703,Group 70,0,21.36875
INC0001704,Group 27,1,21.374305555555555
INC0001706,Group 6,1,30.088194444444444
INC0001707,Group 10,1,78.925
INC0001708,Group 70,1,11.294444444444444
INC0001710,Group 70,1,21.3625
INC0001711,Group 70,1,31.0
INC0001712,Group 39,1,5.292361111111111
INC0001713,Group 10,1,25.25
INC0001714,Group 30,1,5.041666666666667
INC0001716,Group 46,1,5.957638888888889
INC0001717,Group 10,1,39.20625
INC0001719,Group 10,1,78.9173611111111
INC0001720,Group 70,1,23.07847222222222
INC0001721,Group 25,1,21.35625
INC0001724,Group 70,1,32.201388888888886
INC0001725,Group 70,1,5.034722222222222
INC0001726,Group 70,1,5.033333333333333
INC0001727,Group 31,1,125.075
INC0001728,Group 30,1,6.158333333333333
INC0001729,Group 20,1,30.073611111111113
INC0001730,Group 10,1,66.24513888888889
INC0001731,Group 24,1,5.197916666666667
INC0001732,Group 57,1,21.356944444444444
INC0001733,Group 30,1,5.155555555555556
INC0001734,Group 70,1,21.347916666666666
INC0001736,Group 24,1,6.19375
INC0001737,Group 28,1,21.346527777777776
INC0001738,Group 23,1,47.32361111111111
INC0001739,Group 17,1,21.352083333333333
INC0001740,Group 70,1,21.358333333333334
INC0001742,Group 70,1,5.024305555555555
INC0001745,Group 29,1,6.23125
INC0001747,Group 25,1,6.230555555555555
INC0001748,Group 76,1,21.341666666666665
INC0001749,Group 28,1,5.272222222222222
INC0001750,Group 31,1,205.1472222222222
INC0001753,Group 70,1,21.340972222222224
INC0001755,Group 70,1,5.020138888888889
INC0001756,Group 70,0,21.339583333333334
INC0001757,Group 72,1,21.339583333333334
INC0001758,Group 28,1,6.144444444444445
INC0001759,Group 25,1,21.34513888888889
INC0001760,Group 25,1,123.26805555555555
INC0001761,Group 20,1,6.309722222222222
INC0001763,Group 23,1,21.349305555555556
INC0001766,Group 65,1,5.0152777777777775
INC0001768,Group 23,1,21.334027777777777
INC0001769,Group 70,0,21.34027777777778
INC0001775,Group 57,1,21.330555555555556
INC0001776,Group 23,1,6.177083333333333
INC0001778,Group 73,1,21.32986111111111
INC0001783,Group 74,1,21.335416666666667
INC0001785,Group 54,1,5.048611111111111
INC0001787,Group 74,1,21.3375
INC0001788,Group 21,1,26.045833333333334
INC0001789,Group 70,1,21.3375
INC0001792,Group 6,1,32.00277777777778
INC0001793,Group 70,0,23.294444444444444
INC0001795,Group 35,1,96.00694444444444
INC0001797,Group 25,1,21.319444444444443
INC0001798,Group 54,1,5.290277777777778
INC0001799,Group 70,1,21.33125
INC0001801,Group 31,1,149.20555555555555
INC0001802,Group 57,1,21.31597222222222
INC0001803,Group 39,1,23.036805555555556
INC0001807,Group 15,1,21.327083333333334
INC0001808,Group 24,1,6.24375
INC0001809,Group 28,1,21.313194444444445
INC0001810,Group 23,1,21.3125
INC0001812,Group 25,1,5.993055555555555
INC0001813,Group 10,1,23.117361111111112
INC0001814,Group 39,1,21.318055555555556
INC0001816,Group 25,0,21.323611111111113
INC0001820,Group 31,1,122.32222222222222
INC0001822,Group 70,0,21.320833333333333
INC0001824,Group 24,1,5.070833333333334
INC0001825,Group 6,1,26.278472222222224
INC0001826,Group 30,1,5.153472222222222
INC0001828,Group 23,1,21.3125
INC0001830,Group 58,1,128.15208333333334
INC0001832,Group 28,1,24.15138888888889
INC0001833,Group 70,1,5.027083333333334
INC0001834,Group 28,1,21.304166666666667
INC0001835,Group 28,1,5.151388888888889
INC0001839,Group 31,1,341.27569444444447
INC0001840,Group 70,0,21.31597222222222
INC0001842,Group 39,1,5.940972222222222
INC0001843,Group 29,1,6.024305555555555
INC0001844,Group 31,1,151.44027777777777
INC0001845,Group 25,1,121.98055555555555
INC0001848,Group 70,1,5.020138888888889
INC0001851,Group 54,1,21.294444444444444
INC0001852,Group 70,1,21.294444444444444
INC0001853,Group 35,1,173.31458333333333
INC0001854,Group 28,1,5.1409722222222225
INC0001856,Group 70,1,21.292361111111113
INC0001857,Group 70,1,5.0125
INC0001859,Group 28,1,29.969444444444445
INC0001860,Group 10,1,33.01111111111111
INC0001862,Group 30,1,5.094444444444444
INC0001865,Group 70,1,23.008333333333333
INC0001866,Group 70,1,5.009027777777778
INC0001867,Group 31,1,21.286805555555556
INC0001868,Group 70,1,5.008333333333334
INC0001869,Group 35,1,104.00694444444444
INC0001870,Group 33,1,5.129166666666666
INC0001871,Group 65,1,29.013194444444444
INC0001872,Group 28,1,6.002777777777778
INC0001873,Group 70,1,21.279166666666665
INC0001875,Group 35,1,80.87986111111111
INC0001876,Group 10,1,31.915972222222223
INC0001877,Group 70,1,6.790972222222222
INC0001879,Group 28,1,5.997222222222222
INC0001880,Group 70,0,22.995833333333334
INC0001881,Group 35,1,309.86805555555554
INC0001882,Group 70,1,22.825
INC0001883,Group 46,1,5.031944444444444
INC0001884,Group 70,1,21.266666666666666
INC0001887,Group 46,1,5.027083333333334
INC0001888,Group 39,1,5.9840277777777775
INC0001891,Group 46,1,5.025
INC0001892,Group 73,1,21.264583333333334
INC0001894,Group 10,1,78.81458333333333
INC0001898,Group 29,1,21.252777777777776
INC0001899,Group 70,1,21.25625
INC0001900,Group 62,1,5.961805555555555
INC0001901,Group 70,1,21.2375
INC0001903,Group 39,1,5.165972222222222
INC0001906,Group 66,1,21.238194444444446
INC0001912,Group 24,1,21.224305555555556
INC0001914,Group 70,1,5.1097222222222225
INC0001916,Group 29,1,21.21875
INC0001918,Group 25,1,21.215972222222224
INC0001919,Group 70,1,5.020138888888889
INC0001921,Group 23,1,21.227083333333333
INC0001922,Group 20,1,11.970138888888888
INC0001923,Group 70,1,5.014583333333333
INC0001925,Group 24,1,5.05625
INC0001926,Group 70,1,5.013194444444444
INC0001927,Group 70,1,5.0125
INC0001928,Group 70,1,5.0125
INC0001929,Group 23,1,21.219444444444445
INC0001930,Group 70,1,21.219444444444445
INC0001931,Group 24,1,5.011111111111111
INC0001932,Group 23,1,6.177777777777778
INC0001933,Group 27,1,21.204166666666666
INC0001934,Group 23,1,6.050694444444445
INC0001935,Group 66,1,5.7965277777777775
INC0001937,Group 25,1,5.879166666666666
INC0001938,Group 66,1,5.125694444444444
INC0001939,Group 31,1,21.208333333333332
INC0001940,Group 25,1,21.202083333333334
INC0001941,Group 28,1,6.165972222222222
INC0001942,Group 75,1,21.193055555555556
INC0001943,Group 24,1,6.038194444444445
INC0001944,Group 33,1,21.19097222222222
INC0001945,Group 70,1,21.20347222222222
INC0001946,Group 73,1,21.189583333333335
INC0001947,Group 73,1,21.189583333333335
INC0001948,Group 23,1,5.076388888888889
INC0001949,Group 24,1,5.741666666666666
INC0001950,Group 39,1,5.825
INC0001952,Group 53,1,21.183333333333334
INC0001957,Group 24,1,5.070138888888889
INC0001958,Group 70,1,21.180555555555557
INC0001960,Group 75,1,33.859722222222224
INC0001961,Group 20,1,21.186805555555555
INC0001962,Group 35,1,52.864583333333336
INC0001964,Group 70,0,21.191666666666666
INC0001965,Group 39,1,21.177083333333332
INC0001967,Group 58,1,25.770138888888887
INC0001968,Group 70,1,21.17361111111111
INC0001969,Group 25,1,33.06041666666667
INC0001970,Group 33,1,78.85555555555555
INC0001973,Group 24,1,5.057638888888889
INC0001974,Group 33,1,25.764583333333334
INC0001975,Group 23,1,5.05625
INC0001977,Group 6,1,21.17361111111111
INC0001978,Group 35,1,309.7625
INC0001979,Group 24,1,6.011805555555555
INC0001980,Group 58,1,269.05347222222224
INC0001981,Group 27,1,5.84375
INC0001982,Group 66,1,33.884027777777774
INC0001984,Group 35,1,309.75902777777776
INC0001987,Group 20,1,21.160416666666666
INC0001989,Group 30,1,5.048611111111111
INC0001990,Group 70,1,5.048611111111111
INC0001991,Group 69,1,5.797916666666667
INC0001993,Group 70,1,5.170138888888889
INC0001994,Group 10,1,21.154166666666665
INC0001996,Group 66,1,93.79722222222222
INC0001997,Group 66,1,21.166666666666668
INC0001998,Group 70,1,5.041666666666667
INC0001999,Group 24,1,6.041666666666667
INC0002000,Group 35,1,121.12430555555555
INC0002001,Group 39,1,21.152083333333334
INC0002003,Group 66,1,33.87291666666667
INC0002005,Group 28,1,21.150694444444444
INC0002008,Group 66,1,57.75208333333333
INC0002014,Group 70,0,21.15972222222222
INC0002016,Group 66,1,5.74375
INC0002017,Group 25,1,80.83125
INC0002019,Group 33,1,145.82569444444445
INC0002022,Group 70,1,21.15
INC0002023,Group 39,1,21.14097222222222
INC0002024,Group 39,1,5.820833333333334
INC0002025,Group 66,1,5.0680555555555555
INC0002026,Group 35,1,117.06805555555556
INC0002027,Group 24,1,5.0680555555555555
INC0002028,Group 24,1,21.136805555555554
INC0002029,Group 76,1,5.0256944444444445
INC0002031,Group 24,1,21.135416666666668
INC0002032,Group 70,1,5.147916666666666
INC0002033,Group 23,1,21.133333333333333
INC0002034,Group 70,1,21.145833333333332
INC0002035,Group 49,1,5.853472222222222
INC0002036,Group 33,1,21.1375
INC0002037,Group 24,1,21.129166666666666
INC0002038,Group 70,0,21.14236111111111
INC0002039,Group 39,1,5.809027777777778
INC0002040,Group 70,1,5.017361111111111
INC0002043,Group 70,0,21.127083333333335
INC0002044,Group 30,1,6.0152777777777775
INC0002045,Group 70,1,21.13888888888889
INC0002046,Group 55,1,5.05625
INC0002048,Group 30,1,21.13125
INC0002053,Group 70,1,7.095833333333333
INC0002054,Group 33,1,205.84583333333333
INC0002055,Group 24,1,5.970138888888889
INC0002056,Group 27,1,5.761805555555555
INC0002057,Group 10,1,31.759722222222223
INC0002058,Group 57,1,21.134027777777778
INC0002059,Group 33,1,21.134027777777778
INC0002060,Group 39,1,6.050694444444445
INC0002061,Group 70,1,5.008333333333334
INC0002062,Group 73,1,21.11875
INC0002063,Group 27,1,5.7965277777777775
INC0002064,Group 27,1,21.115277777777777
INC0002066,Group 70,0,23.084027777777777
INC0002068,Group 39,1,5.706944444444445
INC0002069,Group 20,1,21.10902777777778
INC0002070,Group 73,1,21.106944444444444
INC0002071,Group 70,0,21.10625
INC0002072,Group 22,1,22.994444444444444
INC0002074,Group 27,1,5.784722222222222
INC0002075,Group 20,1,27.992361111111112
INC0002076,Group 27,1,5.784027777777778
INC0002077,Group 24,1,58.705555555555556
INC0002078,Group 27,1,21.102777777777778
INC0002079,Group 70,1,5.031944444444444
INC0002080,Group 25,1,22.863888888888887
INC0002081,Group 26,1,5.072916666666667
INC0002082,Group 24,1,21.106944444444444
INC0002083,Group 6,1,21.105555555555554
INC0002086,Group 75,1,33.775
INC0002089,Group 31,1,113.77361111111111
INC0002090,Group 23,1,21.105555555555554
INC0002093,Group 70,1,5.271527777777778
INC0002094,Group 70,1,5.0625
INC0002095,Group 70,1,5.019444444444445
INC0002096,Group 65,1,6.018055555555556
INC0002097,Group 29,1,21.086111111111112
INC0002099,Group 25,1,121.76597222222222
INC0002100,Group 24,1,21.084722222222222
INC0002104,Group 25,1,121.7625
INC0002107,Group 70,1,22.802777777777777
INC0002108,Group 20,1,5.053472222222222
INC0002110,Group 65,1,6.009722222222222
INC0002112,Group 24,1,5.8
INC0002113,Group 70,1,5.758333333333334
INC0002115,Group 70,1,5.0465277777777775
INC0002116,Group 27,1,21.074305555555554
INC0002117,Group 25,1,21.073611111111113
INC0002119,Group 50,1,44.84097222222222
INC0002120,Group 25,1,21.084722222222222
INC0002122,Group 76,1,21.070138888888888
INC0002123,Group 27,1,21.069444444444443
INC0002124,Group 23,1,5.829166666666667
INC0002126,Group 76,1,21.064583333333335
INC0002127,Group 50,1,21.070833333333333
INC0002129,Group 28,1,68.03958333333334
INC0002130,Group 76,1,21.061805555555555
INC0002131,Group 70,1,21.074305555555554
INC0002132,Group 75,1,32.7375
INC0002133,Group 74,1,21.05763888888889
INC0002134,Group 74,1,21.054861111111112
INC0002138,Group 23,1,93.94583333333334
INC0002139,Group 23,1,5.898611111111111
INC0002140,Group 28,1,21.05
INC0002141,Group 28,1,21.047916666666666
INC0002142,Group 70,1,22.935416666666665
INC0002143,Group 61,1,29.684722222222224
INC0002145,Group 29,1,65.68819444444445
INC0002150,Group 70,1,5.05625
INC0002151,Group 39,1,60.977777777777774
INC0002155,Group 23,1,21.045833333333334
INC0002156,Group 31,1,21.038888888888888
INC0002158,Group 70,1,21.029166666666665
INC0002159,Group 70,1,5.042361111111111
INC0002161,Group 29,1,23.870833333333334
INC0002162,Group 39,1,5.6625
INC0002163,Group 39,1,5.995833333333334
INC0002164,Group 70,1,21.031944444444445
INC0002166,Group 28,1,5.6090277777777775
INC0002167,Group 70,1,21.024305555555557
INC0002168,Group 29,1,23.897222222222222
INC0002169,Group 24,1,5.598611111111111
INC0002171,Group 70,1,5.052777777777778
INC0002172,Group 70,1,5.045138888888889
INC0002173,Group 70,1,5.002777777777778
INC0002175,Group 28,1,5.911111111111111
INC0002176,Group 70,0,20.99375
INC0002178,Group 24,1,5.81875
INC0002180,Group 70,1,5.065277777777778
INC0002181,Group 57,1,20.975
INC0002183,Group 24,1,20.95
INC0002188,Group 24,1,20.918055555555554
INC0002190,Group 28,1,20.903472222222224
INC0002192,Group 19,1,5.4534722222222225
INC0002202,Group 70,1,5.040277777777778
INC0002204,Group 70,1,5.03125
INC0002205,Group 70,0,20.759027777777778
INC0002208,Group 65,1,20.7625
INC0002211,Group 70,1,5.759722222222222
INC0002214,Group 70,1,5.032638888888889
INC0002216,Group 24,1,20.660416666666666
INC0002218,Group 70,1,5.045138888888889
INC0002224,Group 70,1,0.05486111111111111
INC0002227,Group 70,1,20.528472222222224
INC0002231,Group 28,1,5.361111111111111
INC0002232,Group 70,0,23.097916666666666
INC0002234,Group 72,1,20.49652777777778
INC0002239,Group 24,1,5.358333333333333
INC0002240,Group 48,1,23.35625
INC0002243,Group 70,1,20.47361111111111
INC0002246,Group 27,1,5.309722222222222
INC0002250,Group 56,1,20.452083333333334
INC0002251,Group 27,1,5.1305555555555555
INC0002252,Group 70,1,20.454166666666666
INC0002253,Group 70,1,5.120138888888889
INC0002254,Group 25,1,20.445833333333333
INC0002255,Group 25,1,20.450694444444444
INC0002256,Group 70,1,5.031944444444444
INC0002257,Group 70,1,6.323611111111111
INC0002258,Group 25,1,20.447222222222223
INC0002261,Group 73,1,20.43611111111111
INC0002262,Group 24,1,5.023611111111111
INC0002264,Group 24,1,5.020833333333333
INC0002266,Group 24,1,5.145138888888889
INC0002270,Group 25,1,80.10416666666667
INC0002274,Group 54,1,20.424305555555556
INC0002275,Group 23,1,5.347222222222222
INC0002276,Group 57,1,20.416666666666668
INC0002277,Group 3,1,20.42222222222222
INC0002278,Group 24,1,5.052083333333333
INC0002280,Group 70,0,20.425694444444446
INC0002281,Group 53,1,29.008333333333333
INC0002282,Group 24,1,20.41111111111111
INC0002283,Group 23,1,5.3381944444444445
INC0002284,Group 27,1,5.129861111111111
INC0002285,Group 33,0,74.38472222222222
INC0002286,Group 9,1,136.12916666666666
INC0002288,Group 73,1,20.411805555555556
INC0002289,Group 70,0,20.418055555555554
INC0002290,Group 22,1,29.042361111111113
INC0002291,Group 22,1,5.292361111111111
INC0002294,Group 73,1,20.402083333333334
INC0002295,Group 33,1,20.40138888888889
INC0002298,Group 70,1,20.406944444444445
INC0002301,Group 27,1,5.1125
INC0002303,Group 73,1,20.396527777777777
INC0002304,Group 70,1,20.402083333333334
INC0002305,Group 65,1,176.10972222222222
INC0002307,Group 23,1,20.386805555555554
INC0002308,Group 39,1,20.398611111111112
INC0002309,Group 70,1,31.28611111111111
INC0002312,Group 70,1,5.019444444444445
INC0002313,Group 25,1,23.14236111111111
INC0002314,Group 25,1,80.06388888888888
INC0002316,Group 27,1,5.348611111111111
INC0002317,Group 70,0,20.383333333333333
INC0002319,Group 73,1,20.37361111111111
INC0002320,Group 25,1,80.05833333333334
INC0002321,Group 25,1,20.372222222222224
INC0002322,Group 25,1,20.372222222222224
INC0002323,Group 70,1,5.094444444444444
INC0002325,Group 15,1,10.009722222222223
INC0002326,Group 73,1,20.370833333333334
INC0002329,Group 15,1,228.09166666666667
INC0002332,Group 25,1,121.04791666666667
INC0002334,Group 24,1,5.045833333333333
INC0002335,Group 25,1,20.364583333333332
INC0002336,Group 25,1,121.00277777777778
INC0002337,Group 70,1,23.041666666666668
INC0002339,Group 20,1,22.249305555555555
INC0002340,Group 69,1,20.36111111111111
INC0002341,Group 30,1,20.35972222222222
INC0002343,Group 55,1,5.248611111111111
INC0002344,Group 28,1,5.08125
INC0002345,Group 39,1,5.33125
INC0002347,Group 24,1,5.038194444444445
INC0002348,Group 66,1,5.0375
INC0002349,Group 25,1,5.0375
INC0002350,Group 24,1,31.99375
INC0002352,Group 70,0,22.993055555555557
INC0002353,Group 28,1,20.354861111111113
INC0002354,Group 70,1,5.034722222222222
INC0002356,Group 29,1,20.35972222222222
INC0002357,Group 25,1,5.241666666666666
INC0002358,Group 70,1,20.352083333333333
INC0002361,Group 70,1,20.3625
INC0002362,Group 70,1,20.349305555555556
INC0002363,Group 25,1,20.361805555555556
INC0002364,Group 73,1,20.346527777777776
INC0002365,Group 70,1,5.027083333333334
INC0002366,Group 65,1,58.99305555555556
INC0002367,Group 5,1,20.34513888888889
INC0002368,Group 22,1,20.34513888888889
INC0002369,Group 28,1,5.0256944444444445
INC0002370,Group 25,1,80.03055555555555
INC0002371,Group 73,1,20.344444444444445
INC0002372,Group 70,1,5.023611111111111
INC0002373,Group 70,1,20.34861111111111
INC0002374,Group 73,1,24.021527777777777
INC0002375,Group 54,1,20.354861111111113
INC0002376,Group 70,0,20.354861111111113
INC0002377,Group 25,1,80.02569444444444
INC0002378,Group 70,1,20.353472222222223
INC0002379,Group 70,0,22.978472222222223
INC0002380,Group 20,1,5.186805555555556
INC0002381,Group 25,1,20.350694444444443
INC0002382,Group 70,1,5.018055555555556
INC0002383,Group 73,1,20.34236111111111
INC0002384,Group 25,1,80.02083333333333
INC0002385,Group 24,1,20.335416666666667
INC0002386,Group 70,0,22.97222222222222
INC0002389,Group 25,1,20.3375
INC0002391,Group 25,1,5.175
INC0002392,Group 70,1,24.215972222222224
INC0002394,Group 30,1,5.3
INC0002396,Group 70,1,22.963194444444444
INC0002397,Group 25,1,80.01041666666667
INC0002398,Group 28,1,20.324305555555554
INC0002399,Group 54,1,20.33125
INC0002400,Group 6,1,60.050694444444446
INC0002401,Group 39,1,20.323611111111113
INC0002402,Group 70,1,20.322916666666668
INC0002403,Group 70,1,5.044444444444444
INC0002405,Group 70,1,20.334027777777777
INC0002406,Group 48,1,24.167361111111113
INC0002407,Group 39,1,5.293055555555555
INC0002409,Group 70,0,23.916666666666668
INC0002411,Group 25,1,20.323611111111113
INC0002412,Group 24,1,5.038194444444445
INC0002414,Group 75,1,46.206944444444446
INC0002415,Group 74,1,20.318055555555556
INC0002416,Group 51,1,20.31597222222222
INC0002417,Group 69,1,5.070833333333334
INC0002418,Group 30,1,25.111805555555556
INC0002419,Group 70,1,29.94375
INC0002420,Group 65,1,20.31875
INC0002421,Group 28,1,20.304861111111112
INC0002422,Group 23,1,5.151388888888889
INC0002426,Group 65,1,35.016666666666666
INC0002427,Group 25,1,25.273611111111112
INC0002428,Group 72,1,49.986805555555556
INC0002429,Group 20,1,5.190277777777778
INC0002434,Group 56,1,20.305555555555557
INC0002436,Group 73,1,20.29722222222222
INC0002437,Group 70,1,24.185416666666665
INC0002439,Group 25,1,5.184722222222222
INC0002440,Group 74,1,20.29513888888889
INC0002443,Group 70,1,5.058333333333334
INC0002444,Group 25,1,5.182638888888889
INC0002445,Group 10,1,46.02013888888889
INC0002446,Group 25,1,5.138888888888889
INC0002447,Group 24,1,5.054861111111111
INC0002448,Group 23,1,38.053472222222226
INC0002449,Group 62,1,5.176388888888889
INC0002450,Group 39,1,20.2875
INC0002452,Group 74,1,20.29375
INC0002453,Group 27,1,20.28611111111111
INC0002454,Group 24,1,20.291666666666668
INC0002456,Group 27,1,20.29652777777778
INC0002457,Group 33,1,20.288194444444443
INC0002458,Group 39,1,5.253472222222222
INC0002459,Group 70,0,20.2875
INC0002460,Group 27,1,20.280555555555555
INC0002461,Group 25,1,20.286805555555556
INC0002462,Group 28,1,5.127083333333333
INC0002463,Group 27,1,20.28472222222222
INC0002465,Group 23,1,20.283333333333335
INC0002467,Group 57,1,20.285416666666666
INC0002468,Group 70,1,20.28472222222222
INC0002470,Group 24,1,20.27777777777778
INC0002471,Group 28,1,20.270833333333332
INC0002476,Group 25,1,79.95347222222222
INC0002477,Group 70,1,5.031944444444444
INC0002478,Group 25,1,20.273611111111112
INC0002481,Group 54,1,24.0625
INC0002483,Group 25,1,20.255555555555556
INC0002484,Group 70,1,5.017361111111111
INC0002486,Group 28,1,20.252083333333335
INC0002490,Group 25,1,79.93472222222222
INC0002492,Group 73,1,20.25347222222222
INC0002493,Group 25,1,20.259722222222223
INC0002497,Group 25,1,20.257638888888888
INC0002499,Group 66,1,40.079861111111114
INC0002501,Group 25,1,24.950694444444444
INC0002502,Group 29,1,20.240972222222222
INC0002503,Group 39,1,5.2
INC0002505,Group 70,1,5.652777777777778
INC0002507,Group 25,1,20.226388888888888
INC0002509,Group 25,1,79.90069444444444
INC0002510,Group 70,1,5.016666666666667
INC0002512,Group 24,1,20.210416666666667
INC0002515,Group 39,1,5.177777777777778
INC0002516,Group 20,1,20.2125
INC0002518,Group 51,1,20.209027777777777
INC0002520,Group 6,1,20.206944444444446
INC0002521,Group 70,1,5.045833333333333
INC0002525,Group 23,1,20.196527777777778
INC0002527,Group 70,1,20.200694444444444
INC0002528,Group 70,1,20.198611111111113
INC0002529,Group 73,1,23.87152777777778
INC0002530,Group 70,1,5.0375
INC0002531,Group 70,1,20.197222222222223
INC0002532,Group 28,1,20.18888888888889
INC0002535,Group 39,1,20.1875
INC0002536,Group 73,1,20.19375
INC0002537,Group 27,1,5.034027777777778
INC0002538,Group 70,1,21.864583333333332
INC0002539,Group 24,1,5.03125
INC0002540,Group 30,1,20.190277777777776
INC0002542,Group 65,1,5.195138888888889
INC0002543,Group 27,1,20.18125
INC0002545,Group 45,1,43.90694444444444
INC0002546,Group 70,1,20.186805555555555
INC0002548,Group 73,1,20.18402777777778
INC0002549,Group 65,1,20.190277777777776
INC0002550,Group 25,1,79.86180555555555
INC0002551,Group 25,1,20.189583333333335
INC0002554,Group 39,1,20.172916666666666
INC0002556,Group 28,1,5.102083333333334
INC0002557,Group 33,1,20.17152777777778
INC0002558,Group 33,1,20.184722222222224
INC0002559,Group 25,1,120.89305555555555
INC0002560,Group 70,0,20.177083333333332
INC0002562,Group 70,1,5.016666666666667
INC0002563,Group 24,1,20.16875
INC0002565,Group 70,0,20.172916666666666
INC0002566,Group 70,1,20.178472222222222
INC0002569,Group 23,1,100.1
INC0002570,Group 23,1,5.094444444444444
INC0002571,Group 70,1,20.177083333333332
INC0002572,Group 33,1,38.80138888888889
INC0002574,Group 20,1,20.1625
INC0002575,Group 25,1,20.175
INC0002577,Group 70,1,20.16111111111111
INC0002578,Group 64,1,5.007638888888889
INC0002580,Group 33,1,46.886805555555554
INC0002581,Group 25,1,20.158333333333335
INC0002582,Group 70,1,5.0055555555555555
INC0002583,Group 75,1,32.83819444444445
INC0002585,Group 70,1,20.161805555555556
INC0002586,Group 39,1,20.15486111111111
INC0002587,Group 24,1,20.160416666666666
INC0002588,Group 33,1,20.15972222222222
INC0002591,Group 33,1,60.08541666666667
INC0002592,Group 70,1,20.163194444444443
INC0002593,Group 25,1,20.149305555555557
INC0002595,Group 6,1,20.147222222222222
INC0002596,Group 70,1,5.034722222222222
INC0002597,Group 62,1,5.075
INC0002598,Group 73,1,20.15138888888889
INC0002599,Group 55,1,20.14097222222222
INC0002602,Group 25,1,20.138194444444444
INC0002603,Group 23,1,20.135416666666668
INC0002604,Group 33,1,20.134722222222223
INC0002607,Group 57,1,28.854166666666668
INC0002608,Group 6,1,129.10416666666666
INC0002609,Group 27,1,20.131944444444443
INC0002611,Group 48,1,23.974305555555556
INC0002613,Group 10,1,20.125
INC0002615,Group 72,1,29.84513888888889
INC0002616,Group 70,1,20.135416666666668
INC0002617,Group 33,1,60.015277777777776
INC0002618,Group 70,1,5.052083333333333
INC0002619,Group 70,0,20.133333333333333
INC0002620,Group 70,1,24.005555555555556
INC0002621,Group 70,1,20.116666666666667
INC0002623,Group 10,1,23.879166666666666
INC0002624,Group 70,1,5.0875
INC0002626,Group 73,1,23.792361111111113
INC0002628,Group 30,1,20.119444444444444
INC0002629,Group 23,1,21.833333333333332
INC0002630,Group 28,1,20.111805555555556
INC0002631,Group 51,1,20.117361111111112
INC0002632,Group 70,0,20.122222222222224
INC0002633,Group 6,1,21.955555555555556
INC0002634,Group 55,1,5.038888888888889
INC0002635,Group 70,0,20.10763888888889
INC0002636,Group 70,1,5.0375
INC0002637,Group 70,1,20.119444444444444
INC0002638,Group 25,0,23.74375
INC0002640,Group 47,1,5.076388888888889
INC0002642,Group 23,1,20.103472222222223
INC0002643,Group 30,1,20.10902777777778
INC0002644,Group 72,1,49.7875
INC0002646,Group 24,1,20.101388888888888
INC0002647,Group 70,1,20.113888888888887
INC0002648,Group 55,1,20.099305555555556
INC0002650,Group 70,0,22.735416666666666
INC0002653,Group 23,1,20.096527777777776
INC0002655,Group 30,1,20.094444444444445
INC0002657,Group 73,1,20.093055555555555
INC0002658,Group 70,1,5.522916666666666
INC0002659,Group 57,1,29.938194444444445
INC0002660,Group 70,1,20.104166666666668
INC0002661,Group 70,1,23.811805555555555
INC0002662,Group 70,1,5.020833333333333
INC0002663,Group 23,1,20.088194444444444
INC0002664,Group 70,0,22.725
INC0002665,Group 74,1,20.093055555555555
INC0002666,Group 70,1,5.0159722222222225
INC0002667,Group 21,1,5.05625
INC0002669,Group 70,1,22.7625
INC0002670,Group 76,1,22.926388888888887
INC0002671,Group 70,0,21.675694444444446
INC0002673,Group 70,1,20.084722222222222
INC0002674,Group 27,1,20.07777777777778
INC0002675,Group 20,1,20.07777777777778
INC0002676,Group 24,1,5.007638888888889
INC0002677,Group 27,1,5.048611111111111
INC0002679,Group 24,1,20.075694444444444
INC0002681,Group 70,1,5.045833333333333
INC0002682,Group 20,1,26.79513888888889
INC0002683,Group 28,1,20.072222222222223
INC0002684,Group 27,1,20.072222222222223
INC0002685,Group 23,1,20.085416666666667
INC0002687,Group 70,1,20.084027777777777
INC0002689,Group 70,0,20.070138888888888
INC0002690,Group 55,1,20.06875
INC0002693,Group 27,1,20.080555555555556
INC0002694,Group 70,0,20.074305555555554
INC0002696,Group 39,1,20.065277777777776
INC0002699,Group 3,1,20.070833333333333
INC0002702,Group 25,0,22.742361111111112
INC0002703,Group 70,0,22.700694444444444
INC0002704,Group 70,1,20.074305555555554
INC0002705,Group 24,1,20.06111111111111
INC0002706,Group 56,1,20.068055555555556
INC0002707,Group 70,0,20.066666666666666
INC0002708,Group 66,1,30.65486111111111
INC0002709,Group 74,1,20.065277777777776
INC0002710,Group 70,1,5.030555555555556
INC0002711,Group 70,1,24.903472222222224
INC0002713,Group 66,1,20.05625
INC0002714,Group 70,1,5.027777777777778
INC0002715,Group 33,1,114.77708333333334
INC0002716,Group 23,1,20.06736111111111
INC0002717,Group 27,1,20.054166666666667
INC0002718,Group 29,0,20.06597222222222
INC0002720,Group 10,1,21.855555555555554
INC0002721,Group 6,1,28.855555555555554
INC0002723,Group 70,1,5.480555555555555
INC0002725,Group 22,1,21.934722222222224
INC0002726,Group 31,1,20.04652777777778
INC0002727,Group 70,1,5.017361111111111
INC0002731,Group 31,1,5.054861111111111
INC0002732,Group 31,1,20.038194444444443
INC0002733,Group 31,1,3.8819444444444446
INC0002735,Group 70,1,5.036111111111111
INC0002736,Group 25,1,79.70277777777778
INC0002740,Group 31,1,20.00486111111111
INC0002742,Group 70,1,19.99652777777778
INC0002743,Group 70,1,19.9875
INC0002744,Group 24,1,19.966666666666665
INC0002747,Group 70,1,5.254861111111111
INC0002748,Group 28,1,19.94375
INC0002749,Group 57,1,30.62152777777778
INC0002753,Group 70,1,19.947222222222223
INC0002755,Group 70,1,5.822222222222222
INC0002756,Group 70,1,5.988194444444445
INC0002757,Group 70,1,5.814583333333333
INC0002758,Group 70,1,19.93402777777778
INC0002759,Group 33,1,19.91875
INC0002760,Group 27,1,19.917361111111113
INC0002762,Group 28,1,19.899305555555557
INC0002763,Group 70,1,19.888194444444444
INC0002764,Group 70,0,19.8875
INC0002767,Group 24,1,19.880555555555556
INC0002768,Group 70,1,5.042361111111111
INC0002769,Group 75,1,64.54652777777778
INC0002770,Group 25,1,24.45486111111111
INC0002771,Group 70,1,5.030555555555556
INC0002772,Group 31,1,5.027083333333334
INC0002773,Group 70,1,5.021527777777778
INC0002774,Group 70,1,5.011805555555555
INC0002776,Group 70,0,21.411805555555556
INC0002777,Group 70,1,5.0368055555555555
INC0002780,Group 39,1,19.805555555555557
INC0002782,Group 70,1,19.806944444444444
INC0002783,Group 39,1,19.790277777777778
INC0002789,Group 55,1,19.661805555555556
INC0002794,Group 39,1,19.639583333333334
INC0002802,Group 39,1,19.575
INC0002804,Group 70,1,30.399305555555557
INC0002805,Group 23,1,19.535416666666666
INC0002807,Group 64,0,19.511111111111113
INC0002808,Group 70,1,19.500694444444445
INC0002809,Group 39,1,19.46388888888889
INC0002810,Group 30,1,19.46388888888889
INC0002814,Group 57,1,19.37013888888889
INC0002818,Group 70,0,19.370833333333334
INC0002819,Group 24,1,5.120138888888889
INC0002820,Group 55,1,19.367361111111112
INC0002822,Group 70,1,5.054166666666666
INC0002823,Group 70,1,5.036111111111111
INC0002825,Group 28,1,19.301388888888887
INC0002826,Group 27,1,19.297916666666666
INC0002830,Group 70,1,5.040972222222222
INC0002832,Group 24,1,19.271527777777777
INC0002840,Group 46,1,19.208333333333332
INC0002842,Group 70,1,5.040972222222222
INC0002843,Group 24,1,5.040972222222222
INC0002846,Group 70,0,23.058333333333334
INC0002850,Group 57,1,19.133333333333333
INC0002851,Group 70,1,23.89375
INC0002858,Group 57,1,19.028472222222224
INC0002870,Group 70,1,5.079861111111111
INC0002871,Group 70,1,5.098611111111111
INC0002873,Group 70,1,5.050694444444445
INC0002874,Group 70,1,5.044444444444444
INC0002877,Group 58,1,18.879166666666666
INC0002879,Group 70,1,18.820833333333333
INC0002880,Group 65,1,18.813194444444445
INC0002883,Group 70,1,18.774305555555557
INC0002884,Group 70,1,18.769444444444446
INC0002885,Group 70,0,18.760416666666668
INC0002886,Group 25,1,18.772222222222222
INC0002889,Group 28,1,18.64236111111111
INC0002890,Group 53,1,18.625694444444445
INC0002891,Group 37,1,18.624305555555555
INC0002897,Group 70,1,18.565277777777776
INC0002901,Group 70,1,18.524305555555557
INC0002903,Group 37,1,18.49375
INC0002906,Group 70,0,18.447916666666668
INC0002907,Group 70,0,18.454166666666666
INC0002915,Group 22,1,18.416666666666668
INC0002925,Group 70,1,18.375
INC0002928,Group 70,1,18.34236111111111
INC0002933,Group 70,1,18.325
INC0002934,Group 70,1,18.325
INC0002935,Group 70,1,18.325
INC0002936,Group 70,1,18.325
INC0002938,Group 70,1,18.325
INC0002939,Group 70,1,18.325
INC0002940,Group 70,1,18.324305555555554
INC0002945,Group 25,1,21.034027777777776
INC0002956,Group 28,1,18.281944444444445
INC0002958,Group 53,1,18.259027777777778
INC0002959,Group 70,1,18.257638888888888
INC0002964,Group 25,1,18.18611111111111
INC0002965,Group 70,1,18.18125
INC0002968,Group 70,1,18.13125
INC0002969,Group 70,1,18.124305555555555
INC0002971,Group 28,1,18.108333333333334
INC0002972,Group 70,1,18.103472222222223
INC0002974,Group 70,1,18.1
INC0002976,Group 54,1,18.084722222222222
INC0002977,Group 65,1,18.080555555555556
INC0002979,Group 70,1,18.06111111111111
INC0002983,Group 25,1,77.72708333333334
INC0002984,Group 70,0,18.039583333333333
INC0002985,Group 24,1,18.035416666666666
INC0002986,Group 70,0,18.033333333333335
INC0002987,Group 70,1,18.01875
INC0002989,Group 70,1,17.997222222222224
INC0002990,Group 25,1,77.68055555555556
INC0002991,Group 70,1,17.986805555555556
INC0002992,Group 70,1,17.981944444444444
INC0002993,Group 20,1,21.711805555555557
INC0002994,Group 70,1,17.930555555555557
INC0002996,Group 28,1,17.93263888888889
INC0002997,Group 70,1,17.903472222222224
INC0003003,Group 51,1,17.866666666666667
INC0003005,Group 70,0,17.85902777777778
INC0003006,Group 25,1,77.52986111111112
INC0003007,Group 70,0,17.852083333333333
INC0003008,Group 70,1,17.82777777777778
INC0003010,Group 73,1,17.80625
INC0003012,Group 25,1,17.809722222222224
INC0003013,Group 72,1,17.785416666666666
INC0003015,Group 70,1,17.76597222222222
INC0003016,Group 25,1,21.558333333333334
INC0003017,Group 70,0,20.161805555555556
INC0003018,Group 70,0,17.613194444444446
INC0003020,Group 25,1,22.310416666666665
INC0003021,Group 25,1,77.27430555555556
INC0003022,Group 48,1,21.425
INC0003023,Group 65,1,17.560416666666665
INC0003025,Group 65,1,17.571527777777778
INC0003027,Group 70,1,17.54722222222222
INC0003029,Group 73,1,17.525
INC0003035,Group 39,1,17.490277777777777
INC0003036,Group 31,1,17.48611111111111
INC0003037,Group 70,1,17.48263888888889
INC0003038,Group 70,1,17.460416666666667
INC0003040,Group 70,1,17.45486111111111
INC0003041,Group 70,1,17.454166666666666
INC0003044,Group 70,1,17.444444444444443
INC0003045,Group 70,0,19.08125
INC0003046,Group 70,1,17.439583333333335
INC0003047,Group 70,0,17.439583333333335
INC0003048,Group 75,1,62.125
INC0003049,Group 76,1,17.450694444444444
INC0003050,Group 70,0,7.074305555555555
INC0003052,Group 70,1,17.435416666666665
INC0003053,Group 55,1,17.434722222222224
INC0003054,Group 50,1,17.440277777777776
INC0003055,Group 70,1,17.446527777777778
INC0003056,Group 30,1,17.431944444444444
INC0003057,Group 70,1,17.438194444444445
INC0003058,Group 65,1,16.069444444444443
INC0003059,Group 70,1,17.430555555555557
INC0003061,Group 76,1,17.4375
INC0003062,Group 70,1,17.427777777777777
INC0003063,Group 70,0,17.427083333333332
INC0003064,Group 70,0,17.427083333333332
INC0003065,Group 59,1,17.439583333333335
INC0003066,Group 70,0,17.438194444444445
INC0003067,Group 70,0,17.425
INC0003069,Group 70,1,17.424305555555556
INC0003071,Group 25,0,21.31111111111111
INC0003072,Group 70,0,17.428472222222222
INC0003073,Group 24,1,17.43402777777778
INC0003074,Group 28,1,17.419444444444444
INC0003075,Group 73,1,17.419444444444444
INC0003077,Group 70,0,17.41875
INC0003078,Group 70,0,17.43125
INC0003080,Group 70,1,17.418055555555554
INC0003081,Group 47,1,17.429861111111112
INC0003083,Group 70,1,17.422916666666666
INC0003084,Group 54,1,17.42222222222222
INC0003085,Group 70,0,17.414583333333333
INC0003088,Group 72,1,17.4125
INC0003089,Group 70,1,20.216666666666665
INC0003091,Group 29,1,20.3
INC0003092,Group 72,0,44.138194444444444
INC0003093,Group 73,1,17.418055555555554
INC0003095,Group 70,0,17.41111111111111
INC0003096,Group 25,1,17.410416666666666
INC0003098,Group 57,1,17.408333333333335
INC0003099,Group 70,1,17.40763888888889
INC0003100,Group 23,1,17.42013888888889
INC0003101,Group 24,1,17.40625
INC0003103,Group 72,1,17.405555555555555
INC0003104,Group 28,1,17.405555555555555
INC0003105,Group 70,0,17.40486111111111
INC0003106,Group 39,1,17.403472222222224
INC0003107,Group 23,1,17.415277777777778
INC0003109,Group 70,0,17.415277777777778
INC0003110,Group 70,0,17.414583333333333
INC0003111,Group 39,1,17.400694444444444
INC0003112,Group 70,0,17.40763888888889
INC0003113,Group 70,1,17.400694444444444
INC0003114,Group 27,1,17.4
INC0003115,Group 70,1,0.36736111111111114
INC0003116,Group 25,1,22.288194444444443
INC0003119,Group 30,1,17.41111111111111
INC0003120,Group 70,1,17.396527777777777
INC0003122,Group 25,1,77.08125
INC0003123,Group 70,1,20.283333333333335
INC0003124,Group 70,1,17.395138888888887
INC0003125,Group 39,1,17.408333333333335
INC0003126,Group 70,1,17.395138888888887
INC0003127,Group 70,1,17.408333333333335
INC0003129,Group 28,1,17.395138888888887
INC0003132,Group 39,1,17.394444444444446
INC0003133,Group 70,0,17.406944444444445
INC0003136,Group 29,1,17.404166666666665
INC0003137,Group 23,1,17.403472222222224
INC0003140,Group 25,1,19.11111111111111
INC0003141,Group 20,1,17.38888888888889
INC0003142,Group 50,1,17.402083333333334
INC0003144,Group 72,1,54.11388888888889
INC0003145,Group 30,1,21.233333333333334
INC0003148,Group 23,1,17.393055555555556
INC0003150,Group 25,1,112.14930555555556
INC0003151,Group 28,1,17.39236111111111
INC0003152,Group 73,1,17.398611111111112
INC0003153,Group 20,1,3.095138888888889
INC0003155,Group 20,1,17.383333333333333
INC0003157,Group 70,1,17.382638888888888
INC0003160,Group 24,1,17.38125
INC0003161,Group 25,1,17.388194444444444
INC0003162,Group 24,1,7.061111111111111
INC0003163,Group 25,1,17.39375
INC0003164,Group 70,1,17.37986111111111
INC0003167,Group 29,1,17.379166666666666
INC0003168,Group 72,1,47.022222222222226
INC0003169,Group 72,1,27.225
INC0003170,Group 30,1,17.37847222222222
INC0003171,Group 65,1,17.391666666666666
INC0003172,Group 25,1,19.224305555555556
INC0003173,Group 66,1,17.39027777777778
INC0003175,Group 66,1,19.014583333333334
INC0003176,Group 70,1,20.13888888888889
INC0003177,Group 25,1,17.375694444444445
INC0003178,Group 69,0,17.375694444444445
INC0003179,Group 70,0,20.138194444444444
INC0003180,Group 26,1,17.381944444444443
INC0003182,Group 33,1,17.38125
INC0003183,Group 72,1,29.054166666666667
INC0003185,Group 25,1,77.05972222222222
INC0003186,Group 39,1,17.37361111111111
INC0003187,Group 70,1,17.372916666666665
INC0003188,Group 73,1,17.372916666666665
INC0003189,Group 70,0,17.37986111111111
INC0003190,Group 70,1,17.372916666666665
INC0003192,Group 25,1,26.34236111111111
INC0003193,Group 70,0,17.384027777777778
INC0003195,Group 23,1,17.377083333333335
INC0003197,Group 70,1,17.375
INC0003199,Group 70,0,17.366666666666667
INC0003200,Group 23,1,17.365972222222222
INC0003201,Group 70,0,17.37847222222222
INC0003202,Group 70,1,17.364583333333332
INC0003205,Group 70,1,17.36111111111111
INC0003206,Group 72,1,47.045833333333334
INC0003207,Group 24,1,17.360416666666666
INC0003208,Group 39,1,17.35972222222222
INC0003210,Group 46,1,17.358333333333334
INC0003211,Group 23,1,17.369444444444444
INC0003212,Group 73,1,17.355555555555554
INC0003213,Group 25,0,20.99375
INC0003214,Group 70,0,20.409027777777776
INC0003215,Group 70,0,17.367361111111112
INC0003216,Group 25,1,118.03472222222223
INC0003217,Group 3,1,17.366666666666667
INC0003219,Group 24,1,17.352777777777778
INC0003220,Group 28,1,17.352777777777778
INC0003221,Group 25,1,20.990277777777777
INC0003223,Group 70,0,17.351388888888888
INC0003224,Group 70,0,17.351388888888888
INC0003225,Group 23,1,17.364583333333332
INC0003226,Group 31,1,17.351388888888888
INC0003228,Group 25,1,92.03472222222223
INC0003229,Group 29,1,17.3625
INC0003230,Group 28,1,17.355555555555554
INC0003231,Group 23,0,19.236805555555556
INC0003232,Group 73,1,17.360416666666666
INC0003233,Group 73,1,27.277083333333334
INC0003234,Group 70,1,17.34722222222222
INC0003235,Group 70,0,17.346527777777776
INC0003236,Group 70,0,17.35902777777778
INC0003237,Group 70,1,17.35763888888889
INC0003238,Group 39,1,17.344444444444445
INC0003239,Group 39,1,17.34375
INC0003240,Group 25,1,29.022916666666667
INC0003241,Group 24,1,17.343055555555555
INC0003243,Group 70,1,17.341666666666665
INC0003244,Group 25,1,77.02638888888889
INC0003245,Group 3,0,17.340972222222224
INC0003246,Group 70,0,17.354166666666668
INC0003247,Group 70,0,17.34027777777778
INC0003248,Group 25,0,17.352777777777778
INC0003249,Group 20,1,17.345833333333335
INC0003250,Group 70,0,17.351388888888888
INC0003251,Group 70,1,20.143055555555556
INC0003252,Group 25,1,77.02291666666666
INC0003253,Group 70,1,17.336805555555557
INC0003254,Group 70,1,17.336805555555557
INC0003255,Group 24,1,17.336805555555557
INC0003256,Group 25,1,28.1
INC0003258,Group 25,1,118.01597222222222
INC0003260,Group 39,1,17.335416666666667
INC0003261,Group 24,1,17.334722222222222
INC0003262,Group 28,1,17.340972222222224
INC0003263,Group 70,1,17.340972222222224
INC0003264,Group 27,1,17.334027777777777
INC0003265,Group 25,1,77.01875
INC0003266,Group 24,1,48.93472222222222
INC0003267,Group 73,1,62.05972222222222
INC0003269,Group 25,1,77.01666666666667
INC0003270,Group 55,1,17.33125
INC0003272,Group 70,1,17.330555555555556
INC0003273,Group 10,1,33.260416666666664
INC0003275,Group 70,0,14.259722222222223
INC0003276,Group 25,1,17.32847222222222
INC0003278,Group 39,1,17.32777777777778
INC0003279,Group 28,1,17.32777777777778
INC0003280,Group 54,1,17.327083333333334
INC0003281,Group 10,1,36.25694444444444
INC0003282,Group 25,1,17.339583333333334
INC0003283,Group 33,1,17.325694444444444
INC0003284,Group 22,1,17.33888888888889
INC0003285,Group 73,1,62.052083333333336
INC0003286,Group 65,1,17.3375
INC0003287,Group 70,1,17.323611111111113
INC0003288,Group 70,0,17.322916666666668
INC0003289,Group 10,1,17.32986111111111
INC0003293,Group 23,1,17.32777777777778
INC0003295,Group 10,1,27.957638888888887
INC0003296,Group 70,1,17.325694444444444
INC0003297,Group 23,1,17.325694444444444
INC0003298,Group 49,1,17.325
INC0003300,Group 10,1,146.1236111111111
INC0003301,Group 27,1,17.318055555555556
INC0003304,Group 70,0,17.324305555555554
INC0003306,Group 24,1,17.323611111111113
INC0003307,Group 49,1,17.316666666666666
INC0003308,Group 70,1,17.323611111111113
INC0003309,Group 28,1,17.323611111111113
INC0003310,Group 10,1,17.32986111111111
INC0003311,Group 70,0,17.32986111111111
INC0003312,Group 27,1,17.322916666666668
INC0003313,Group 28,1,17.31597222222222
INC0003314,Group 70,1,17.315277777777776
INC0003316,Group 55,0,76.99861111111112
INC0003317,Group 24,1,17.313194444444445
INC0003319,Group 70,1,17.325
INC0003320,Group 25,1,17.324305555555554
INC0003321,Group 24,1,44.079861111111114
INC0003322,Group 28,1,17.31736111111111
INC0003323,Group 33,1,33.94861111111111
INC0003324,Group 70,1,17.310416666666665
INC0003325,Group 70,0,17.322916666666668
INC0003326,Group 28,1,17.31597222222222
INC0003327,Group 10,1,17.31597222222222
INC0003328,Group 10,1,17.315277777777776
INC0003329,Group 23,1,17.320833333333333
INC0003330,Group 23,1,17.31388888888889
INC0003331,Group 5,1,17.320138888888888
INC0003332,Group 10,1,17.320138888888888
INC0003334,Group 70,1,18.98611111111111
INC0003335,Group 10,1,28.02777777777778
INC0003336,Group 25,1,7.069444444444445
INC0003337,Group 24,1,17.30625
INC0003342,Group 10,1,17.31736111111111
INC0003343,Group 39,1,26.9
INC0003345,Group 10,1,17.315277777777776
INC0003347,Group 70,1,17.302083333333332
INC0003348,Group 10,1,33.980555555555554
INC0003349,Group 39,1,17.301388888888887
INC0003350,Group 10,1,17.313194444444445
INC0003351,Group 70,0,17.3125
INC0003352,Group 70,0,17.3125
INC0003353,Group 70,0,17.3
INC0003354,Group 70,1,17.305555555555557
INC0003355,Group 21,1,17.299305555555556
INC0003356,Group 28,1,17.299305555555556
INC0003357,Group 10,1,17.29861111111111
INC0003358,Group 70,1,17.29861111111111
INC0003359,Group 70,0,17.31111111111111
INC0003360,Group 25,1,17.29861111111111
INC0003362,Group 10,1,28.143055555555556
INC0003363,Group 10,1,17.309722222222224
INC0003364,Group 70,1,10.102083333333333
INC0003365,Group 25,1,17.308333333333334
INC0003367,Group 10,1,17.30763888888889
INC0003369,Group 23,1,17.306944444444444
INC0003370,Group 65,1,40.1875
INC0003372,Group 70,0,17.29375
INC0003374,Group 57,1,17.299305555555556
INC0003375,Group 23,1,17.293055555555554
INC0003379,Group 10,1,17.304166666666667
INC0003381,Group 70,1,17.295833333333334
INC0003382,Group 10,1,17.302083333333332
INC0003383,Group 62,1,17.289583333333333
INC0003384,Group 39,1,17.301388888888887
INC0003385,Group 70,0,17.288888888888888
INC0003387,Group 70,1,17.288194444444443
INC0003388,Group 39,1,17.288194444444443
INC0003389,Group 10,1,17.3
INC0003390,Group 70,0,17.2875
INC0003393,Group 70,0,17.299305555555556
INC0003394,Group 70,0,17.286805555555556
INC0003396,Group 70,0,17.297916666666666
INC0003398,Group 65,1,17.285416666666666
INC0003399,Group 28,1,17.291666666666668
INC0003401,Group 10,1,17.297916666666666
INC0003403,Group 24,1,17.29722222222222
INC0003405,Group 58,1,17.29652777777778
INC0003406,Group 39,1,17.29652777777778
INC0003407,Group 70,1,17.289583333333333
INC0003408,Group 6,1,17.295833333333334
INC0003410,Group 73,1,22.04513888888889
INC0003412,Group 58,1,17.29513888888889
INC0003413,Group 24,1,17.281944444444445
INC0003414,Group 57,1,27.002777777777776
INC0003416,Group 25,1,26.252083333333335
INC0003417,Group 10,1,17.29375
INC0003418,Group 70,1,17.286805555555556
INC0003419,Group 10,1,34.20902777777778
INC0003420,Group 10,1,33.12569444444444
INC0003421,Group 50,1,17.28611111111111
INC0003422,Group 65,1,17.291666666666668
INC0003423,Group 70,0,17.279166666666665
INC0003424,Group 10,1,17.291666666666668
INC0003425,Group 31,1,17.284027777777776
INC0003426,Group 10,1,33.12361111111111
INC0003427,Group 70,1,17.27777777777778
INC0003428,Group 10,1,17.288888888888888
INC0003430,Group 55,1,113.91458333333334
INC0003431,Group 72,1,46.918055555555554
INC0003432,Group 24,1,11.995833333333334
INC0003433,Group 51,1,17.280555555555555
INC0003435,Group 39,1,17.272222222222222
INC0003436,Group 23,1,25.949305555555554
INC0003437,Group 70,1,20.15763888888889
INC0003440,Group 25,1,76.95347222222222
INC0003441,Group 70,0,20.030555555555555
INC0003443,Group 25,1,26.030555555555555
INC0003444,Group 72,1,28.945138888888888
INC0003445,Group 23,1,17.271527777777777
INC0003446,Group 25,1,76.94930555555555
INC0003447,Group 72,1,28.943055555555556
INC0003448,Group 39,1,17.26388888888889
INC0003449,Group 45,1,17.26388888888889
INC0003451,Group 70,1,17.261805555555554
INC0003452,Group 70,1,17.259027777777778
INC0003453,Group 70,1,17.270138888888887
INC0003457,Group 70,1,17.25347222222222
INC0003458,Group 45,1,17.252777777777776
INC0003460,Group 25,1,76.9375
INC0003463,Group 70,0,17.257638888888888
INC0003466,Group 30,1,17.2625
INC0003467,Group 70,1,22.469444444444445
INC0003468,Group 28,1,17.254166666666666
INC0003469,Group 25,1,17.259722222222223
INC0003470,Group 25,1,76.93194444444444
INC0003471,Group 73,1,17.25347222222222
INC0003473,Group 70,1,17.259027777777778
INC0003474,Group 25,1,17.24513888888889
INC0003475,Group 25,1,76.92986111111111
INC0003476,Group 70,1,17.244444444444444
INC0003478,Group 23,1,17.256944444444443
INC0003479,Group 25,1,17.255555555555556
INC0003480,Group 28,1,17.240972222222222
INC0003483,Group 25,1,17.24652777777778
INC0003487,Group 70,1,17.239583333333332
INC0003489,Group 70,0,17.24513888888889
INC0003492,Group 28,1,17.238194444444446
INC0003494,Group 54,1,17.23611111111111
INC0003495,Group 70,1,17.23611111111111
INC0003496,Group 39,1,17.23611111111111
INC0003498,Group 66,1,17.24652777777778
INC0003499,Group 70,1,17.23263888888889
INC0003500,Group 70,0,17.244444444444444
INC0003502,Group 70,1,17.243055555555557
INC0003504,Group 25,1,76.91319444444444
INC0003505,Group 27,1,17.228472222222223
INC0003506,Group 70,1,17.228472222222223
INC0003507,Group 31,1,17.227083333333333
INC0003509,Group 65,1,40.078472222222224
INC0003513,Group 23,1,89.82777777777778
INC0003514,Group 24,1,17.23125
INC0003515,Group 70,0,17.222916666666666
INC0003516,Group 70,1,17.221527777777776
INC0003517,Group 27,1,17.22013888888889
INC0003521,Group 10,1,28.190277777777776
INC0003522,Group 70,1,17.219444444444445
INC0003524,Group 74,1,17.225
INC0003525,Group 10,1,17.229166666666668
INC0003526,Group 29,1,17.222916666666666
INC0003527,Group 70,1,21.979166666666668
INC0003528,Group 39,1,17.216666666666665
INC0003529,Group 23,1,90.9
INC0003530,Group 10,1,17.227083333333333
INC0003531,Group 46,1,17.214583333333334
INC0003532,Group 10,1,17.226388888888888
INC0003533,Group 70,1,17.22013888888889
INC0003534,Group 10,1,17.226388888888888
INC0003536,Group 54,1,17.213194444444444
INC0003537,Group 28,1,17.21875
INC0003538,Group 10,1,17.225
INC0003540,Group 31,1,19.93125
INC0003541,Group 26,1,27.88888888888889
INC0003545,Group 10,1,18.8875
INC0003547,Group 10,1,21.095833333333335
INC0003548,Group 23,1,17.214583333333334
INC0003550,Group 10,1,28.053472222222222
INC0003551,Group 25,1,17.206944444444446
INC0003552,Group 73,1,17.21875
INC0003553,Group 24,1,17.20625
INC0003554,Group 28,1,17.20625
INC0003555,Group 10,1,34.177083333333336
INC0003556,Group 31,1,82.89027777777778
INC0003558,Group 10,1,19.8
INC0003559,Group 28,1,17.204166666666666
INC0003560,Group 51,1,17.214583333333334
INC0003561,Group 70,1,17.202083333333334
INC0003562,Group 28,1,17.202083333333334
INC0003563,Group 24,1,17.20138888888889
INC0003564,Group 27,1,17.20138888888889
INC0003565,Group 70,0,17.200694444444444
INC0003567,Group 6,1,53.84375
INC0003568,Group 55,1,17.2
INC0003569,Group 70,1,17.2
INC0003570,Group 70,0,17.199305555555554
INC0003573,Group 24,1,17.197916666666668
INC0003574,Group 51,1,17.204166666666666
INC0003575,Group 70,1,6.919444444444444
INC0003577,Group 10,1,26.834027777777777
INC0003580,Group 10,1,21.084027777777777
INC0003581,Group 39,1,17.195833333333333
INC0003582,Group 70,0,17.195138888888888
INC0003585,Group 23,1,20.832638888888887
INC0003586,Group 24,1,17.194444444444443
INC0003587,Group 10,1,19.831944444444446
INC0003591,Group 70,1,17.19236111111111
INC0003592,Group 70,0,17.19236111111111
INC0003594,Group 10,1,21.870833333333334
INC0003595,Group 29,1,29.995833333333334
INC0003596,Group 25,1,17.191666666666666
INC0003597,Group 25,1,17.20277777777778
INC0003598,Group 33,1,17.190277777777776
INC0003599,Group 10,1,120.07847222222222
INC0003600,Group 72,1,17.195833333333333
INC0003603,Group 25,1,17.18888888888889
INC0003604,Group 75,1,29.950694444444444
INC0003605,Group 10,1,19.825694444444444
INC0003606,Group 70,1,17.2
INC0003607,Group 10,1,28.074305555555554
INC0003611,Group 10,1,70.11944444444444
INC0003613,Group 10,1,27.154166666666665
INC0003614,Group 53,1,17.183333333333334
INC0003615,Group 10,1,55.99236111111111
INC0003617,Group 10,1,27.15277777777778
INC0003618,Group 27,1,19.11111111111111
INC0003619,Group 76,1,21.069444444444443
INC0003620,Group 24,1,17.18125
INC0003621,Group 10,1,19.02638888888889
INC0003623,Group 39,1,26.066666666666666
INC0003624,Group 23,1,17.179166666666667
INC0003625,Group 6,1,19.898611111111112
INC0003627,Group 29,1,17.190277777777776
INC0003630,Group 39,1,17.176388888888887
INC0003632,Group 70,0,17.176388888888887
INC0003633,Group 70,1,17.175694444444446
INC0003634,Group 54,1,17.175
INC0003635,Group 49,1,17.174305555555556
INC0003636,Group 70,1,17.17222222222222
INC0003637,Group 23,1,17.178472222222222
INC0003638,Group 70,0,17.17222222222222
INC0003640,Group 70,1,17.170833333333334
INC0003641,Group 70,1,6.891666666666667
INC0003643,Group 70,0,17.181944444444444
INC0003645,Group 3,1,17.174305555555556
INC0003647,Group 73,1,32.761805555555554
INC0003648,Group 25,1,17.17222222222222
INC0003649,Group 28,1,17.17222222222222
INC0003650,Group 70,0,17.165277777777778
INC0003651,Group 20,1,25.886111111111113
INC0003653,Group 25,1,76.84861111111111
INC0003654,Group 70,0,17.1625
INC0003655,Group 70,0,17.1625
INC0003656,Group 70,0,17.161805555555556
INC0003657,Group 70,1,17.174305555555556
INC0003658,Group 20,1,24.08888888888889
INC0003659,Group 70,1,17.15972222222222
INC0003660,Group 39,1,17.159027777777776
INC0003662,Group 25,1,22.0875
INC0003663,Group 31,1,40.8
INC0003664,Group 25,0,17.163194444444443
INC0003665,Group 54,1,17.156944444444445
INC0003666,Group 25,0,21.085416666666667
INC0003667,Group 23,1,17.16875
INC0003668,Group 57,1,17.15486111111111
INC0003669,Group 69,1,17.16111111111111
INC0003670,Group 70,1,19.5
INC0003671,Group 70,0,17.166666666666668
INC0003672,Group 70,0,19.875
INC0003673,Group 23,1,17.165277777777778
INC0003674,Group 25,1,17.159027777777776
INC0003675,Group 58,1,17.15277777777778
INC0003676,Group 70,1,17.15138888888889
INC0003677,Group 70,1,17.15138888888889
INC0003679,Group 23,1,17.15138888888889
INC0003680,Group 25,1,17.1625
INC0003681,Group 39,1,17.15
INC0003682,Group 39,1,17.154166666666665
INC0003683,Group 70,1,17.15972222222222
INC0003684,Group 23,1,17.147222222222222
INC0003685,Group 33,1,17.15277777777778
INC0003686,Group 55,1,17.15277777777778
INC0003687,Group 25,1,21.825
INC0003688,Group 28,1,17.145138888888887
INC0003689,Group 69,1,17.145138888888887
INC0003690,Group 29,1,30.03125
INC0003691,Group 57,1,17.15625
INC0003692,Group 72,1,46.78680555555555
INC0003693,Group 70,0,17.15
INC0003694,Group 70,0,17.149305555555557
INC0003696,Group 31,1,17.148611111111112
INC0003697,Group 9,0,17.154166666666665
INC0003700,Group 39,1,17.14027777777778
INC0003701,Group 70,1,20.027083333333334
INC0003702,Group 70,1,17.139583333333334
INC0003703,Group 70,1,19.858333333333334
INC0003704,Group 22,1,17.15
INC0003705,Group 37,1,17.136805555555554
INC0003706,Group 70,1,17.149305555555557
INC0003707,Group 10,1,19.023611111111112
INC0003708,Group 23,1,17.14236111111111
INC0003709,Group 70,1,17.134722222222223
INC0003710,Group 70,0,17.134722222222223
INC0003711,Group 57,1,17.134027777777778
INC0003712,Group 66,1,17.14027777777778
INC0003713,Group 39,1,17.133333333333333
INC0003714,Group 27,1,17.130555555555556
INC0003715,Group 24,1,26.85
INC0003716,Group 48,1,20.974305555555556
INC0003717,Group 70,1,17.134722222222223
INC0003718,Group 23,1,17.134027777777778
INC0003719,Group 73,1,17.134027777777778
INC0003720,Group 25,1,17.125694444444445
INC0003721,Group 74,1,17.138194444444444
INC0003722,Group 24,1,17.124305555555555
INC0003724,Group 25,0,17.12986111111111
INC0003725,Group 70,1,17.122916666666665
INC0003727,Group 66,1,17.12847222222222
INC0003728,Group 70,0,19.843055555555555
INC0003730,Group 31,1,17.12152777777778
INC0003731,Group 65,1,6.009722222222222
INC0003732,Group 29,1,34.925694444444446
INC0003735,Group 20,1,23.92361111111111
INC0003736,Group 28,1,17.124305555555555
INC0003737,Group 70,0,19.83888888888889
INC0003741,Group 70,0,17.127777777777776
INC0003745,Group 10,1,64.79652777777778
INC0003749,Group 70,1,19.829166666666666
INC0003750,Group 64,1,17.104166666666668
INC0003751,Group 66,1,29.947222222222223
INC0003765,Group 68,1,17.086805555555557
INC0003766,Group 70,0,17.09027777777778
INC0003768,Group 70,1,17.079166666666666
INC0003769,Group 70,1,17.07847222222222
INC0003773,Group 39,1,17.07777777777778
INC0003774,Group 28,1,17.084027777777777
INC0003776,Group 23,1,17.08888888888889
INC0003780,Group 73,1,48.71597222222222
INC0003781,Group 70,1,17.072222222222223
INC0003782,Group 70,0,19.793055555555554
INC0003784,Group 70,1,17.071527777777778
INC0003785,Group 50,1,17.075694444444444
INC0003786,Group 28,1,17.075694444444444
INC0003788,Group 70,1,27.913888888888888
INC0003789,Group 50,1,17.072222222222223
INC0003790,Group 70,0,17.07777777777778
INC0003791,Group 25,1,17.070138888888888
INC0003792,Group 6,1,17.07638888888889
INC0003795,Group 20,1,17.073611111111113
INC0003796,Group 22,1,17.06597222222222
INC0003797,Group 70,1,19.363194444444446
INC0003798,Group 20,1,27.946527777777778
INC0003799,Group 70,1,17.070833333333333
INC0003802,Group 39,1,17.054861111111112
INC0003803,Group 70,1,17.054861111111112
INC0003804,Group 45,1,17.052083333333332
INC0003805,Group 70,0,19.771527777777777
INC0003806,Group 70,1,17.045833333333334
INC0003808,Group 70,1,18.715972222222224
INC0003809,Group 25,1,76.71944444444445
INC0003810,Group 23,1,17.03472222222222
INC0003812,Group 27,1,17.04375
INC0003813,Group 46,1,17.036805555555556
INC0003815,Group 20,1,17.02638888888889
INC0003816,Group 48,1,20.911805555555556
INC0003817,Group 70,1,19.82777777777778
INC0003819,Group 10,1,39.9
INC0003820,Group 70,0,17.002083333333335
INC0003822,Group 70,1,17.002777777777776
INC0003824,Group 70,1,17.002777777777776
INC0003825,Group 70,1,16.98402777777778
INC0003826,Group 70,0,16.968055555555555
INC0003832,Group 33,1,16.95
INC0003833,Group 25,1,76.62222222222222
INC0003835,Group 70,0,16.9
INC0003836,Group 57,1,16.90486111111111
INC0003837,Group 24,1,16.880555555555556
INC0003838,Group 70,1,16.872222222222224
INC0003839,Group 39,1,16.863194444444446
INC0003841,Group 70,1,19.631944444444443
INC0003842,Group 48,1,20.70625
INC0003844,Group 23,1,16.813194444444445
INC0003847,Group 70,1,16.769444444444446
INC0003848,Group 39,1,16.7625
INC0003849,Group 70,1,16.760416666666668
INC0003851,Group 70,1,16.755555555555556
INC0003852,Group 70,1,16.755555555555556
INC0003853,Group 70,1,16.752083333333335
INC0003854,Group 70,1,16.75
INC0003856,Group 70,1,16.743055555555557
INC0003857,Group 27,1,16.742361111111112
INC0003858,Group 27,1,16.740277777777777
INC0003859,Group 65,1,16.740277777777777
INC0003861,Group 70,1,16.725694444444443
INC0003863,Group 70,1,16.677083333333332
INC0003864,Group 70,1,16.665277777777778
INC0003866,Group 70,1,16.643055555555556
INC0003867,Group 56,1,16.63888888888889
INC0003868,Group 28,1,16.638194444444444
INC0003869,Group 70,1,16.63125
INC0003870,Group 56,1,16.62986111111111
INC0003871,Group 70,1,16.629166666666666
INC0003873,Group 56,1,16.624305555555555
INC0003874,Group 56,1,16.62152777777778
INC0003875,Group 65,1,16.618055555555557
INC0003876,Group 48,1,20.49652777777778
INC0003878,Group 56,1,16.575
INC0003881,Group 70,1,16.55902777777778
INC0003883,Group 70,1,18.320138888888888
INC0003884,Group 33,1,16.538888888888888
INC0003886,Group 39,1,16.521527777777777
INC0003887,Group 70,1,16.51388888888889
INC0003888,Group 70,1,16.494444444444444
INC0003889,Group 70,1,0.15694444444444444
INC0003890,Group 23,1,16.465972222222224
INC0003891,Group 70,1,0.13819444444444445
INC0003892,Group 23,1,16.475694444444443
INC0003893,Group 70,0,18.180555555555557
INC0003894,Group 23,1,16.471527777777776
INC0003895,Group 70,1,16.455555555555556
INC0003897,Group 28,1,16.457638888888887
INC0003898,Group 23,1,16.4625
INC0003901,Group 23,1,16.447222222222223
INC0003902,Group 48,1,20.334722222222222
INC0003903,Group 70,0,16.455555555555556
INC0003904,Group 25,1,16.454166666666666
INC0003905,Group 70,1,16.441666666666666
INC0003906,Group 70,0,16.44097222222222
INC0003907,Group 28,1,16.447222222222223
INC0003908,Group 70,1,19.32847222222222
INC0003909,Group 25,1,76.125
INC0003910,Group 70,0,18.40972222222222
INC0003912,Group 28,1,16.44375
INC0003913,Group 39,1,16.45
INC0003914,Group 65,1,16.443055555555556
INC0003915,Group 28,1,16.443055555555556
INC0003916,Group 70,1,0.17916666666666667
INC0003918,Group 65,1,16.440277777777776
INC0003919,Group 39,1,16.433333333333334
INC0003920,Group 25,1,16.43888888888889
INC0003921,Group 27,1,20.320138888888888
INC0003923,Group 70,1,16.431944444444444
INC0003924,Group 15,1,24.98611111111111
INC0003925,Group 70,1,32.15277777777778
INC0003926,Group 70,1,20.31875
INC0003927,Group 24,1,16.44236111111111
INC0003928,Group 70,0,18.23402777777778
INC0003930,Group 70,0,16.429166666666667
INC0003931,Group 24,1,16.427777777777777
INC0003932,Group 24,1,16.427777777777777
INC0003934,Group 72,1,46.07222222222222
INC0003935,Group 70,0,18.272222222222222
INC0003936,Group 23,1,16.426388888888887
INC0003940,Group 46,1,16.43125
INC0003941,Group 72,1,42.234722222222224
INC0003942,Group 27,1,16.430555555555557
INC0003943,Group 73,1,16.429861111111112
INC0003944,Group 70,1,16.422916666666666
INC0003945,Group 70,0,16.422916666666666
INC0003946,Group 20,1,12.059722222222222
INC0003947,Group 27,1,11.100694444444445
INC0003948,Group 28,1,16.427083333333332
INC0003949,Group 23,1,16.42013888888889
INC0003950,Group 70,1,6.058333333333334
INC0003951,Group 27,1,16.426388888888887
INC0003952,Group 70,0,18.26597222222222
INC0003953,Group 70,1,16.431944444444444
INC0003954,Group 70,0,16.43125
INC0003955,Group 70,0,16.41875
INC0003956,Group 72,1,7.0569444444444445
INC0003957,Group 25,1,76.10277777777777
INC0003960,Group 66,1,16.429861111111112
INC0003961,Group 70,0,18.263194444444444
INC0003962,Group 70,0,16.417361111111113
INC0003964,Group 28,1,16.416666666666668
INC0003965,Group 28,1,6.344444444444444
INC0003968,Group 70,0,16.426388888888887
INC0003970,Group 70,0,16.4125
INC0003971,Group 28,1,11.091666666666667
INC0003972,Group 25,1,28.090972222222224
INC0003973,Group 73,1,16.418055555555554
INC0003974,Group 28,1,19.21527777777778
INC0003976,Group 70,1,18.17361111111111
INC0003977,Group 24,1,16.417361111111113
INC0003979,Group 70,0,16.409027777777776
INC0003980,Group 27,1,16.409027777777776
INC0003981,Group 39,1,16.408333333333335
INC0003982,Group 47,1,285.37916666666666
INC0003983,Group 24,1,16.413888888888888
INC0003984,Group 27,1,16.406944444444445
INC0003986,Group 70,0,24.794444444444444
INC0003987,Group 70,0,16.413194444444443
INC0003988,Group 70,1,16.418055555555554
INC0003989,Group 50,1,16.405555555555555
INC0003991,Group 65,1,16.40486111111111
INC0003993,Group 70,0,16.410416666666666
INC0003994,Group 30,1,194.08402777777778
INC0003995,Group 66,1,16.403472222222224
INC0003997,Group 27,1,16.413888888888888
INC0003998,Group 28,1,16.413194444444443
INC0003999,Group 70,1,16.400694444444444
INC0004000,Group 39,1,16.400694444444444
INC0004002,Group 28,1,16.405555555555555
INC0004003,Group 70,0,16.405555555555555
INC0004004,Group 20,1,16.399305555555557
INC0004005,Group 27,1,16.398611111111112
INC0004006,Group 39,1,16.398611111111112
INC0004007,Group 55,1,16.395833333333332
INC0004008,Group 70,1,16.395138888888887
INC0004009,Group 23,1,16.39375
INC0004010,Group 29,1,21.114583333333332
INC0004011,Group 70,1,18.15625
INC0004012,Group 39,1,16.393055555555556
INC0004013,Group 48,1,20.280555555555555
INC0004015,Group 23,1,16.398611111111112
INC0004016,Group 46,1,16.391666666666666
INC0004018,Group 27,1,16.39027777777778
INC0004021,Group 47,1,16.40138888888889
INC0004022,Group 6,1,16.38888888888889
INC0004024,Group 25,1,26.066666666666666
INC0004027,Group 70,0,16.39236111111111
INC0004028,Group 31,1,16.385416666666668
INC0004029,Group 70,1,16.385416666666668
INC0004030,Group 23,1,16.384722222222223
INC0004031,Group 23,1,16.384722222222223
INC0004032,Group 24,1,16.39097222222222
INC0004033,Group 25,1,16.39097222222222
INC0004034,Group 70,0,16.396527777777777
INC0004037,Group 70,1,16.381944444444443
INC0004040,Group 73,1,16.3875
INC0004041,Group 70,0,18.309722222222224
INC0004042,Group 25,1,76.06527777777778
INC0004043,Group 70,0,16.380555555555556
INC0004044,Group 50,1,16.379166666666666
INC0004045,Group 70,1,16.39097222222222
INC0004046,Group 27,1,16.37847222222222
INC0004049,Group 24,1,16.37638888888889
INC0004050,Group 10,1,34.05555555555556
INC0004051,Group 70,1,16.37638888888889
INC0004052,Group 24,1,19.263194444444444
INC0004053,Group 37,1,16.38125
INC0004055,Group 25,1,16.380555555555556
INC0004057,Group 33,1,16.372222222222224
INC0004059,Group 39,1,16.372222222222224
INC0004060,Group 47,1,16.383333333333333
INC0004061,Group 70,1,16.37013888888889
INC0004062,Group 70,1,16.369444444444444
INC0004063,Group 25,1,16.375694444444445
INC0004064,Group 55,1,16.375
INC0004065,Group 70,0,16.374305555555555
INC0004066,Group 72,1,27.04652777777778
INC0004067,Group 50,1,76.26041666666667
INC0004069,Group 70,1,16.366666666666667
INC0004070,Group 24,1,16.372222222222224
INC0004071,Group 25,1,16.372222222222224
INC0004073,Group 70,1,16.377777777777776
INC0004074,Group 24,1,16.364583333333332
INC0004078,Group 70,0,16.35763888888889
INC0004080,Group 24,1,16.356944444444444
INC0004081,Group 72,1,47.040277777777774
INC0004082,Group 55,1,16.355555555555554
INC0004083,Group 39,1,16.361805555555556
INC0004084,Group 27,1,16.354861111111113
INC0004086,Group 70,1,16.354861111111113
INC0004088,Group 29,1,16.35902777777778
INC0004089,Group 24,1,16.35902777777778
INC0004090,Group 27,1,16.352083333333333
INC0004091,Group 70,1,16.352083333333333
INC0004092,Group 66,1,59.49444444444445
INC0004093,Group 50,1,16.351388888888888
INC0004094,Group 70,1,16.351388888888888
INC0004095,Group 9,1,224.19791666666666
INC0004097,Group 70,1,16.363194444444446
INC0004098,Group 70,1,18.154166666666665
INC0004100,Group 72,1,16.347916666666666
INC0004101,Group 73,1,47.15763888888889
INC0004102,Group 70,1,16.34722222222222
INC0004109,Group 25,1,16.35902777777778
INC0004110,Group 55,1,16.345833333333335
INC0004111,Group 27,1,16.345833333333335
INC0004112,Group 39,1,16.345833333333335
INC0004114,Group 66,1,53.07013888888889
INC0004115,Group 22,1,25.35625
INC0004116,Group 61,1,67.15277777777777
INC0004117,Group 25,1,19.104861111111113
INC0004118,Group 28,1,16.354166666666668
INC0004119,Group 72,1,46.27569444444445
INC0004120,Group 25,1,16.34722222222222
INC0004123,Group 25,1,117.01944444444445
INC0004124,Group 73,1,16.345833333333335
INC0004125,Group 70,1,55.27361111111111
INC0004126,Group 46,1,16.33888888888889
INC0004128,Group 48,1,20.225694444444443
INC0004129,Group 24,1,32.975
INC0004130,Group 20,1,16.340972222222224
INC0004131,Group 28,1,19.929861111111112
INC0004132,Group 56,1,21.304861111111112
INC0004134,Group 27,1,5.179861111111111
INC0004135,Group 72,1,46.017361111111114
INC0004136,Group 65,1,29.12986111111111
INC0004137,Group 48,1,20.21736111111111
INC0004138,Group 70,1,16.336111111111112
INC0004139,Group 20,0,16.341666666666665
INC0004140,Group 29,1,16.340972222222224
INC0004141,Group 24,1,16.32847222222222
INC0004146,Group 50,1,16.333333333333332
INC0004147,Group 59,1,52.97013888888889
INC0004148,Group 70,1,16.33888888888889
INC0004149,Group 39,1,16.325694444444444
INC0004151,Group 24,1,16.33125
INC0004152,Group 72,1,46.009027777777774
INC0004156,Group 27,1,16.335416666666667
INC0004158,Group 50,1,16.32847222222222
INC0004159,Group 70,1,18.209722222222222
INC0004160,Group 25,1,16.320833333333333
INC0004161,Group 25,1,16.327083333333334
INC0004162,Group 25,1,16.332638888888887
INC0004164,Group 24,1,16.331944444444446
INC0004165,Group 70,0,16.33125
INC0004167,Group 73,1,16.323611111111113
INC0004170,Group 53,1,16.316666666666666
INC0004172,Group 6,1,16.329166666666666
INC0004174,Group 70,1,16.31597222222222
INC0004176,Group 54,1,16.315277777777776
INC0004177,Group 27,1,16.314583333333335
INC0004178,Group 70,0,16.320833333333333
INC0004180,Group 24,1,16.31875
INC0004181,Group 24,1,16.31875
INC0004182,Group 76,1,16.324305555555554
INC0004183,Group 34,1,20.28125
INC0004184,Group 23,1,17.90625
INC0004185,Group 70,1,16.316666666666666
INC0004186,Group 70,1,16.308333333333334
INC0004190,Group 70,1,16.306944444444444
INC0004191,Group 39,1,16.3125
INC0004194,Group 24,1,16.308333333333334
INC0004196,Group 70,1,16.3
INC0004199,Group 76,1,16.304861111111112
INC0004202,Group 22,1,16.29722222222222
INC0004204,Group 70,1,16.302777777777777
INC0004205,Group 30,1,16.30902777777778
INC0004210,Group 70,0,16.305555555555557
INC0004213,Group 24,1,16.291666666666668
INC0004215,Group 70,0,16.300694444444446
INC0004221,Group 73,1,16.288194444444443
INC0004232,Group 30,1,16.283333333333335
INC0004233,Group 27,1,16.283333333333335
INC0004234,Group 66,1,42.00347222222222
INC0004235,Group 39,1,16.28125
INC0004237,Group 55,1,16.274305555555557
INC0004238,Group 70,0,16.286805555555556
INC0004242,Group 48,1,20.159027777777776
INC0004243,Group 24,1,16.270833333333332
INC0004244,Group 31,1,24.948611111111113
INC0004245,Group 23,1,19.15625
INC0004248,Group 69,1,16.272222222222222
INC0004249,Group 66,1,16.278472222222224
INC0004251,Group 66,1,16.277083333333334
INC0004257,Group 25,1,24.980555555555554
INC0004258,Group 39,1,16.258333333333333
INC0004259,Group 65,1,16.269444444444446
INC0004261,Group 25,1,16.25347222222222
INC0004262,Group 25,1,16.259027777777778
INC0004266,Group 24,1,16.250694444444445
INC0004270,Group 70,0,16.24652777777778
INC0004271,Group 28,1,16.245833333333334
INC0004273,Group 30,1,16.240972222222222
INC0004280,Group 27,1,16.22013888888889
INC0004281,Group 70,1,16.22013888888889
INC0004282,Group 24,1,16.219444444444445
INC0004284,Group 23,1,16.225
INC0004286,Group 72,1,46.90555555555556
INC0004287,Group 25,1,75.90347222222222
INC0004289,Group 74,1,16.224305555555556
INC0004292,Group 24,1,16.215972222222224
INC0004293,Group 24,1,16.215972222222224
INC0004295,Group 70,0,18.102777777777778
INC0004296,Group 23,1,16.221527777777776
INC0004297,Group 70,0,16.214583333333334
INC0004298,Group 70,1,16.21388888888889
INC0004299,Group 70,1,16.213194444444444
INC0004300,Group 70,1,16.210416666666667
INC0004304,Group 70,1,16.206944444444446
INC0004305,Group 6,1,42.85
INC0004306,Group 5,1,16.205555555555556
INC0004307,Group 70,1,16.204166666666666
INC0004309,Group 70,0,16.204166666666666
INC0004317,Group 25,1,16.2125
INC0004319,Group 70,1,16.197916666666668
INC0004320,Group 72,1,46.88194444444444
INC0004322,Group 55,1,16.196527777777778
INC0004324,Group 58,1,16.195833333333333
INC0004327,Group 53,1,16.195138888888888
INC0004329,Group 70,1,16.20625
INC0004330,Group 20,1,16.191666666666666
INC0004332,Group 28,1,16.195833333333333
INC0004333,Group 70,0,18.159027777777776
INC0004334,Group 70,1,16.18611111111111
INC0004335,Group 28,1,16.197916666666668
INC0004336,Group 28,1,16.184722222222224
INC0004337,Group 70,1,16.18402777777778
INC0004339,Group 28,1,20.028472222222224
INC0004341,Group 20,1,16.19375
INC0004342,Group 70,1,16.19375
INC0004343,Group 70,1,16.193055555555556
INC0004345,Group 39,1,27.106944444444444
INC0004346,Group 70,1,18.898611111111112
INC0004347,Group 70,1,18.898611111111112
INC0004348,Group 70,1,16.189583333333335
INC0004349,Group 28,1,16.186805555555555
INC0004350,Group 70,0,18.144444444444446
INC0004351,Group 70,1,18.06111111111111
INC0004352,Group 74,1,18.977777777777778
INC0004353,Group 70,1,18.060416666666665
INC0004354,Group 70,1,16.17152777777778
INC0004355,Group 6,1,45.89652777777778
INC0004356,Group 70,1,18.056944444444444
INC0004359,Group 70,0,16.180555555555557
INC0004361,Group 33,1,16.165277777777778
INC0004362,Group 59,1,16.17152777777778
INC0004363,Group 25,1,16.177777777777777
INC0004364,Group 25,1,16.169444444444444
INC0004365,Group 70,0,16.166666666666668
INC0004367,Group 33,1,16.165972222222223
INC0004368,Group 6,1,18.045833333333334
INC0004370,Group 73,1,16.15625
INC0004371,Group 24,1,16.155555555555555
INC0004373,Group 20,1,16.15972222222222
INC0004375,Group 25,1,75.8375
INC0004377,Group 57,1,41.048611111111114
INC0004378,Group 70,1,18.87152777777778
INC0004380,Group 23,1,16.15486111111111
INC0004381,Group 24,1,16.147222222222222
INC0004382,Group 70,0,16.147222222222222
INC0004383,Group 70,1,16.147222222222222
INC0004387,Group 66,1,18.78125
INC0004388,Group 70,0,16.143055555555556
INC0004389,Group 39,1,16.143055555555556
INC0004390,Group 27,1,16.147222222222222
INC0004392,Group 29,1,16.15277777777778
INC0004394,Group 76,1,16.136805555555554
INC0004395,Group 72,1,45.821527777777774
INC0004396,Group 29,1,16.143055555555556
INC0004397,Group 27,1,16.136111111111113
INC0004398,Group 39,1,16.131944444444443
INC0004401,Group 57,1,69.77083333333333
INC0004405,Group 70,1,16.127083333333335
INC0004406,Group 70,1,16.125
INC0004408,Group 28,1,19.011805555555554
INC0004410,Group 70,1,31.427083333333332
INC0004411,Group 20,1,16.12847222222222
INC0004412,Group 70,1,17.96736111111111
INC0004413,Group 39,1,16.120833333333334
INC0004415,Group 66,1,52.97152777777778
INC0004416,Group 70,1,19.002777777777776
INC0004418,Group 39,1,16.1125
INC0004420,Group 70,1,16.10902777777778
INC0004421,Group 70,0,16.115277777777777
INC0004422,Group 70,1,16.10902777777778
INC0004423,Group 70,1,16.10763888888889
INC0004424,Group 70,1,16.105555555555554
INC0004426,Group 39,1,16.104166666666668
INC0004429,Group 39,1,16.102777777777778
INC0004430,Group 70,0,17.90486111111111
INC0004433,Group 70,1,16.095833333333335
INC0004434,Group 15,1,25.775
INC0004435,Group 25,1,75.77986111111112
INC0004436,Group 28,1,16.099305555555556
INC0004438,Group 73,1,16.091666666666665
INC0004440,Group 57,1,16.095833333333335
INC0004441,Group 73,1,16.089583333333334
INC0004442,Group 56,1,16.088194444444444
INC0004444,Group 25,1,17.76527777777778
INC0004448,Group 69,1,16.07847222222222
INC0004450,Group 70,1,16.084722222222222
INC0004452,Group 54,1,16.084027777777777
INC0004454,Group 28,0,19.756944444444443
INC0004455,Group 70,0,16.083333333333332
INC0004459,Group 70,0,26.92222222222222
INC0004461,Group 47,1,16.0875
INC0004462,Group 73,1,17.9625
INC0004463,Group 27,1,16.07986111111111
INC0004464,Group 39,1,16.07986111111111
INC0004465,Group 23,1,18.915972222222223
INC0004466,Group 56,1,18.706944444444446
INC0004467,Group 70,1,16.069444444444443
INC0004469,Group 70,1,16.080555555555556
INC0004471,Group 70,1,16.063194444444445
INC0004474,Group 26,1,16.066666666666666
INC0004476,Group 70,1,20.858333333333334
INC0004478,Group 5,1,16.060416666666665
INC0004479,Group 73,1,16.052777777777777
INC0004480,Group 5,1,16.049305555555556
INC0004482,Group 31,1,271.9270833333333
INC0004483,Group 39,1,16.039583333333333
INC0004485,Group 70,1,18.916666666666668
INC0004486,Group 22,1,16.038194444444443
INC0004487,Group 65,1,16.023611111111112
INC0004490,Group 70,1,18.73611111111111
INC0004491,Group 20,1,16.005555555555556
INC0004494,Group 72,1,46.706944444444446
INC0004498,Group 28,1,15.917361111111111
INC0004499,Group 70,1,15.92986111111111
INC0004500,Group 19,1,15.922222222222222
INC0004502,Group 25,1,75.58541666666666
INC0004503,Group 28,1,15.895138888888889
INC0004507,Group 70,1,15.841666666666667
INC0004508,Group 48,1,19.71527777777778
INC0004509,Group 70,1,15.821527777777778
INC0004512,Group 28,1,15.794444444444444
INC0004514,Group 39,1,15.772222222222222
INC0004517,Group 70,1,15.715972222222222
INC0004519,Group 73,1,15.715277777777779
INC0004520,Group 70,0,17.552083333333332
INC0004522,Group 65,1,15.678472222222222
INC0004523,Group 57,1,15.671527777777778
INC0004524,Group 70,1,15.6625
INC0004526,Group 70,1,15.654861111111112
INC0004527,Group 65,1,15.654166666666667
INC0004528,Group 70,1,17.497222222222224
INC0004532,Group 39,1,15.634722222222223
INC0004535,Group 70,1,39.361111111111114
INC0004539,Group 70,1,17.425
INC0004540,Group 70,1,15.578472222222222
INC0004541,Group 49,1,15.567361111111111
INC0004575,Group 70,1,15.471527777777778
INC0004577,Group 70,1,17.3125
INC0004581,Group 70,1,15.461805555555555
INC0004582,Group 64,0,15.45625
INC0004583,Group 28,1,18.254166666666666
INC0004584,Group 70,0,15.45625
INC0004585,Group 65,1,15.449305555555556
INC0004586,Group 70,1,18.169444444444444
INC0004587,Group 70,1,18.169444444444444
INC0004588,Group 70,0,17.04861111111111
INC0004589,Group 54,1,28.292361111111113
INC0004590,Group 24,1,15.446527777777778
INC0004591,Group 70,1,15.44513888888889
INC0004592,Group 70,1,15.44375
INC0004596,Group 39,1,15.445833333333333
INC0004597,Group 70,1,15.438888888888888
INC0004600,Group 70,1,15.440972222222221
INC0004602,Group 73,1,15.439583333333333
INC0004603,Group 70,1,15.433333333333334
INC0004604,Group 70,0,15.4375
INC0004605,Group 28,1,15.429166666666667
INC0004606,Group 39,1,15.428472222222222
INC0004607,Group 70,1,15.427777777777777
INC0004609,Group 25,1,15.433333333333334
INC0004610,Group 56,1,15.432638888888889
INC0004611,Group 70,1,32.02013888888889
INC0004612,Group 70,0,15.4375
INC0004613,Group 70,1,15.424305555555556
INC0004614,Group 73,1,15.429166666666667
INC0004615,Group 34,1,15.428472222222222
INC0004617,Group 23,1,15.427083333333334
INC0004618,Group 70,0,18.016666666666666
INC0004619,Group 49,1,15.41875
INC0004620,Group 24,1,15.424305555555556
INC0004621,Group 25,1,75.10208333333334
INC0004622,Group 70,0,15.429166666666667
INC0004624,Group 74,1,15.420833333333333
INC0004626,Group 70,1,15.425
INC0004628,Group 23,1,15.415277777777778
INC0004629,Group 70,1,15.409027777777778
INC0004633,Group 39,1,15.411111111111111
INC0004636,Group 61,1,80.25555555555556
INC0004637,Group 39,1,15.410416666666666
INC0004638,Group 70,1,15.408333333333333
INC0004640,Group 65,1,15.4125
INC0004641,Group 31,1,15.404166666666667
INC0004643,Group 70,1,15.395833333333334
INC0004644,Group 25,1,19.283333333333335
INC0004645,Group 28,1,15.402083333333334
INC0004647,Group 70,0,15.400694444444444
INC0004648,Group 74,1,61.24513888888889
INC0004650,Group 73,1,18.988888888888887
INC0004651,Group 24,1,15.390972222222222
INC0004653,Group 25,1,24.15138888888889
INC0004654,Group 49,1,15.386111111111111
INC0004655,Group 70,1,15.385416666666666
INC0004660,Group 31,1,15.383333333333333
INC0004661,Group 46,1,15.383333333333333
INC0004663,Group 25,1,24.020138888888887
INC0004665,Group 24,1,15.38263888888889
INC0004666,Group 55,1,15.38888888888889
INC0004667,Group 56,1,17.103472222222223
INC0004669,Group 70,1,15.381944444444445
INC0004670,Group 29,1,32.390972222222224
INC0004671,Group 70,1,18.14027777777778
INC0004673,Group 29,1,15.389583333333333
INC0004674,Group 21,1,15.38888888888889
INC0004676,Group 70,1,15.372916666666667
INC0004679,Group 28,1,15.369444444444444
INC0004686,Group 70,1,15.363888888888889
INC0004687,Group 22,1,74.00694444444444
INC0004688,Group 6,1,32.80625
INC0004689,Group 25,1,26.293055555555554
INC0004690,Group 55,1,15.369444444444444
INC0004691,Group 23,1,15.3625
INC0004692,Group 28,1,15.36736111111111
INC0004694,Group 23,1,131.08125
INC0004695,Group 70,0,15.365277777777777
INC0004696,Group 70,0,19.038194444444443
INC0004698,Group 65,1,15.361805555555556
INC0004699,Group 70,1,15.36736111111111
INC0004700,Group 70,0,15.360416666666667
INC0004702,Group 65,1,15.352777777777778
INC0004703,Group 24,1,15.359027777777778
INC0004706,Group 65,1,15.363888888888889
INC0004708,Group 70,0,15.3625
INC0004709,Group 69,1,15.349305555555556
INC0004712,Group 70,0,15.354166666666666
INC0004714,Group 70,1,17.191666666666666
INC0004718,Group 70,1,18.024305555555557
INC0004719,Group 3,1,15.35138888888889
INC0004720,Group 70,0,15.350694444444445
INC0004722,Group 54,1,15.350694444444445
INC0004723,Group 70,0,17.940277777777776
INC0004724,Group 65,1,15.35763888888889
INC0004725,Group 57,1,15.35
INC0004726,Group 75,1,28.10625
INC0004728,Group 49,1,26.188194444444445
INC0004729,Group 70,0,15.347222222222221
INC0004733,Group 30,1,25.019444444444446
INC0004735,Group 25,1,15.345833333333333
INC0004736,Group 29,1,33.14375
INC0004737,Group 10,1,25.310416666666665
INC0004738,Group 53,1,15.345138888888888
INC0004739,Group 70,1,18.184722222222224
INC0004741,Group 39,1,15.338194444444444
INC0004742,Group 70,1,15.338194444444444
INC0004744,Group 27,1,15.342361111111112
INC0004746,Group 33,1,15.334027777777777
INC0004748,Group 25,1,15.338888888888889
INC0004750,Group 69,1,15.331944444444444
INC0004751,Group 24,1,15.331944444444444
INC0004752,Group 65,1,15.33125
INC0004755,Group 24,1,15.33125
INC0004756,Group 27,1,15.32986111111111
INC0004759,Group 58,0,19.96736111111111
INC0004760,Group 65,1,73.09722222222223
INC0004761,Group 75,1,28.090972222222224
INC0004764,Group 23,1,15.340972222222222
INC0004765,Group 70,0,19.00625
INC0004767,Group 30,1,15.332638888888889
INC0004768,Group 70,1,18.005555555555556
INC0004774,Group 65,1,15.336805555555555
INC0004776,Group 28,1,15.329166666666667
INC0004779,Group 39,1,15.329166666666667
INC0004780,Group 70,1,15.321527777777778
INC0004782,Group 23,1,15.327777777777778
INC0004784,Group 70,1,15.319444444444445
INC0004785,Group 54,1,15.319444444444445
INC0004786,Group 70,1,15.31875
INC0004787,Group 70,0,17.914583333333333
INC0004789,Group 65,1,23.049305555555556
INC0004791,Group 24,1,15.323611111111111
INC0004792,Group 70,1,15.316666666666666
INC0004794,Group 70,1,15.313194444444445
INC0004796,Group 24,1,15.318055555555556
INC0004801,Group 30,1,15.316666666666666
INC0004802,Group 70,0,15.315972222222221
INC0004803,Group 65,1,33.15069444444445
INC0004808,Group 70,0,17.9
INC0004813,Group 39,1,15.303472222222222
INC0004814,Group 56,1,27.98263888888889
INC0004816,Group 22,1,7.190277777777778
INC0004817,Group 39,1,15.309027777777779
INC0004818,Group 25,1,15.309027777777779
INC0004820,Group 70,0,15.308333333333334
INC0004821,Group 25,1,74.98472222222222
INC0004822,Group 65,1,23.029166666666665
INC0004824,Group 70,0,15.309722222222222
INC0004825,Group 25,1,15.29513888888889
INC0004828,Group 29,1,15.307638888888889
INC0004829,Group 53,1,15.300694444444444
INC0004831,Group 49,1,15.292361111111111
INC0004834,Group 46,1,15.297916666666667
INC0004835,Group 70,0,25.261805555555554
INC0004838,Group 24,1,15.289583333333333
INC0004839,Group 65,1,15.302083333333334
INC0004840,Group 23,1,15.295833333333333
INC0004841,Group 70,1,15.28888888888889
INC0004842,Group 62,1,15.288194444444445
INC0004843,Group 72,1,45.97291666666667
INC0004844,Group 21,1,38.97083333333333
INC0004845,Group 70,1,17.96527777777778
INC0004846,Group 57,1,27.839583333333334
INC0004851,Group 70,1,18.044444444444444
INC0004855,Group 39,1,15.286805555555556
INC0004856,Group 39,1,15.290277777777778
INC0004857,Group 39,1,15.282638888888888
INC0004858,Group 65,1,18.93125
INC0004859,Group 72,1,26.954166666666666
INC0004860,Group 65,1,15.277777777777779
INC0004861,Group 23,1,15.277083333333334
INC0004862,Group 28,1,15.276388888888889
INC0004863,Group 25,1,25.28125
INC0004864,Group 20,1,25.194444444444443
INC0004869,Group 70,0,19.185416666666665
INC0004871,Group 70,0,18.930555555555557
INC0004872,Group 23,1,15.261111111111111
INC0004877,Group 25,1,74.925
INC0004879,Group 73,1,46.09027777777778
INC0004880,Group 37,1,39.922916666666666
INC0004882,Group 24,1,15.24236111111111
INC0004883,Group 33,1,15.244444444444444
INC0004884,Group 73,1,15.236805555555556
INC0004885,Group 25,1,15.241666666666667
INC0004886,Group 28,1,15.227777777777778
INC0004887,Group 25,1,15.234027777777778
INC0004889,Group 66,1,15.239583333333334
INC0004893,Group 24,1,15.230555555555556
INC0004895,Group 70,1,15.233333333333333
INC0004896,Group 70,0,15.23125
INC0004899,Group 70,0,15.222916666666666
INC0004901,Group 12,1,15.220833333333333
INC0004903,Group 25,1,23.85
INC0004904,Group 28,1,15.217361111111112
INC0004907,Group 70,1,15.214583333333334
INC0004908,Group 39,1,15.220833333333333
INC0004909,Group 70,0,15.220833333333333
INC0004910,Group 70,0,15.213194444444444
INC0004911,Group 73,1,15.2125
INC0004912,Group 25,1,27.051388888888887
INC0004913,Group 29,1,25.091666666666665
INC0004916,Group 68,1,15.203472222222222
INC0004917,Group 66,1,15.209722222222222
INC0004918,Group 31,1,15.209027777777777
INC0004919,Group 70,0,15.213888888888889
INC0004925,Group 70,1,15.202777777777778
INC0004930,Group 70,1,15.206944444444444
INC0004932,Group 70,1,15.204166666666667
INC0004935,Group 23,1,24.07638888888889
INC0004938,Group 24,1,15.185416666666667
INC0004939,Group 31,1,15.191666666666666
INC0004940,Group 70,0,15.190972222222221
INC0004941,Group 70,1,15.183333333333334
INC0004942,Group 23,1,15.188888888888888
INC0004943,Group 23,1,15.18125
INC0004945,Group 70,0,16.81736111111111
INC0004946,Group 70,1,17.85902777777778
INC0004947,Group 10,1,75.15555555555555
INC0004949,Group 24,1,15.177083333333334
INC0004951,Group 70,0,17.8125
INC0004952,Group 73,1,16.81111111111111
INC0004953,Group 70,1,18.01875
INC0004955,Group 10,1,32.85069444444444
INC0004956,Group 24,1,15.178472222222222
INC0004957,Group 70,0,15.176388888888889
INC0004959,Group 10,1,33.09722222222222
INC0004961,Group 73,1,25.096527777777776
INC0004963,Group 70,0,15.178472222222222
INC0004965,Group 70,0,28.552777777777777
INC0004966,Group 39,1,15.17013888888889
INC0004968,Group 70,0,15.169444444444444
INC0004969,Group 28,1,15.175694444444444
INC0004971,Group 70,1,17.79861111111111
INC0004973,Group 25,1,26.047916666666666
INC0004974,Group 70,1,15.160416666666666
INC0004977,Group 25,1,25.879166666666666
INC0004981,Group 70,1,15.155555555555555
INC0004982,Group 70,0,15.161805555555556
INC0004985,Group 39,1,15.166666666666666
INC0004986,Group 20,0,15.160416666666666
INC0004987,Group 70,0,15.159722222222221
INC0004990,Group 48,1,19.039583333333333
INC0004993,Group 75,1,27.9125
INC0004994,Group 70,1,15.1625
INC0004995,Group 64,1,15.15625
INC0004996,Group 70,1,15.149305555555555
INC0004997,Group 70,0,15.154861111111112
INC0004998,Group 27,1,15.154861111111112
INC0005001,Group 66,1,15.159722222222221
INC0005003,Group 25,1,23.908333333333335
INC0005007,Group 25,1,26.03125
INC0005008,Group 25,1,115.8625
INC0005012,Group 70,1,15.139583333333333
INC0005014,Group 70,0,15.139583333333333
INC0005016,Group 70,0,15.14236111111111
INC0005017,Group 57,1,15.135416666666666
INC0005018,Group 39,1,15.134722222222223
INC0005019,Group 70,0,17.76388888888889
INC0005020,Group 31,1,15.126388888888888
INC0005021,Group 55,1,15.13125
INC0005023,Group 70,1,15.121527777777779
INC0005024,Group 27,1,15.127083333333333
INC0005025,Group 70,1,15.120138888888889
INC0005027,Group 70,1,19.92361111111111
INC0005030,Group 23,1,15.129861111111111
INC0005033,Group 10,1,53.923611111111114
INC0005034,Group 70,0,15.126388888888888
INC0005035,Group 70,0,15.113194444444444
INC0005036,Group 57,1,19.997222222222224
INC0005037,Group 27,1,15.116666666666667
INC0005038,Group 70,0,20.705555555555556
INC0005039,Group 72,1,26.747222222222224
INC0005041,Group 10,1,34.829861111111114
INC0005042,Group 28,1,15.114583333333334
INC0005043,Group 66,1,15.119444444444444
INC0005044,Group 22,1,15.1125
INC0005046,Group 70,0,19.034027777777776
INC0005047,Group 10,1,54.78611111111111
INC0005049,Group 10,1,124.78333333333333
INC0005052,Group 70,0,16.6875
INC0005057,Group 10,1,40.730555555555554
INC0005058,Group 70,1,15.0875
INC0005059,Group 70,0,16.681944444444444
INC0005063,Group 25,0,15.089583333333334
INC0005064,Group 70,0,18.177777777777777
INC0005067,Group 25,1,15.086805555555555
INC0005069,Group 70,0,17.83888888888889
INC0005070,Group 70,1,15.072916666666666
INC0005074,Group 23,1,31.706944444444446
INC0005076,Group 29,0,17.829166666666666
INC0005077,Group 39,1,15.072222222222223
INC0005078,Group 39,1,15.071527777777778
INC0005080,Group 55,1,15.070833333333333
INC0005082,Group 33,1,0.9409722222222222
INC0005083,Group 15,1,24.695138888888888
INC0005086,Group 10,1,15.065277777777778
INC0005089,Group 66,1,15.042361111111111
INC0005092,Group 10,1,62.75277777777778
INC0005093,Group 23,1,15.031944444444445
INC0005095,Group 39,1,15.025694444444444
INC0005096,Group 10,1,34.863194444444446
INC0005098,Group 65,1,38.90902777777778
INC0005101,Group 76,1,15.009027777777778
INC0005104,Group 55,1,15.0
INC0005105,Group 39,1,14.995833333333334
INC0005112,Group 24,1,14.8375
INC0005114,Group 10,1,14.822222222222223
INC0005118,Group 70,1,24.51527777777778
INC0005121,Group 70,1,14.776388888888889
INC0005124,Group 70,1,14.736805555555556
INC0005125,Group 55,1,14.718055555555555
INC0005131,Group 70,1,14.6375
INC0005136,Group 25,1,45.26875
INC0005139,Group 70,1,14.539583333333333
INC0005142,Group 28,1,14.504166666666666
INC0005144,Group 19,1,14.483333333333333
INC0005147,Group 70,0,14.474305555555556
INC0005148,Group 70,1,14.461805555555555
INC0005149,Group 55,1,46.05555555555556
INC0005150,Group 70,1,14.465972222222222
INC0005153,Group 70,1,14.457638888888889
INC0005157,Group 70,0,14.45625
INC0005161,Group 70,0,14.45
INC0005162,Group 39,1,14.454166666666667
INC0005163,Group 70,0,14.447222222222223
INC0005164,Group 24,1,14.44513888888889
INC0005166,Group 39,1,14.442361111111111
INC0005168,Group 24,1,14.441666666666666
INC0005169,Group 24,1,14.440277777777778
INC0005170,Group 66,1,14.445833333333333
INC0005171,Group 39,1,14.439583333333333
INC0005172,Group 70,0,14.4375
INC0005174,Group 23,1,14.435416666666667
INC0005175,Group 66,1,14.441666666666666
INC0005176,Group 6,1,14.434722222222222
INC0005178,Group 64,1,14.42986111111111
INC0005179,Group 24,1,59.31527777777778
INC0005181,Group 70,0,14.427083333333334
INC0005182,Group 70,1,14.425694444444444
INC0005183,Group 28,1,14.425
INC0005184,Group 23,1,14.425
INC0005185,Group 70,1,14.424305555555556
INC0005191,Group 70,0,14.420833333333333
INC0005192,Group 25,1,14.414583333333333
INC0005194,Group 70,0,16.084027777777777
INC0005196,Group 25,1,16.372916666666665
INC0005199,Group 70,1,14.408333333333333
INC0005200,Group 28,1,61.00277777777778
INC0005201,Group 70,0,25.247222222222224
INC0005202,Group 23,1,14.407638888888888
INC0005203,Group 70,1,14.41388888888889
INC0005204,Group 72,1,54.37638888888889
INC0005205,Group 70,0,18.245833333333334
INC0005206,Group 66,1,14.4125
INC0005207,Group 70,0,14.403472222222222
INC0005211,Group 58,1,18.199305555555554
INC0005213,Group 25,1,115.11597222222223
INC0005214,Group 23,1,14.407638888888888
INC0005215,Group 30,1,27.072222222222223
INC0005216,Group 70,1,14.4
INC0005217,Group 70,1,14.404166666666667
INC0005218,Group 20,0,14.397916666666667
INC0005220,Group 70,0,14.397222222222222
INC0005222,Group 70,1,14.395138888888889
INC0005223,Group 70,1,14.394444444444444
INC0005225,Group 20,0,14.39375
INC0005226,Group 33,0,44.363194444444446
INC0005227,Group 70,1,17.274305555555557
INC0005229,Group 27,1,14.39236111111111
INC0005230,Group 27,1,14.39236111111111
INC0005231,Group 23,1,14.39236111111111
INC0005232,Group 65,1,14.397916666666667
INC0005233,Group 57,1,19.272222222222222
INC0005234,Group 73,1,17.979861111111113
INC0005235,Group 28,1,14.389583333333333
INC0005239,Group 23,1,16.14375
INC0005240,Group 70,0,14.394444444444444
INC0005244,Group 29,1,14.393055555555556
INC0005245,Group 73,1,24.30763888888889
INC0005246,Group 20,0,14.38263888888889
INC0005250,Group 70,1,14.379861111111111
INC0005253,Group 25,1,25.300694444444446
INC0005254,Group 25,1,27.29861111111111
INC0005255,Group 39,1,14.376388888888888
INC0005256,Group 27,1,14.375694444444445
INC0005260,Group 70,1,14.374305555555555
INC0005261,Group 66,1,14.374305555555555
INC0005264,Group 53,1,14.372222222222222
INC0005266,Group 61,1,66.00625
INC0005267,Group 27,1,14.373611111111112
INC0005268,Group 66,1,55.169444444444444
INC0005269,Group 25,1,14.368055555555555
INC0005271,Group 29,0,14.364583333333334
INC0005273,Group 23,1,14.35625
INC0005274,Group 39,1,14.355555555555556
INC0005275,Group 29,1,23.277083333333334
INC0005277,Group 3,1,184.27708333333334
INC0005281,Group 22,1,14.353472222222223
INC0005282,Group 39,1,14.359722222222222
INC0005289,Group 72,1,34.270833333333336
INC0005290,Group 27,1,14.353472222222223
INC0005293,Group 22,1,41.357638888888886
INC0005294,Group 10,1,38.94583333333333
INC0005295,Group 70,1,17.226388888888888
INC0005296,Group 23,1,14.345833333333333
INC0005297,Group 70,1,14.345138888888888
INC0005298,Group 10,1,52.06458333333333
INC0005300,Group 24,1,14.350694444444445
INC0005303,Group 10,1,67.0625
INC0005305,Group 70,1,18.180555555555557
INC0005306,Group 15,1,17.34722222222222
INC0005307,Group 23,1,23.179861111111112
INC0005308,Group 25,1,23.096527777777776
INC0005310,Group 23,1,14.339583333333334
INC0005312,Group 31,1,43.97430555555555
INC0005313,Group 33,1,14.342361111111112
INC0005315,Group 70,1,14.334027777777777
INC0005316,Group 30,1,14.334027777777777
INC0005317,Group 70,0,14.339583333333334
INC0005318,Group 70,1,14.33125
INC0005321,Group 30,1,14.32986111111111
INC0005322,Group 29,1,14.335416666666667
INC0005323,Group 24,1,14.329166666666667
INC0005325,Group 28,1,14.327777777777778
INC0005327,Group 70,1,14.32638888888889
INC0005331,Group 27,1,14.321527777777778
INC0005333,Group 72,1,25.99375
INC0005335,Group 70,0,18.159027777777776
INC0005336,Group 50,1,36.99652777777778
INC0005338,Group 70,1,14.317361111111111
INC0005340,Group 34,1,14.316666666666666
INC0005345,Group 39,1,14.314583333333333
INC0005346,Group 31,1,14.314583333333333
INC0005347,Group 70,1,14.313194444444445
INC0005349,Group 39,1,14.3125
INC0005350,Group 70,0,14.311111111111112
INC0005351,Group 70,1,14.316666666666666
INC0005352,Group 70,1,14.309722222222222
INC0005353,Group 70,1,14.309722222222222
INC0005354,Group 70,1,14.309722222222222
INC0005355,Group 5,1,14.309722222222222
INC0005356,Group 24,1,14.30625
INC0005357,Group 70,1,14.30625
INC0005358,Group 70,0,14.305555555555555
INC0005359,Group 23,1,14.304166666666667
INC0005360,Group 58,1,14.304166666666667
INC0005361,Group 70,1,14.304166666666667
INC0005362,Group 57,1,19.18402777777778
INC0005363,Group 20,1,37.18888888888889
INC0005364,Group 70,1,14.301388888888889
INC0005365,Group 70,0,17.97361111111111
INC0005366,Group 70,1,14.3
INC0005367,Group 69,1,18.179861111111112
INC0005369,Group 70,0,14.299305555555556
INC0005371,Group 70,0,14.297222222222222
INC0005372,Group 70,1,14.297222222222222
INC0005374,Group 39,1,14.296527777777778
INC0005375,Group 70,0,14.294444444444444
INC0005379,Group 70,1,14.289583333333333
INC0005380,Group 70,1,17.17013888888889
INC0005382,Group 25,1,14.288194444444445
INC0005383,Group 33,1,60.172916666666666
INC0005385,Group 70,0,14.284722222222221
INC0005387,Group 70,1,17.038194444444443
INC0005389,Group 76,1,14.284027777777778
INC0005391,Group 5,1,18.865277777777777
INC0005392,Group 70,0,14.27361111111111
INC0005395,Group 56,1,14.268055555555556
INC0005398,Group 70,1,16.854166666666668
INC0005399,Group 21,1,19.270138888888887
INC0005400,Group 70,0,15.978472222222223
INC0005401,Group 66,1,14.269444444444444
INC0005402,Group 54,1,14.263194444444444
INC0005403,Group 56,1,14.269444444444444
INC0005404,Group 70,1,24.268055555555556
INC0005408,Group 28,1,14.255555555555556
INC0005411,Group 70,1,14.254861111111111
INC0005412,Group 70,0,14.254861111111111
INC0005413,Group 25,1,14.25763888888889
INC0005415,Group 70,1,14.248611111111112
INC0005417,Group 23,1,14.247222222222222
INC0005418,Group 70,1,14.246527777777779
INC0005419,Group 70,0,14.246527777777779
INC0005421,Group 70,1,19.038888888888888
INC0005424,Group 73,1,24.156944444444445
INC0005425,Group 70,1,14.233333333333333
INC0005427,Group 70,1,14.231944444444444
INC0005429,Group 76,1,14.229166666666666
INC0005430,Group 70,0,14.234722222222222
INC0005432,Group 70,1,14.227777777777778
INC0005434,Group 27,1,14.22638888888889
INC0005435,Group 76,1,14.225
INC0005438,Group 22,1,14.222916666666666
INC0005439,Group 20,0,14.222222222222221
INC0005440,Group 70,1,14.220833333333333
INC0005443,Group 70,0,14.219444444444445
INC0005445,Group 23,1,31.97222222222222
INC0005446,Group 21,1,14.213194444444444
INC0005447,Group 55,1,24.051388888888887
INC0005448,Group 75,1,25.218055555555555
INC0005449,Group 70,1,14.210416666666667
INC0005450,Group 39,1,31.131944444444443
INC0005454,Group 20,1,14.202083333333333
INC0005457,Group 65,1,14.204166666666667
INC0005460,Group 70,0,14.197222222222223
INC0005461,Group 70,1,16.950694444444444
INC0005462,Group 72,1,25.825
INC0005463,Group 70,1,16.825
INC0005464,Group 70,1,14.192361111111111
INC0005466,Group 76,1,14.192361111111111
INC0005467,Group 23,1,22.904166666666665
INC0005468,Group 20,1,21.070138888888888
INC0005469,Group 70,1,17.02777777777778
INC0005470,Group 23,1,16.90277777777778
INC0005474,Group 70,1,14.19375
INC0005475,Group 28,1,25.149305555555557
INC0005476,Group 28,1,14.190972222222221
INC0005477,Group 25,1,24.936805555555555
INC0005478,Group 73,1,17.851388888888888
INC0005479,Group 70,1,14.178472222222222
INC0005480,Group 46,1,24.891666666666666
INC0005484,Group 24,1,14.177083333333334
INC0005486,Group 72,1,24.929166666666667
INC0005487,Group 70,0,22.761805555555554
INC0005488,Group 25,1,17.011111111111113
INC0005489,Group 24,1,14.177777777777777
INC0005492,Group 70,1,14.169444444444444
INC0005499,Group 27,1,14.172222222222222
INC0005500,Group 6,1,32.87986111111111
INC0005501,Group 39,1,14.164583333333333
INC0005503,Group 70,1,14.16388888888889
INC0005504,Group 70,1,14.163194444444445
INC0005505,Group 70,1,17.002083333333335
INC0005507,Group 23,1,14.159722222222221
INC0005508,Group 24,1,14.164583333333333
INC0005510,Group 70,1,16.45347222222222
INC0005511,Group 70,0,14.155555555555555
INC0005512,Group 70,0,14.155555555555555
INC0005513,Group 70,1,14.152777777777779
INC0005514,Group 24,0,14.152083333333334
INC0005515,Group 55,1,14.152083333333334
INC0005516,Group 70,0,14.152083333333334
INC0005518,Group 23,1,14.150694444444444
INC0005519,Group 70,1,16.77986111111111
INC0005522,Group 70,1,17.98611111111111
INC0005523,Group 70,1,16.90138888888889
INC0005525,Group 73,1,24.06736111111111
INC0005528,Group 72,1,37.77986111111111
INC0005530,Group 6,1,14.14861111111111
INC0005531,Group 30,1,19.022916666666667
INC0005535,Group 70,0,14.14236111111111
INC0005538,Group 39,1,14.136111111111111
INC0005539,Group 70,1,14.129166666666666
INC0005540,Group 70,0,14.129166666666666
INC0005543,Group 29,1,14.131944444444445
INC0005545,Group 70,1,16.879166666666666
INC0005546,Group 70,1,16.961805555555557
INC0005547,Group 70,1,14.122222222222222
INC0005548,Group 27,1,14.122222222222222
INC0005549,Group 23,1,14.120833333333334
INC0005552,Group 31,1,14.116666666666667
INC0005554,Group 24,1,14.114583333333334
INC0005556,Group 70,0,26.95277777777778
INC0005558,Group 66,1,18.70138888888889
INC0005559,Group 24,1,14.111805555555556
INC0005564,Group 55,1,14.104166666666666
INC0005565,Group 22,1,22.943055555555556
INC0005566,Group 54,1,14.104166666666666
INC0005567,Group 24,1,14.102777777777778
INC0005568,Group 24,1,14.10138888888889
INC0005569,Group 25,1,15.85625
INC0005570,Group 20,1,14.105555555555556
INC0005571,Group 66,1,14.102083333333333
INC0005573,Group 25,1,18.76736111111111
INC0005575,Group 24,1,14.091666666666667
INC0005576,Group 70,0,14.096527777777778
INC0005577,Group 46,1,14.0875
INC0005579,Group 25,1,26.008333333333333
INC0005580,Group 46,1,14.084722222222222
INC0005582,Group 30,1,14.080555555555556
INC0005585,Group 37,1,25.794444444444444
INC0005588,Group 70,0,14.077777777777778
INC0005589,Group 25,1,14.083333333333334
INC0005590,Group 70,0,18.665972222222223
INC0005591,Group 70,1,14.077083333333333
INC0005595,Group 20,1,14.075
INC0005598,Group 29,1,16.995833333333334
INC0005600,Group 3,1,9.829166666666667
INC0005601,Group 23,1,14.071527777777778
INC0005602,Group 28,1,14.07638888888889
INC0005603,Group 37,1,22.908333333333335
INC0005605,Group 39,1,14.068055555555556
INC0005606,Group 28,1,14.065972222222221
INC0005607,Group 37,1,66.03541666666666
INC0005608,Group 70,1,16.775694444444444
INC0005612,Group 6,1,87.69583333333334
INC0005615,Group 70,1,16.768055555555556
INC0005618,Group 70,1,16.76388888888889
INC0005619,Group 37,1,72.68472222222222
INC0005620,Group 39,1,14.047222222222222
INC0005621,Group 25,1,14.050694444444444
INC0005622,Group 70,1,16.758333333333333
INC0005623,Group 22,1,74.97222222222223
INC0005625,Group 37,1,58.00972222222222
INC0005626,Group 22,1,17.920833333333334
INC0005627,Group 39,1,14.033333333333333
INC0005628,Group 70,1,14.0375
INC0005631,Group 70,0,14.029166666666667
INC0005633,Group 64,1,14.020138888888889
INC0005634,Group 39,1,14.016666666666667
INC0005642,Group 55,1,13.988194444444444
INC0005643,Group 70,1,16.700694444444444
INC0005644,Group 70,1,16.699305555555554
INC0005645,Group 39,1,13.984027777777778
INC0005647,Group 69,1,13.967361111111112
INC0005649,Group 25,1,13.872222222222222
INC0005680,Group 70,1,13.666666666666666
INC0005690,Group 70,0,0.009722222222222222
INC0005693,Group 70,1,13.627777777777778
INC0005694,Group 20,1,0.001388888888888889
INC0005695,Group 28,1,33.297916666666666
INC0005696,Group 70,1,13.624305555555555
INC0005697,Group 70,1,13.622916666666667
INC0005698,Group 48,1,17.49375
INC0005700,Group 20,1,0.5513888888888889
INC0005702,Group 70,1,13.522222222222222
INC0005705,Group 70,1,13.5
INC0005706,Group 51,1,13.504861111111111
INC0005708,Group 70,1,16.250694444444445
INC0005713,Group 70,1,13.48125
INC0005714,Group 33,1,52.15
INC0005715,Group 70,0,13.470833333333333
INC0005716,Group 27,1,13.463888888888889
INC0005717,Group 70,1,13.456944444444444
INC0005718,Group 70,1,13.456944444444444
INC0005720,Group 65,1,13.45486111111111
INC0005721,Group 28,1,13.459027777777777
INC0005723,Group 29,1,18.370833333333334
INC0005724,Group 70,1,16.07777777777778
INC0005725,Group 39,1,17.105555555555554
INC0005727,Group 72,1,36.37152777777778
INC0005728,Group 39,1,13.443055555555556
INC0005731,Group 70,0,13.439583333333333
INC0005732,Group 27,1,13.438888888888888
INC0005733,Group 65,1,13.444444444444445
INC0005735,Group 70,1,13.43125
INC0005736,Group 70,1,13.434027777777779
INC0005737,Group 76,1,13.433333333333334
INC0005739,Group 70,1,13.427083333333334
INC0005740,Group 24,1,13.427083333333334
INC0005741,Group 39,1,13.427083333333334
INC0005742,Group 70,0,13.426388888888889
INC0005743,Group 39,1,13.430555555555555
INC0005744,Group 25,1,16.263194444444444
INC0005745,Group 20,1,3.1395833333333334
INC0005746,Group 55,1,36.1
INC0005749,Group 24,1,13.421527777777778
INC0005751,Group 70,1,13.42013888888889
INC0005752,Group 70,0,17.34236111111111
INC0005754,Group 70,1,13.426388888888889
INC0005756,Group 55,1,13.41875
INC0005757,Group 70,0,17.132638888888888
INC0005759,Group 6,1,13.417361111111111
INC0005760,Group 3,1,13.417361111111111
INC0005762,Group 70,0,13.422916666666667
INC0005765,Group 70,1,13.415277777777778
INC0005766,Group 70,0,13.414583333333333
INC0005767,Group 23,1,13.418055555555556
INC0005768,Group 70,1,13.411805555555556
INC0005769,Group 9,1,199.2097222222222
INC0005771,Group 75,1,58.09097222222222
INC0005772,Group 70,1,13.409722222222221
INC0005773,Group 70,1,13.409722222222221
INC0005775,Group 70,1,13.409027777777778
INC0005776,Group 70,1,13.408333333333333
INC0005777,Group 24,1,13.407638888888888
INC0005778,Group 29,1,13.413194444444445
INC0005779,Group 74,1,22.120833333333334
INC0005781,Group 70,1,13.40625
INC0005782,Group 70,0,13.411805555555556
INC0005783,Group 70,1,13.409722222222221
INC0005784,Group 70,1,16.158333333333335
INC0005785,Group 27,1,15.073611111111111
INC0005786,Group 70,1,13.400694444444444
INC0005789,Group 70,1,23.154166666666665
INC0005790,Group 30,1,13.404166666666667
INC0005791,Group 70,0,13.397222222222222
INC0005792,Group 50,1,13.396527777777777
INC0005794,Group 24,1,13.395138888888889
INC0005796,Group 39,1,13.4
INC0005797,Group 70,0,13.4
INC0005798,Group 70,1,13.39375
INC0005799,Group 70,1,13.393055555555556
INC0005801,Group 66,1,13.397916666666667
INC0005802,Group 25,1,13.397916666666667
INC0005803,Group 37,1,13.390972222222222
INC0005805,Group 25,0,13.38888888888889
INC0005806,Group 70,1,13.38888888888889
INC0005808,Group 10,1,53.27430555555556
INC0005809,Group 39,1,13.39375
INC0005810,Group 70,0,13.386805555555556
INC0005811,Group 70,1,13.386805555555556
INC0005812,Group 70,1,17.266666666666666
INC0005814,Group 70,0,13.390972222222222
INC0005815,Group 70,1,13.38263888888889
INC0005816,Group 70,1,13.38263888888889
INC0005818,Group 73,1,22.013194444444444
INC0005819,Group 70,0,22.970833333333335
INC0005821,Group 70,1,13.38125
INC0005830,Group 70,0,13.375
INC0005831,Group 10,1,88.34305555555555
INC0005833,Group 49,1,13.372222222222222
INC0005834,Group 10,1,61.05
INC0005835,Group 24,1,13.371527777777779
INC0005836,Group 48,1,17.250694444444445
INC0005837,Group 70,0,13.370138888888889
INC0005842,Group 50,1,13.372916666666667
INC0005843,Group 55,1,13.366666666666667
INC0005845,Group 70,1,13.363888888888889
INC0005848,Group 10,1,38.16597222222222
INC0005851,Group 70,1,15.114583333333334
INC0005853,Group 72,1,25.030555555555555
INC0005854,Group 70,1,23.113194444444446
INC0005855,Group 70,1,13.35625
INC0005856,Group 3,1,17.320138888888888
INC0005860,Group 73,1,17.023611111111112
INC0005861,Group 57,1,13.35138888888889
INC0005863,Group 70,1,13.35138888888889
INC0005864,Group 70,0,13.35625
INC0005867,Group 70,1,13.348611111111111
INC0005873,Group 72,1,31.225
INC0005874,Group 25,1,13.350694444444445
INC0005875,Group 70,1,13.34375
INC0005876,Group 65,1,13.34375
INC0005878,Group 70,0,16.18125
INC0005879,Group 20,1,13.348611111111111
INC0005880,Group 70,0,16.180555555555557
INC0005882,Group 39,1,13.345833333333333
INC0005883,Group 58,1,13.339583333333334
INC0005884,Group 22,1,11.304166666666667
INC0005886,Group 70,1,13.338194444444444
INC0005891,Group 70,1,13.33611111111111
INC0005894,Group 33,1,13.340972222222222
INC0005895,Group 54,1,0.2
INC0005897,Group 34,1,278.25555555555553
INC0005898,Group 70,1,13.331944444444444
INC0005899,Group 70,1,13.3375
INC0005900,Group 33,1,13.336805555555555
INC0005901,Group 70,0,16.127083333333335
INC0005902,Group 70,1,13.33611111111111
INC0005903,Group 73,1,16.959722222222222
INC0005905,Group 31,1,13.327777777777778
INC0005906,Group 70,1,13.327777777777778
INC0005907,Group 39,1,13.331944444444444
INC0005908,Group 70,0,13.325
INC0005910,Group 25,1,32.99652777777778
INC0005911,Group 25,1,15.286111111111111
INC0005915,Group 73,1,13.325
INC0005916,Group 55,1,13.325
INC0005917,Group 25,1,23.240277777777777
INC0005918,Group 70,1,13.324305555555556
INC0005922,Group 70,1,13.315277777777778
INC0005923,Group 28,1,13.314583333333333
INC0005925,Group 20,1,25.98611111111111
INC0005926,Group 74,1,16.110416666666666
INC0005927,Group 70,1,53.94583333333333
INC0005928,Group 72,1,25.022222222222222
INC0005929,Group 23,1,13.313194444444445
INC0005930,Group 70,0,13.30625
INC0005931,Group 24,1,13.30625
INC0005933,Group 39,1,13.304166666666667
INC0005935,Group 23,1,13.309722222222222
INC0005936,Group 70,1,13.303472222222222
INC0005938,Group 25,1,22.01388888888889
INC0005939,Group 6,1,13.3
INC0005943,Group 70,0,16.053472222222222
INC0005944,Group 28,1,13.297916666666667
INC0005945,Group 66,1,13.303472222222222
INC0005946,Group 66,1,13.302777777777777
INC0005948,Group 57,1,13.301388888888889
INC0005949,Group 70,1,13.294444444444444
INC0005951,Group 39,1,13.294444444444444
INC0005952,Group 31,1,13.292361111111111
INC0005953,Group 70,0,16.047916666666666
INC0005954,Group 70,0,13.292361111111111
INC0005955,Group 10,1,51.01111111111111
INC0005958,Group 70,1,13.290277777777778
INC0005959,Group 70,1,13.28888888888889
INC0005965,Group 70,1,13.286111111111111
INC0005970,Group 25,1,25.910416666666666
INC0005972,Group 70,1,13.275694444444444
INC0005976,Group 66,1,39.15902777777778
INC0005977,Group 25,1,36.115972222222226
INC0005979,Group 66,1,99.81805555555556
INC0005985,Group 73,1,16.979861111111113
INC0005986,Group 70,1,13.272222222222222
INC0005987,Group 72,1,78.10972222222222
INC0005988,Group 70,0,16.020833333333332
INC0005990,Group 23,1,13.264583333333333
INC0005993,Group 70,0,15.978472222222223
INC0005994,Group 39,1,13.263194444444444
INC0005998,Group 25,1,13.25
INC0005999,Group 20,1,13.255555555555556
INC0006001,Group 25,1,23.167361111111113
INC0006003,Group 22,1,15.125694444444445
INC0006011,Group 25,1,23.989583333333332
INC0006013,Group 39,1,13.235416666666667
INC0006014,Group 20,1,72.90625
INC0006017,Group 27,1,13.22638888888889
INC0006022,Group 46,1,13.225
INC0006023,Group 54,1,16.105555555555554
INC0006025,Group 62,1,43.90138888888889
INC0006028,Group 27,1,13.229166666666666
INC0006030,Group 39,1,13.221527777777778
INC0006032,Group 70,0,18.849305555555556
INC0006033,Group 74,1,13.221527777777778
INC0006035,Group 23,1,13.211805555555555
INC0006038,Group 29,0,13.215972222222222
INC0006039,Group 27,1,13.215277777777779
INC0006043,Group 48,1,17.08888888888889
INC0006045,Group 70,0,13.213194444444444
INC0006048,Group 24,1,26.002083333333335
INC0006049,Group 31,1,31.250694444444445
INC0006050,Group 66,1,14.830555555555556
INC0006051,Group 59,1,13.2
INC0006054,Group 6,1,13.195833333333333
INC0006056,Group 10,1,110.075
INC0006057,Group 70,0,13.199305555555556
INC0006059,Group 10,1,13.190277777777778
INC0006063,Group 20,1,21.820138888888888
INC0006064,Group 70,0,15.903472222222222
INC0006065,Group 28,1,13.195833333333333
INC0006066,Group 27,1,13.189583333333333
INC0006067,Group 25,1,13.188888888888888
INC0006072,Group 24,1,36.986805555555556
INC0006073,Group 57,1,16.98125
INC0006074,Group 39,1,13.183333333333334
INC0006075,Group 70,0,13.183333333333334
INC0006076,Group 24,1,13.182638888888889
INC0006077,Group 37,1,38.90208333333333
INC0006078,Group 73,1,16.770833333333332
INC0006079,Group 25,1,13.17986111111111
INC0006080,Group 70,0,15.893055555555556
INC0006082,Group 39,1,17.101388888888888
INC0006084,Group 37,1,57.14652777777778
INC0006085,Group 70,0,16.09861111111111
INC0006092,Group 27,1,13.179166666666667
INC0006093,Group 70,0,13.177777777777777
INC0006094,Group 24,1,13.177083333333334
INC0006095,Group 70,1,13.17013888888889
INC0006096,Group 37,1,101.80555555555556
INC0006099,Group 29,1,29.297916666666666
INC0006100,Group 20,1,13.17361111111111
INC0006101,Group 20,1,72.84444444444445
INC0006102,Group 10,1,57.80277777777778
INC0006103,Group 24,1,13.166666666666666
INC0006104,Group 6,1,17.75347222222222
INC0006107,Group 39,1,13.168055555555556
INC0006108,Group 25,1,13.161805555555556
INC0006109,Group 70,1,13.161805555555556
INC0006111,Group 70,1,13.165972222222223
INC0006114,Group 25,1,13.16388888888889
INC0006116,Group 39,1,13.1625
INC0006117,Group 65,1,4.822916666666667
INC0006121,Group 72,1,24.075694444444444
INC0006122,Group 24,1,13.152083333333334
INC0006124,Group 39,1,13.15625
INC0006125,Group 39,1,13.15625
INC0006126,Group 46,1,13.15
INC0006127,Group 33,1,13.14861111111111
INC0006128,Group 70,1,13.147222222222222
INC0006129,Group 24,1,13.147222222222222
INC0006130,Group 23,1,13.146527777777777
INC0006132,Group 25,1,13.145833333333334
INC0006133,Group 27,1,13.145833333333334
INC0006134,Group 47,1,16.9
INC0006136,Group 73,1,13.149305555555555
INC0006138,Group 73,1,16.814583333333335
INC0006139,Group 24,1,13.14236111111111
INC0006140,Group 70,0,13.147222222222222
INC0006141,Group 54,1,13.140277777777778
INC0006142,Group 37,1,92.15069444444444
INC0006144,Group 37,1,21.852777777777778
INC0006145,Group 24,1,13.144444444444444
INC0006148,Group 70,0,13.143055555555556
INC0006150,Group 70,1,13.136805555555556
INC0006152,Group 70,0,13.141666666666667
INC0006153,Group 37,1,92.14583333333333
INC0006154,Group 63,1,138.05694444444444
INC0006155,Group 24,1,13.133333333333333
INC0006160,Group 57,1,13.129861111111111
INC0006163,Group 24,1,13.127777777777778
INC0006164,Group 39,1,13.133333333333333
INC0006165,Group 25,1,113.84166666666667
INC0006166,Group 70,1,13.127083333333333
INC0006167,Group 70,0,17.04652777777778
INC0006170,Group 25,1,23.04375
INC0006171,Group 70,1,13.11736111111111
INC0006172,Group 25,1,23.87013888888889
INC0006174,Group 70,0,15.783333333333333
INC0006175,Group 70,0,13.109027777777778
INC0006176,Group 39,1,5.127083333333333
INC0006178,Group 25,1,24.739583333333332
INC0006180,Group 25,1,13.11111111111111
INC0006182,Group 72,1,42.94722222222222
INC0006183,Group 73,1,16.731944444444444
INC0006186,Group 23,1,13.098611111111111
INC0006187,Group 70,1,13.097916666666666
INC0006188,Group 70,0,39.858333333333334
INC0006191,Group 70,0,13.096527777777778
INC0006193,Group 70,0,13.092361111111112
INC0006194,Group 25,0,16.93125
INC0006195,Group 70,0,13.091666666666667
INC0006196,Group 70,1,22.346527777777776
INC0006197,Group 46,1,13.090972222222222
INC0006198,Group 37,1,57.06041666666667
INC0006199,Group 70,0,16.928472222222222
INC0006200,Group 73,1,16.719444444444445
INC0006202,Group 23,1,13.093055555555555
INC0006203,Group 70,0,13.086805555555555
INC0006204,Group 70,1,15.841666666666667
INC0006205,Group 70,1,13.084027777777777
INC0006206,Group 70,0,13.090277777777779
INC0006210,Group 6,1,17.793055555555554
INC0006215,Group 24,1,13.07986111111111
INC0006216,Group 70,0,13.079166666666667
INC0006217,Group 70,1,13.071527777777778
INC0006220,Group 33,1,39.079861111111114
INC0006221,Group 54,1,13.068055555555556
INC0006223,Group 24,1,13.063888888888888
INC0006224,Group 23,1,23.981944444444444
INC0006225,Group 70,0,13.065972222222221
INC0006226,Group 72,1,32.772222222222226
INC0006228,Group 23,1,13.059027777777779
INC0006229,Group 55,1,13.059027777777779
INC0006230,Group 27,1,14.724305555555556
INC0006233,Group 33,1,72.72013888888888
INC0006235,Group 30,1,13.014583333333333
INC0006238,Group 70,1,12.978472222222223
INC0006239,Group 33,1,12.980555555555556
INC0006244,Group 28,1,12.827083333333333
INC0006245,Group 39,1,12.819444444444445
INC0006246,Group 70,1,12.781944444444445
INC0006248,Group 25,1,31.636111111111113
INC0006249,Group 70,0,15.610416666666667
INC0006252,Group 70,1,12.702777777777778
INC0006253,Group 24,1,12.689583333333333
INC0006255,Group 25,1,14.61875
INC0006257,Group 64,1,12.490277777777777
INC0006259,Group 70,0,12.436111111111112
INC0006261,Group 65,1,72.09097222222222
INC0006265,Group 22,1,16.244444444444444
INC0006266,Group 39,1,12.360416666666667
INC0006268,Group 70,1,12.35625
INC0006269,Group 58,1,12.328472222222222
INC0006270,Group 37,1,30.90972222222222
INC0006273,Group 70,1,12.25625
INC0006275,Group 70,1,12.252083333333333
INC0006278,Group 70,1,12.231944444444444
INC0006279,Group 70,1,12.229861111111111
INC0006280,Group 70,1,12.228472222222223
INC0006281,Group 70,1,13.935416666666667
INC0006282,Group 70,0,13.930555555555555
INC0006283,Group 66,1,12.221527777777778
INC0006284,Group 66,1,12.220138888888888
INC0006285,Group 70,0,15.934027777777779
INC0006286,Group 70,0,15.036111111111111
INC0006287,Group 70,1,12.135416666666666
INC0006288,Group 70,1,12.13263888888889
INC0006291,Group 25,1,13.845833333333333
INC0006294,Group 70,1,11.83125
INC0006295,Group 70,1,11.781944444444445
INC0006300,Group 70,1,11.578472222222222
INC0006301,Group 70,1,11.565972222222221
INC0006303,Group 70,1,11.520833333333334
INC0006305,Group 19,1,11.495138888888889
INC0006309,Group 70,0,11.438194444444445
INC0006317,Group 28,1,11.350694444444445
INC0006320,Group 70,1,11.33125
INC0006322,Group 56,1,11.276388888888889
INC0006325,Group 65,1,68.18055555555556
INC0006327,Group 33,1,29.054166666666667
INC0006328,Group 62,1,11.165277777777778
INC0006330,Group 25,1,11.144444444444444
INC0006331,Group 70,1,11.144444444444444
INC0006335,Group 20,0,11.086805555555555
INC0006337,Group 48,1,14.963888888888889
INC0006338,Group 70,1,11.052777777777777
INC0006340,Group 46,1,10.977083333333333
INC0006341,Group 39,1,10.975
INC0006342,Group 55,1,70.61805555555556
INC0006347,Group 28,1,13.652083333333334
INC0006348,Group 70,1,10.807638888888889
INC0006349,Group 70,1,10.781944444444445
INC0006350,Group 70,1,10.770138888888889
INC0006352,Group 70,0,10.769444444444444
INC0006354,Group 65,1,10.739583333333334
INC0006359,Group 56,1,10.654166666666667
INC0006360,Group 70,1,10.650694444444444
INC0006362,Group 62,1,10.61111111111111
INC0006364,Group 73,1,14.188194444444445
INC0006365,Group 25,1,13.395138888888889
INC0006371,Group 70,1,10.561805555555555
INC0006373,Group 70,1,14.916666666666666
INC0006375,Group 70,1,10.468055555555555
INC0006376,Group 28,1,10.464583333333334
INC0006377,Group 39,1,10.463888888888889
INC0006378,Group 64,1,10.4625
INC0006379,Group 64,1,10.460416666666667
INC0006380,Group 70,1,10.459722222222222
INC0006381,Group 64,1,0.0020833333333333333
INC0006382,Group 70,1,10.457638888888889
INC0006383,Group 64,1,10.45486111111111
INC0006384,Group 23,1,84.08958333333334
INC0006385,Group 24,1,10.454166666666667
INC0006387,Group 64,1,10.449305555555556
INC0006388,Group 33,1,36.45763888888889
INC0006389,Group 24,1,19.325
INC0006390,Group 70,0,10.44513888888889
INC0006392,Group 27,1,10.45
INC0006393,Group 73,1,10.45
INC0006394,Group 33,1,23.363888888888887
INC0006395,Group 39,1,10.442361111111111
INC0006397,Group 39,1,10.44513888888889
INC0006398,Group 39,1,10.438888888888888
INC0006399,Group 70,1,10.438888888888888
INC0006400,Group 26,1,10.44375
INC0006401,Group 64,1,10.436111111111112
INC0006402,Group 69,1,10.441666666666666
INC0006403,Group 34,1,10.441666666666666
INC0006407,Group 65,1,13.271527777777777
INC0006408,Group 70,1,14.188194444444445
INC0006412,Group 70,0,14.186111111111112
INC0006413,Group 70,0,14.185416666666667
INC0006415,Group 51,1,18.15277777777778
INC0006416,Group 61,1,62.06458333333333
INC0006417,Group 72,1,22.1
INC0006419,Group 70,1,15.1
INC0006420,Group 70,1,15.224305555555556
INC0006421,Group 25,1,10.432638888888889
INC0006422,Group 70,1,10.426388888888889
INC0006423,Group 24,0,30.795833333333334
INC0006424,Group 24,1,10.42986111111111
INC0006425,Group 24,1,10.42986111111111
INC0006426,Group 28,1,22.054166666666667
INC0006429,Group 27,1,10.42361111111111
INC0006430,Group 70,0,15.761111111111111
INC0006431,Group 70,0,13.136111111111111
INC0006432,Group 50,1,10.428472222222222
INC0006434,Group 70,1,10.421527777777778
INC0006435,Group 65,1,10.427083333333334
INC0006436,Group 70,0,10.421527777777778
INC0006437,Group 28,1,10.42013888888889
INC0006438,Group 73,1,13.965972222222222
INC0006440,Group 6,1,10.424305555555556
INC0006441,Group 24,1,10.42361111111111
INC0006442,Group 72,1,92.34305555555555
INC0006443,Group 70,0,10.415972222222223
INC0006444,Group 70,1,10.415277777777778
INC0006445,Group 70,0,14.253472222222221
INC0006446,Group 70,0,10.414583333333333
INC0006447,Group 70,0,10.42013888888889
INC0006448,Group 29,1,20.252083333333335
INC0006450,Group 73,1,10.41875
INC0006451,Group 30,1,10.41875
INC0006452,Group 30,1,10.413194444444445
INC0006454,Group 25,1,22.039583333333333
INC0006455,Group 28,1,10.408333333333333
INC0006456,Group 70,1,10.408333333333333
INC0006457,Group 70,0,10.408333333333333
INC0006458,Group 70,1,10.407638888888888
INC0006459,Group 33,1,10.4125
INC0006460,Group 70,1,10.4125
INC0006461,Group 70,1,10.40625
INC0006463,Group 24,1,12.033333333333333
INC0006464,Group 20,1,15.158333333333333
INC0006465,Group 64,1,10.407638888888888
INC0006466,Group 70,0,14.239583333333334
INC0006467,Group 70,0,10.401388888888889
INC0006468,Group 70,1,10.400694444444444
INC0006469,Group 70,0,10.405555555555555
INC0006470,Group 70,1,10.4
INC0006471,Group 25,1,14.029166666666667
INC0006473,Group 25,1,10.404166666666667
INC0006474,Group 28,1,10.39861111111111
INC0006476,Group 70,1,13.027777777777779
INC0006478,Group 70,1,56.074305555555554
INC0006479,Group 30,1,10.402777777777779
INC0006480,Group 56,1,10.397222222222222
INC0006481,Group 70,0,10.39375
INC0006482,Group 70,1,10.39375
INC0006483,Group 70,0,10.39861111111111
INC0006484,Group 3,1,210.06527777777777
INC0006485,Group 30,1,10.397222222222222
INC0006486,Group 6,1,10.396527777777777
INC0006487,Group 70,0,10.395833333333334
INC0006488,Group 3,1,10.390277777777778
INC0006489,Group 70,1,10.389583333333333
INC0006490,Group 50,1,10.395138888888889
INC0006491,Group 27,1,10.38888888888889
INC0006492,Group 70,0,10.39375
INC0006493,Group 55,1,10.3875
INC0006494,Group 73,1,14.099305555555556
INC0006495,Group 70,0,10.385416666666666
INC0006496,Group 70,1,10.385416666666666
INC0006497,Group 30,1,10.389583333333333
INC0006499,Group 24,1,10.383333333333333
INC0006501,Group 70,1,10.386111111111111
INC0006502,Group 24,1,10.379861111111111
INC0006503,Group 37,1,28.049305555555556
INC0006504,Group 73,1,14.049305555555556
INC0006506,Group 60,1,6.008333333333334
INC0006508,Group 70,1,10.375694444444445
INC0006509,Group 73,1,14.045833333333333
INC0006510,Group 24,1,22.04513888888889
INC0006511,Group 64,1,10.373611111111112
INC0006513,Group 25,1,12.294444444444444
INC0006514,Group 64,1,10.376388888888888
INC0006515,Group 70,1,10.369444444444444
INC0006516,Group 27,1,10.375
INC0006517,Group 26,1,21.040277777777778
INC0006518,Group 70,1,10.368055555555555
INC0006519,Group 24,1,10.373611111111112
INC0006520,Group 25,1,10.368055555555555
INC0006521,Group 70,1,10.36736111111111
INC0006522,Group 25,1,10.372222222222222
INC0006525,Group 70,1,14.24375
INC0006526,Group 70,0,10.363888888888889
INC0006527,Group 25,0,10.369444444444444
INC0006528,Group 39,1,10.369444444444444
INC0006529,Group 46,1,10.36875
INC0006530,Group 25,1,13.159722222222221
INC0006531,Group 70,1,10.363194444444444
INC0006532,Group 70,0,10.361805555555556
INC0006534,Group 76,1,10.365972222222222
INC0006536,Group 29,1,28.15625
INC0006537,Group 70,0,10.359027777777778
INC0006539,Group 70,1,10.364583333333334
INC0006540,Group 21,1,10.363888888888889
INC0006542,Group 70,1,15.154166666666667
INC0006543,Group 64,1,10.356944444444444
INC0006544,Group 15,1,14.194444444444445
INC0006545,Group 70,0,10.361805555555556
INC0006549,Group 20,1,10.353472222222223
INC0006550,Group 70,0,13.065972222222221
INC0006551,Group 25,0,10.358333333333333
INC0006552,Group 24,1,10.352083333333333
INC0006553,Group 70,0,10.35763888888889
INC0006554,Group 70,0,13.190277777777778
INC0006556,Group 70,0,12.065277777777778
INC0006557,Group 37,1,43.94444444444444
INC0006558,Group 64,1,10.350694444444445
INC0006559,Group 25,1,12.105555555555556
INC0006561,Group 25,1,21.979166666666668
INC0006562,Group 70,0,12.061805555555555
INC0006564,Group 46,1,10.347916666666666
INC0006566,Group 73,1,14.01875
INC0006567,Group 70,1,10.347222222222221
INC0006568,Group 27,1,10.352083333333333
INC0006569,Group 59,1,10.352083333333333
INC0006570,Group 70,0,10.35138888888889
INC0006571,Group 70,1,10.350694444444445
INC0006572,Group 70,1,10.345138888888888
INC0006573,Group 70,1,13.099305555555556
INC0006574,Group 70,0,10.35
INC0006575,Group 25,1,10.349305555555556
INC0006576,Group 70,1,10.34375
INC0006577,Group 70,1,10.34375
INC0006578,Group 70,0,10.342361111111112
INC0006579,Group 31,1,30.26388888888889
INC0006580,Group 30,1,10.341666666666667
INC0006581,Group 64,1,10.346527777777778
INC0006582,Group 70,1,10.344444444444445
INC0006583,Group 70,1,13.093055555555555
INC0006584,Group 25,1,10.341666666666667
INC0006585,Group 70,1,14.215277777777779
INC0006586,Group 70,0,29.17361111111111
INC0006587,Group 30,1,10.334722222222222
INC0006588,Group 23,1,10.334027777777777
INC0006590,Group 64,1,10.332638888888889
INC0006591,Group 70,1,10.332638888888889
INC0006592,Group 74,1,13.9625
INC0006593,Group 30,1,13.04513888888889
INC0006595,Group 64,1,10.336805555555555
INC0006602,Group 64,1,10.325694444444444
INC0006603,Group 30,1,10.33125
INC0006605,Group 70,1,10.325
INC0006606,Group 34,1,42.16875
INC0006607,Group 70,0,10.330555555555556
INC0006609,Group 29,1,20.32847222222222
INC0006610,Group 70,0,10.329166666666667
INC0006611,Group 70,1,10.323611111111111
INC0006612,Group 25,1,10.329166666666667
INC0006614,Group 23,1,10.327083333333333
INC0006615,Group 70,1,10.32013888888889
INC0006617,Group 64,1,14.948611111111111
INC0006619,Group 73,1,13.988888888888889
INC0006622,Group 54,1,15.071527777777778
INC0006623,Group 64,1,10.316666666666666
INC0006625,Group 22,1,68.11736111111111
INC0006627,Group 64,1,14.94513888888889
INC0006629,Group 70,1,10.313888888888888
INC0006630,Group 15,1,22.277083333333334
INC0006631,Group 39,1,10.319444444444445
INC0006632,Group 23,1,10.313194444444445
INC0006633,Group 70,1,10.311805555555555
INC0006634,Group 24,1,10.311111111111112
INC0006635,Group 70,1,10.311111111111112
INC0006636,Group 27,1,10.314583333333333
INC0006637,Group 30,1,13.895833333333334
INC0006640,Group 70,0,10.309722222222222
INC0006641,Group 22,1,50.14375
INC0006642,Group 70,0,13.013194444444444
INC0006643,Group 70,0,13.0125
INC0006646,Group 25,1,10.303472222222222
INC0006647,Group 70,0,10.302777777777777
INC0006648,Group 6,1,56.93125
INC0006650,Group 66,1,10.3
INC0006651,Group 64,1,10.29375
INC0006652,Group 66,1,188.04861111111111
INC0006654,Group 70,1,10.292361111111111
INC0006655,Group 27,1,10.297916666666667
INC0006656,Group 66,1,47.13472222222222
INC0006657,Group 22,1,63.92638888888889
INC0006658,Group 23,1,10.295833333333333
INC0006660,Group 27,1,10.29375
INC0006661,Group 6,1,28.208333333333332
INC0006663,Group 25,1,13.165972222222223
INC0006665,Group 70,0,14.20625
INC0006668,Group 70,0,10.286805555555556
INC0006669,Group 48,1,14.160416666666666
INC0006670,Group 70,1,20.160416666666666
INC0006671,Group 70,0,11.993055555555555
INC0006672,Group 33,1,22.28263888888889
INC0006673,Group 39,1,10.282638888888888
INC0006674,Group 39,1,10.28125
INC0006675,Group 70,0,10.280555555555555
INC0006676,Group 26,1,13.946527777777778
INC0006677,Group 27,1,10.272916666666667
INC0006678,Group 64,1,14.902777777777779
INC0006679,Group 27,1,10.277083333333334
INC0006680,Group 64,1,14.900694444444444
INC0006682,Group 70,1,10.268055555555556
INC0006683,Group 70,0,10.272222222222222
INC0006684,Group 66,1,10.270138888888889
INC0006685,Group 46,1,12.89375
INC0006686,Group 20,0,10.260416666666666
INC0006687,Group 70,1,10.259722222222223
INC0006689,Group 27,1,11.927777777777777
INC0006690,Group 70,0,10.261111111111111
INC0006691,Group 70,0,10.261111111111111
INC0006692,Group 70,0,10.250694444444445
INC0006693,Group 70,0,10.249305555555555
INC0006695,Group 70,0,10.247222222222222
INC0006697,Group 27,1,10.252083333333333
INC0006699,Group 70,0,10.246527777777779
INC0006700,Group 25,1,21.875694444444445
INC0006701,Group 70,0,10.245138888888889
INC0006702,Group 20,1,16.956944444444446
INC0006703,Group 70,0,11.956944444444444
INC0006704,Group 9,1,162.08125
INC0006706,Group 73,1,20.1625
INC0006707,Group 70,1,10.239583333333334
INC0006711,Group 70,1,10.23611111111111
INC0006716,Group 46,1,10.23125
INC0006717,Group 28,1,10.229861111111111
INC0006718,Group 73,1,13.859722222222222
INC0006719,Group 24,1,109.94305555555556
INC0006720,Group 46,1,10.234722222222222
INC0006722,Group 70,1,10.229166666666666
INC0006724,Group 57,1,10.227777777777778
INC0006725,Group 57,1,10.227777777777778
INC0006730,Group 70,1,12.9375
INC0006731,Group 24,1,15.061805555555555
INC0006732,Group 29,0,10.229166666666666
INC0006734,Group 25,1,10.227777777777778
INC0006735,Group 39,1,10.227083333333333
INC0006736,Group 66,1,12.890277777777778
INC0006739,Group 25,1,10.218055555555555
INC0006742,Group 70,1,10.213888888888889
INC0006743,Group 70,0,10.219444444444445
INC0006745,Group 70,1,10.21875
INC0006747,Group 70,1,10.213194444444444
INC0006751,Group 70,0,10.215972222222222
INC0006753,Group 26,1,13.88125
INC0006756,Group 55,1,10.207638888888889
INC0006757,Group 70,1,10.207638888888889
INC0006758,Group 70,1,12.960416666666667
INC0006759,Group 54,0,10.210416666666667
INC0006760,Group 70,0,12.918055555555556
INC0006761,Group 20,1,1.8520833333333333
INC0006762,Group 70,0,11.95625
INC0006763,Group 70,1,10.200694444444444
INC0006764,Group 70,0,10.20625
INC0006765,Group 57,1,18.788194444444443
INC0006768,Group 39,1,10.202083333333333
INC0006769,Group 24,1,10.2
INC0006770,Group 37,1,41.12152777777778
INC0006771,Group 70,1,10.193055555555556
INC0006772,Group 70,1,10.193055555555556
INC0006773,Group 70,0,12.904861111111112
INC0006774,Group 29,1,10.19513888888889
INC0006775,Group 55,1,10.188194444444445
INC0006776,Group 70,0,10.193055555555556
INC0006777,Group 70,1,18.35902777777778
INC0006778,Group 70,1,10.193055555555556
INC0006779,Group 23,1,10.186805555555555
INC0006780,Group 22,1,46.865972222222226
INC0006781,Group 39,1,30.06597222222222
INC0006782,Group 66,1,10.190972222222221
INC0006783,Group 70,1,10.190972222222221
INC0006785,Group 54,1,10.190277777777778
INC0006787,Group 20,1,12.104861111111111
INC0006788,Group 70,0,10.1875
INC0006789,Group 73,1,13.85138888888889
INC0006790,Group 22,1,64.89861111111111
INC0006791,Group 70,1,10.17986111111111
INC0006794,Group 70,0,11.934027777777779
INC0006796,Group 49,1,10.177777777777777
INC0006797,Group 20,1,10.182638888888889
INC0006798,Group 39,1,10.181944444444444
INC0006799,Group 70,0,10.18125
INC0006801,Group 6,1,28.095833333333335
INC0006802,Group 70,0,10.17986111111111
INC0006804,Group 70,0,10.178472222222222
INC0006805,Group 70,0,10.177777777777777
INC0006806,Group 70,1,10.172222222222222
INC0006807,Group 23,1,10.177083333333334
INC0006809,Group 70,0,12.840972222222222
INC0006810,Group 10,1,47.92916666666667
INC0006811,Group 24,1,10.168055555555556
INC0006812,Group 37,1,41.09444444444444
INC0006815,Group 23,1,10.165277777777778
INC0006816,Group 27,1,10.164583333333333
INC0006817,Group 23,1,10.1625
INC0006818,Group 70,0,10.168055555555556
INC0006819,Group 24,1,13.75
INC0006820,Group 58,1,39.71319444444445
INC0006821,Group 70,0,10.165972222222223
INC0006823,Group 6,1,50.75347222222222
INC0006825,Group 70,0,25.87152777777778
INC0006826,Group 53,1,12.9125
INC0006827,Group 70,0,10.159722222222221
INC0006828,Group 70,0,12.825
INC0006829,Group 23,1,10.15625
INC0006832,Group 64,1,14.775694444444444
INC0006833,Group 57,1,22.10902777777778
INC0006834,Group 64,1,10.15
INC0006835,Group 64,1,10.143055555555556
INC0006836,Group 23,1,10.14861111111111
INC0006837,Group 70,1,10.143055555555556
INC0006838,Group 24,1,10.147222222222222
INC0006839,Group 64,1,10.141666666666667
INC0006840,Group 46,1,10.141666666666667
INC0006841,Group 64,1,10.140277777777778
INC0006842,Group 70,0,12.76875
INC0006843,Group 70,1,20.975694444444443
INC0006844,Group 23,1,10.1375
INC0006846,Group 24,1,10.134722222222223
INC0006847,Group 66,1,22.847916666666666
INC0006848,Group 48,1,14.01388888888889
INC0006849,Group 64,1,10.134027777777778
INC0006850,Group 66,1,10.13888888888889
INC0006851,Group 70,0,10.13888888888889
INC0006852,Group 64,1,10.133333333333333
INC0006854,Group 64,1,10.131944444444445
INC0006855,Group 20,1,69.80902777777777
INC0006856,Group 70,1,10.127083333333333
INC0006858,Group 64,1,10.124305555555555
INC0006859,Group 64,1,10.123611111111112
INC0006860,Group 70,0,13.002777777777778
INC0006862,Group 70,0,10.126388888888888
INC0006863,Group 70,1,10.120833333333334
INC0006866,Group 70,0,10.122222222222222
INC0006867,Group 25,1,10.120138888888889
INC0006868,Group 70,0,10.119444444444444
INC0006869,Group 73,1,10.11875
INC0006870,Group 25,1,10.11875
INC0006871,Group 70,0,10.11736111111111
INC0006872,Group 70,0,10.116666666666667
INC0006874,Group 54,0,10.115277777777777
INC0006875,Group 25,1,21.02986111111111
INC0006877,Group 70,0,11.86111111111111
INC0006878,Group 70,0,11.85763888888889
INC0006879,Group 33,1,10.102083333333333
INC0006882,Group 57,1,19.938194444444445
INC0006883,Group 64,1,10.098611111111111
INC0006884,Group 70,0,11.852083333333333
INC0006885,Group 25,1,10.102083333333333
INC0006886,Group 70,0,11.85
INC0006887,Group 66,1,10.100694444444445
INC0006888,Group 28,1,10.100694444444445
INC0006889,Group 25,1,10.094444444444445
INC0006891,Group 46,1,10.097222222222221
INC0006892,Group 70,1,10.089583333333334
INC0006893,Group 54,0,10.093055555555555
INC0006894,Group 70,0,11.839583333333334
INC0006895,Group 20,1,10.090277777777779
INC0006896,Group 27,1,13.713194444444444
INC0006898,Group 64,1,10.077083333333333
INC0006901,Group 64,1,10.074305555555556
INC0006902,Group 70,0,10.07986111111111
INC0006903,Group 64,1,14.703472222222222
INC0006904,Group 55,1,10.078472222222222
INC0006905,Group 70,0,11.869444444444444
INC0006906,Group 70,1,12.952083333333333
INC0006907,Group 64,1,14.70138888888889
INC0006908,Group 70,0,10.07638888888889
INC0006909,Group 23,1,10.069444444444445
INC0006911,Group 50,1,10.073611111111111
INC0006912,Group 30,1,10.073611111111111
INC0006913,Group 74,1,21.945833333333333
INC0006914,Group 54,0,10.069444444444445
INC0006916,Group 70,0,10.06875
INC0006917,Group 70,1,10.06875
INC0006919,Group 64,1,14.691666666666666
INC0006921,Group 70,0,10.058333333333334
INC0006923,Group 64,1,14.685416666666667
INC0006924,Group 39,1,10.060416666666667
INC0006925,Group 39,1,10.060416666666667
INC0006928,Group 70,0,11.634722222222223
INC0006930,Group 50,1,49.67777777777778
INC0006931,Group 50,1,10.04513888888889
INC0006932,Group 6,1,10.044444444444444
INC0006934,Group 70,0,10.038194444444445
INC0006936,Group 70,0,10.034027777777778
INC0006937,Group 55,1,25.689583333333335
INC0006939,Group 76,1,9.999305555555555
INC0006941,Group 70,1,9.98611111111111
INC0006942,Group 70,1,12.717361111111112
INC0006943,Group 70,0,9.965277777777779
INC0006944,Group 19,1,9.953472222222222
INC0006946,Group 58,1,9.910416666666666
INC0006947,Group 24,1,11.484722222222222
INC0006948,Group 70,1,13.440277777777778
INC0006949,Group 28,1,11.763194444444444
INC0006950,Group 39,1,9.829166666666667
INC0006951,Group 49,1,29.65277777777778
INC0006952,Group 70,0,9.819444444444445
INC0006957,Group 39,1,9.758333333333333
INC0006958,Group 70,1,9.740277777777777
INC0006959,Group 57,1,20.60902777777778
INC0006962,Group 70,1,9.615972222222222
INC0006963,Group 70,1,9.60138888888889
INC0006965,Group 24,1,9.538194444444445
INC0006968,Group 66,1,9.526388888888889
INC0006969,Group 64,1,9.526388888888889
INC0006970,Group 64,1,9.50763888888889
INC0006971,Group 64,1,9.506944444444445
INC0006972,Group 70,0,9.503472222222221
INC0006973,Group 64,1,9.503472222222221
INC0006974,Group 64,1,9.498611111111112
INC0006975,Group 31,1,9.490972222222222
INC0006976,Group 28,1,9.488194444444444
INC0006977,Group 70,0,9.477777777777778
INC0006978,Group 70,0,9.475694444444445
INC0006979,Group 70,1,9.472916666666666
INC0006980,Group 70,0,9.471527777777778
INC0006981,Group 70,1,9.470833333333333
INC0006982,Group 25,0,13.302083333333334
INC0006983,Group 70,0,11.256944444444445
INC0006986,Group 70,1,9.464583333333334
INC0006988,Group 70,0,9.463194444444444
INC0006989,Group 72,1,39.135416666666664
INC0006990,Group 70,0,9.460416666666667
INC0006992,Group 20,1,16.20486111111111
INC0006993,Group 46,1,9.45486111111111
INC0006994,Group 70,0,9.450694444444444
INC0006995,Group 23,1,9.450694444444444
INC0006996,Group 73,1,13.282638888888888
INC0006997,Group 70,1,11.238194444444444
INC0006998,Group 54,1,18.529166666666665
INC0006999,Group 70,0,9.445833333333333
INC0007000,Group 33,1,9.445833333333333
INC0007001,Group 27,1,9.444444444444445
INC0007002,Group 39,1,9.44375
INC0007003,Group 5,1,9.44375
INC0007004,Group 25,1,18.23472222222222
INC0007005,Group 25,1,9.443055555555556
INC0007006,Group 70,1,9.442361111111111
INC0007007,Group 70,1,9.441666666666666
INC0007008,Group 70,1,5.1506944444444445
INC0007009,Group 70,1,9.440972222222221
INC0007010,Group 72,1,39.06944444444444
INC0007011,Group 34,1,9.438888888888888
INC0007012,Group 70,0,7.147222222222222
INC0007015,Group 30,1,9.4375
INC0007018,Group 39,1,9.436111111111112
INC0007019,Group 25,1,9.436111111111112
INC0007020,Group 70,1,9.435416666666667
INC0007021,Group 70,1,11.934722222222222
INC0007022,Group 72,1,20.350694444444443
INC0007024,Group 75,1,22.141666666666666
INC0007025,Group 27,1,9.433333333333334
INC0007026,Group 27,1,9.432638888888889
INC0007027,Group 62,1,9.431944444444444
INC0007028,Group 70,1,5.0993055555555555
INC0007029,Group 70,0,9.43125
INC0007030,Group 64,1,9.42986111111111
INC0007031,Group 5,1,9.429166666666667
INC0007034,Group 46,1,9.428472222222222
INC0007035,Group 70,0,11.927083333333334
INC0007037,Group 70,1,9.427777777777777
INC0007040,Group 24,1,11.259027777777778
INC0007042,Group 70,1,5.09375
INC0007045,Group 66,1,9.42361111111111
INC0007046,Group 70,1,9.422916666666667
INC0007047,Group 23,1,9.422222222222222
INC0007048,Group 39,1,9.420833333333333
INC0007049,Group 39,1,9.42013888888889
INC0007050,Group 70,1,9.419444444444444
INC0007051,Group 76,1,9.418055555555556
INC0007052,Group 70,1,12.167361111111111
INC0007053,Group 70,0,9.418055555555556
INC0007054,Group 70,1,9.417361111111111
INC0007055,Group 70,0,9.417361111111111
INC0007056,Group 28,1,9.417361111111111
INC0007058,Group 70,1,5.082638888888889
INC0007059,Group 70,1,9.414583333333333
INC0007062,Group 70,0,9.413194444444445
INC0007063,Group 70,0,9.413194444444445
INC0007064,Group 70,0,9.4125
INC0007066,Group 72,1,32.293055555555554
INC0007067,Group 37,1,18.283333333333335
INC0007068,Group 66,1,9.407638888888888
INC0007069,Group 31,1,9.407638888888888
INC0007070,Group 70,0,9.407638888888888
INC0007071,Group 70,1,9.406944444444445
INC0007072,Group 70,1,9.40625
INC0007074,Group 70,1,9.404166666666667
INC0007075,Group 25,1,9.403472222222222
INC0007076,Group 64,1,9.403472222222222
INC0007077,Group 46,1,9.402777777777779
INC0007078,Group 5,1,69.07430555555555
INC0007080,Group 66,1,12.276388888888889
INC0007082,Group 70,1,14.025694444444444
INC0007084,Group 66,1,9.400694444444444
INC0007087,Group 64,1,9.397916666666667
INC0007088,Group 70,1,9.397916666666667
INC0007089,Group 25,1,13.230555555555556
INC0007090,Group 24,1,18.06388888888889
INC0007091,Group 39,1,9.397222222222222
INC0007093,Group 73,1,19.352083333333333
INC0007095,Group 70,1,9.39236111111111
INC0007097,Group 29,1,22.347916666666666
INC0007098,Group 28,1,17.972916666666666
INC0007099,Group 70,1,13.222916666666666
INC0007100,Group 70,1,12.138194444444444
INC0007101,Group 70,1,9.38888888888889
INC0007102,Group 57,1,9.3875
INC0007103,Group 70,1,9.386805555555556
INC0007104,Group 70,0,12.010416666666666
INC0007105,Group 70,0,9.386805555555556
INC0007106,Group 70,1,11.174305555555556
INC0007107,Group 70,1,9.384027777777778
INC0007108,Group 57,1,9.380555555555556
INC0007111,Group 64,1,9.379166666666666
INC0007113,Group 25,1,9.377777777777778
INC0007114,Group 70,0,9.377777777777778
INC0007115,Group 70,0,12.001388888888888
INC0007116,Group 29,1,12.375
INC0007117,Group 70,0,9.375694444444445
INC0007118,Group 28,1,9.375694444444445
INC0007119,Group 70,0,9.375694444444445
INC0007120,Group 64,1,9.375
INC0007124,Group 64,1,9.373611111111112
INC0007125,Group 70,0,9.373611111111112
INC0007126,Group 25,1,9.370833333333334
INC0007127,Group 70,0,9.370833333333334
INC0007128,Group 39,1,9.370138888888889
INC0007129,Group 33,1,9.369444444444444
INC0007130,Group 20,0,9.369444444444444
INC0007131,Group 64,1,9.368055555555555
INC0007133,Group 28,1,9.36736111111111
INC0007134,Group 70,1,12.115972222222222
INC0007135,Group 27,1,9.36736111111111
INC0007136,Group 70,1,9.366666666666667
INC0007137,Group 67,1,122.95625
INC0007138,Group 64,1,9.365972222222222
INC0007140,Group 10,1,49.240972222222226
INC0007141,Group 24,1,9.361805555555556
INC0007143,Group 74,1,12.985416666666667
INC0007145,Group 5,1,69.03055555555555
INC0007148,Group 28,1,13.23263888888889
INC0007149,Group 64,1,9.359027777777778
INC0007150,Group 70,0,13.147916666666667
INC0007152,Group 70,1,9.354861111111111
INC0007153,Group 39,1,9.353472222222223
INC0007154,Group 39,1,9.352777777777778
INC0007155,Group 70,0,11.97638888888889
INC0007156,Group 48,1,13.224305555555556
INC0007157,Group 65,1,9.350694444444445
INC0007159,Group 39,1,20.013194444444444
INC0007160,Group 73,1,19.263194444444444
INC0007162,Group 23,1,9.347222222222221
INC0007163,Group 13,1,12.0125
INC0007164,Group 66,1,9.344444444444445
INC0007165,Group 72,1,39.22291666666667
INC0007169,Group 55,1,9.342361111111112
INC0007170,Group 39,1,10.881944444444445
INC0007171,Group 70,0,20.21527777777778
INC0007173,Group 23,1,9.339583333333334
INC0007174,Group 66,1,11.170833333333333
INC0007175,Group 23,1,9.338888888888889
INC0007176,Group 24,1,73.92569444444445
INC0007178,Group 70,0,9.336805555555555
INC0007179,Group 74,1,12.043055555555556
INC0007183,Group 39,1,9.334027777777777
INC0007184,Group 27,1,9.334027777777777
INC0007185,Group 23,1,9.332638888888889
INC0007186,Group 58,1,9.331944444444444
INC0007187,Group 70,1,13.16388888888889
INC0007191,Group 70,1,12.077777777777778
INC0007193,Group 48,1,18.91111111111111
INC0007195,Group 6,1,9.327777777777778
INC0007196,Group 39,1,9.327083333333333
INC0007197,Group 70,0,12.950694444444444
INC0007198,Group 70,1,13.075
INC0007201,Group 45,1,9.324305555555556
INC0007204,Group 70,1,9.322222222222223
INC0007206,Group 20,0,9.322222222222223
INC0007207,Group 31,1,9.320833333333333
INC0007208,Group 23,1,11.152083333333334
INC0007220,Group 64,1,9.315277777777778
INC0007221,Group 70,1,12.938888888888888
INC0007223,Group 70,0,18.980555555555554
INC0007224,Group 23,1,20.146527777777777
INC0007225,Group 70,0,13.104861111111111
INC0007226,Group 24,1,9.314583333333333
INC0007228,Group 46,1,9.313888888888888
INC0007229,Group 70,1,19.895138888888887
INC0007232,Group 24,1,9.311805555555555
INC0007233,Group 70,0,13.97638888888889
INC0007234,Group 39,1,9.309722222222222
INC0007235,Group 64,1,9.309722222222222
INC0007236,Group 27,1,9.309027777777779
INC0007237,Group 20,1,16.222916666666666
INC0007238,Group 70,0,9.306944444444444
INC0007239,Group 25,1,18.095833333333335
INC0007240,Group 6,1,13.886111111111111
INC0007247,Group 70,0,13.879861111111111
INC0007248,Group 39,1,9.295833333333333
INC0007249,Group 48,1,13.16875
INC0007250,Group 24,1,9.294444444444444
INC0007252,Group 28,1,9.291666666666666
INC0007253,Group 24,1,10.872916666666667
INC0007254,Group 70,1,9.290277777777778
INC0007255,Group 65,1,11.163194444444445
INC0007256,Group 66,1,9.286805555555556
INC0007257,Group 70,1,9.286111111111111
INC0007258,Group 70,1,9.284027777777778
INC0007261,Group 70,1,13.113888888888889
INC0007262,Group 39,1,9.28125
INC0007267,Group 55,1,9.274305555555555
INC0007269,Group 70,1,13.145833333333334
INC0007271,Group 70,0,9.270833333333334
INC0007273,Group 6,1,90.89861111111111
INC0007274,Group 25,0,13.89236111111111
INC0007277,Group 27,1,9.264583333333333
INC0007280,Group 70,1,9.259027777777778
INC0007283,Group 70,1,9.250694444444445
INC0007285,Group 28,1,9.25
INC0007286,Group 70,1,9.245138888888889
INC0007287,Group 73,1,12.11736111111111
INC0007289,Group 70,1,9.24236111111111
INC0007290,Group 70,1,9.24236111111111
INC0007291,Group 70,0,9.240972222222222
INC0007292,Group 29,1,13.988888888888889
INC0007294,Group 25,1,9.238194444444444
INC0007295,Group 39,1,9.236805555555556
INC0007296,Group 46,1,9.233333333333333
INC0007297,Group 24,1,9.231944444444444
INC0007298,Group 70,1,9.23125
INC0007299,Group 70,1,9.230555555555556
INC0007300,Group 31,1,38.857638888888886
INC0007302,Group 25,1,9.227777777777778
INC0007303,Group 70,1,9.227083333333333
INC0007304,Group 24,1,32.06388888888889
INC0007305,Group 70,0,11.182638888888889
INC0007306,Group 27,1,12.140972222222222
INC0007308,Group 56,1,9.225
INC0007309,Group 70,1,9.221527777777778
INC0007310,Group 50,1,9.220138888888888
INC0007311,Group 25,1,9.21875
INC0007313,Group 70,0,9.217361111111112
INC0007315,Group 70,0,9.215972222222222
INC0007316,Group 39,1,9.215277777777779
INC0007317,Group 37,1,13.046527777777778
INC0007318,Group 70,0,13.796527777777778
INC0007319,Group 70,1,12.879166666666666
INC0007320,Group 70,1,9.213194444444444
INC0007321,Group 20,1,61.84097222222222
INC0007322,Group 5,1,68.88194444444444
INC0007323,Group 70,0,9.207638888888889
INC0007324,Group 73,1,12.872222222222222
INC0007326,Group 39,1,9.20486111111111
INC0007328,Group 66,1,9.204166666666667
INC0007330,Group 70,1,12.86875
INC0007331,Group 66,1,35.08263888888889
INC0007332,Group 70,0,9.202083333333333
INC0007333,Group 39,1,9.20138888888889
INC0007334,Group 74,1,11.866666666666667
INC0007335,Group 74,1,12.115972222222222
INC0007336,Group 39,1,9.200694444444444
INC0007337,Group 28,1,9.198611111111111
INC0007338,Group 24,1,11.113888888888889
INC0007339,Group 70,0,13.779861111111112
INC0007343,Group 31,1,330.15555555555557
INC0007345,Group 23,1,9.191666666666666
INC0007346,Group 74,1,12.01875
INC0007347,Group 65,1,1.75625
INC0007348,Group 28,1,10.847916666666666
INC0007349,Group 56,1,26.803472222222222
INC0007350,Group 15,1,18.84513888888889
INC0007353,Group 70,1,9.177083333333334
INC0007354,Group 70,1,9.175694444444444
INC0007355,Group 70,0,9.175694444444444
INC0007356,Group 70,1,13.92361111111111
INC0007357,Group 70,1,18.96388888888889
INC0007358,Group 70,1,9.169444444444444
INC0007359,Group 70,0,9.169444444444444
INC0007360,Group 39,1,9.169444444444444
INC0007361,Group 10,1,53.88194444444444
INC0007362,Group 25,1,9.16875
INC0007364,Group 70,1,9.165972222222223
INC0007365,Group 70,0,9.161805555555556
INC0007367,Group 70,0,9.159722222222221
INC0007368,Group 66,1,18.783333333333335
INC0007369,Group 39,1,9.159027777777778
INC0007370,Group 70,0,9.157638888888888
INC0007371,Group 70,0,9.15625
INC0007373,Group 70,0,9.154861111111112
INC0007374,Group 70,1,9.154166666666667
INC0007375,Group 55,1,9.154166666666667
INC0007376,Group 64,1,9.152777777777779
INC0007377,Group 64,1,9.152083333333334
INC0007378,Group 70,0,18.731944444444444
INC0007379,Group 64,1,9.15
INC0007380,Group 23,1,9.149305555555555
INC0007381,Group 27,1,9.149305555555555
INC0007382,Group 70,0,9.149305555555555
INC0007384,Group 70,0,13.770833333333334
INC0007385,Group 5,1,27.061805555555555
INC0007386,Group 70,0,9.14236111111111
INC0007387,Group 70,1,9.14236111111111
INC0007388,Group 70,1,9.14236111111111
INC0007389,Group 20,0,9.141666666666667
INC0007391,Group 23,1,9.140277777777778
INC0007392,Group 70,0,9.1375
INC0007393,Group 23,1,9.133333333333333
INC0007397,Group 70,1,9.129861111111111
INC0007398,Group 39,1,9.129861111111111
INC0007399,Group 57,1,104.17013888888889
INC0007400,Group 70,0,13.000694444444445
INC0007402,Group 24,1,9.125694444444445
INC0007403,Group 60,1,5.959027777777778
INC0007404,Group 70,1,13.747222222222222
INC0007406,Group 3,1,172.83055555555555
INC0007407,Group 25,1,27.036805555555556
INC0007410,Group 70,0,9.118055555555555
INC0007412,Group 25,1,11.8625
INC0007414,Group 22,1,36.11736111111111
INC0007415,Group 37,1,18.819444444444443
INC0007416,Group 70,1,9.1125
INC0007417,Group 30,1,9.109027777777778
INC0007418,Group 70,1,9.105555555555556
INC0007419,Group 70,0,9.104861111111111
INC0007420,Group 70,0,9.097222222222221
INC0007421,Group 68,1,32.05486111111111
INC0007422,Group 20,0,9.091666666666667
INC0007423,Group 39,1,9.090277777777779
INC0007425,Group 70,0,13.003472222222221
INC0007426,Group 25,1,18.75138888888889
INC0007427,Group 5,1,9.085416666666667
INC0007428,Group 70,0,13.834027777777777
INC0007429,Group 70,0,10.750694444444445
INC0007430,Group 10,1,13.666666666666666
INC0007432,Group 39,1,19.040277777777778
INC0007433,Group 70,1,11.83125
INC0007434,Group 70,1,11.83125
INC0007435,Group 70,1,11.83125
INC0007436,Group 70,0,9.07986111111111
INC0007437,Group 70,1,9.077083333333333
INC0007439,Group 73,1,12.74236111111111
INC0007440,Group 29,0,18.90763888888889
INC0007441,Group 74,1,9.072916666666666
INC0007442,Group 70,0,9.072222222222223
INC0007443,Group 30,1,9.072222222222223
INC0007444,Group 64,1,9.07013888888889
INC0007445,Group 6,1,21.902083333333334
INC0007447,Group 25,1,13.691666666666666
INC0007448,Group 64,1,9.066666666666666
INC0007449,Group 70,0,9.066666666666666
INC0007450,Group 64,1,13.688194444444445
INC0007452,Group 64,1,13.686805555555555
INC0007453,Group 51,0,12.895138888888889
INC0007454,Group 64,1,13.686111111111112
INC0007457,Group 64,1,13.684722222222222
INC0007460,Group 64,1,13.681944444444444
INC0007462,Group 33,1,9.05625
INC0007467,Group 39,1,34.678472222222226
INC0007469,Group 55,1,19.78472222222222
INC0007470,Group 33,1,9.029166666666667
INC0007472,Group 70,0,9.018055555555556
INC0007474,Group 70,0,12.722222222222221
INC0007476,Group 24,1,9.004861111111111
INC0007479,Group 39,1,8.975
INC0007480,Group 56,1,8.971527777777778
INC0007482,Group 70,1,12.63125
INC0007483,Group 70,1,18.709722222222222
INC0007484,Group 57,1,40.511805555555554
INC0007486,Group 39,1,8.858333333333333
INC0007488,Group 70,1,8.782638888888888
INC0007489,Group 66,1,8.750694444444445
INC0007490,Group 70,1,8.748611111111112
INC0007493,Group 70,1,8.683333333333334
INC0007494,Group 70,1,38.389583333333334
INC0007495,Group 70,1,8.643055555555556
INC0007496,Group 70,0,11.425694444444444
INC0007497,Group 64,1,8.531944444444445
INC0007499,Group 70,1,8.529166666666667
INC0007500,Group 28,1,8.527083333333334
INC0007501,Group 70,0,21.10763888888889
INC0007503,Group 70,1,13.302777777777777
INC0007504,Group 70,1,18.29861111111111
INC0007505,Group 64,1,8.50763888888889
INC0007506,Group 64,1,8.50625
INC0007508,Group 65,1,8.50625
INC0007509,Group 64,1,8.504166666666666
INC0007510,Group 70,1,8.503472222222221
INC0007513,Group 70,1,8.490972222222222
INC0007514,Group 47,1,8.480555555555556
INC0007516,Group 70,0,11.259027777777778
INC0007518,Group 65,1,8.463888888888889
INC0007519,Group 70,1,8.459722222222222
INC0007520,Group 39,1,8.457638888888889
INC0007521,Group 24,1,18.1625
INC0007525,Group 20,1,8.45138888888889
INC0007526,Group 28,1,8.450694444444444
INC0007529,Group 70,0,10.069444444444445
INC0007531,Group 25,1,8.443055555555556
INC0007532,Group 74,1,11.190972222222221
INC0007533,Group 70,0,11.35625
INC0007534,Group 27,1,8.440277777777778
INC0007538,Group 24,1,8.439583333333333
INC0007540,Group 25,1,17.352083333333333
INC0007542,Group 70,1,8.434722222222222
INC0007543,Group 48,1,18.01527777777778
INC0007544,Group 70,1,8.433333333333334
INC0007546,Group 20,1,47.142361111111114
INC0007547,Group 70,0,8.42986111111111
INC0007548,Group 70,0,8.428472222222222
INC0007549,Group 66,1,20.09236111111111
INC0007550,Group 72,1,20.133333333333333
INC0007552,Group 25,1,8.425
INC0007555,Group 70,1,8.422916666666667
INC0007557,Group 70,0,12.170833333333333
INC0007558,Group 70,1,8.421527777777778
INC0007560,Group 9,1,160.2111111111111
INC0007561,Group 30,1,11.16875
INC0007562,Group 49,1,8.418055555555556
INC0007565,Group 70,1,8.416666666666666
INC0007566,Group 20,1,11.373611111111112
INC0007568,Group 39,1,8.414583333333333
INC0007570,Group 70,0,8.41388888888889
INC0007571,Group 5,1,68.08402777777778
INC0007573,Group 6,1,8.411805555555556
INC0007576,Group 5,1,68.08055555555555
INC0007578,Group 54,0,8.409027777777778
INC0007579,Group 70,0,12.990277777777777
INC0007581,Group 20,1,15.240277777777777
INC0007582,Group 28,1,8.408333333333333
INC0007587,Group 46,1,8.40625
INC0007588,Group 70,1,8.405555555555555
INC0007590,Group 70,0,11.154166666666667
INC0007591,Group 54,1,17.111805555555556
INC0007592,Group 73,1,18.319444444444443
INC0007593,Group 25,1,17.235416666666666
INC0007594,Group 64,1,8.402083333333334
INC0007595,Group 66,1,8.402083333333334
INC0007596,Group 76,1,8.402083333333334
INC0007597,Group 28,1,8.402083333333334
INC0007598,Group 54,1,18.358333333333334
INC0007599,Group 23,1,8.401388888888889
INC0007600,Group 72,1,18.314583333333335
INC0007601,Group 70,1,8.39861111111111
INC0007602,Group 64,1,8.395833333333334
INC0007603,Group 46,1,8.395138888888889
INC0007605,Group 24,1,16.975694444444443
INC0007606,Group 70,1,8.39375
INC0007607,Group 20,1,3.296527777777778
INC0007609,Group 70,1,8.390277777777778
INC0007610,Group 76,1,8.390277777777778
INC0007611,Group 64,1,8.390277777777778
INC0007612,Group 35,1,8.389583333333333
INC0007613,Group 70,0,8.38888888888889
INC0007614,Group 70,0,13.0125
INC0007615,Group 64,1,8.38888888888889
INC0007617,Group 70,0,8.388194444444444
INC0007618,Group 70,1,8.3875
INC0007619,Group 70,1,8.386805555555556
INC0007621,Group 64,1,8.385416666666666
INC0007622,Group 64,1,8.385416666666666
INC0007624,Group 64,1,8.384722222222223
INC0007625,Group 24,1,40.013194444444444
INC0007627,Group 39,1,12.047916666666667
INC0007628,Group 70,1,8.38125
INC0007629,Group 64,1,8.379861111111111
INC0007630,Group 70,0,11.294444444444444
INC0007631,Group 23,1,11.294444444444444
INC0007632,Group 70,1,13.085416666666667
INC0007635,Group 72,1,38.21388888888889
INC0007636,Group 24,1,39.170138888888886
INC0007637,Group 64,1,8.374305555555555
INC0007638,Group 72,1,18.080555555555556
INC0007639,Group 64,1,8.372916666666667
INC0007641,Group 70,0,9.993055555555555
INC0007642,Group 64,1,8.36875
INC0007643,Group 44,1,24.199305555555554
INC0007644,Group 70,1,8.366666666666667
INC0007645,Group 70,1,8.366666666666667
INC0007646,Group 70,1,8.365277777777777
INC0007647,Group 70,0,35.11944444444445
INC0007648,Group 64,1,8.365277777777777
INC0007649,Group 70,0,10.113888888888889
INC0007650,Group 30,1,8.363888888888889
INC0007651,Group 25,1,11.154166666666667
INC0007652,Group 39,1,8.363194444444444
INC0007653,Group 72,1,28.23472222222222
INC0007658,Group 22,1,19.31597222222222
INC0007659,Group 24,1,8.359027777777778
INC0007660,Group 73,1,12.231944444444444
INC0007663,Group 70,0,8.355555555555556
INC0007664,Group 25,1,8.354861111111111
INC0007666,Group 70,1,8.354166666666666
INC0007667,Group 24,1,8.352083333333333
INC0007668,Group 70,0,8.349305555555556
INC0007670,Group 39,1,8.348611111111111
INC0007671,Group 25,0,13.01388888888889
INC0007672,Group 25,1,8.347222222222221
INC0007673,Group 31,1,10.2625
INC0007675,Group 70,0,11.135416666666666
INC0007676,Group 25,1,18.132638888888888
INC0007677,Group 70,0,11.25763888888889
INC0007679,Group 72,1,38.17777777777778
INC0007680,Group 65,1,8.339583333333334
INC0007681,Group 57,1,8.339583333333334
INC0007683,Group 27,1,13.04513888888889
INC0007685,Group 46,1,18.252083333333335
INC0007687,Group 70,1,11.084722222222222
INC0007688,Group 70,1,11.084722222222222
INC0007690,Group 39,1,8.33611111111111
INC0007692,Group 37,1,20.250694444444445
INC0007693,Group 70,1,8.334722222222222
INC0007694,Group 70,0,11.207638888888889
INC0007695,Group 5,1,11.206944444444444
INC0007696,Group 70,1,18.12361111111111
INC0007698,Group 70,1,8.332638888888889
INC0007699,Group 64,1,8.331944444444444
INC0007700,Group 37,1,39.29375
INC0007701,Group 24,1,8.330555555555556
INC0007703,Group 24,1,8.328472222222222
INC0007705,Group 55,1,8.327777777777778
INC0007706,Group 70,1,8.327083333333333
INC0007707,Group 70,1,8.449305555555556
INC0007708,Group 9,1,160.1159722222222
INC0007709,Group 70,0,8.325
INC0007710,Group 23,1,8.325
INC0007711,Group 25,1,8.323611111111111
INC0007712,Group 55,1,19.072222222222223
INC0007713,Group 57,1,131.27916666666667
INC0007715,Group 6,1,26.19375
INC0007721,Group 28,1,8.317361111111111
INC0007725,Group 70,1,8.314583333333333
INC0007726,Group 22,1,37.94166666666667
INC0007727,Group 33,1,19.18611111111111
INC0007729,Group 25,1,8.309722222222222
INC0007730,Group 70,0,8.309027777777779
INC0007731,Group 23,1,12.305555555555555
INC0007733,Group 54,0,8.30625
INC0007734,Group 70,1,8.305555555555555
INC0007735,Group 57,1,47.22638888888889
INC0007739,Group 9,1,160.13541666666666
INC0007740,Group 27,1,8.302777777777777
INC0007741,Group 28,1,8.302777777777777
INC0007742,Group 70,1,8.300694444444444
INC0007743,Group 39,1,8.299305555555556
INC0007744,Group 73,1,12.25625
INC0007745,Group 70,0,11.088888888888889
INC0007747,Group 70,1,8.297916666666667
INC0007748,Group 56,1,8.297916666666667
INC0007751,Group 57,1,11.211805555555555
INC0007752,Group 28,1,8.296527777777778
INC0007753,Group 24,1,8.294444444444444
INC0007754,Group 70,0,8.29375
INC0007757,Group 74,1,8.291666666666666
INC0007761,Group 70,0,11.161805555555556
INC0007762,Group 70,0,8.2875
INC0007763,Group 70,0,10.160416666666666
INC0007764,Group 70,1,8.286111111111111
INC0007767,Group 25,1,11.89236111111111
INC0007774,Group 70,0,8.251388888888888
INC0007775,Group 72,1,39.96180555555556
INC0007778,Group 70,0,9.909722222222221
INC0007781,Group 70,0,8.240972222222222
INC0007782,Group 48,1,17.821527777777778
INC0007783,Group 25,1,18.154166666666665
INC0007784,Group 72,1,38.076388888888886
INC0007786,Group 27,1,9.94513888888889
INC0007788,Group 25,1,8.238194444444444
INC0007789,Group 73,1,14.805555555555555
INC0007791,Group 5,1,67.90625
INC0007792,Group 27,1,8.234722222222222
INC0007793,Group 70,1,8.234027777777778
INC0007794,Group 25,1,8.233333333333333
INC0007795,Group 50,1,8.23263888888889
INC0007796,Group 70,0,19.81388888888889
INC0007797,Group 65,1,8.23125
INC0007798,Group 72,1,38.94305555555555
INC0007800,Group 39,1,9.894444444444444
INC0007801,Group 70,0,11.102083333333333
INC0007802,Group 70,0,11.058333333333334
INC0007803,Group 39,1,8.224305555555556
INC0007805,Group 70,0,11.010416666666666
INC0007808,Group 70,0,23.924305555555556
INC0007809,Group 55,1,8.216666666666667
INC0007813,Group 39,1,9.793055555555556
INC0007815,Group 39,1,8.209027777777777
INC0007816,Group 70,0,8.209027777777777
INC0007817,Group 70,0,11.915277777777778
INC0007819,Group 70,1,8.20625
INC0007820,Group 70,1,10.120833333333334
INC0007821,Group 30,1,25.12013888888889
INC0007822,Group 70,1,8.203472222222222
INC0007824,Group 70,1,10.82638888888889
INC0007825,Group 70,1,8.202777777777778
INC0007827,Group 70,0,10.116666666666667
INC0007828,Group 70,1,8.199305555555556
INC0007829,Group 25,1,8.198611111111111
INC0007830,Group 23,1,8.198611111111111
INC0007831,Group 70,0,11.905555555555555
INC0007832,Group 23,1,11.06875
INC0007835,Group 50,1,8.193055555555556
INC0007836,Group 39,1,10.025
INC0007837,Group 70,1,11.775
INC0007838,Group 24,1,8.192361111111111
INC0007841,Group 3,1,8.190972222222221
INC0007842,Group 70,1,8.190972222222221
INC0007846,Group 25,1,23.894444444444446
INC0007847,Group 46,1,8.186805555555555
INC0007848,Group 70,0,9.85138888888889
INC0007849,Group 73,1,18.101388888888888
INC0007852,Group 70,1,8.184722222222222
INC0007853,Group 20,0,10.099305555555556
INC0007855,Group 49,1,8.182638888888889
INC0007856,Group 70,1,8.182638888888889
INC0007857,Group 70,0,8.17986111111111
INC0007858,Group 29,0,11.010416666666666
INC0007859,Group 39,1,8.177083333333334
INC0007860,Group 70,0,11.009027777777778
INC0007862,Group 70,0,8.175694444444444
INC0007864,Group 70,0,11.879166666666666
INC0007866,Group 70,0,8.171527777777778
INC0007867,Group 70,0,8.170833333333333
INC0007868,Group 70,1,8.169444444444444
INC0007869,Group 70,0,8.169444444444444
INC0007872,Group 70,0,11.748611111111112
INC0007873,Group 9,1,215.99930555555557
INC0007874,Group 70,1,8.165972222222223
INC0007876,Group 24,1,10.080555555555556
INC0007877,Group 70,1,8.165277777777778
INC0007878,Group 20,1,13.121527777777779
INC0007879,Group 70,1,8.16388888888889
INC0007882,Group 57,1,16.82847222222222
INC0007883,Group 39,1,8.1625
INC0007884,Group 70,0,11.786111111111111
INC0007885,Group 65,1,8.161805555555556
INC0007886,Group 6,1,11.784027777777778
INC0007888,Group 31,1,132.86805555555554
INC0007889,Group 70,1,8.159722222222221
INC0007890,Group 39,1,8.159722222222221
INC0007891,Group 15,1,19.865972222222222
INC0007892,Group 70,1,8.15625
INC0007893,Group 73,1,18.070833333333333
INC0007894,Group 39,1,8.154166666666667
INC0007896,Group 72,1,35.03125
INC0007897,Group 54,1,11.941666666666666
INC0007898,Group 39,1,8.151388888888889
INC0007899,Group 25,1,16.774305555555557
INC0007900,Group 70,0,17.730555555555554
INC0007901,Group 24,1,17.938194444444445
INC0007902,Group 70,1,8.147222222222222
INC0007903,Group 55,1,12.852083333333333
INC0007904,Group 70,1,8.14236111111111
INC0007905,Group 70,1,12.974305555555556
INC0007907,Group 70,1,8.13888888888889
INC0007908,Group 70,0,8.1375
INC0007910,Group 70,1,12.968055555555555
INC0007911,Group 9,1,160.04930555555555
INC0007913,Group 70,1,8.13125
INC0007917,Group 70,0,9.91875
INC0007918,Group 72,1,18.00138888888889
INC0007920,Group 55,1,46.8375
INC0007921,Group 72,1,37.9625
INC0007922,Group 70,1,8.123611111111112
INC0007923,Group 28,1,12.702777777777778
INC0007924,Group 74,1,8.120833333333334
INC0007925,Group 25,1,8.120138888888889
INC0007926,Group 70,1,8.119444444444444
INC0007928,Group 70,0,8.115972222222222
INC0007929,Group 28,1,9.739583333333334
INC0007930,Group 73,1,11.697916666666666
INC0007931,Group 70,1,8.115277777777777
INC0007933,Group 24,1,10.029166666666667
INC0007935,Group 70,1,8.11111111111111
INC0007936,Group 70,1,11.48263888888889
INC0007938,Group 25,1,11.729861111111111
INC0007939,Group 70,1,8.10625
INC0007940,Group 70,0,8.10625
INC0007941,Group 20,1,67.77430555555556
INC0007942,Group 20,1,48.94097222222222
INC0007943,Group 70,0,8.102083333333333
INC0007944,Group 20,1,11.76736111111111
INC0007945,Group 70,0,8.1
INC0007946,Group 46,1,8.099305555555556
INC0007947,Group 39,1,8.098611111111111
INC0007948,Group 64,1,8.097222222222221
INC0007949,Group 64,1,12.720138888888888
INC0007950,Group 70,1,17.927083333333332
INC0007951,Group 39,1,8.092361111111112
INC0007952,Group 55,1,8.091666666666667
INC0007953,Group 70,0,9.756944444444445
INC0007954,Group 72,1,72.92847222222223
INC0007955,Group 70,1,8.090277777777779
INC0007956,Group 20,1,12.796527777777778
INC0007957,Group 55,1,8.089583333333334
INC0007958,Group 55,1,8.088888888888889
INC0007959,Group 37,1,20.04513888888889
INC0007960,Group 55,1,8.088194444444444
INC0007961,Group 55,1,8.0875
INC0007962,Group 70,1,8.086805555555555
INC0007963,Group 55,1,8.086805555555555
INC0007965,Group 39,1,8.084722222222222
INC0007966,Group 66,1,8.084027777777777
INC0007969,Group 37,1,60.04236111111111
INC0007970,Group 70,0,8.07986111111111
INC0007975,Group 20,0,12.785416666666666
INC0007978,Group 60,1,38.74652777777778
INC0007980,Group 72,0,8.070833333333333
INC0007981,Group 23,1,17.02777777777778
INC0007986,Group 70,0,9.730555555555556
INC0007987,Group 5,1,67.73541666666667
INC0007988,Group 39,1,9.645138888888889
INC0007989,Group 73,1,11.640972222222222
INC0007990,Group 30,1,8.057638888888889
INC0007991,Group 70,1,8.057638888888889
INC0007993,Group 25,1,8.052777777777777
INC0007997,Group 53,1,16.839583333333334
INC0007998,Group 31,1,8.04861111111111
INC0007999,Group 70,0,8.046527777777778
INC0008000,Group 28,1,16.627083333333335
INC0008001,Group 70,1,12.89375
INC0008002,Group 70,1,17.875
INC0008004,Group 39,1,8.036111111111111
INC0008007,Group 23,1,8.020138888888889
INC0008008,Group 23,1,8.015277777777778
INC0008009,Group 55,1,11.552083333333334
INC0008010,Group 70,0,17.525694444444444
INC0008011,Group 70,0,11.563888888888888
INC0008012,Group 70,0,11.5625
INC0008014,Group 39,1,7.915277777777778
INC0008015,Group 23,1,10.536111111111111
INC0008016,Group 27,1,7.909027777777778
INC0008017,Group 25,1,10.4875
INC0008018,Group 73,1,17.759722222222223
INC0008021,Group 65,1,15.491666666666667
INC0008022,Group 70,1,12.475
INC0008023,Group 65,1,11.590277777777779
INC0008024,Group 70,1,7.7555555555555555
INC0008027,Group 70,1,7.708333333333333
INC0008030,Group 57,1,7.683333333333334
INC0008032,Group 57,1,7.635416666666667
INC0008035,Group 57,1,7.576388888888889
INC0008036,Group 65,1,11.3875
INC0008037,Group 70,1,7.553472222222222
INC0008039,Group 48,1,16.159027777777776
INC0008041,Group 48,1,17.097916666666666
INC0008042,Group 70,1,7.504166666666666
INC0008047,Group 70,1,7.483333333333333
INC0008048,Group 23,1,25.18888888888889
INC0008050,Group 70,1,7.472916666666666
INC0008051,Group 70,0,11.177777777777777
INC0008053,Group 70,0,9.133333333333333
INC0008055,Group 70,0,7.468055555555556
INC0008056,Group 70,1,7.466666666666667
INC0008057,Group 64,1,9.006944444444445
INC0008058,Group 70,1,17.29722222222222
INC0008059,Group 65,1,11.295833333333333
INC0008061,Group 28,1,7.460416666666666
INC0008062,Group 49,1,10.08125
INC0008063,Group 70,0,7.456944444444445
INC0008065,Group 70,1,9.371527777777779
INC0008066,Group 70,1,17.288194444444443
INC0008067,Group 73,1,17.364583333333332
INC0008068,Group 64,1,7.448611111111111
INC0008069,Group 64,1,7.447222222222222
INC0008070,Group 27,1,7.447222222222222
INC0008074,Group 39,1,7.440277777777778
INC0008076,Group 24,1,7.439583333333333
INC0008077,Group 29,1,20.394444444444446
INC0008078,Group 70,0,7.4375
INC0008079,Group 70,0,12.185416666666667
INC0008080,Group 70,0,12.393055555555556
INC0008083,Group 70,0,12.222916666666666
INC0008084,Group 28,1,24.014583333333334
INC0008085,Group 23,1,7.4319444444444445
INC0008086,Group 24,1,7.43125
INC0008089,Group 70,1,7.430555555555555
INC0008093,Group 73,1,10.177777777777777
INC0008094,Group 54,1,17.343055555555555
INC0008095,Group 70,0,7.427777777777778
INC0008097,Group 25,1,11.134027777777778
INC0008100,Group 70,1,7.425694444444445
INC0008101,Group 70,0,7.425
INC0008102,Group 70,0,7.424305555555556
INC0008104,Group 24,1,7.424305555555556
INC0008105,Group 23,1,7.422916666666667
INC0008106,Group 25,1,7.4222222222222225
INC0008107,Group 24,1,7.4222222222222225
INC0008108,Group 70,1,7.420138888888889
INC0008109,Group 24,1,7.419444444444444
INC0008112,Group 24,1,7.418055555555555
INC0008114,Group 15,1,5.290972222222222
INC0008115,Group 70,1,7.416666666666667
INC0008117,Group 70,1,7.415972222222222
INC0008119,Group 70,1,12.121527777777779
INC0008121,Group 39,1,7.413888888888889
INC0008122,Group 24,1,7.413888888888889
INC0008123,Group 70,1,7.413888888888889
INC0008125,Group 24,1,7.4118055555555555
INC0008126,Group 70,0,7.410416666666666
INC0008127,Group 70,1,7.410416666666666
INC0008128,Group 70,1,21.115972222222222
INC0008129,Group 65,1,15.123611111111112
INC0008130,Group 70,0,20.030555555555555
INC0008131,Group 33,1,12.279861111111112
INC0008132,Group 70,0,10.070833333333333
INC0008133,Group 70,1,7.404861111111111
INC0008134,Group 70,0,9.027777777777779
INC0008137,Group 70,1,7.402777777777778
INC0008138,Group 70,1,17.275
INC0008139,Group 70,0,12.108333333333333
INC0008140,Group 23,1,11.066666666666666
INC0008141,Group 64,1,7.4006944444444445
INC0008145,Group 70,0,12.397222222222222
INC0008146,Group 20,1,0.34097222222222223
INC0008147,Group 25,1,11.104861111111111
INC0008148,Group 70,0,12.229166666666666
INC0008149,Group 70,1,7.397222222222222
INC0008150,Group 25,1,7.397222222222222
INC0008151,Group 29,1,33.14930555555556
INC0008152,Group 70,1,31.149305555555557
INC0008154,Group 64,1,7.394444444444445
INC0008158,Group 65,1,7.393055555555556
INC0008159,Group 70,1,7.393055555555556
INC0008160,Group 64,1,7.391666666666667
INC0008161,Group 65,1,30.227777777777778
INC0008162,Group 70,0,19.13888888888889
INC0008163,Group 64,1,7.3902777777777775
INC0008164,Group 64,1,7.3902777777777775
INC0008165,Group 70,1,7.389583333333333
INC0008166,Group 70,0,7.388888888888889
INC0008167,Group 64,1,7.388194444444444
INC0008168,Group 70,0,7.386805555555555
INC0008170,Group 70,1,7.385416666666667
INC0008171,Group 30,1,7.385416666666667
INC0008172,Group 70,1,7.384722222222222
INC0008174,Group 28,1,12.215972222222222
INC0008175,Group 70,1,7.384722222222222
INC0008176,Group 70,1,7.384027777777778
INC0008177,Group 25,1,25.13125
INC0008178,Group 24,1,7.38125
INC0008179,Group 73,1,17.29513888888889
INC0008180,Group 48,1,10.253472222222221
INC0008182,Group 70,0,7.377777777777778
INC0008183,Group 24,1,18.000694444444445
INC0008184,Group 48,1,16.958333333333332
INC0008186,Group 61,1,17.956944444444446
INC0008187,Group 70,0,7.374305555555556
INC0008188,Group 28,1,10.2875
INC0008189,Group 74,1,11.0375
INC0008191,Group 64,1,7.372916666666667
INC0008192,Group 70,1,7.372916666666667
INC0008193,Group 69,1,7.372222222222222
INC0008194,Group 37,1,24.20277777777778
INC0008195,Group 27,1,11.952777777777778
INC0008197,Group 31,1,7.370138888888889
INC0008198,Group 70,1,7.370138888888889
INC0008199,Group 23,1,128.9923611111111
INC0008200,Group 64,1,7.365972222222222
INC0008202,Group 70,0,7.365972222222222
INC0008203,Group 64,1,7.364583333333333
INC0008204,Group 70,1,19.611805555555556
INC0008205,Group 65,1,25.992361111111112
INC0008206,Group 64,1,7.3625
INC0008207,Group 70,0,7.3625
INC0008208,Group 55,1,7.3597222222222225
INC0008209,Group 70,0,12.190277777777778
INC0008210,Group 20,1,24.064583333333335
INC0008219,Group 25,1,12.103472222222223
INC0008221,Group 70,1,7.354861111111111
INC0008222,Group 73,1,19.185416666666665
INC0008223,Group 49,1,7.352777777777778
INC0008224,Group 30,1,8.934027777777779
INC0008227,Group 20,1,14.098611111111111
INC0008229,Group 64,1,7.35
INC0008231,Group 70,1,7.348611111111111
INC0008232,Group 39,1,18.0125
INC0008234,Group 64,1,7.347222222222222
INC0008235,Group 73,1,7.347222222222222
INC0008236,Group 24,1,9.177777777777777
INC0008237,Group 39,1,7.345833333333333
INC0008238,Group 70,0,7.345833333333333
INC0008239,Group 64,1,7.345833333333333
INC0008240,Group 70,0,7.345833333333333
INC0008241,Group 70,0,7.344444444444444
INC0008242,Group 64,1,7.34375
INC0008245,Group 64,1,7.343055555555556
INC0008246,Group 39,1,7.341666666666667
INC0008247,Group 72,1,24.005555555555556
INC0008248,Group 70,1,7.340277777777778
INC0008249,Group 20,1,11.170833333333333
INC0008250,Group 66,1,11.918055555555556
INC0008251,Group 28,1,12.207638888888889
INC0008252,Group 70,0,7.334027777777778
INC0008254,Group 55,1,18.07986111111111
INC0008255,Group 64,1,7.330555555555556
INC0008256,Group 70,0,7.330555555555556
INC0008257,Group 25,1,7.329166666666667
INC0008258,Group 70,0,7.3284722222222225
INC0008259,Group 70,1,7.3277777777777775
INC0008260,Group 70,1,7.3277777777777775
INC0008263,Group 70,1,17.197916666666668
INC0008264,Group 70,1,7.322916666666667
INC0008266,Group 70,1,7.321527777777778
INC0008267,Group 10,1,80.19791666666667
INC0008268,Group 70,1,7.31875
INC0008270,Group 27,1,7.3180555555555555
INC0008271,Group 70,1,7.3180555555555555
INC0008272,Group 64,1,7.315972222222222
INC0008274,Group 29,1,10.310416666666667
INC0008275,Group 53,1,7.3125
INC0008276,Group 64,1,17.143055555555556
INC0008278,Group 25,1,17.097916666666666
INC0008279,Group 72,1,33.144444444444446
INC0008289,Group 73,1,11.924305555555556
INC0008291,Group 25,1,16.170833333333334
INC0008292,Group 28,1,7.297916666666667
INC0008295,Group 70,1,10.209722222222222
INC0008299,Group 68,1,8.947222222222223
INC0008300,Group 70,1,7.278472222222222
INC0008301,Group 39,1,18.90138888888889
INC0008302,Group 76,1,51.947916666666664
INC0008304,Group 29,1,24.19097222222222
INC0008305,Group 76,0,7.275
INC0008306,Group 70,0,7.274305555555555
INC0008307,Group 70,1,7.271527777777778
INC0008309,Group 73,1,17.893055555555556
INC0008310,Group 66,1,7.26875
INC0008311,Group 70,1,7.2652777777777775
INC0008312,Group 70,1,7.257638888888889
INC0008313,Group 29,1,25.040972222222223
INC0008315,Group 24,1,7.247916666666667
INC0008316,Group 70,0,7.247916666666667
INC0008318,Group 70,1,7.247222222222222
INC0008319,Group 28,1,11.118055555555555
INC0008321,Group 70,1,7.241666666666666
INC0008323,Group 39,1,11.863194444444444
INC0008325,Group 20,1,17.19375
INC0008326,Group 28,1,7.2375
INC0008327,Group 55,1,7.236111111111111
INC0008328,Group 54,1,11.981944444444444
INC0008329,Group 25,1,123.06597222222223
INC0008331,Group 39,1,7.231944444444444
INC0008333,Group 70,1,7.230555555555555
INC0008334,Group 30,1,184.89444444444445
INC0008336,Group 25,0,7.2243055555555555
INC0008338,Group 70,1,7.221527777777778
INC0008339,Group 24,1,7.220138888888889
INC0008341,Group 25,1,7.21875
INC0008342,Group 30,1,90.13263888888889
INC0008343,Group 70,1,7.216666666666667
INC0008345,Group 66,1,7.215972222222222
INC0008347,Group 21,1,9.127083333333333
INC0008348,Group 57,1,16.043055555555554
INC0008349,Group 3,1,170.91666666666666
INC0008350,Group 73,1,19.87361111111111
INC0008352,Group 53,1,9.95486111111111
INC0008355,Group 29,1,10.202083333333333
INC0008356,Group 70,0,12.89861111111111
INC0008357,Group 70,0,9.073611111111111
INC0008358,Group 74,1,9.945833333333333
INC0008360,Group 3,1,10.150694444444444
INC0008361,Group 23,1,15.858333333333333
INC0008362,Group 76,1,7.191666666666666
INC0008366,Group 29,0,11.897916666666667
INC0008367,Group 27,1,7.190972222222222
INC0008369,Group 73,1,17.104166666666668
INC0008370,Group 27,1,16.811805555555555
INC0008371,Group 76,1,15.811805555555555
INC0008373,Group 39,1,7.188194444444444
INC0008375,Group 27,1,9.810416666666667
INC0008376,Group 73,1,17.100694444444443
INC0008378,Group 39,1,7.184722222222222
INC0008379,Group 23,1,7.1819444444444445
INC0008380,Group 70,0,7.1819444444444445
INC0008381,Group 73,1,17.094444444444445
INC0008382,Group 55,1,7.179861111111111
INC0008383,Group 70,0,12.052083333333334
INC0008385,Group 39,1,9.801388888888889
INC0008388,Group 5,1,66.84513888888888
INC0008389,Group 24,1,18.08888888888889
INC0008390,Group 21,1,7.170138888888889
INC0008393,Group 70,1,7.169444444444444
INC0008395,Group 39,1,7.166666666666667
INC0008396,Group 21,1,5.124305555555556
INC0008397,Group 70,0,18.74652777777778
INC0008398,Group 76,1,9.9125
INC0008399,Group 23,1,8.827777777777778
INC0008400,Group 23,1,22.91111111111111
INC0008401,Group 28,1,16.99375
INC0008402,Group 70,0,7.1625
INC0008403,Group 70,1,7.160416666666666
INC0008404,Group 5,1,9.031944444444445
INC0008405,Group 70,1,7.158333333333333
INC0008407,Group 70,1,7.15625
INC0008408,Group 70,1,17.028472222222224
INC0008412,Group 70,0,9.86111111111111
INC0008413,Group 73,1,7.152777777777778
INC0008414,Group 70,0,7.152083333333334
INC0008415,Group 28,1,9.854861111111111
INC0008416,Group 39,1,7.147916666666666
INC0008417,Group 5,1,66.81666666666666
INC0008419,Group 54,1,11.891666666666667
INC0008422,Group 27,1,7.138888888888889
INC0008423,Group 73,1,10.094444444444445
INC0008426,Group 5,1,7.134027777777778
INC0008428,Group 10,1,44.09305555555556
INC0008429,Group 70,1,17.004166666666666
INC0008430,Group 70,1,7.1305555555555555
INC0008431,Group 58,1,13.974305555555556
INC0008432,Group 70,0,7.125
INC0008433,Group 22,1,7.120833333333334
INC0008434,Group 27,1,8.82638888888889
INC0008435,Group 72,1,30.87152777777778
INC0008436,Group 70,0,11.864583333333334
INC0008437,Group 27,1,18.696527777777778
INC0008438,Group 70,0,9.778472222222222
INC0008439,Group 30,1,11.903472222222222
INC0008441,Group 25,1,19.024305555555557
INC0008443,Group 23,1,8.772916666666667
INC0008448,Group 22,1,47.93888888888889
INC0008451,Group 70,1,16.972916666666666
INC0008452,Group 70,1,7.0993055555555555
INC0008453,Group 70,1,7.098611111111111
INC0008454,Group 70,0,7.095833333333333
INC0008455,Group 70,0,17.96875
INC0008456,Group 70,1,7.095138888888889
INC0008457,Group 20,1,10.258333333333333
INC0008458,Group 10,1,130.84583333333333
INC0008459,Group 23,1,7.091666666666667
INC0008460,Group 3,1,23.75486111111111
INC0008461,Group 27,1,18.9625
INC0008462,Group 10,1,30.005555555555556
INC0008463,Group 64,1,7.084722222222222
INC0008464,Group 64,1,7.083333333333333
INC0008465,Group 70,0,7.081944444444445
INC0008466,Group 64,1,7.081944444444445
INC0008467,Group 37,1,17.99513888888889
INC0008468,Group 64,1,7.080555555555556
INC0008469,Group 66,1,8.702777777777778
INC0008470,Group 70,1,7.0777777777777775
INC0008471,Group 30,1,7.0777777777777775
INC0008475,Group 70,1,7.073611111111111
INC0008477,Group 25,1,11.73263888888889
INC0008478,Group 23,1,9.77361111111111
INC0008479,Group 57,1,11.938194444444445
INC0008480,Group 20,1,66.73402777777778
INC0008482,Group 57,1,31.93611111111111
INC0008483,Group 57,1,7.051388888888889
INC0008484,Group 23,1,8.629166666666666
INC0008485,Group 20,1,11.879166666666666
INC0008486,Group 57,1,36.675
INC0008487,Group 57,1,51.71458333333333
INC0008488,Group 39,1,7.043055555555555
INC0008489,Group 57,1,57.9625
INC0008490,Group 57,1,18.704166666666666
INC0008492,Group 5,1,66.70694444444445
INC0008493,Group 27,1,9.865277777777777
INC0008494,Group 57,1,8.905555555555555
INC0008495,Group 62,1,7.029166666666667
INC0008497,Group 76,1,22.668055555555554
INC0008499,Group 65,1,14.67361111111111
INC0008500,Group 70,1,16.822916666666668
INC0008505,Group 64,1,6.9319444444444445
INC0008507,Group 70,1,6.776388888888889
INC0008509,Group 57,1,38.46527777777778
INC0008510,Group 74,1,9.53125
INC0008512,Group 70,1,6.68125
INC0008516,Group 70,1,6.606944444444444
INC0008518,Group 70,1,6.574305555555555
INC0008520,Group 70,1,6.528472222222222
INC0008521,Group 5,1,66.19583333333334
INC0008522,Group 70,0,16.215972222222224
INC0008523,Group 70,1,6.509027777777778
INC0008524,Group 70,1,6.50625
INC0008525,Group 64,1,6.5055555555555555
INC0008526,Group 64,1,6.502083333333333
INC0008528,Group 70,0,6.496527777777778
INC0008529,Group 23,1,19.160416666666666
INC0008530,Group 57,1,6.495138888888889
INC0008531,Group 64,1,6.4875
INC0008532,Group 64,1,6.4840277777777775
INC0008533,Group 24,1,6.4840277777777775
INC0008534,Group 25,1,15.35625
INC0008535,Group 54,0,8.1875
INC0008538,Group 70,0,17.09722222222222
INC0008539,Group 70,1,6.46875
INC0008541,Group 24,1,106.125
INC0008542,Group 24,1,9.08125
INC0008543,Group 24,1,16.247222222222224
INC0008544,Group 70,0,23.286805555555556
INC0008545,Group 70,0,11.11736111111111
INC0008548,Group 69,1,6.447222222222222
INC0008549,Group 48,1,16.028472222222224
INC0008550,Group 70,1,23.027083333333334
INC0008551,Group 27,1,8.06875
INC0008552,Group 29,1,19.318055555555556
INC0008555,Group 28,1,6.44375
INC0008556,Group 23,1,6.44375
INC0008559,Group 70,1,8.190972222222221
INC0008560,Group 70,1,6.441666666666666
INC0008562,Group 48,1,16.019444444444446
INC0008566,Group 70,1,6.435416666666667
INC0008567,Group 70,1,9.432638888888889
INC0008568,Group 70,0,18.099305555555556
INC0008570,Group 70,0,8.097222222222221
INC0008571,Group 70,1,6.4319444444444445
INC0008573,Group 70,0,8.302777777777777
INC0008574,Group 70,1,6.427777777777778
INC0008576,Group 70,0,12.088194444444444
INC0008577,Group 73,1,11.0875
INC0008578,Group 70,1,6.4215277777777775
INC0008579,Group 70,1,6.420138888888889
INC0008582,Group 73,1,9.373611111111112
INC0008584,Group 6,1,10.038194444444445
INC0008585,Group 70,0,12.079166666666667
INC0008587,Group 25,1,6.413194444444445
INC0008588,Group 27,1,19.24375
INC0008589,Group 23,1,123.07638888888889
INC0008591,Group 27,1,8.283333333333333
INC0008595,Group 29,1,51.03680555555555
INC0008596,Group 65,1,6.408333333333333
INC0008597,Group 70,0,6.40625
INC0008598,Group 37,1,15.070833333333333
INC0008599,Group 70,0,6.405555555555556
INC0008600,Group 72,1,36.24166666666667
INC0008601,Group 70,1,6.404861111111111
INC0008604,Group 65,1,6.404166666666667
INC0008605,Group 70,0,11.276388888888889
INC0008607,Group 70,0,11.983333333333333
INC0008610,Group 30,1,22.10625
INC0008611,Group 70,0,11.147222222222222
INC0008613,Group 64,1,6.397916666666666
INC0008614,Group 70,0,16.102777777777778
INC0008615,Group 35,1,33.06666666666667
INC0008616,Group 9,1,221.3527777777778
INC0008617,Group 70,1,6.395833333333333
INC0008618,Group 20,1,66.06527777777778
INC0008619,Group 74,1,29.315277777777776
INC0008620,Group 66,1,44.93958333333333
INC0008621,Group 64,1,6.39375
INC0008622,Group 73,1,11.140277777777778
INC0008623,Group 70,1,6.391666666666667
INC0008624,Group 49,1,9.222222222222221
INC0008627,Group 28,1,6.3902777777777775
INC0008629,Group 64,1,6.388888888888889
INC0008630,Group 70,0,25.219444444444445
INC0008631,Group 27,1,100.21944444444445
INC0008632,Group 54,1,11.134722222222223
INC0008633,Group 70,0,12.049305555555556
INC0008637,Group 27,1,8.255555555555556
INC0008638,Group 70,1,8.004861111111111
INC0008640,Group 54,1,9.004166666666666
INC0008642,Group 70,0,16.086805555555557
INC0008644,Group 64,1,6.379861111111111
INC0008646,Group 70,0,8.377083333333333
INC0008647,Group 64,1,6.377777777777778
INC0008648,Group 23,1,19.25
INC0008649,Group 73,1,16.291666666666668
INC0008652,Group 64,1,6.374305555555556
INC0008656,Group 70,1,22.618055555555557
INC0008657,Group 70,0,16.117361111111112
INC0008658,Group 24,1,16.074305555555554
INC0008659,Group 65,1,14.084027777777777
INC0008660,Group 22,1,15.365972222222222
INC0008661,Group 70,1,9.15625
INC0008662,Group 23,1,6.365972222222222
INC0008663,Group 64,1,6.365277777777778
INC0008665,Group 70,0,17.029166666666665
INC0008667,Group 70,0,6.363194444444445
INC0008668,Group 70,0,17.027083333333334
INC0008669,Group 70,1,55.19583333333333
INC0008673,Group 70,0,6.3590277777777775
INC0008674,Group 65,1,14.075
INC0008676,Group 23,1,6.357638888888889
INC0008677,Group 70,0,18.020833333333332
INC0008679,Group 70,0,6.354861111111111
INC0008680,Group 70,0,9.434722222222222
INC0008681,Group 70,0,16.101388888888888
INC0008682,Group 39,1,7.975694444444445
INC0008683,Group 64,1,10.975694444444445
INC0008684,Group 73,1,9.265277777777778
INC0008686,Group 22,1,10.01388888888889
INC0008688,Group 62,1,7.929166666666666
INC0008689,Group 27,1,7.928472222222222
INC0008690,Group 23,1,6.347222222222222
INC0008691,Group 22,1,103.2611111111111
INC0008692,Group 70,1,22.093055555555555
INC0008694,Group 70,1,17.216666666666665
INC0008695,Group 70,1,15.383333333333333
INC0008696,Group 70,0,17.965972222222224
INC0008697,Group 39,1,6.343055555555556
INC0008698,Group 69,1,6.342361111111111
INC0008702,Group 70,0,16.255555555555556
INC0008706,Group 27,1,8.04375
INC0008707,Group 70,1,18.002083333333335
INC0008708,Group 59,1,8.084027777777777
INC0008709,Group 70,0,16.25
INC0008711,Group 48,1,15.915972222222223
INC0008712,Group 70,0,11.08125
INC0008713,Group 70,1,6.333333333333333
INC0008714,Group 20,1,9.28888888888889
INC0008717,Group 55,1,19.077083333333334
INC0008719,Group 10,1,24.15972222222222
INC0008721,Group 64,1,6.327083333333333
INC0008722,Group 70,1,6.326388888888889
INC0008723,Group 20,1,29.247916666666665
INC0008724,Group 70,0,16.239583333333332
INC0008727,Group 73,1,9.236805555555556
INC0008728,Group 70,1,6.320833333333334
INC0008730,Group 55,1,17.10972222222222
INC0008731,Group 25,1,15.191666666666666
INC0008732,Group 25,1,14.940972222222221
INC0008733,Group 70,0,16.231944444444444
INC0008735,Group 10,1,25.188194444444445
INC0008736,Group 70,1,6.315277777777778
INC0008737,Group 5,1,6.315277777777778
INC0008738,Group 70,0,7.938194444444444
INC0008739,Group 25,1,17.229166666666668
INC0008740,Group 70,0,6.313888888888889
INC0008741,Group 24,1,30.94097222222222
INC0008742,Group 76,1,29.106944444444444
INC0008743,Group 70,0,15.141666666666667
INC0008744,Group 70,0,16.97361111111111
INC0008745,Group 70,0,6.308333333333334
INC0008746,Group 10,1,77.89305555555555
INC0008749,Group 24,1,33.142361111111114
INC0008751,Group 23,1,6.304861111111111
INC0008752,Group 28,1,37.1
INC0008753,Group 70,0,6.304166666666666
INC0008756,Group 24,1,8.216666666666667
INC0008758,Group 64,1,6.298611111111111
INC0008760,Group 70,0,6.2965277777777775
INC0008762,Group 6,1,35.923611111111114
INC0008764,Group 70,1,6.291666666666667
INC0008765,Group 70,0,16.95625
INC0008767,Group 25,1,11.038194444444445
INC0008769,Group 70,0,11.161805555555556
INC0008774,Group 50,1,7.895138888888889
INC0008775,Group 70,1,6.2659722222222225
INC0008776,Group 24,1,29.056944444444444
INC0008777,Group 23,1,6.261111111111111
INC0008782,Group 48,1,15.839583333333334
INC0008783,Group 70,1,6.2555555555555555
INC0008785,Group 29,0,17.124305555555555
INC0008789,Group 70,1,25.08125
INC0008790,Group 24,1,17.160416666666666
INC0008795,Group 27,1,14.985416666666667
INC0008796,Group 70,1,6.236805555555556
INC0008797,Group 70,0,11.109027777777778
INC0008798,Group 24,1,8.940277777777778
INC0008800,Group 70,0,16.895833333333332
INC0008801,Group 70,1,6.23125
INC0008802,Group 73,1,16.14375
INC0008803,Group 70,0,16.893055555555556
INC0008804,Group 49,1,6.228472222222222
INC0008805,Group 53,1,6.223611111111111
INC0008807,Group 70,1,33.09791666666667
INC0008808,Group 73,1,18.882638888888888
INC0008810,Group 70,0,6.213888888888889
INC0008811,Group 70,0,6.2131944444444445
INC0008812,Group 24,1,6.2131944444444445
INC0008813,Group 33,1,10.085416666666667
INC0008815,Group 74,1,14.959722222222222
INC0008816,Group 70,0,9.873611111111112
INC0008817,Group 70,0,9.120833333333334
INC0008818,Group 58,1,31.75347222222222
INC0008820,Group 73,1,16.11875
INC0008821,Group 24,1,105.86736111111111
INC0008822,Group 70,0,10.781944444444445
INC0008825,Group 73,1,16.1125
INC0008826,Group 70,0,16.861805555555556
INC0008827,Group 29,0,7.819444444444445
INC0008828,Group 66,1,10.860416666666667
INC0008829,Group 70,1,6.194444444444445
INC0008830,Group 6,1,10.15
INC0008831,Group 73,1,17.774305555555557
INC0008833,Group 23,1,19.106944444444444
INC0008834,Group 24,1,6.190972222222222
INC0008835,Group 3,1,176.14791666666667
INC0008836,Group 70,0,6.190277777777778
INC0008837,Group 25,1,7.895833333333333
INC0008838,Group 70,0,16.89375
INC0008840,Group 24,1,6.1875
INC0008842,Group 39,1,6.186111111111111
INC0008844,Group 70,0,6.184722222222222
INC0008846,Group 70,0,16.89097222222222
INC0008847,Group 24,1,6.18125
INC0008849,Group 24,1,6.179861111111111
INC0008850,Group 70,0,16.886111111111113
INC0008851,Group 27,1,7.800694444444445
INC0008852,Group 9,1,232.05
INC0008853,Group 70,1,6.175
INC0008854,Group 29,1,10.922916666666667
INC0008855,Group 24,1,6.174305555555556
INC0008856,Group 6,1,6.173611111111111
INC0008857,Group 70,1,6.173611111111111
INC0008858,Group 65,1,29.05
INC0008859,Group 73,1,9.085416666666667
INC0008861,Group 70,1,6.16875
INC0008863,Group 24,1,10.041666666666666
INC0008866,Group 70,1,30.044444444444444
INC0008867,Group 25,1,6.165277777777778
INC0008868,Group 70,0,6.165277777777778
INC0008870,Group 66,1,253.95347222222222
INC0008871,Group 70,0,16.86875
INC0008872,Group 3,1,65.83125
INC0008873,Group 65,1,9.825
INC0008874,Group 70,1,17.864583333333332
INC0008876,Group 20,0,16.864583333333332
INC0008877,Group 31,1,6.15625
INC0008880,Group 24,1,6.155555555555556
INC0008881,Group 70,1,6.154166666666667
INC0008883,Group 24,1,7.7340277777777775
INC0008886,Group 70,0,6.152777777777778
INC0008887,Group 70,0,11.109027777777778
INC0008888,Group 70,1,8.10763888888889
INC0008889,Group 39,1,6.15
INC0008890,Group 24,1,6.149305555555555
INC0008891,Group 28,1,6.149305555555555
INC0008892,Group 24,1,6.147222222222222
INC0008893,Group 24,1,6.145138888888889
INC0008894,Group 73,1,9.058333333333334
INC0008895,Group 73,1,16.058333333333334
INC0008896,Group 70,1,15.932638888888889
INC0008897,Group 70,0,16.89097222222222
INC0008898,Group 23,1,11.098611111111111
INC0008899,Group 70,0,16.889583333333334
INC0008900,Group 27,1,7.722222222222222
INC0008901,Group 24,1,14.720138888888888
INC0008903,Group 73,1,9.050694444444444
INC0008904,Group 10,1,43.84722222222222
INC0008905,Group 55,1,8.00763888888889
INC0008907,Group 70,0,14.965277777777779
INC0008908,Group 23,1,92.09027777777777
INC0008909,Group 27,1,8.964583333333334
INC0008910,Group 70,0,8.086805555555555
INC0008911,Group 24,1,6.129166666666666
INC0008913,Group 66,1,32.797916666666666
INC0008914,Group 70,1,24.790972222222223
INC0008915,Group 39,1,7.790277777777778
INC0008916,Group 70,1,6.123611111111111
INC0008918,Group 39,1,8.948611111111111
INC0008919,Group 70,1,6.117361111111111
INC0008920,Group 70,0,6.115277777777778
INC0008922,Group 10,1,53.86666666666667
INC0008923,Group 3,1,8.81875
INC0008924,Group 12,1,6.1125
INC0008925,Group 70,0,17.81597222222222
INC0008926,Group 70,1,6.1090277777777775
INC0008927,Group 39,1,14.98125
INC0008929,Group 70,0,17.810416666666665
INC0008930,Group 48,1,15.683333333333334
INC0008931,Group 74,1,36.81388888888889
INC0008933,Group 66,1,6.098611111111111
INC0008934,Group 31,1,7.927777777777778
INC0008935,Group 23,1,29.766666666666666
INC0008936,Group 70,0,8.088888888888889
INC0008937,Group 70,0,20.37847222222222
INC0008938,Group 75,1,101.71180555555556
INC0008939,Group 25,1,7.794444444444444
INC0008940,Group 37,1,45.75625
INC0008941,Group 70,1,22.833333333333332
INC0008942,Group 20,1,22.707638888888887
INC0008943,Group 64,1,10.707638888888889
INC0008945,Group 64,1,10.70625
INC0008946,Group 24,1,7.788888888888889
INC0008947,Group 64,1,10.702083333333333
INC0008948,Group 64,1,10.70138888888889
INC0008949,Group 64,1,10.7
INC0008950,Group 64,1,10.698611111111111
INC0008951,Group 70,1,6.073611111111111
INC0008952,Group 64,1,10.693055555555556
INC0008957,Group 70,0,6.063888888888889
INC0008958,Group 70,1,8.811111111111112
INC0008959,Group 70,1,6.061805555555556
INC0008960,Group 24,1,7.932638888888889
INC0008961,Group 70,1,8.806944444444444
INC0008962,Group 70,0,16.843055555555555
INC0008963,Group 70,0,17.759027777777778
INC0008972,Group 37,1,53.96597222222222
INC0008973,Group 37,1,5.992361111111111
INC0008976,Group 57,1,7.5993055555555555
INC0008977,Group 69,1,5.975
INC0008978,Group 70,0,8.597222222222221
INC0008979,Group 69,1,5.971527777777778
INC0008981,Group 48,1,14.532638888888888
INC0008984,Group 64,1,5.93125
INC0008986,Group 33,1,7.5993055555555555
INC0008987,Group 20,1,65.5201388888889
INC0008990,Group 27,1,7.418055555555555
INC0008993,Group 70,1,5.824305555555555
INC0008994,Group 70,1,5.803472222222222
INC0008995,Group 70,1,5.770138888888889
INC0008996,Group 70,1,5.7659722222222225
INC0008997,Group 39,1,7.3381944444444445
INC0008999,Group 48,1,15.304166666666667
INC0009000,Group 70,1,5.625694444444444
INC0009001,Group 25,0,22.322222222222223
INC0009002,Group 76,1,21.46875
INC0009003,Group 64,1,7.060416666666667
INC0009007,Group 70,1,5.507638888888889
INC0009008,Group 70,1,5.50625
INC0009009,Group 25,1,10.254166666666666
INC0009010,Group 64,1,5.501388888888889
INC0009012,Group 64,1,5.4840277777777775
INC0009013,Group 64,1,5.4743055555555555
INC0009015,Group 64,1,5.460416666666666
INC0009017,Group 66,1,15.372916666666667
INC0009019,Group 70,1,5.4534722222222225
INC0009020,Group 54,1,8.36736111111111
INC0009022,Group 70,1,5.450694444444444
INC0009026,Group 24,1,65.10416666666667
INC0009028,Group 70,0,17.134027777777778
INC0009029,Group 25,1,17.29722222222222
INC0009032,Group 49,1,8.115972222222222
INC0009037,Group 28,1,8.020138888888889
INC0009038,Group 70,1,5.397222222222222
INC0009047,Group 39,1,7.957638888888889
INC0009050,Group 70,1,5.2972222222222225
INC0009051,Group 70,1,5.285416666666666
INC0009054,Group 70,1,5.278472222222222
INC0009055,Group 70,1,5.2555555555555555
INC0009056,Group 57,1,21.14236111111111
INC0009057,Group 70,1,5.206944444444445
INC0009059,Group 70,0,5.151388888888889
INC0009060,Group 70,1,5.104166666666667
INC0009062,Group 70,1,5.0569444444444445
INC0009063,Group 70,1,5.052083333333333
INC0009064,Group 28,1,6.624305555555556
INC0009065,Group 39,1,6.699305555555555
INC0009067,Group 70,1,5.052777777777778
INC0009068,Group 70,1,5.045833333333333
INC0009069,Group 55,0,5.0256944444444445
INC0009070,Group 57,1,7.507638888888889
INC0009071,Group 39,1,6.534027777777778
INC0009074,Group 28,1,13.63888888888889
INC0009075,Group 70,1,5.029166666666667
INC0009080,Group 55,0,16.509722222222223
INC0009081,Group 70,1,5.038888888888889
INC0009082,Group 56,1,6.714583333333334
INC0009084,Group 56,1,6.700694444444444
INC0009087,Group 70,1,5.313888888888889
INC0009088,Group 53,1,6.258333333333334
INC0009089,Group 22,1,20.539583333333333
INC0009090,Group 70,1,5.029166666666667
INC0009092,Group 64,1,5.038888888888889
INC0009093,Group 64,1,5.038194444444445
INC0009094,Group 64,1,5.0368055555555555
INC0009095,Group 70,1,5.059722222222222
INC0009096,Group 70,1,5.013888888888889
INC0009097,Group 24,1,6.259722222222222
INC0009098,Group 70,1,5.0875
INC0009099,Group 53,1,6.017361111111111
INC0009101,Group 64,1,5.004166666666666
INC0009102,Group 64,1,5.042361111111111
INC0009103,Group 64,1,5.039583333333334
INC0009105,Group 70,1,5.039583333333334
INC0009106,Group 64,1,5.0375
INC0009107,Group 64,1,5.029166666666667
INC0009108,Group 70,1,19.60902777777778
INC0009109,Group 12,1,7.227083333333334
INC0009110,Group 70,1,5.018055555555556
INC0009111,Group 24,1,13.973611111111111
INC0009112,Group 64,1,5.038888888888889
INC0009113,Group 64,1,5.036111111111111
INC0009115,Group 48,1,13.922916666666667
INC0009116,Group 48,1,13.91875
INC0009120,Group 70,1,5.014583333333333
INC0009121,Group 70,1,5.052777777777778
INC0009122,Group 70,1,5.111111111111111
INC0009123,Group 70,1,5.025
INC0009124,Group 70,0,12.995138888888889
INC0009125,Group 70,1,5.038888888888889
INC0009126,Group 70,1,5.018055555555556
INC0009128,Group 64,1,8.692361111111111
INC0009129,Group 70,0,5.034722222222222
INC0009131,Group 55,1,5.649305555555555
INC0009134,Group 70,0,5.965972222222222
INC0009135,Group 70,1,5.057638888888889
INC0009136,Group 70,1,5.013888888888889
INC0009137,Group 70,1,5.0472222222222225
INC0009139,Group 70,1,5.029166666666667
INC0009141,Group 70,1,5.191666666666666
INC0009144,Group 25,1,7.402083333333334
INC0009145,Group 70,1,16.315277777777776
INC0009146,Group 55,1,14.563194444444445
INC0009147,Group 70,1,5.092361111111111
INC0009148,Group 57,1,15.583333333333334
INC0009149,Group 55,1,14.540972222222223
INC0009150,Group 57,1,21.70138888888889
INC0009151,Group 70,1,5.029861111111111
INC0009152,Group 70,1,5.065972222222222
INC0009153,Group 57,1,15.55625
INC0009154,Group 55,1,5.336805555555555
INC0009156,Group 65,1,26.472916666666666
INC0009158,Group 70,1,5.048611111111111
INC0009159,Group 70,1,5.0465277777777775
INC0009163,Group 28,1,6.120833333333334
INC0009165,Group 70,1,5.070833333333334
INC0009167,Group 64,1,5.0375
INC0009168,Group 23,1,5.326388888888889
INC0009169,Group 64,1,5.034722222222222
INC0009170,Group 64,1,5.034027777777778
INC0009171,Group 64,1,5.031944444444444
INC0009172,Group 66,1,14.11111111111111
INC0009173,Group 70,1,5.024305555555555
INC0009178,Group 70,1,5.044444444444444
INC0009179,Group 70,1,5.041666666666667
INC0009180,Group 70,1,5.040972222222222
INC0009181,Group 48,1,14.411805555555556
INC0009182,Group 70,1,5.031944444444444
INC0009183,Group 70,1,5.031944444444444
INC0009186,Group 9,1,131.11458333333334
INC0009187,Group 25,1,12.280555555555555
INC0009188,Group 70,1,5.029166666666667
INC0009191,Group 70,0,6.4006944444444445
INC0009193,Group 70,1,5.025
INC0009194,Group 70,1,5.063888888888889
INC0009196,Group 70,0,6.228472222222222
INC0009197,Group 70,0,7.352777777777778
INC0009198,Group 70,0,5.561111111111111
INC0009199,Group 70,0,8.10138888888889
INC0009200,Group 70,1,5.017361111111111
INC0009201,Group 70,1,6.433333333333334
INC0009202,Group 30,1,6.266666666666667
INC0009203,Group 70,1,7.182638888888889
INC0009204,Group 70,0,13.305555555555555
INC0009205,Group 73,1,13.346527777777778
INC0009206,Group 72,1,69.05972222222222
INC0009208,Group 70,1,5.053472222222222
INC0009209,Group 70,1,6.720138888888889
INC0009211,Group 70,1,5.011111111111111
INC0009212,Group 22,1,63.09861111111111
INC0009213,Group 70,0,13.176388888888889
INC0009214,Group 70,1,5.008333333333334
INC0009215,Group 70,1,5.05
INC0009216,Group 24,1,6.007638888888889
INC0009217,Group 39,1,6.339583333333334
INC0009219,Group 70,0,8.129861111111111
INC0009221,Group 73,1,13.336805555555555
INC0009223,Group 39,1,5.084722222222222
INC0009224,Group 70,1,5.043055555555555
INC0009225,Group 70,1,7.208333333333333
INC0009226,Group 54,1,5.125
INC0009227,Group 25,1,7.290972222222222
INC0009228,Group 70,1,7.165972222222222
INC0009229,Group 23,1,20.20625
INC0009230,Group 70,0,12.330555555555556
INC0009231,Group 25,1,23.038888888888888
INC0009232,Group 70,1,19.74652777777778
INC0009233,Group 25,1,5.079861111111111
INC0009234,Group 49,1,7.329861111111111
INC0009235,Group 70,1,5.0375
INC0009236,Group 30,1,6.079166666666667
INC0009237,Group 27,1,5.120138888888889
INC0009238,Group 39,1,7.1194444444444445
INC0009239,Group 25,1,5.076388888888889
INC0009240,Group 70,1,5.034027777777778
INC0009242,Group 39,1,5.075
INC0009243,Group 70,1,5.033333333333333
INC0009244,Group 29,1,5.365972222222222
INC0009245,Group 70,0,12.989583333333334
INC0009247,Group 70,1,5.030555555555556
INC0009249,Group 22,1,14.279861111111112
INC0009251,Group 28,1,8.277777777777779
INC0009252,Group 70,1,5.027083333333334
INC0009253,Group 70,1,5.06875
INC0009254,Group 25,1,5.358333333333333
INC0009255,Group 70,1,5.025
INC0009256,Group 70,0,13.23263888888889
INC0009257,Group 70,1,5.024305555555555
INC0009258,Group 70,0,13.231944444444444
INC0009259,Group 30,1,77.32222222222222
INC0009260,Group 70,0,13.270833333333334
INC0009262,Group 39,1,6.061111111111111
INC0009263,Group 30,1,5.977777777777778
INC0009264,Group 39,1,5.061111111111111
INC0009265,Group 24,1,20.227777777777778
INC0009266,Group 70,0,6.060416666666667
INC0009267,Group 73,1,6.310416666666667
INC0009269,Group 20,0,7.059722222222222
INC0009270,Group 70,1,5.0159722222222225
INC0009271,Group 70,1,5.182638888888889
INC0009272,Group 47,1,7.0993055555555555
INC0009273,Group 24,1,15.056944444444444
INC0009274,Group 70,1,5.014583333333333
INC0009276,Group 64,1,5.013194444444444
INC0009278,Group 70,1,5.013194444444444
INC0009279,Group 70,0,7.095833333333333
INC0009280,Group 73,1,6.304166666666666
INC0009281,Group 70,1,5.053472222222222
INC0009284,Group 15,1,15.344444444444445
INC0009285,Group 70,0,5.718055555555556
INC0009288,Group 70,0,13.300694444444444
INC0009291,Group 57,1,6.008333333333334
INC0009292,Group 70,0,8.25763888888889
INC0009294,Group 70,1,5.006944444444445
INC0009295,Group 70,1,5.00625
INC0009297,Group 70,0,7.213888888888889
INC0009299,Group 30,1,5.045833333333333
INC0009300,Group 57,1,19.336805555555557
INC0009301,Group 23,1,7.003472222222222
INC0009302,Group 70,1,5.045138888888889
INC0009303,Group 27,1,5.252777777777778
INC0009305,Group 72,1,13.252083333333333
INC0009306,Group 24,1,9.16875
INC0009307,Group 33,1,29.381944444444443
INC0009308,Group 70,1,5.042361111111111
INC0009309,Group 64,1,5.042361111111111
INC0009310,Group 57,1,33.21458333333333
INC0009311,Group 20,1,10.206944444444444
INC0009312,Group 64,1,5.08125
INC0009313,Group 72,1,23.247222222222224
INC0009314,Group 70,1,5.163888888888889
INC0009315,Group 23,1,13.288194444444445
INC0009316,Group 64,1,5.0368055555555555
INC0009317,Group 70,1,5.036111111111111
INC0009319,Group 70,0,5.702083333333333
INC0009320,Group 64,1,5.034722222222222
INC0009322,Group 64,1,5.075
INC0009323,Group 39,1,5.990972222222222
INC0009327,Group 28,1,5.155555555555556
INC0009329,Group 70,1,5.029166666666667
INC0009330,Group 25,1,6.070833333333334
INC0009331,Group 53,1,8.236805555555556
INC0009334,Group 66,1,6.235416666666667
INC0009335,Group 70,1,5.027083333333334
INC0009336,Group 72,1,33.28125
INC0009337,Group 72,1,23.23125
INC0009338,Group 73,1,7.313194444444444
INC0009339,Group 25,0,13.979166666666666
INC0009340,Group 47,1,5.978472222222222
INC0009342,Group 70,0,14.227777777777778
INC0009346,Group 70,1,5.184722222222222
INC0009347,Group 70,1,5.018055555555556
INC0009349,Group 70,1,7.143055555555556
INC0009350,Group 70,1,5.225
INC0009351,Group 27,1,5.1409722222222225
INC0009352,Group 70,1,5.0159722222222225
INC0009353,Group 70,1,5.0152777777777775
INC0009354,Group 25,1,5.098611111111111
INC0009355,Group 59,1,5.139583333333333
INC0009356,Group 70,0,8.220833333333333
INC0009357,Group 57,1,14.054166666666667
INC0009358,Group 73,1,13.2625
INC0009359,Group 70,1,5.0125
INC0009360,Group 15,1,16.0125
INC0009361,Group 25,1,5.969444444444444
INC0009362,Group 57,1,5.177777777777778
INC0009363,Group 70,0,7.302777777777778
INC0009364,Group 28,1,7.177083333333333
INC0009365,Group 70,0,5.926388888888889
INC0009367,Group 70,1,5.007638888888889
INC0009369,Group 70,1,5.047916666666667
INC0009370,Group 33,1,16.25625
INC0009371,Group 70,0,5.463888888888889
INC0009372,Group 70,1,5.045833333333333
INC0009373,Group 70,0,13.253472222222221
INC0009374,Group 33,1,21.210416666666667
INC0009375,Group 25,1,12.252083333333333
INC0009377,Group 6,1,5.209722222222222
INC0009378,Group 73,1,11.958333333333334
INC0009379,Group 70,1,5.040972222222222
INC0009381,Group 73,1,6.246527777777778
INC0009382,Group 73,1,6.995833333333334
INC0009383,Group 70,0,8.204166666666667
INC0009384,Group 31,1,5.954166666666667
INC0009385,Group 9,1,205.03680555555556
INC0009389,Group 59,1,5.076388888888889
INC0009390,Group 70,0,15.071527777777778
INC0009391,Group 70,1,5.029166666666667
INC0009392,Group 58,1,5.279166666666667
INC0009393,Group 20,1,62.99166666666667
INC0009394,Group 72,1,33.115972222222226
INC0009395,Group 21,1,5.110416666666667
INC0009396,Group 64,1,5.0256944444444445
INC0009397,Group 70,1,5.0256944444444445
INC0009398,Group 73,1,6.2340277777777775
INC0009399,Group 28,1,5.982638888888889
INC0009400,Group 73,1,6.232638888888889
INC0009403,Group 55,1,14.147222222222222
INC0009404,Group 65,1,6.022222222222222
INC0009406,Group 70,1,6.313194444444444
INC0009407,Group 24,1,22.020833333333332
INC0009411,Group 22,1,7.061111111111111
INC0009413,Group 34,1,5.227083333333334
INC0009414,Group 70,0,8.227083333333333
INC0009415,Group 70,1,19.059722222222224
INC0009418,Group 73,1,6.2243055555555555
INC0009419,Group 28,1,13.931944444444444
INC0009420,Group 9,1,155.22430555555556
INC0009422,Group 73,1,6.220138888888889
INC0009423,Group 25,0,6.094444444444444
INC0009424,Group 24,1,106.05763888888889
INC0009426,Group 70,0,12.34375
INC0009427,Group 25,1,13.21875
INC0009429,Group 70,0,19.009027777777778
INC0009430,Group 70,1,5.050694444444445
INC0009431,Group 68,1,5.259027777777778
INC0009432,Group 70,0,16.08888888888889
INC0009433,Group 39,1,5.1722222222222225
INC0009434,Group 47,1,5.211111111111111
INC0009436,Group 66,1,6.874305555555556
INC0009437,Group 39,1,5.911111111111111
INC0009438,Group 70,0,12.286111111111111
INC0009439,Group 73,1,14.869444444444444
INC0009440,Group 70,0,21.952083333333334
INC0009443,Group 39,1,5.157638888888889
INC0009444,Group 69,1,97.28194444444445
INC0009446,Group 25,1,14.905555555555555
INC0009448,Group 70,1,5.029166666666667
INC0009449,Group 65,1,5.9875
INC0009451,Group 70,1,5.2340277777777775
INC0009457,Group 70,1,5.059027777777778
INC0009458,Group 55,1,16.141666666666666
INC0009461,Group 70,1,12.17986111111111
INC0009462,Group 70,1,5.052777777777778
INC0009463,Group 70,0,5.090972222222222
INC0009464,Group 73,1,6.172916666666667
INC0009465,Group 55,1,5.129166666666666
INC0009467,Group 49,1,5.044444444444444
INC0009468,Group 70,0,15.917361111111111
INC0009469,Group 70,0,6.084027777777778
INC0009470,Group 70,1,5.042361111111111
INC0009471,Group 70,1,5.914583333333334
INC0009472,Group 73,1,13.205555555555556
INC0009473,Group 70,0,15.078472222222222
INC0009474,Group 29,1,13.119444444444444
INC0009475,Group 24,1,6.036111111111111
INC0009476,Group 48,1,12.866666666666667
INC0009477,Group 39,1,6.906944444444444
INC0009478,Group 70,1,5.03125
INC0009479,Group 70,0,5.572222222222222
INC0009481,Group 66,1,8.152777777777779
INC0009482,Group 70,1,5.027777777777778
INC0009483,Group 25,1,20.110416666666666
INC0009484,Group 70,0,5.94375
INC0009486,Group 70,1,5.064583333333333
INC0009489,Group 37,1,20.229861111111113
INC0009490,Group 70,0,16.020833333333332
INC0009492,Group 24,1,5.060416666666667
INC0009493,Group 70,1,36.14861111111111
INC0009495,Group 48,1,12.85
INC0009496,Group 27,1,5.098611111111111
INC0009497,Group 24,1,7.889583333333333
INC0009498,Group 70,0,13.136805555555556
INC0009499,Group 70,1,5.048611111111111
INC0009502,Group 23,1,6.877777777777778
INC0009503,Group 22,1,12.210416666666667
INC0009506,Group 3,0,13.125
INC0009507,Group 57,1,51.172222222222224
INC0009508,Group 70,1,5.040972222222222
INC0009509,Group 70,0,6.873611111111111
INC0009510,Group 70,0,6.872916666666667
INC0009513,Group 70,0,5.911111111111111
INC0009514,Group 73,1,6.867361111111111
INC0009516,Group 28,1,5.783333333333333
INC0009517,Group 25,1,14.825
INC0009518,Group 70,1,5.740972222222222
INC0009519,Group 24,1,5.115277777777778
INC0009520,Group 73,1,6.114583333333333
INC0009522,Group 73,1,7.153472222222222
INC0009523,Group 70,0,5.861805555555556
INC0009524,Group 28,1,6.027083333333334
INC0009525,Group 25,1,34.03263888888889
INC0009527,Group 72,1,13.067361111111111
INC0009528,Group 70,0,5.9006944444444445
INC0009529,Group 57,1,16.025
INC0009530,Group 70,0,13.106944444444444
INC0009531,Group 39,1,5.814583333333333
INC0009532,Group 23,1,19.147916666666667
INC0009533,Group 70,1,5.855555555555555
INC0009534,Group 23,1,7.9375
INC0009535,Group 69,0,6.729166666666667
INC0009536,Group 70,0,16.020138888888887
INC0009537,Group 25,1,88.8125
INC0009538,Group 24,1,6.76875
INC0009539,Group 23,1,12.852083333333333
INC0009540,Group 70,1,5.01875
INC0009541,Group 70,1,5.059722222222222
INC0009542,Group 70,1,5.059027777777778
INC0009544,Group 39,1,6.0993055555555555
INC0009545,Group 70,1,5.0152777777777775
INC0009546,Group 70,1,5.848611111111111
INC0009547,Group 24,1,6.7652777777777775
INC0009548,Group 70,0,5.055555555555555
INC0009549,Group 34,1,56.89375
INC0009550,Group 24,1,20.971527777777776
INC0009551,Group 70,0,12.970833333333333
INC0009553,Group 24,1,7.053472222222222
INC0009554,Group 75,1,64.05833333333334
INC0009556,Group 73,1,7.136111111111111
INC0009557,Group 23,1,5.802083333333333
INC0009559,Group 20,1,19.885416666666668
INC0009561,Group 70,1,5.008333333333334
INC0009563,Group 66,1,13.755555555555556
INC0009565,Group 70,1,5.044444444444444
INC0009566,Group 23,1,5.79375
INC0009570,Group 66,1,13.751388888888888
INC0009571,Group 70,1,12.501388888888888
INC0009572,Group 65,1,6.834722222222222
INC0009573,Group 6,1,16.083333333333332
INC0009574,Group 24,1,20.083333333333332
INC0009575,Group 70,1,5.041666666666667
INC0009576,Group 66,1,13.748611111111112
INC0009577,Group 57,1,5.08125
INC0009578,Group 53,0,5.872916666666667
INC0009579,Group 70,0,5.038888888888889
INC0009580,Group 55,1,13.997222222222222
INC0009581,Group 20,1,28.877083333333335
INC0009582,Group 70,1,5.035416666666666
INC0009583,Group 70,0,13.743055555555555
INC0009584,Group 70,1,5.034722222222222
INC0009586,Group 48,1,12.783333333333333
INC0009589,Group 70,1,5.029166666666667
INC0009590,Group 70,0,5.153472222222222
INC0009591,Group 20,1,22.06597222222222
INC0009594,Group 70,1,5.021527777777778
INC0009595,Group 55,1,12.9375
INC0009596,Group 70,0,8.061805555555555
INC0009597,Group 22,1,11.97638888888889
INC0009598,Group 9,1,268.05694444444447
INC0009599,Group 70,1,5.014583333333333
INC0009604,Group 20,1,12.011805555555556
INC0009605,Group 55,1,5.052777777777778
INC0009606,Group 57,1,39.80833333333333
INC0009608,Group 56,1,14.09375
INC0009611,Group 25,1,21.00486111111111
INC0009613,Group 68,1,13.754861111111111
INC0009614,Group 70,0,13.754166666666666
INC0009615,Group 31,1,5.754166666666666
INC0009616,Group 25,1,6.836805555555555
INC0009617,Group 70,1,5.044444444444444
INC0009619,Group 64,1,5.04375
INC0009621,Group 70,1,5.043055555555555
INC0009622,Group 23,1,7.042361111111111
INC0009623,Group 70,1,5.038888888888889
INC0009625,Group 39,1,5.7875
INC0009626,Group 70,0,13.745833333333334
INC0009627,Group 73,1,11.786805555555556
INC0009629,Group 70,1,5.035416666666666
INC0009631,Group 70,1,5.118055555555555
INC0009632,Group 70,0,5.784722222222222
INC0009633,Group 70,0,13.741666666666667
INC0009635,Group 70,0,13.863888888888889
INC0009636,Group 39,1,5.779166666666667
INC0009638,Group 73,1,13.027083333333334
INC0009639,Group 70,1,5.0256944444444445
INC0009640,Group 22,1,14.065972222222221
INC0009643,Group 25,1,11.897222222222222
INC0009647,Group 70,1,5.017361111111111
INC0009650,Group 70,0,13.766666666666667
INC0009651,Group 70,1,19.681944444444444
INC0009652,Group 39,1,6.764583333333333
INC0009653,Group 22,1,14.930555555555555
INC0009655,Group 24,1,5.0125
INC0009656,Group 64,1,7.720138888888889
INC0009657,Group 10,1,33.80902777777778
INC0009658,Group 70,0,18.761805555555554
INC0009659,Group 70,1,5.053472222222222
INC0009660,Group 75,1,20.136111111111113
INC0009661,Group 24,1,5.011111111111111
INC0009662,Group 64,1,7.719444444444444
INC0009663,Group 64,1,7.718055555555556
INC0009664,Group 24,1,5.009722222222222
INC0009665,Group 57,1,5.050694444444445
INC0009666,Group 24,1,5.009027777777778
INC0009667,Group 24,1,5.008333333333334
INC0009668,Group 55,1,13.880555555555556
INC0009670,Group 54,1,7.795833333333333
INC0009671,Group 24,1,5.004166666666666
INC0009672,Group 10,1,27.969444444444445
INC0009673,Group 46,1,96.75208333333333
INC0009675,Group 64,1,7.70625
INC0009676,Group 39,1,7.663888888888889
INC0009677,Group 64,1,7.704861111111111
INC0009678,Group 70,1,5.038194444444445
INC0009679,Group 58,0,6.995138888888889
INC0009680,Group 64,1,7.7027777777777775
INC0009681,Group 70,0,18.575
INC0009682,Group 33,1,25.705555555555556
INC0009684,Group 65,1,5.78125
INC0009685,Group 23,1,7.028472222222222
INC0009686,Group 70,1,5.027083333333334
INC0009690,Group 73,1,5.979166666666667
INC0009691,Group 70,0,13.76736111111111
INC0009692,Group 6,1,7.634722222222222
INC0009693,Group 70,1,5.0125
INC0009694,Group 70,1,5.011805555555555
INC0009695,Group 5,0,5.048611111111111
INC0009699,Group 20,0,13.671527777777778
INC0009700,Group 70,1,5.004861111111111
INC0009701,Group 39,1,5.9625
INC0009702,Group 70,0,13.669444444444444
INC0009703,Group 24,1,5.747916666666667
INC0009704,Group 39,1,5.9430555555555555
INC0009705,Group 25,1,19.981944444444444
INC0009708,Group 22,1,5.688194444444444
INC0009709,Group 64,1,5.008333333333334
INC0009710,Group 66,1,5.581944444444445
INC0009711,Group 70,1,5.028472222222222
INC0009712,Group 70,1,5.027083333333334
INC0009713,Group 34,1,89.94444444444444
INC0009715,Group 33,1,89.91875
INC0009716,Group 70,1,14.784027777777778
INC0009717,Group 3,1,25.863194444444446
INC0009718,Group 25,1,27.80902777777778
INC0009719,Group 58,1,5.4944444444444445
INC0009720,Group 65,1,10.563888888888888
INC0009721,Group 28,1,5.7347222222222225
INC0009724,Group 70,1,5.029861111111111
INC0009725,Group 70,1,9.195833333333333
INC0009737,Group 70,1,5.023611111111111
INC0009738,Group 70,1,5.028472222222222
INC0009739,Group 25,1,5.590277777777778
INC0009740,Group 70,1,5.0368055555555555
INC0009741,Group 70,1,5.035416666666666
INC0009742,Group 70,1,5.066666666666666
INC0009744,Group 22,1,62.321527777777774
INC0009745,Group 22,1,20.31388888888889
INC0009746,Group 70,1,5.009027777777778
INC0009748,Group 48,1,5.459722222222222
INC0009750,Group 70,0,5.163888888888889
INC0009751,Group 25,1,14.152777777777779
INC0009752,Group 24,1,6.402083333333334
INC0009753,Group 64,1,5.023611111111111
INC0009754,Group 64,1,5.188194444444444
INC0009755,Group 64,1,5.017361111111111
INC0009756,Group 64,1,5.003472222222222
INC0009757,Group 39,1,7.405555555555556
INC0009758,Group 64,1,5.025
INC0009759,Group 70,1,5.025
INC0009761,Group 39,1,5.396527777777778
INC0009762,Group 54,1,12.1
INC0009763,Group 70,1,8.552777777777777
INC0009764,Group 70,1,5.006944444444445
INC0009766,Group 65,1,6.129166666666666
INC0009767,Group 70,0,14.293055555555556
INC0009769,Group 55,1,18.12152777777778
INC0009772,Group 22,1,5.370138888888889
INC0009774,Group 70,1,6.243055555555555
INC0009775,Group 70,1,5.034722222222222
INC0009776,Group 28,1,13.072916666666666
INC0009778,Group 33,1,5.113888888888889
INC0009780,Group 28,1,5.363194444444445
INC0009781,Group 39,1,6.1125
INC0009782,Group 25,1,5.278472222222222
INC0009783,Group 33,1,29.445138888888888
INC0009787,Group 20,1,11.016666666666667
INC0009789,Group 27,1,14.097916666666666
INC0009791,Group 70,0,14.261111111111111
INC0009792,Group 20,1,8.176388888888889
INC0009793,Group 70,0,6.301388888888889
INC0009795,Group 70,0,15.174305555555556
INC0009797,Group 70,0,12.340277777777779
INC0009799,Group 46,1,5.048611111111111
INC0009800,Group 28,1,13.047916666666667
INC0009801,Group 64,1,5.086805555555555
INC0009804,Group 20,1,20.084722222222222
INC0009807,Group 24,1,11.167361111111111
INC0009809,Group 70,1,6.208333333333333
INC0009810,Group 70,0,7.333333333333333
INC0009811,Group 25,0,12.331944444444444
INC0009812,Group 69,1,5.038888888888889
INC0009813,Group 72,1,25.377777777777776
INC0009814,Group 25,1,6.036111111111111
INC0009815,Group 27,1,5.1194444444444445
INC0009816,Group 30,1,6.2027777777777775
INC0009817,Group 70,0,14.161111111111111
INC0009818,Group 73,1,5.327083333333333
INC0009819,Group 22,1,27.29513888888889
INC0009822,Group 55,1,5.033333333333333
INC0009823,Group 70,1,7.116666666666666
INC0009824,Group 70,1,5.032638888888889
INC0009827,Group 29,1,5.197916666666667
INC0009828,Group 70,1,5.238888888888889
INC0009830,Group 29,1,15.23611111111111
INC0009831,Group 39,1,5.110416666666667
INC0009834,Group 29,1,15.275
INC0009835,Group 70,0,6.397222222222222
INC0009838,Group 70,0,12.313194444444445
INC0009840,Group 31,1,5.059722222222222
INC0009841,Group 64,1,5.058333333333334
INC0009843,Group 64,1,5.055555555555555
INC0009844,Group 22,1,22.013194444444444
INC0009845,Group 5,1,62.05833333333333
INC0009846,Group 73,1,5.302777777777778
INC0009851,Group 73,1,7.134027777777778
INC0009852,Group 70,1,5.05
INC0009854,Group 25,1,19.29722222222222
INC0009857,Group 31,1,6.336111111111111
INC0009858,Group 25,1,17.961111111111112
INC0009859,Group 28,1,7.252083333333333
INC0009862,Group 73,1,5.293055555555555
INC0009864,Group 66,1,6.208333333333333
INC0009865,Group 31,1,6.332638888888889
INC0009866,Group 70,1,5.038888888888889
INC0009867,Group 25,1,5.038194444444445
INC0009868,Group 70,0,18.07986111111111
INC0009869,Group 23,1,15.120833333333334
INC0009870,Group 70,1,5.2034722222222225
INC0009871,Group 39,1,26.333333333333332
INC0009872,Group 70,1,5.0777777777777775
INC0009873,Group 24,1,5.077083333333333
INC0009876,Group 28,1,18.990277777777777
INC0009877,Group 66,1,14.031944444444445
INC0009878,Group 70,1,5.03125
INC0009881,Group 64,1,5.069444444444445
INC0009884,Group 66,1,12.944444444444445
INC0009885,Group 64,1,5.027083333333334
INC0009887,Group 70,0,6.19375
INC0009888,Group 64,1,5.027083333333334
INC0009889,Group 70,1,19.94236111111111
INC0009890,Group 25,1,5.942361111111111
INC0009891,Group 25,1,26.238888888888887
INC0009893,Group 64,1,5.024305555555555
INC0009894,Group 65,1,19.98472222222222
INC0009895,Group 70,1,5.021527777777778
INC0009896,Group 70,0,7.979861111111111
INC0009897,Group 25,1,5.9375
INC0009898,Group 70,1,5.020138888888889
INC0009899,Group 70,1,5.020138888888889
INC0009900,Group 20,1,25.108333333333334
INC0009901,Group 70,1,5.102777777777778
INC0009902,Group 70,1,5.01875
INC0009904,Group 70,1,5.018055555555556
INC0009905,Group 6,1,14.225694444444445
INC0009907,Group 70,0,5.182638888888889
INC0009908,Group 64,1,5.848611111111111
INC0009909,Group 24,1,12.972916666666666
INC0009911,Group 39,1,5.096527777777778
INC0009912,Group 72,1,25.226388888888888
INC0009913,Group 23,1,6.220833333333333
INC0009914,Group 25,0,20.010416666666668
INC0009916,Group 64,1,5.009722222222222
INC0009917,Group 57,1,5.3
INC0009918,Group 70,1,5.05
INC0009919,Group 76,1,5.174305555555556
INC0009920,Group 31,1,5.132638888888889
INC0009921,Group 49,1,5.131944444444445
INC0009922,Group 24,1,46.92916666666667
INC0009923,Group 64,1,5.00625
INC0009924,Group 64,1,5.0472222222222225
INC0009925,Group 70,1,5.0472222222222225
INC0009926,Group 73,1,5.254166666666666
INC0009927,Group 73,1,5.253472222222222
INC0009928,Group 53,1,5.170138888888889
INC0009929,Group 70,1,6.502777777777778
INC0009930,Group 23,1,15.169444444444444
INC0009931,Group 70,1,5.752777777777778
INC0009933,Group 15,1,210.04166666666666
INC0009934,Group 46,1,5.206944444444445
INC0009935,Group 58,1,5.039583333333334
INC0009938,Group 27,1,5.246527777777778
INC0009939,Group 70,0,6.2027777777777775
INC0009940,Group 70,1,20.077083333333334
INC0009942,Group 70,0,14.158333333333333
INC0009943,Group 23,1,5.990972222222222
INC0009944,Group 39,1,10.948611111111111
INC0009948,Group 70,0,14.15625
INC0009949,Group 72,1,20.197222222222223
INC0009951,Group 24,1,195.19930555555555
INC0009952,Group 39,1,11.06875
INC0009953,Group 56,1,34.28125
INC0009954,Group 70,0,14.192361111111111
INC0009955,Group 70,1,5.025
INC0009956,Group 70,1,19.566666666666666
INC0009957,Group 70,1,6.481944444444444
INC0009960,Group 70,1,20.977777777777778
INC0009961,Group 70,0,6.144444444444445
INC0009963,Group 39,1,5.060416666666667
INC0009964,Group 24,1,5.891666666666667
INC0009966,Group 70,1,5.0159722222222225
INC0009967,Group 70,0,6.1402777777777775
INC0009968,Group 70,0,5.139583333333333
INC0009969,Group 39,0,10.972222222222221
INC0009970,Group 39,1,5.054861111111111
INC0009971,Group 64,1,5.0125
INC0009972,Group 70,1,18.928472222222222
INC0009974,Group 70,1,5.00625
INC0009978,Group 70,1,5.045138888888889
INC0009982,Group 70,0,7.29375
INC0009984,Group 27,1,12.25
INC0009986,Group 62,1,24.959027777777777
INC0009990,Group 70,1,5.034722222222222
INC0009992,Group 49,1,5.113194444444445
INC0009994,Group 70,1,5.065277777777778
INC0009995,Group 46,1,90.18888888888888
INC0009996,Group 72,1,13.896527777777777
INC0009997,Group 70,1,5.020833333333333
INC0009999,Group 70,1,18.1
INC0010001,Group 54,1,11.009027777777778
INC0010002,Group 70,1,5.0465277777777775
INC0010003,Group 29,0,6.128472222222222
INC0010005,Group 70,1,5.040972222222222
INC0010006,Group 70,1,7.115277777777778
INC0010007,Group 70,1,5.027777777777778
INC0010009,Group 70,1,5.022916666666666
INC0010011,Group 73,1,12.1875
INC0010012,Group 70,0,12.894444444444444
INC0010013,Group 3,1,272.06180555555557
INC0010015,Group 57,1,10.934722222222222
INC0010016,Group 46,1,5.097222222222222
INC0010017,Group 70,0,18.054861111111112
INC0010018,Group 70,0,17.929166666666667
INC0010019,Group 23,1,5.011805555555555
INC0010022,Group 25,1,6.093055555555556
INC0010023,Group 70,1,5.009027777777778
INC0010024,Group 39,1,5.050694444444445
INC0010026,Group 70,1,5.048611111111111
INC0010028,Group 25,1,10.879166666666666
INC0010029,Group 23,1,6.9625
INC0010030,Group 70,1,6.004166666666666
INC0010031,Group 70,0,13.920833333333333
INC0010032,Group 29,1,15.0875
INC0010033,Group 70,1,18.04513888888889
INC0010034,Group 54,1,6.003472222222222
INC0010036,Group 53,1,7.125
INC0010038,Group 70,0,19.872916666666665
INC0010043,Group 66,1,53.04097222222222
INC0010045,Group 27,1,14.11875
INC0010046,Group 39,1,6.868055555555555
INC0010047,Group 28,1,6.116666666666666
INC0010048,Group 25,1,7.157638888888889
INC0010049,Group 33,1,5.072916666666667
INC0010050,Group 3,1,12.155555555555555
INC0010051,Group 57,1,10.988194444444444
INC0010053,Group 25,1,12.111805555555556
INC0010055,Group 57,1,12.902777777777779
INC0010056,Group 70,1,5.06875
INC0010057,Group 70,0,14.068055555555556
INC0010060,Group 10,1,46.82222222222222
INC0010061,Group 29,1,6.940972222222222
INC0010062,Group 70,0,6.106944444444444
INC0010064,Group 25,1,14.064583333333333
INC0010065,Group 70,0,17.979166666666668
INC0010068,Group 6,1,5.103472222222222
INC0010070,Group 39,1,5.102777777777778
INC0010071,Group 24,1,47.857638888888886
INC0010072,Group 24,1,12.809722222222222
INC0010073,Group 24,1,43.10625
INC0010074,Group 72,1,124.01805555555555
INC0010075,Group 24,1,26.81388888888889
INC0010076,Group 27,1,6.058333333333334
INC0010078,Group 70,0,12.140972222222222
INC0010079,Group 24,1,26.813194444444445
INC0010081,Group 24,1,43.104166666666664
INC0010083,Group 24,1,66.7701388888889
INC0010087,Group 24,1,76.76875
INC0010089,Group 60,1,5.054861111111111
INC0010090,Group 65,1,9.834722222222222
INC0010091,Group 72,1,13.845138888888888
INC0010094,Group 54,1,5.965277777777778
INC0010100,Group 24,1,12.875
INC0010101,Group 5,1,11.791666666666666
INC0010102,Group 9,1,213.91666666666666
INC0010103,Group 70,0,12.998611111111112
INC0010105,Group 39,1,5.08125
INC0010109,Group 6,1,6.120833333333334
INC0010111,Group 76,1,5.9118055555555555
INC0010114,Group 70,1,8.161111111111111
INC0010115,Group 73,1,19.119444444444444
INC0010117,Group 75,1,47.03958333333333
INC0010118,Group 20,1,33.87222222222222
INC0010119,Group 76,1,5.072916666666667
INC0010120,Group 70,0,20.822222222222223
INC0010121,Group 23,1,14.071527777777778
INC0010122,Group 70,1,5.029861111111111
INC0010126,Group 60,1,5.027777777777778
INC0010127,Group 70,1,5.0680555555555555
INC0010128,Group 55,1,11.776388888888889
INC0010130,Group 76,1,61.82222222222222
INC0010134,Group 70,1,61.81527777777778
INC0010135,Group 70,0,12.10138888888889
INC0010138,Group 39,1,5.0993055555555555
INC0010140,Group 23,1,5.844444444444444
INC0010141,Group 23,1,7.09375
INC0010142,Group 72,1,12.009722222222223
INC0010143,Group 70,0,11.590277777777779
INC0010145,Group 23,1,5.045833333333333
INC0010148,Group 55,1,5.040972222222222
INC0010150,Group 70,1,5.039583333333334
INC0010152,Group 64,1,5.952083333333333
INC0010153,Group 39,1,5.077083333333333
INC0010154,Group 24,1,10.70138888888889
INC0010157,Group 70,1,5.032638888888889
INC0010158,Group 61,1,46.78472222222222
INC0010159,Group 55,1,5.2375
INC0010163,Group 27,1,18.022916666666667
INC0010164,Group 23,1,77.06875
INC0010165,Group 70,1,5.063194444444444
INC0010167,Group 20,1,9.791666666666666
INC0010168,Group 25,1,20.727083333333333
INC0010169,Group 37,1,20.059722222222224
INC0010171,Group 20,1,8.809027777777779
INC0010172,Group 70,0,12.058333333333334
INC0010173,Group 76,1,5.0569444444444445
INC0010174,Group 70,0,12.011805555555556
INC0010175,Group 70,1,6.71875
INC0010176,Group 56,1,7.049305555555556
INC0010177,Group 70,0,12.838194444444444
INC0010178,Group 70,1,5.045138888888889
INC0010180,Group 70,0,6.961111111111111
INC0010181,Group 23,1,77.71597222222222
INC0010182,Group 70,1,10.875694444444445
INC0010183,Group 57,1,24.71388888888889
INC0010184,Group 39,1,6.748611111111111
INC0010185,Group 20,1,7.83125
INC0010188,Group 70,1,5.038194444444445
INC0010189,Group 22,1,12.953472222222222
INC0010190,Group 19,1,5.036111111111111
INC0010193,Group 5,1,61.74791666666667
INC0010196,Group 25,1,13.780555555555555
INC0010198,Group 39,1,5.688888888888889
INC0010199,Group 22,1,11.103472222222223
INC0010200,Group 70,1,5.017361111111111
INC0010202,Group 39,1,11.886111111111111
INC0010203,Group 20,1,24.933333333333334
INC0010204,Group 70,1,5.045138888888889
INC0010208,Group 25,1,17.539583333333333
INC0010209,Group 70,0,10.322916666666666
INC0010211,Group 48,1,11.520138888888889
INC0010213,Group 70,1,5.045138888888889
INC0010214,Group 57,1,98.53888888888889
INC0010216,Group 57,1,12.708333333333334
INC0010217,Group 70,1,6.956944444444445
INC0010218,Group 25,1,6.413194444444445
INC0010219,Group 70,1,5.034722222222222
INC0010220,Group 70,1,5.03125
INC0010221,Group 76,1,61.45
INC0010223,Group 70,1,5.019444444444445
INC0010224,Group 70,1,5.013194444444444
INC0010225,Group 70,1,5.010416666666667
INC0010226,Group 70,1,5.044444444444444
INC0010228,Group 25,1,10.666666666666666
INC0010229,Group 66,1,5.454861111111111
INC0010230,Group 66,1,5.448611111111111
INC0010232,Group 70,1,5.026388888888889
INC0010233,Group 70,0,5.771527777777778
INC0010236,Group 66,1,5.425694444444445
INC0010237,Group 56,1,5.33125
INC0010238,Group 56,1,5.5784722222222225
INC0010239,Group 72,1,31.542361111111113
INC0010240,Group 70,1,5.033333333333333
INC0010241,Group 28,1,10.275
INC0010243,Group 25,1,6.313888888888889
INC0010244,Group 56,1,5.29375
INC0010245,Group 28,1,10.501388888888888
INC0010247,Group 70,0,11.534027777777778
INC0010248,Group 70,1,5.025
INC0010250,Group 70,1,5.011111111111111
INC0010251,Group 70,1,5.020138888888889
INC0010252,Group 70,0,20.425694444444446
INC0010253,Group 39,1,5.236805555555556
INC0010254,Group 70,1,5.022916666666666
INC0010259,Group 64,1,5.027083333333334
INC0010260,Group 70,1,5.026388888888889
INC0010261,Group 64,1,5.026388888888889
INC0010262,Group 64,1,5.0256944444444445
INC0010264,Group 64,1,5.020138888888889
INC0010265,Group 70,1,5.054861111111111
INC0010266,Group 66,1,5.215277777777778
INC0010268,Group 64,1,7.989583333333333
INC0010269,Group 64,1,5.194444444444445
INC0010270,Group 46,1,5.19375
INC0010271,Group 70,0,5.058333333333334
INC0010272,Group 9,1,161.0576388888889
INC0010274,Group 10,1,12.176388888888889
INC0010275,Group 70,1,5.0472222222222225
INC0010277,Group 70,1,5.039583333333334
INC0010278,Group 27,1,5.414583333333334
INC0010279,Group 70,0,20.288888888888888
INC0010281,Group 66,1,5.286111111111111
INC0010282,Group 70,0,5.368055555555555
INC0010283,Group 70,1,5.031944444444444
INC0010284,Group 70,1,5.030555555555556
INC0010285,Group 70,0,19.113194444444446
INC0010286,Group 70,0,5.029861111111111
INC0010287,Group 70,1,5.3180555555555555
INC0010290,Group 70,1,25.074305555555554
INC0010291,Group 56,1,5.316666666666666
INC0010293,Group 20,1,25.153472222222224
INC0010295,Group 55,1,5.021527777777778
INC0010297,Group 25,0,10.020833333333334
INC0010298,Group 30,1,5.061805555555556
INC0010299,Group 37,1,31.10902777777778
INC0010300,Group 20,1,24.4
INC0010303,Group 70,1,5.016666666666667
INC0010304,Group 46,1,88.23125
INC0010306,Group 27,1,14.305555555555555
INC0010307,Group 22,1,11.055555555555555
INC0010308,Group 27,1,6.096527777777778
INC0010309,Group 70,1,5.013194444444444
INC0010310,Group 30,1,5.095833333333333
INC0010311,Group 70,0,8.678472222222222
INC0010315,Group 73,1,13.008333333333333
INC0010316,Group 73,1,17.049305555555556
INC0010318,Group 24,1,10.089583333333334
INC0010319,Group 6,1,6.004861111111111
INC0010320,Group 66,0,5.0881944444444445
INC0010322,Group 54,1,24.134027777777778
INC0010324,Group 25,0,5.335416666666666
INC0010325,Group 70,1,5.04375
INC0010326,Group 66,1,5.29375
INC0010327,Group 76,1,5.084722222222222
INC0010328,Group 27,1,6.126388888888889
INC0010329,Group 70,0,13.125694444444445
INC0010330,Group 60,1,32.0875
INC0010331,Group 70,0,17.747222222222224
INC0010332,Group 70,0,13.080555555555556
INC0010333,Group 66,1,38.918055555555554
INC0010334,Group 62,1,14.036805555555556
INC0010335,Group 70,0,6.0777777777777775
INC0010336,Group 48,1,10.035416666666666
INC0010338,Group 28,1,38.08125
INC0010341,Group 25,1,5.158333333333333
INC0010342,Group 70,1,5.031944444444444
INC0010343,Group 70,0,13.615277777777777
INC0010344,Group 70,1,26.12013888888889
INC0010345,Group 24,1,5.239583333333333
INC0010346,Group 70,1,5.030555555555556
INC0010347,Group 70,1,5.028472222222222
INC0010348,Group 65,1,5.059027777777778
INC0010349,Group 70,0,6.152777777777778
INC0010350,Group 23,1,19.272916666666667
INC0010351,Group 24,1,5.063194444444444
INC0010352,Group 57,1,6.354861111111111
INC0010353,Group 70,0,20.229166666666668
INC0010354,Group 70,1,5.019444444444445
INC0010355,Group 28,1,9.977083333333333
INC0010356,Group 23,1,5.227083333333334
INC0010357,Group 70,0,5.351388888888889
INC0010359,Group 65,1,5.058333333333334
INC0010360,Group 39,1,5.1
INC0010362,Group 70,1,16.722916666666666
INC0010363,Group 20,1,5.21875
INC0010365,Group 37,1,21.216666666666665
INC0010366,Group 10,1,6.05
INC0010367,Group 70,0,12.047222222222222
INC0010368,Group 70,1,5.0472222222222225
INC0010369,Group 70,1,5.0881944444444445
INC0010372,Group 25,0,6.002777777777778
INC0010373,Group 23,1,9.96111111111111
INC0010374,Group 73,1,16.960416666666667
INC0010375,Group 66,1,5.084722222222222
INC0010376,Group 70,1,5.041666666666667
INC0010377,Group 76,1,10.20486111111111
INC0010380,Group 73,1,16.995833333333334
INC0010382,Group 66,1,5.2444444444444445
INC0010394,Group 23,1,11.032638888888888
INC0010409,Group 69,1,5.028472222222222
INC0010410,Group 70,0,5.028472222222222
INC0010411,Group 70,0,20.194444444444443
INC0010412,Group 70,0,12.235416666666667
INC0010414,Group 72,1,40.989583333333336
INC0010415,Group 3,1,10.025694444444444
INC0010416,Group 70,0,6.066666666666666
INC0010417,Group 69,1,5.024305555555555
INC0010418,Group 25,1,104.19097222222223
INC0010420,Group 70,1,5.022222222222222
INC0010421,Group 27,1,6.313194444444444
INC0010422,Group 3,1,6.020833333333333
INC0010423,Group 70,1,13.436805555555555
INC0010424,Group 70,1,5.061111111111111
INC0010425,Group 70,1,11.102777777777778
INC0010426,Group 70,0,20.184722222222224
INC0010427,Group 70,1,5.016666666666667
INC0010428,Group 69,1,5.057638888888889
INC0010430,Group 5,1,10.097222222222221
INC0010431,Group 70,0,12.01388888888889
INC0010432,Group 39,1,11.221527777777778
INC0010433,Group 5,1,12.220833333333333
INC0010434,Group 70,1,5.053472222222222
INC0010435,Group 70,1,5.011111111111111
INC0010436,Group 3,1,165.17777777777778
INC0010437,Group 10,1,38.09930555555555
INC0010438,Group 70,0,13.009722222222223
INC0010439,Group 20,1,5.050694444444445
INC0010444,Group 70,0,18.255555555555556
INC0010445,Group 70,1,5.0472222222222225
INC0010446,Group 70,1,5.0472222222222225
INC0010447,Group 23,1,5.0465277777777775
INC0010448,Group 28,1,14.254166666666666
INC0010449,Group 72,1,31.21736111111111
INC0010450,Group 23,1,13.960416666666667
INC0010452,Group 70,1,5.043055555555555
INC0010453,Group 28,1,19.084722222222222
INC0010454,Group 37,1,27.175
INC0010455,Group 23,1,5.041666666666667
INC0010456,Group 27,1,17.207638888888887
INC0010457,Group 23,1,5.040277777777778
INC0010459,Group 72,1,35.16875
INC0010460,Group 23,1,5.0375
INC0010461,Group 70,1,5.0368055555555555
INC0010462,Group 70,1,5.036111111111111
INC0010463,Group 55,1,5.160416666666666
INC0010464,Group 70,0,13.034722222222221
INC0010465,Group 70,1,5.034722222222222
INC0010466,Group 46,1,90.95208333333333
INC0010468,Group 70,1,5.033333333333333
INC0010469,Group 28,1,10.158333333333333
INC0010470,Group 65,1,22.136111111111113
INC0010471,Group 73,1,5.906944444444444
INC0010472,Group 73,1,16.90625
INC0010473,Group 64,1,5.03125
INC0010474,Group 64,1,5.030555555555556
INC0010475,Group 23,1,5.029166666666667
INC0010476,Group 25,1,17.98611111111111
INC0010477,Group 70,1,5.027083333333334
INC0010480,Group 70,1,19.06597222222222
INC0010481,Group 24,1,11.149305555555555
INC0010482,Group 23,1,12.10763888888889
INC0010483,Group 70,1,5.024305555555555
INC0010484,Group 37,1,27.195833333333333
INC0010486,Group 64,1,5.020833333333333
INC0010487,Group 23,1,5.020833333333333
INC0010488,Group 64,1,5.020138888888889
INC0010489,Group 25,1,5.103472222222222
INC0010490,Group 25,1,5.269444444444445
INC0010492,Group 31,1,45.27430555555556
INC0010493,Group 66,1,5.060416666666667
INC0010496,Group 10,1,59.02361111111111
INC0010497,Group 64,1,5.013888888888889
INC0010498,Group 70,1,5.011111111111111
INC0010499,Group 23,1,5.135416666666667
INC0010501,Group 70,1,25.181944444444444
INC0010502,Group 74,1,94.13333333333334
INC0010505,Group 55,1,5.168055555555555
INC0010506,Group 70,0,18.709027777777777
INC0010507,Group 59,1,24.92152777777778
INC0010508,Group 5,1,60.96180555555556
INC0010509,Group 24,1,6.079861111111111
INC0010512,Group 20,1,60.95902777777778
INC0010513,Group 31,1,40.99583333333333
INC0010514,Group 70,0,16.860416666666666
INC0010523,Group 70,1,5.021527777777778
INC0010524,Group 31,1,6.104166666666667
INC0010525,Group 23,1,13.891666666666667
INC0010526,Group 46,1,6.0152777777777775
INC0010535,Group 37,1,27.134722222222223
INC0010536,Group 70,1,5.045138888888889
INC0010537,Group 70,0,13.043055555555556
INC0010539,Group 70,1,5.1625
INC0010543,Group 57,1,12.909722222222221
INC0010545,Group 25,1,5.065972222222222
INC0010547,Group 55,1,12.020138888888889
INC0010548,Group 70,0,11.852777777777778
INC0010549,Group 70,0,19.934722222222224
INC0010550,Group 22,1,10.184027777777779
INC0010551,Group 70,1,5.013194444444444
INC0010553,Group 70,1,19.8875
INC0010557,Group 72,1,44.891666666666666
INC0010559,Group 70,1,5.009027777777778
INC0010560,Group 70,1,5.05
INC0010561,Group 57,1,9.799305555555556
INC0010562,Group 22,1,11.88125
INC0010563,Group 70,1,5.045833333333333
INC0010564,Group 70,0,12.170833333333333
INC0010565,Group 70,1,17.79513888888889
INC0010566,Group 70,0,5.044444444444444
INC0010568,Group 10,1,40.83819444444445
INC0010569,Group 70,0,11.957638888888889
INC0010570,Group 70,1,12.039583333333333
INC0010575,Group 39,1,5.870138888888889
INC0010576,Group 57,1,10.119444444444444
INC0010577,Group 20,1,60.875
INC0010578,Group 27,1,5.784722222222222
INC0010581,Group 70,1,5.031944444444444
INC0010582,Group 3,1,5.072916666666667
INC0010583,Group 70,1,5.029166666666667
INC0010584,Group 68,1,18.904166666666665
INC0010586,Group 23,1,5.1097222222222225
INC0010587,Group 30,1,5.026388888888889
INC0010589,Group 73,1,16.772916666666667
INC0010590,Group 70,0,6.814583333333333
INC0010591,Group 70,1,12.063194444444445
INC0010592,Group 27,1,5.854166666666667
INC0010594,Group 70,0,11.019444444444444
INC0010595,Group 49,1,5.102083333333334
INC0010597,Group 28,1,5.808333333333334
INC0010598,Group 70,1,5.0152777777777775
INC0010599,Group 70,1,18.804166666666667
INC0010600,Group 27,1,5.095833333333333
INC0010601,Group 70,1,17.97013888888889
INC0010602,Group 72,1,30.85
INC0010603,Group 64,1,5.010416666666667
INC0010604,Group 57,1,27.056944444444444
INC0010606,Group 10,1,61.05486111111111
INC0010607,Group 65,1,8.82986111111111
INC0010608,Group 69,1,12.840277777777779
INC0010609,Group 64,1,5.004861111111111
INC0010610,Group 25,1,18.920833333333334
INC0010611,Group 54,1,18.795833333333334
INC0010612,Group 20,1,17.085416666666667
INC0010617,Group 46,1,5.080555555555556
INC0010620,Group 23,1,10.911805555555556
INC0010622,Group 23,1,5.120138888888889
INC0010624,Group 46,1,9.785416666666666
INC0010627,Group 22,1,5.034027777777778
INC0010631,Group 70,1,12.032638888888888
INC0010634,Group 76,1,9.823611111111111
INC0010636,Group 70,1,5.03125
INC0010637,Group 57,1,5.78125
INC0010638,Group 70,1,25.99513888888889
INC0010645,Group 70,1,5.029166666666667
INC0010648,Group 23,1,5.070138888888889
INC0010649,Group 48,1,9.777083333333334
INC0010654,Group 31,1,10.980555555555556
INC0010655,Group 22,1,9.729861111111111
INC0010658,Group 24,1,5.935416666666667
INC0010659,Group 70,1,5.018055555555556
INC0010662,Group 30,1,5.058333333333334
INC0010664,Group 22,1,10.764583333333333
INC0010666,Group 70,1,27.811805555555555
INC0010671,Group 70,1,5.0125
INC0010673,Group 24,1,5.803472222222222
INC0010676,Group 24,1,19.052083333333332
INC0010679,Group 57,1,12.968055555555555
INC0010681,Group 57,1,91.09166666666667
INC0010685,Group 22,1,10.089583333333334
INC0010686,Group 70,0,5.964583333333334
INC0010690,Group 24,1,10.838888888888889
INC0010698,Group 28,1,5.040972222222222
INC0010699,Group 74,1,17.87361111111111
INC0010702,Group 27,1,5.743055555555555
INC0010703,Group 39,1,12.95138888888889
INC0010704,Group 28,1,18.991666666666667
INC0010705,Group 70,1,12.782638888888888
INC0010707,Group 25,1,13.94513888888889
INC0010708,Group 29,0,11.859722222222222
INC0010711,Group 5,1,5.815972222222222
INC0010712,Group 10,1,5.690972222222222
INC0010713,Group 23,1,9.98125
INC0010714,Group 70,1,17.897222222222222
INC0010716,Group 24,1,10.76736111111111
INC0010717,Group 70,0,6.057638888888889
INC0010718,Group 23,1,5.0569444444444445
INC0010719,Group 73,1,18.054166666666667
INC0010720,Group 10,1,20.969444444444445
INC0010721,Group 70,1,5.007638888888889
INC0010724,Group 33,1,13.796527777777778
INC0010725,Group 70,1,5.044444444444444
INC0010726,Group 22,1,10.752083333333333
INC0010728,Group 23,1,89.04791666666667
INC0010729,Group 73,1,16.709027777777777
INC0010730,Group 23,1,76.04722222222222
INC0010731,Group 37,1,58.797222222222224
INC0010732,Group 70,0,13.832638888888889
INC0010733,Group 46,1,5.665277777777778
INC0010734,Group 39,1,5.748611111111111
INC0010735,Group 3,1,60.75
INC0010736,Group 70,1,5.036111111111111
INC0010737,Group 55,1,5.661111111111111
INC0010738,Group 70,1,12.743055555555555
INC0010740,Group 70,1,5.990277777777778
INC0010742,Group 70,1,5.029861111111111
INC0010745,Group 70,1,5.06875
INC0010746,Group 70,1,5.0256944444444445
INC0010751,Group 6,1,12.761111111111111
INC0010752,Group 55,1,60.72430555555555
INC0010754,Group 39,1,11.755555555555556
INC0010755,Group 70,1,11.83611111111111
INC0010756,Group 37,1,39.96458333333333
INC0010759,Group 70,1,5.080555555555556
INC0010760,Group 70,1,5.0777777777777775
INC0010761,Group 70,1,5.076388888888889
INC0010763,Group 70,1,5.074305555555555
INC0010764,Group 70,1,5.072916666666667
INC0010765,Group 70,1,5.06875
INC0010766,Group 57,1,5.192361111111111
INC0010768,Group 57,1,5.021527777777778
INC0010769,Group 70,1,5.017361111111111
INC0010770,Group 70,1,5.059027777777778
INC0010771,Group 5,1,60.68333333333333
INC0010772,Group 55,1,60.68263888888889
INC0010773,Group 25,1,16.691666666666666
INC0010775,Group 23,1,13.928472222222222
INC0010776,Group 37,1,32.59861111111111
INC0010780,Group 70,1,5.022916666666666
INC0010781,Group 70,1,5.066666666666666
INC0010782,Group 28,1,17.509027777777778
INC0010784,Group 55,1,5.519444444444445
INC0010785,Group 70,1,5.0159722222222225
INC0010786,Group 70,1,19.494444444444444
INC0010789,Group 25,0,16.656944444444445
INC0010790,Group 57,1,37.45
INC0010792,Group 70,1,12.486805555555556
INC0010793,Group 70,1,5.066666666666666
INC0010794,Group 70,1,5.040972222222222
INC0010795,Group 70,1,12.19375
INC0010800,Group 70,1,5.040972222222222
INC0010801,Group 70,1,5.029166666666667
INC0010802,Group 70,1,5.032638888888889
INC0010804,Group 70,1,5.029166666666667
INC0010808,Group 70,0,5.389583333333333
INC0010809,Group 70,0,5.3375
INC0010810,Group 70,1,5.044444444444444
INC0010813,Group 22,1,17.320138888888888
INC0010814,Group 70,1,5.025
INC0010816,Group 25,1,12.390972222222222
INC0010817,Group 70,0,17.056944444444444
INC0010818,Group 70,1,5.011805555555555
INC0010820,Group 70,1,5.050694444444445
INC0010821,Group 70,0,5.2972222222222225
INC0010822,Group 65,1,8.11736111111111
INC0010823,Group 24,1,5.377083333333333
INC0010824,Group 70,1,5.043055555555555
INC0010825,Group 25,1,5.121527777777778
INC0010826,Group 23,1,10.327083333333333
INC0010827,Group 70,1,13.20138888888889
INC0010828,Group 72,1,32.12222222222222
INC0010829,Group 28,1,5.3180555555555555
INC0010830,Group 24,1,25.322916666666668
INC0010831,Group 28,1,5.108333333333333
INC0010832,Group 70,1,5.024305555555555
INC0010833,Group 70,1,5.024305555555555
INC0010834,Group 25,1,9.35763888888889
INC0010835,Group 49,1,9.314583333333333
INC0010837,Group 70,1,5.061805555555556
INC0010838,Group 23,1,13.311111111111112
INC0010839,Group 25,1,9.393055555555556
INC0010840,Group 47,1,16.391666666666666
INC0010841,Group 70,1,25.273611111111112
INC0010842,Group 29,1,10.140277777777778
INC0010844,Group 70,1,5.054861111111111
INC0010845,Group 25,1,5.388194444444444
INC0010847,Group 64,1,6.929166666666666
INC0010848,Group 6,1,11.095138888888888
INC0010849,Group 27,1,5.052083333333333
INC0010851,Group 39,1,5.134027777777778
INC0010852,Group 29,1,10.133333333333333
INC0010855,Group 24,1,46.09444444444444
INC0010856,Group 23,1,5.379861111111111
INC0010857,Group 65,1,4.061805555555556
INC0010858,Group 20,1,5.170833333333333
INC0010860,Group 70,1,5.044444444444444
INC0010863,Group 70,1,5.041666666666667
INC0010864,Group 30,1,32.046527777777776
INC0010865,Group 6,0,5.248611111111111
INC0010866,Group 39,1,5.248611111111111
INC0010867,Group 70,0,5.164583333333334
INC0010868,Group 58,1,5.247222222222222
INC0010869,Group 49,1,5.246527777777778
INC0010871,Group 66,1,5.0784722222222225
INC0010873,Group 39,1,5.11875
INC0010874,Group 70,1,5.034027777777778
INC0010877,Group 70,1,5.029861111111111
INC0010882,Group 70,0,5.111805555555556
INC0010886,Group 70,1,17.027083333333334
INC0010889,Group 70,0,5.106944444444444
INC0010890,Group 28,1,5.231944444444444
INC0010891,Group 70,0,6.025
INC0010892,Group 76,1,40.32013888888889
INC0010893,Group 70,0,5.105555555555555
INC0010895,Group 70,1,17.978472222222223
INC0010896,Group 64,1,6.89375
INC0010897,Group 64,1,6.89375
INC0010898,Group 70,0,19.102083333333333
INC0010899,Group 64,1,6.893055555555556
INC0010900,Group 64,1,6.893055555555556
INC0010901,Group 70,1,5.017361111111111
INC0010902,Group 64,1,6.892361111111111
INC0010903,Group 64,1,6.891666666666667
INC0010904,Group 64,1,6.891666666666667
INC0010905,Group 46,1,5.183333333333334
INC0010906,Group 70,0,5.1
INC0010907,Group 70,0,5.0569444444444445
INC0010908,Group 70,1,5.054166666666666
INC0010909,Group 31,1,9.2625
INC0010911,Group 29,1,10.09375
INC0010912,Group 55,1,5.093055555555556
INC0010914,Group 72,1,20.257638888888888
INC0010915,Group 70,1,17.963194444444444
INC0010916,Group 70,1,5.044444444444444
INC0010918,Group 33,1,5.209027777777778
INC0010920,Group 66,1,291.62569444444443
INC0010921,Group 70,0,15.957638888888889
INC0010922,Group 70,1,5.040277777777778
INC0010923,Group 70,1,5.040277777777778
INC0010924,Group 33,1,82.00347222222223
INC0010925,Group 22,1,11.20625
INC0010926,Group 66,1,36.921527777777776
INC0010927,Group 70,1,5.0375
INC0010928,Group 25,1,23.209027777777777
INC0010929,Group 57,1,5.0777777777777775
INC0010931,Group 55,1,5.077083333333333
INC0010932,Group 55,1,5.034722222222222
INC0010933,Group 70,0,5.200694444444444
INC0010934,Group 23,1,5.325694444444444
INC0010935,Group 20,1,41.33125
INC0010940,Group 54,1,17.28125
INC0010941,Group 70,0,5.40625
INC0010945,Group 55,1,5.072222222222222
INC0010946,Group 74,1,12.19513888888889
INC0010947,Group 70,0,16.277083333333334
INC0010949,Group 70,0,5.7347222222222225
INC0010950,Group 70,1,11.026388888888889
INC0010951,Group 70,1,18.648611111111112
INC0010952,Group 39,1,10.065277777777778
INC0010953,Group 37,1,17.31388888888889
INC0010954,Group 73,1,31.360416666666666
INC0010955,Group 57,1,5.271527777777778
INC0010956,Group 73,1,15.979166666666666
INC0010957,Group 10,1,5.020833333333333
INC0010958,Group 23,1,9.9375
INC0010960,Group 73,1,10.311805555555555
INC0010961,Group 70,0,23.983333333333334
INC0010962,Group 57,1,5.266666666666667
INC0010963,Group 70,0,16.183333333333334
INC0010965,Group 57,1,11.30625
INC0010966,Group 39,1,5.05625
INC0010968,Group 3,1,9.013194444444444
INC0010969,Group 13,1,37.31041666666667
INC0010970,Group 70,0,5.970833333333333
INC0010971,Group 70,1,12.095138888888888
INC0010974,Group 46,1,5.135416666666667
INC0010976,Group 70,0,10.215972222222222
INC0010978,Group 23,1,12.963888888888889
INC0010979,Group 6,1,8.963194444444444
INC0010981,Group 20,1,19.17013888888889
INC0010982,Group 70,0,6.711111111111111
INC0010984,Group 30,1,12.127777777777778
INC0010985,Group 70,1,5.044444444444444
INC0010987,Group 39,1,5.085416666666666
INC0010990,Group 39,1,5.164583333333334
INC0010991,Group 70,0,5.997916666666667
INC0010992,Group 21,1,19.288194444444443
INC0010994,Group 70,1,5.0375
INC0010995,Group 27,1,5.1618055555555555
INC0010997,Group 25,1,18.198611111111113
INC0010999,Group 70,0,6.03125
INC0011000,Group 70,1,5.029861111111111
INC0011001,Group 39,1,9.19513888888889
INC0011002,Group 70,1,5.027777777777778
INC0011003,Group 5,1,9.275694444444444
INC0011004,Group 64,1,6.816666666666666
INC0011005,Group 64,1,6.815972222222222
INC0011006,Group 64,1,6.815972222222222
INC0011007,Group 64,1,6.814583333333333
INC0011008,Group 64,1,6.814583333333333
INC0011009,Group 70,1,12.0625
INC0011010,Group 64,1,6.8125
INC0011011,Group 25,1,10.228472222222223
INC0011013,Group 70,1,12.061111111111112
INC0011014,Group 64,1,6.810416666666667
INC0011015,Group 70,1,5.01875
INC0011016,Group 6,1,15.975694444444445
INC0011017,Group 10,1,184.01527777777778
INC0011018,Group 72,1,30.102777777777778
INC0011019,Group 59,1,5.220138888888889
INC0011021,Group 25,1,5.259722222222222
INC0011022,Group 6,1,10.215972222222222
INC0011023,Group 25,1,5.214583333333334
INC0011026,Group 70,1,5.2965277777777775
INC0011029,Group 70,0,17.045833333333334
INC0011030,Group 70,1,12.044444444444444
INC0011031,Group 70,1,5.04375
INC0011032,Group 70,1,5.04375
INC0011034,Group 70,1,5.125
INC0011037,Group 70,0,13.20486111111111
INC0011039,Group 70,1,5.121527777777778
INC0011040,Group 70,1,5.0375
INC0011041,Group 72,1,30.918055555555554
INC0011043,Group 20,1,18.079166666666666
INC0011044,Group 70,1,5.0368055555555555
INC0011045,Group 24,1,9.868055555555555
INC0011048,Group 70,1,5.034027777777778
INC0011050,Group 29,1,18.947916666666668
INC0011054,Group 70,1,5.070138888888889
INC0011057,Group 25,1,10.229861111111111
INC0011058,Group 70,1,5.020833333333333
INC0011061,Group 70,1,5.018055555555556
INC0011062,Group 70,1,16.600694444444443
INC0011063,Group 70,1,12.847916666666666
INC0011064,Group 66,1,5.096527777777778
INC0011065,Group 70,0,12.220138888888888
INC0011066,Group 70,0,5.634027777777778
INC0011068,Group 25,1,5.172916666666667
INC0011069,Group 23,1,8.879166666666666
INC0011071,Group 73,1,10.2125
INC0011074,Group 25,1,10.210416666666667
INC0011076,Group 70,1,5.040277777777778
INC0011078,Group 70,1,5.035416666666666
INC0011079,Group 70,0,13.073611111111111
INC0011080,Group 70,1,5.073611111111111
INC0011081,Group 55,0,5.070138888888889
INC0011083,Group 70,1,5.027083333333334
INC0011087,Group 24,1,9.066666666666666
INC0011088,Group 27,1,11.065277777777778
INC0011089,Group 70,1,5.022916666666666
INC0011090,Group 24,1,5.102083333333334
INC0011091,Group 55,1,5.101388888888889
INC0011092,Group 70,1,16.05902777777778
INC0011095,Group 37,1,39.897222222222226
INC0011096,Group 70,0,9.847916666666666
INC0011099,Group 9,1,149.09652777777777
INC0011100,Group 70,0,10.220833333333333
INC0011101,Group 70,0,9.095138888888888
INC0011103,Group 76,1,8.926388888888889
INC0011104,Group 23,1,149.92638888888888
INC0011106,Group 70,1,18.966666666666665
INC0011107,Group 70,0,13.13263888888889
INC0011108,Group 70,0,15.924305555555556
INC0011110,Group 39,1,13.130555555555556
INC0011111,Group 70,1,18.879166666666666
INC0011113,Group 70,0,5.836805555555555
INC0011114,Group 70,1,5.039583333333334
INC0011116,Group 70,1,5.036111111111111
INC0011117,Group 70,1,18.91111111111111
INC0011120,Group 70,1,5.033333333333333
INC0011122,Group 20,1,8.866666666666667
INC0011123,Group 70,1,5.072916666666667
INC0011124,Group 70,0,16.030555555555555
INC0011125,Group 70,1,5.029166666666667
INC0011126,Group 24,1,5.028472222222222
INC0011127,Group 70,1,5.027083333333334
INC0011128,Group 58,1,9.151388888888889
INC0011129,Group 39,1,17.068055555555556
INC0011130,Group 70,1,5.026388888888889
INC0011131,Group 39,1,9.065277777777778
INC0011132,Group 70,1,17.772222222222222
INC0011133,Group 5,1,8.979166666666666
INC0011135,Group 70,1,5.227777777777778
INC0011136,Group 55,1,19.769444444444446
INC0011137,Group 10,1,53.10625
INC0011138,Group 39,1,5.017361111111111
INC0011140,Group 70,0,16.097916666666666
INC0011142,Group 53,1,8.761111111111111
INC0011144,Group 70,1,5.133333333333334
INC0011145,Group 61,1,10.758333333333333
INC0011146,Group 70,1,5.048611111111111
INC0011147,Group 70,1,12.88125
INC0011148,Group 70,0,26.886111111111113
INC0011149,Group 39,1,5.0472222222222225
INC0011150,Group 70,1,5.044444444444444
INC0011151,Group 70,1,12.877777777777778
INC0011152,Group 33,1,27.17361111111111
INC0011153,Group 33,1,53.83958333333333
INC0011156,Group 25,1,5.084027777777778
INC0011157,Group 3,1,11.831944444444444
INC0011159,Group 23,1,9.081944444444444
INC0011160,Group 33,1,27.16875
INC0011161,Group 25,1,8.829166666666667
INC0011162,Group 3,1,16.079166666666666
INC0011163,Group 39,1,11.120138888888889
INC0011165,Group 25,1,8.869444444444444
INC0011169,Group 22,1,53.797916666666666
INC0011171,Group 70,1,5.028472222222222
INC0011172,Group 76,1,8.94513888888889
INC0011173,Group 23,1,8.777777777777779
INC0011174,Group 70,1,12.859722222222222
INC0011175,Group 9,1,128.0263888888889
INC0011177,Group 9,1,128.0236111111111
INC0011178,Group 9,1,128.0236111111111
INC0011179,Group 70,1,5.022222222222222
INC0011180,Group 27,1,74.98472222222222
INC0011182,Group 27,1,74.98263888888889
INC0011184,Group 27,1,74.98194444444445
INC0011185,Group 70,1,5.018055555555556
INC0011186,Group 70,1,5.018055555555556
INC0011187,Group 15,1,5.100694444444445
INC0011188,Group 73,1,27.01875
INC0011189,Group 28,1,15.763194444444444
INC0011192,Group 70,1,5.052083333333333
INC0011193,Group 22,1,9.927083333333334
INC0011195,Group 70,1,12.884027777777778
INC0011196,Group 70,1,5.047916666666667
INC0011197,Group 48,1,9.75625
INC0011198,Group 22,1,9.755555555555556
INC0011199,Group 20,1,11.045833333333333
INC0011200,Group 70,1,5.044444444444444
INC0011201,Group 25,1,17.002777777777776
INC0011202,Group 73,1,23.840972222222224
INC0011204,Group 73,1,31.006944444444443
INC0011205,Group 70,1,5.041666666666667
INC0011206,Group 70,1,54.9625
INC0011207,Group 66,1,5.08125
INC0011208,Group 70,1,17.99652777777778
INC0011210,Group 20,1,9.954166666666667
INC0011211,Group 70,1,5.036111111111111
INC0011212,Group 39,1,8.86875
INC0011214,Group 25,0,16.034027777777776
INC0011215,Group 39,1,8.990972222222222
INC0011217,Group 46,1,5.03125
INC0011218,Group 70,0,15.989583333333334
INC0011220,Group 37,1,17.114583333333332
INC0011221,Group 70,1,5.072916666666667
INC0011222,Group 70,0,9.946527777777778
INC0011225,Group 70,0,8.984722222222222
INC0011226,Group 28,1,10.817361111111111
INC0011227,Group 70,1,5.0256944444444445
INC0011229,Group 53,1,8.690972222222221
INC0011230,Group 43,1,0.07083333333333333
INC0011231,Group 28,1,5.063194444444444
INC0011232,Group 70,0,16.935416666666665
INC0011233,Group 70,0,13.059722222222222
INC0011235,Group 58,1,12.681944444444444
INC0011236,Group 22,1,10.931944444444444
INC0011238,Group 57,1,10.05486111111111
INC0011239,Group 70,1,5.050694444444445
INC0011240,Group 39,1,9.00763888888889
INC0011242,Group 27,1,8.67361111111111
INC0011244,Group 70,1,5.003472222222222
INC0011246,Group 70,1,5.042361111111111
INC0011249,Group 66,1,8.790972222222223
INC0011250,Group 57,1,10.789583333333333
INC0011252,Group 39,1,16.991666666666667
INC0011254,Group 66,1,8.65625
INC0011256,Group 3,1,8.736805555555556
INC0011257,Group 70,1,5.023611111111111
INC0011260,Group 70,1,16.73125
INC0011261,Group 39,1,8.938194444444445
INC0011262,Group 57,1,5.268055555555556
INC0011263,Group 39,1,5.059027777777778
INC0011264,Group 39,1,5.0152777777777775
INC0011267,Group 70,0,8.678472222222222
INC0011268,Group 10,1,36.80833333333333
INC0011269,Group 70,1,5.175694444444445
INC0011270,Group 57,1,10.964583333333334
INC0011271,Group 39,1,5.0465277777777775
INC0011274,Group 5,1,59.71458333333333
INC0011278,Group 37,1,25.997916666666665
INC0011279,Group 55,1,8.700694444444444
INC0011280,Group 22,1,5.114583333333333
INC0011281,Group 3,1,53.65833333333333
INC0011282,Group 39,1,12.652777777777779
INC0011283,Group 70,0,11.150694444444444
INC0011284,Group 22,1,9.859027777777778
INC0011287,Group 70,1,5.00625
INC0011288,Group 62,1,10.747222222222222
INC0011289,Group 39,1,8.865972222222222
INC0011297,Group 70,1,5.052083333333333
INC0011299,Group 70,1,5.041666666666667
INC0011300,Group 24,1,9.78888888888889
INC0011304,Group 24,1,5.2340277777777775
INC0011305,Group 58,1,8.515277777777778
INC0011306,Group 70,1,5.0125
INC0011307,Group 70,1,5.011805555555555
INC0011308,Group 70,1,5.008333333333334
INC0011309,Group 70,1,5.00625
INC0011311,Group 70,0,15.795833333333333
INC0011312,Group 70,1,5.001388888888889
INC0011313,Group 70,1,5.029861111111111
INC0011314,Group 70,1,5.029166666666667
INC0011315,Group 70,1,5.027777777777778
INC0011316,Group 70,1,5.027777777777778
INC0011317,Group 70,1,5.027083333333334
INC0011318,Group 70,1,5.026388888888889
INC0011319,Group 70,1,5.026388888888889
INC0011320,Group 39,1,12.849305555555556
INC0011321,Group 70,1,16.55
INC0011325,Group 70,1,5.000694444444444
INC0011326,Group 70,1,5.041666666666667
INC0011327,Group 28,1,8.491666666666667
INC0011328,Group 70,1,5.063194444444444
INC0011329,Group 46,1,8.469444444444445
INC0011330,Group 70,1,5.034722222222222
INC0011331,Group 70,1,10.0125
INC0011333,Group 70,0,16.698611111111113
INC0011334,Group 39,1,8.646527777777777
INC0011335,Group 70,1,5.061805555555556
INC0011338,Group 70,1,5.034027777777778
INC0011339,Group 70,1,5.15625
INC0011340,Group 70,1,5.027083333333334
INC0011342,Group 70,1,5.052083333333333
INC0011345,Group 70,1,5.01875
INC0011346,Group 70,1,5.006944444444445
INC0011349,Group 70,1,5.034722222222222
INC0011352,Group 70,1,5.0465277777777775
INC0011354,Group 70,1,5.036111111111111
INC0011355,Group 70,1,5.01875
INC0011356,Group 24,1,8.15625
INC0011357,Group 70,1,5.030555555555556
INC0011358,Group 70,1,5.024305555555555
INC0011359,Group 70,1,5.033333333333333
INC0011360,Group 56,1,59.18333333333333
INC0011361,Group 49,1,17.313194444444445
INC0011363,Group 25,1,11.347222222222221
INC0011364,Group 70,1,5.028472222222222
INC0011368,Group 70,1,5.0993055555555555
INC0011369,Group 70,0,15.097222222222221
INC0011370,Group 27,1,17.29722222222222
INC0011371,Group 58,1,8.003472222222221
INC0011372,Group 20,1,9.186111111111112
INC0011374,Group 70,1,8.572222222222223
INC0011375,Group 70,1,5.020833333333333
INC0011377,Group 70,1,5.222222222222222
INC0011378,Group 70,1,23.226388888888888
INC0011379,Group 58,1,7.9125
INC0011380,Group 70,1,5.03125
INC0011381,Group 70,0,15.197222222222223
INC0011383,Group 25,1,8.261111111111111
INC0011385,Group 70,1,5.008333333333334
INC0011387,Group 70,1,5.045833333333333
INC0011389,Group 28,1,9.910416666666666
INC0011395,Group 28,1,7.940972222222222
INC0011396,Group 3,1,7.893055555555556
INC0011401,Group 25,1,12.050694444444444
INC0011402,Group 70,1,5.0465277777777775
INC0011408,Group 70,1,5.016666666666667
INC0011409,Group 70,1,5.045138888888889
INC0011412,Group 70,1,5.009027777777778
INC0011414,Group 59,1,11.754166666666666
INC0011416,Group 70,1,5.065277777777778
INC0011419,Group 39,1,7.899305555555555
INC0011420,Group 70,1,21.799305555555556
INC0011421,Group 70,1,5.040972222222222
INC0011422,Group 9,1,172.69305555555556
INC0011425,Group 70,1,14.686111111111112
INC0011426,Group 72,1,28.68888888888889
INC0011427,Group 20,1,9.735416666666667
INC0011428,Group 70,1,5.006944444444445
INC0011429,Group 70,1,5.023611111111111
INC0011433,Group 70,1,5.038888888888889
INC0011434,Group 70,1,5.575
INC0011435,Group 64,1,5.03125
INC0011436,Group 70,1,15.22638888888889
INC0011438,Group 70,1,5.096527777777778
INC0011439,Group 64,1,5.011805555555555
INC0011440,Group 64,1,5.010416666666667
INC0011441,Group 64,1,5.007638888888889
INC0011442,Group 64,1,5.004861111111111
INC0011443,Group 70,1,15.2125
INC0011444,Group 64,1,5.045138888888889
INC0011445,Group 58,1,7.077083333333333
INC0011446,Group 70,1,21.354861111111113
INC0011447,Group 64,1,5.085416666666666
INC0011448,Group 70,1,5.032638888888889
INC0011450,Group 70,1,5.03125
INC0011454,Group 70,1,5.029861111111111
INC0011455,Group 3,1,7.1125
INC0011456,Group 70,1,5.020138888888889
INC0011457,Group 70,1,5.017361111111111
INC0011459,Group 58,1,6.989583333333333
INC0011460,Group 70,1,5.107638888888889
INC0011461,Group 64,1,5.021527777777778
INC0011462,Group 25,1,9.263194444444444
INC0011463,Group 46,1,7.011111111111111
INC0011465,Group 70,1,5.051388888888889
INC0011466,Group 64,1,5.048611111111111
INC0011467,Group 70,1,5.034722222222222
INC0011468,Group 70,1,15.071527777777778
INC0011469,Group 64,1,5.029861111111111
INC0011470,Group 64,1,5.026388888888889
INC0011471,Group 23,1,10.98125
INC0011472,Group 64,1,5.022916666666666
INC0011473,Group 64,1,5.021527777777778
INC0011474,Group 64,1,5.011805555555555
INC0011475,Group 64,1,5.0465277777777775
INC0011476,Group 70,1,5.045138888888889
INC0011477,Group 70,1,10.447916666666666
INC0011478,Group 70,1,5.030555555555556
INC0011484,Group 28,1,15.895833333333334
INC0011485,Group 70,1,5.019444444444445
INC0011486,Group 64,1,5.014583333333333
INC0011490,Group 70,1,5.041666666666667
INC0011491,Group 54,1,6.952083333333333
INC0011492,Group 70,1,5.028472222222222
INC0011494,Group 24,1,5.1618055555555555
INC0011496,Group 46,1,6.861111111111111
INC0011497,Group 46,1,6.8590277777777775
INC0011499,Group 70,1,5.095833333333333
INC0011501,Group 70,1,28.88125
INC0011502,Group 3,1,13.86736111111111
INC0011503,Group 24,1,5.073611111111111
INC0011504,Group 65,1,5.807638888888889
INC0011505,Group 70,1,5.027083333333334
INC0011507,Group 70,0,14.916666666666666
INC0011508,Group 70,1,9.286111111111111
INC0011509,Group 74,1,6.858333333333333
INC0011510,Group 70,1,5.011805555555555
INC0011511,Group 70,1,5.052777777777778
INC0011514,Group 27,1,10.924305555555556
INC0011516,Group 70,1,5.053472222222222
INC0011517,Group 22,1,57.65347222222222
INC0011518,Group 47,1,8.64375
INC0011519,Group 70,1,5.042361111111111
INC0011520,Group 70,1,5.041666666666667
INC0011521,Group 46,1,6.6194444444444445
INC0011523,Group 58,1,6.495138888888889
INC0011524,Group 24,1,6.488888888888889
INC0011525,Group 58,1,6.454861111111111
INC0011527,Group 70,1,5.01875
INC0011528,Group 70,0,6.084722222222222
INC0011529,Group 70,1,5.075
INC0011533,Group 70,1,5.0256944444444445
INC0011536,Group 70,1,5.0159722222222225
INC0011537,Group 33,1,7.158333333333333
INC0011538,Group 65,1,5.186111111111111
INC0011539,Group 70,1,5.0159722222222225
INC0011545,Group 70,1,5.166666666666667
INC0011546,Group 64,1,5.035416666666666
INC0011547,Group 64,1,5.15625
INC0011548,Group 75,1,42.325694444444444
INC0011550,Group 70,0,13.319444444444445
INC0011551,Group 70,1,5.020138888888889
INC0011553,Group 64,1,5.0472222222222225
INC0011554,Group 24,1,5.249305555555556
INC0011556,Group 58,1,5.975
INC0011557,Group 64,1,5.007638888888889
INC0011558,Group 64,1,5.089583333333334
INC0011559,Group 64,1,5.077083333333333
INC0011560,Group 64,1,5.075694444444444
INC0011561,Group 64,1,5.075
INC0011562,Group 64,1,5.072916666666667
INC0011563,Group 64,1,5.071527777777778
INC0011564,Group 58,1,5.940972222222222
INC0011565,Group 64,1,5.054861111111111
INC0011566,Group 24,1,5.963888888888889
INC0011568,Group 70,1,5.038888888888889
INC0011569,Group 24,1,6.245138888888889
INC0011570,Group 49,1,5.952083333333333
INC0011573,Group 64,1,5.025
INC0011574,Group 3,1,20.176388888888887
INC0011576,Group 51,1,4.8902777777777775
INC0011577,Group 65,1,4.884027777777778
INC0011581,Group 70,1,5.0368055555555555
INC0011583,Group 70,1,13.899305555555555
INC0011584,Group 70,1,5.022222222222222
INC0011585,Group 39,1,6.0777777777777775
INC0011587,Group 70,1,5.013194444444444
INC0011589,Group 70,1,5.018055555555556
INC0011591,Group 24,1,7.952083333333333
INC0011592,Group 70,1,5.028472222222222
INC0011593,Group 20,1,56.7
INC0011594,Group 70,1,5.006944444444445
INC0011596,Group 70,1,5.049305555555556
INC0011597,Group 70,1,5.033333333333333
INC0011598,Group 55,0,5.032638888888889
INC0011599,Group 58,1,5.481944444444444
INC0011600,Group 70,1,5.054166666666666
INC0011601,Group 27,1,14.442361111111111
INC0011602,Group 70,0,6.83125
INC0011603,Group 58,1,5.410416666666666
INC0011605,Group 25,1,5.852083333333334
INC0011606,Group 70,1,5.031944444444444
INC0011608,Group 24,1,6.473611111111111
INC0011612,Group 70,1,5.039583333333334
INC0011613,Group 70,1,5.024305555555555
INC0011614,Group 58,1,5.220833333333333
INC0011615,Group 70,1,5.009027777777778
INC0011616,Group 70,1,5.052083333333333
INC0011617,Group 70,1,5.034722222222222
INC0011619,Group 70,1,5.822916666666667
INC0011620,Group 65,1,4.1819444444444445
INC0011621,Group 39,1,5.441666666666666
INC0011622,Group 70,1,5.020138888888889
INC0011623,Group 70,0,12.395138888888889
INC0011624,Group 64,1,5.018055555555556
INC0011625,Group 70,1,5.0569444444444445
INC0011626,Group 64,1,5.014583333333333
INC0011627,Group 64,1,5.013888888888889
INC0011628,Group 64,1,5.052083333333333
INC0011629,Group 58,1,5.083333333333333
INC0011630,Group 64,1,5.035416666666666
INC0011632,Group 73,1,13.3625
INC0011633,Group 70,0,15.319444444444445
INC0011634,Group 70,0,6.311805555555556
INC0011635,Group 24,1,13.391666666666667
INC0011636,Group 28,1,70.1451388888889
INC0011637,Group 64,1,5.096527777777778
INC0011639,Group 70,1,15.172916666666667
INC0011640,Group 70,1,5.047916666666667
INC0011641,Group 70,1,5.043055555555555
INC0011642,Group 70,1,5.039583333333334
INC0011643,Group 25,1,5.164583333333334
INC0011644,Group 47,1,5.161111111111111
INC0011647,Group 70,1,22.289583333333333
INC0011648,Group 54,1,14.325694444444444
INC0011649,Group 54,1,5.116666666666666
INC0011650,Group 23,1,9.324305555555556
INC0011651,Group 70,1,5.030555555555556
INC0011652,Group 33,1,15.279861111111112
INC0011654,Group 70,0,7.070833333333334
INC0011655,Group 70,1,5.027083333333334
INC0011656,Group 70,0,8.276388888888889
INC0011657,Group 70,1,5.026388888888889
INC0011658,Group 24,1,7.067361111111111
INC0011659,Group 55,1,5.191666666666666
INC0011660,Group 70,1,5.023611111111111
INC0011662,Group 70,1,5.022916666666666
INC0011663,Group 70,0,7.021527777777778
INC0011664,Group 64,1,8.521527777777777
INC0011665,Group 56,1,23.195138888888888
INC0011666,Group 65,1,4.092361111111111
INC0011667,Group 70,1,5.01875
INC0011668,Group 23,1,5.100694444444445
INC0011669,Group 28,1,5.309027777777778
INC0011670,Group 70,1,5.017361111111111
INC0011671,Group 70,1,5.057638888888889
INC0011672,Group 25,1,7.2652777777777775
INC0011673,Group 64,1,5.013194444444444
INC0011674,Group 23,1,14.345833333333333
INC0011675,Group 70,1,15.178472222222222
INC0011676,Group 70,1,5.053472222222222
INC0011677,Group 66,1,6.218055555555556
INC0011678,Group 70,1,5.009027777777778
INC0011679,Group 70,1,5.009027777777778
INC0011680,Group 70,1,5.050694444444445
INC0011681,Group 39,1,5.341666666666667
INC0011682,Group 76,1,5.132638888888889
INC0011683,Group 70,0,12.090277777777779
INC0011684,Group 39,1,7.297916666666667
INC0011685,Group 70,1,5.00625
INC0011687,Group 23,1,5.0472222222222225
INC0011688,Group 70,1,13.088194444444444
INC0011689,Group 70,1,5.045833333333333
INC0011690,Group 74,1,19.051388888888887
INC0011691,Group 70,0,13.2125
INC0011692,Group 70,1,5.045138888888889
INC0011693,Group 70,1,5.044444444444444
INC0011694,Group 70,1,5.044444444444444
INC0011695,Group 70,1,5.043055555555555
INC0011697,Group 70,1,5.043055555555555
INC0011698,Group 70,1,5.042361111111111
INC0011699,Group 72,1,27.00625
INC0011702,Group 70,1,5.040277777777778
INC0011703,Group 75,1,9.372916666666667
INC0011706,Group 70,1,5.204861111111111
INC0011707,Group 70,1,5.0375
INC0011708,Group 20,1,7.2875
INC0011709,Group 70,1,5.036111111111111
INC0011710,Group 25,1,8.325694444444444
INC0011711,Group 70,1,5.034027777777778
INC0011712,Group 70,0,12.284027777777778
INC0011713,Group 49,1,5.117361111111111
INC0011714,Group 12,1,5.2
INC0011715,Group 23,1,9.365972222222222
INC0011716,Group 70,0,13.990972222222222
INC0011717,Group 64,1,5.030555555555556
INC0011718,Group 70,0,13.238888888888889
INC0011719,Group 70,1,5.030555555555556
INC0011722,Group 47,1,6.988194444444445
INC0011723,Group 70,1,5.029861111111111
INC0011724,Group 33,1,9.279166666666667
INC0011725,Group 70,0,14.1125
INC0011726,Group 30,1,8.19513888888889
INC0011727,Group 25,1,14.028472222222222
INC0011728,Group 70,1,5.027083333333334
INC0011729,Group 70,1,5.027083333333334
INC0011730,Group 70,0,14.817361111111111
INC0011731,Group 70,0,16.108333333333334
INC0011732,Group 64,1,5.066666666666666
INC0011733,Group 47,1,5.315972222222222
INC0011734,Group 23,1,7.065277777777778
INC0011736,Group 25,1,8.23125
INC0011737,Group 23,1,5.063888888888889
INC0011738,Group 70,0,12.063888888888888
INC0011739,Group 27,1,19.19375
INC0011740,Group 70,1,5.019444444444445
INC0011741,Group 25,1,8.059722222222222
INC0011743,Group 70,1,5.018055555555556
INC0011744,Group 72,1,62.02361111111111
INC0011745,Group 55,1,5.100694444444445
INC0011746,Group 70,0,8.932638888888889
INC0011747,Group 70,0,14.099305555555556
INC0011748,Group 70,0,6.973611111111111
INC0011749,Group 70,1,5.0152777777777775
INC0011750,Group 5,1,5.05625
INC0011752,Group 29,1,14.180555555555555
INC0011753,Group 24,1,5.263888888888889
INC0011755,Group 72,1,26.974305555555556
INC0011756,Group 23,1,9.260416666666666
INC0011757,Group 70,0,23.306944444444444
INC0011758,Group 70,1,5.009722222222222
INC0011759,Group 24,1,6.134027777777778
INC0011762,Group 22,1,6.216666666666667
INC0011763,Group 27,1,27.054861111111112
INC0011764,Group 54,1,14.006944444444445
INC0011766,Group 23,1,9.172916666666667
INC0011767,Group 5,1,5.047916666666667
INC0011768,Group 55,1,5.0465277777777775
INC0011770,Group 70,0,12.04513888888889
INC0011771,Group 24,1,5.252777777777778
INC0011774,Group 70,1,5.043055555555555
INC0011775,Group 24,1,5.25
INC0011776,Group 74,1,91.04166666666667
INC0011777,Group 70,0,19.25486111111111
INC0011779,Group 70,1,5.040277777777778
INC0011780,Group 30,1,9.039583333333333
INC0011781,Group 70,0,6.997916666666667
INC0011782,Group 70,1,5.038888888888889
INC0011783,Group 73,1,8.122222222222222
INC0011784,Group 70,1,27.04375
INC0011785,Group 23,1,9.120833333333334
INC0011787,Group 29,1,6.2027777777777775
INC0011790,Group 27,1,6.076388888888889
INC0011791,Group 70,0,7.075694444444444
INC0011792,Group 64,1,5.034027777777778
INC0011794,Group 70,1,6.408333333333333
INC0011795,Group 70,0,12.325
INC0011796,Group 70,1,5.033333333333333
INC0011797,Group 70,1,5.032638888888889
INC0011798,Group 64,1,5.032638888888889
INC0011799,Group 70,0,13.031944444444445
INC0011800,Group 62,1,9.073611111111111
INC0011801,Group 46,1,5.030555555555556
INC0011802,Group 70,1,5.029861111111111
INC0011804,Group 70,1,5.029861111111111
INC0011805,Group 15,1,5.238194444444445
INC0011806,Group 70,1,5.029861111111111
INC0011808,Group 46,1,5.028472222222222
INC0011809,Group 70,1,5.152777777777778
INC0011810,Group 70,1,5.027083333333334
INC0011812,Group 46,1,5.026388888888889
INC0011813,Group 70,0,14.109027777777778
INC0011814,Group 64,1,5.0256944444444445
INC0011816,Group 24,1,6.066666666666666
INC0011817,Group 70,1,7.066666666666666
INC0011818,Group 72,1,8.274305555555555
INC0011819,Group 39,1,5.357638888888889
INC0011822,Group 3,1,180.27847222222223
INC0011823,Group 15,1,5.230555555555555
INC0011825,Group 70,1,15.063194444444445
INC0011826,Group 70,1,5.021527777777778
INC0011827,Group 28,1,5.020833333333333
INC0011828,Group 29,1,9.1875
INC0011829,Group 31,1,26.19097222222222
INC0011830,Group 39,1,5.352083333333334
INC0011831,Group 3,1,160.06041666666667
INC0011833,Group 39,1,5.350694444444445
INC0011834,Group 73,1,26.105555555555554
INC0011835,Group 70,1,5.057638888888889
INC0011836,Group 10,1,19.895833333333332
INC0011838,Group 64,1,5.0152777777777775
INC0011839,Group 23,1,5.264583333333333
INC0011840,Group 28,1,5.05625
INC0011841,Group 31,1,140.34791666666666
INC0011842,Group 25,1,22.101388888888888
INC0011843,Group 48,1,5.970833333333333
INC0011844,Group 49,1,37.05972222222222
INC0011845,Group 13,1,33.30972222222222
INC0011846,Group 23,1,5.0125
INC0011848,Group 70,1,6.509722222222222
INC0011851,Group 72,1,26.222916666666666
INC0011852,Group 20,1,7.966666666666667
INC0011853,Group 70,0,9.17361111111111
INC0011854,Group 70,1,13.964583333333334
INC0011855,Group 70,0,6.964583333333334
INC0011856,Group 73,1,9.005555555555556
INC0011857,Group 20,1,8.254861111111111
INC0011858,Group 70,0,6.9631944444444445
INC0011859,Group 70,1,15.004166666666666
INC0011861,Group 28,1,41.261805555555554
INC0011864,Group 70,1,5.002777777777778
INC0011865,Group 64,1,5.044444444444444
INC0011866,Group 70,0,6.960416666666666
INC0011867,Group 39,1,7.960416666666666
INC0011868,Group 74,1,32.96527777777778
INC0011870,Group 70,1,5.040277777777778
INC0011871,Group 55,1,7.123611111111111
INC0011873,Group 19,1,5.20625
INC0011874,Group 70,0,6.997916666666667
INC0011875,Group 23,1,6.163888888888889
INC0011876,Group 26,1,13.161805555555556
INC0011877,Group 73,1,8.161805555555556
INC0011878,Group 70,1,5.036111111111111
INC0011879,Group 70,0,13.952083333333333
INC0011880,Group 70,1,5.034722222222222
INC0011882,Group 73,1,6.283333333333333
INC0011883,Group 64,1,5.031944444444444
INC0011886,Group 48,1,16.197916666666668
INC0011887,Group 24,1,5.155555555555556
INC0011888,Group 70,1,5.029861111111111
INC0011889,Group 64,1,5.029861111111111
INC0011890,Group 57,1,5.113194444444445
INC0011892,Group 39,1,6.029166666666667
INC0011893,Group 25,1,20.116666666666667
INC0011894,Group 70,1,5.0256944444444445
INC0011895,Group 70,1,6.940972222222222
INC0011896,Group 55,1,5.940277777777778
INC0011898,Group 70,1,7.020138888888889
INC0011899,Group 70,0,15.145138888888889
INC0011900,Group 70,1,7.01875
INC0011901,Group 70,1,14.26875
INC0011902,Group 24,1,7.14375
INC0011903,Group 70,1,5.018055555555556
INC0011904,Group 20,1,19.272222222222222
INC0011906,Group 70,1,5.0152777777777775
INC0011907,Group 70,1,5.013194444444444
INC0011908,Group 24,1,12.886111111111111
INC0011910,Group 20,1,48.93263888888889
INC0011911,Group 20,1,55.97361111111111
INC0011913,Group 57,1,20.139583333333334
INC0011914,Group 70,0,6.217361111111111
INC0011915,Group 20,1,6.132638888888889
INC0011916,Group 70,1,5.048611111111111
INC0011918,Group 70,0,13.256944444444445
INC0011919,Group 70,1,5.0472222222222225
INC0011920,Group 70,1,5.0465277777777775
INC0011923,Group 23,1,5.126388888888889
INC0011924,Group 20,0,14.125694444444445
INC0011925,Group 70,0,6.915972222222222
INC0011926,Group 70,1,5.038194444444445
INC0011927,Group 70,1,5.0375
INC0011933,Group 70,1,5.03125
INC0011934,Group 70,1,5.030555555555556
INC0011935,Group 29,1,16.070138888888888
INC0011936,Group 70,1,5.026388888888889
INC0011937,Group 70,1,5.023611111111111
INC0011938,Group 28,1,5.10625
INC0011940,Group 70,0,20.8625
INC0011942,Group 20,1,8.185416666666667
INC0011943,Group 72,1,35.94027777777778
INC0011947,Group 27,1,6.095833333333333
INC0011948,Group 70,0,14.095138888888888
INC0011949,Group 27,1,6.843055555555556
INC0011950,Group 73,1,19.930555555555557
INC0011951,Group 70,1,5.05
INC0011955,Group 28,1,36.925694444444446
INC0011957,Group 70,0,6.79375
INC0011958,Group 23,1,5.209722222222222
INC0011959,Group 70,1,5.040972222222222
INC0011961,Group 56,1,5.040277777777778
INC0011962,Group 70,1,5.039583333333334
INC0011963,Group 70,1,5.039583333333334
INC0011964,Group 39,1,5.20625
INC0011965,Group 39,1,5.205555555555556
INC0011967,Group 70,1,12.913194444444445
INC0011968,Group 10,1,15.161805555555556
INC0011969,Group 24,1,5.870138888888889
INC0011974,Group 27,1,20.080555555555556
INC0011977,Group 20,1,26.992361111111112
INC0011978,Group 74,1,5.902777777777778
INC0011979,Group 25,1,7.901388888888889
INC0011980,Group 70,0,7.129861111111111
INC0011981,Group 28,1,7.191666666666666
INC0011982,Group 39,1,5.190972222222222
INC0011983,Group 70,1,6.189583333333333
INC0011985,Group 70,1,5.063888888888889
INC0011986,Group 70,1,7.563888888888889
INC0011987,Group 70,0,7.063888888888889
INC0011988,Group 5,0,5.020833333333333
INC0011989,Group 22,1,21.113888888888887
INC0011991,Group 70,1,5.0569444444444445
INC0011992,Group 25,1,6.098611111111111
INC0011993,Group 70,0,14.930555555555555
INC0011994,Group 70,0,6.221527777777778
INC0011996,Group 25,1,21.808333333333334
INC0011998,Group 47,1,5.135416666666667
INC0012000,Group 57,1,5.176388888888889
INC0012001,Group 58,1,6.051388888888889
INC0012002,Group 55,1,12.841666666666667
INC0012003,Group 70,1,15.13263888888889
INC0012010,Group 70,1,5.045138888888889
INC0012011,Group 73,1,11.836805555555555
INC0012013,Group 39,1,5.16875
INC0012014,Group 58,1,5.127083333333333
INC0012016,Group 70,1,5.041666666666667
INC0012017,Group 70,0,14.791666666666666
INC0012020,Group 70,1,7.039583333333334
INC0012022,Group 70,0,6.745833333333334
INC0012023,Group 70,1,5.0375
INC0012024,Group 70,1,5.0368055555555555
INC0012026,Group 47,1,6.784722222222222
INC0012028,Group 25,1,16.117361111111112
INC0012029,Group 23,1,6.991666666666666
INC0012030,Group 24,1,7.90625
INC0012031,Group 70,1,5.03125
INC0012032,Group 76,1,55.86875
INC0012034,Group 70,1,5.028472222222222
INC0012039,Group 39,1,5.151388888888889
INC0012040,Group 70,0,7.0256944444444445
INC0012041,Group 23,1,6.025
INC0012042,Group 23,1,22.113888888888887
INC0012043,Group 70,1,5.024305555555555
INC0012044,Group 9,1,123.85833333333333
INC0012045,Group 29,1,6.023611111111111
INC0012046,Group 70,1,5.022916666666666
INC0012047,Group 70,1,5.022916666666666
INC0012049,Group 27,1,25.85972222222222
INC0012051,Group 70,0,6.727083333333334
INC0012053,Group 70,1,5.017361111111111
INC0012054,Group 23,1,5.1409722222222225
INC0012055,Group 70,1,5.014583333333333
INC0012057,Group 70,1,5.014583333333333
INC0012058,Group 70,1,5.014583333333333
INC0012059,Group 70,1,5.013194444444444
INC0012061,Group 70,1,5.0125
INC0012062,Group 27,1,8.011805555555556
INC0012063,Group 70,1,5.011805555555555
INC0012065,Group 70,1,5.011111111111111
INC0012066,Group 70,1,5.746527777777778
INC0012067,Group 10,1,43.84861111111111
INC0012070,Group 37,1,5.798611111111111
INC0012073,Group 74,1,5.75625
INC0012074,Group 70,1,12.922916666666667
INC0012076,Group 70,0,11.879861111111111
INC0012077,Group 70,1,5.0465277777777775
INC0012080,Group 70,1,5.045138888888889
INC0012081,Group 73,1,11.836805555555555
INC0012083,Group 20,1,5.086111111111111
INC0012084,Group 24,1,5.04375
INC0012085,Group 57,1,7.875694444444444
INC0012087,Group 39,1,5.790972222222222
INC0012088,Group 70,1,5.040972222222222
INC0012089,Group 28,1,6.124305555555556
INC0012090,Group 20,1,55.83680555555556
INC0012091,Group 70,1,5.038888888888889
INC0012092,Group 70,1,6.705555555555556
INC0012096,Group 70,1,5.0368055555555555
INC0012097,Group 70,1,5.0368055555555555
INC0012098,Group 73,1,11.786805555555556
INC0012099,Group 70,1,5.0368055555555555
INC0012100,Group 70,1,5.0368055555555555
INC0012103,Group 24,1,5.864583333333333
INC0012104,Group 27,1,12.947916666666666
INC0012105,Group 23,1,12.989583333333334
INC0012106,Group 70,1,5.030555555555556
INC0012107,Group 55,1,5.321527777777778
INC0012108,Group 39,1,5.1125
INC0012109,Group 57,1,5.070138888888889
INC0012110,Group 73,1,11.776388888888889
INC0012111,Group 70,1,5.0680555555555555
INC0012112,Group 70,1,5.0256944444444445
INC0012113,Group 10,1,21.863888888888887
INC0012114,Group 49,1,5.065972222222222
INC0012115,Group 23,1,21.863194444444446
INC0012117,Group 21,1,6.104166666666667
INC0012118,Group 70,1,5.020138888888889
INC0012120,Group 24,1,8.977777777777778
INC0012121,Group 6,1,49.77430555555556
INC0012122,Group 72,1,16.013194444444444
INC0012123,Group 70,1,5.011805555555555
INC0012124,Group 70,1,5.009722222222222
INC0012127,Group 31,1,7.756944444444445
INC0012128,Group 73,1,8.005555555555556
INC0012129,Group 5,1,7.004861111111111
INC0012130,Group 70,1,5.045833333333333
INC0012131,Group 70,1,23.050694444444446
INC0012132,Group 23,1,82.0875
INC0012133,Group 27,1,6.752083333333333
INC0012135,Group 70,1,5.041666666666667
INC0012137,Group 20,1,13.915277777777778
INC0012138,Group 5,1,5.747916666666667
INC0012140,Group 70,1,5.0375
INC0012141,Group 10,1,43.75
INC0012142,Group 39,1,5.11875
INC0012143,Group 70,1,5.035416666666666
INC0012144,Group 23,1,5.034722222222222
INC0012145,Group 20,1,6.783333333333333
INC0012146,Group 70,1,5.032638888888889
INC0012147,Group 23,1,5.782638888888889
INC0012148,Group 70,1,5.030555555555556
INC0012149,Group 70,1,5.029861111111111
INC0012151,Group 70,0,6.986805555555556
INC0012152,Group 70,1,11.693055555555556
INC0012153,Group 70,1,5.026388888888889
INC0012157,Group 70,1,5.025
INC0012158,Group 70,1,5.940277777777778
INC0012159,Group 24,1,13.897222222222222
INC0012160,Group 70,1,5.022222222222222
INC0012161,Group 76,1,55.06944444444444
INC0012162,Group 24,1,6.895138888888889
INC0012164,Group 70,1,5.018055555555556
INC0012165,Group 53,1,5.975694444444445
INC0012166,Group 70,1,5.016666666666667
INC0012167,Group 25,1,11.85
INC0012168,Group 5,1,5.7659722222222225
INC0012169,Group 70,1,5.013888888888889
INC0012170,Group 70,1,5.013888888888889
INC0012171,Group 70,1,5.054166666666666
INC0012172,Group 68,1,5.136111111111111
INC0012174,Group 9,1,252.75972222222222
INC0012175,Group 70,0,5.008333333333334
INC0012176,Group 25,1,12.922916666666667
INC0012177,Group 25,1,5.672916666666667
INC0012179,Group 70,1,5.0472222222222225
INC0012182,Group 70,1,5.045138888888889
INC0012183,Group 70,1,5.04375
INC0012185,Group 6,1,21.881944444444443
INC0012186,Group 70,0,11.83125
INC0012187,Group 70,1,5.0368055555555555
INC0012188,Group 5,1,5.0368055555555555
INC0012189,Group 25,1,5.661111111111111
INC0012190,Group 70,1,5.036111111111111
INC0012191,Group 70,1,6.741666666666666
INC0012192,Group 50,1,19.790277777777778
INC0012193,Group 70,1,6.739583333333333
INC0012195,Group 31,1,130.6951388888889
INC0012196,Group 70,0,6.986111111111111
INC0012197,Group 25,1,22.990972222222222
INC0012198,Group 39,1,142.88611111111112
INC0012199,Group 70,1,5.0152777777777775
INC0012200,Group 39,1,5.051388888888889
INC0012201,Group 23,1,5.675694444444445
INC0012202,Group 39,1,5.674305555555556
INC0012203,Group 39,1,5.049305555555556
INC0012205,Group 39,1,5.045833333333333
INC0012206,Group 70,1,5.044444444444444
INC0012207,Group 70,1,13.372222222222222
INC0012208,Group 70,1,5.036111111111111
INC0012209,Group 70,0,9.11736111111111
INC0012210,Group 70,1,5.033333333333333
INC0012211,Group 27,1,8.658333333333333
INC0012212,Group 73,1,8.782638888888888
INC0012213,Group 70,0,11.90625
INC0012214,Group 70,0,6.94375
INC0012215,Group 39,1,5.022222222222222
INC0012216,Group 70,0,6.933333333333334
INC0012220,Group 65,1,55.66458333333333
INC0012222,Group 70,0,6.885416666666667
INC0012223,Group 66,1,6.550694444444445
INC0012225,Group 25,1,12.870138888888889
INC0012226,Group 73,1,27.663194444444443
INC0012227,Group 70,1,5.027083333333334
INC0012228,Group 37,1,26.606944444444444
INC0012234,Group 70,0,5.002083333333333
INC0012235,Group 70,0,12.917361111111111
INC0012236,Group 20,0,11.622916666666667
INC0012237,Group 73,1,8.577777777777778
INC0012238,Group 70,0,14.45138888888889
INC0012240,Group 70,1,5.018055555555556
INC0012241,Group 70,1,5.055555555555555
INC0012242,Group 56,1,5.596527777777778
INC0012243,Group 70,1,5.040277777777778
INC0012244,Group 70,1,5.024305555555555
INC0012245,Group 70,1,14.354861111111111
INC0012246,Group 25,1,5.642361111111111
INC0012247,Group 70,1,8.407638888888888
INC0012249,Group 70,1,5.011805555555555
INC0012250,Group 70,1,5.4215277777777775
INC0012253,Group 66,1,6.519444444444445
INC0012254,Group 70,1,5.0125
INC0012257,Group 72,1,15.582638888888889
INC0012258,Group 70,1,5.038888888888889
INC0012259,Group 70,1,5.017361111111111
INC0012262,Group 70,1,5.020138888888889
INC0012263,Group 70,0,13.115277777777777
INC0012264,Group 33,1,7.445138888888889
INC0012265,Group 64,1,5.019444444444445
INC0012266,Group 64,1,5.016666666666667
INC0012268,Group 64,1,5.011805555555555
INC0012269,Group 64,1,5.010416666666667
INC0012270,Group 25,1,8.133333333333333
INC0012271,Group 70,1,5.045138888888889
INC0012272,Group 64,1,5.04375
INC0012274,Group 70,0,12.486805555555556
INC0012276,Group 64,1,5.063194444444444
INC0012277,Group 70,1,5.011805555555555
INC0012278,Group 73,1,22.39027777777778
INC0012279,Group 70,1,5.04375
INC0012280,Group 70,1,5.039583333333334
INC0012281,Group 25,1,6.371527777777778
INC0012282,Group 70,1,5.0368055555555555
INC0012283,Group 70,1,5.0368055555555555
INC0012284,Group 70,1,5.032638888888889
INC0012285,Group 66,1,5.071527777777778
INC0012286,Group 64,1,5.069444444444445
INC0012287,Group 39,1,6.152777777777778
INC0012290,Group 70,0,13.984722222222222
INC0012291,Group 73,1,12.234027777777778
INC0012292,Group 70,1,5.024305555555555
INC0012293,Group 39,1,5.148611111111111
INC0012294,Group 70,0,7.105555555555555
INC0012295,Group 10,1,61.06805555555555
INC0012296,Group 70,1,5.018055555555556
INC0012297,Group 5,0,5.017361111111111
INC0012299,Group 70,1,5.0159722222222225
INC0012300,Group 66,1,6.0159722222222225
INC0012303,Group 25,1,11.136805555555556
INC0012304,Group 6,1,22.058333333333334
INC0012305,Group 72,1,13.052777777777777
INC0012306,Group 70,1,5.050694444444445
INC0012307,Group 31,1,5.089583333333334
INC0012308,Group 70,1,5.2131944444444445
INC0012309,Group 70,1,5.0465277777777775
INC0012311,Group 25,1,8.128472222222221
INC0012312,Group 39,1,5.128472222222222
INC0012313,Group 70,1,5.045138888888889
INC0012314,Group 57,1,5.04375
INC0012315,Group 70,1,5.043055555555555
INC0012317,Group 72,1,15.292361111111111
INC0012318,Group 34,1,12.08125
INC0012320,Group 70,1,5.2034722222222225
INC0012322,Group 55,1,5.452083333333333
INC0012323,Group 70,1,11.077083333333333
INC0012324,Group 70,1,11.07638888888889
INC0012326,Group 70,1,5.115972222222222
INC0012327,Group 70,1,5.032638888888889
INC0012328,Group 70,1,5.032638888888889
INC0012329,Group 39,1,5.280555555555556
INC0012330,Group 70,1,5.030555555555556
INC0012331,Group 25,1,5.196527777777778
INC0012332,Group 64,1,5.029861111111111
INC0012333,Group 25,1,15.32013888888889
INC0012334,Group 70,1,5.027777777777778
INC0012335,Group 39,1,5.3180555555555555
INC0012336,Group 70,1,5.025
INC0012337,Group 73,1,5.357638888888889
INC0012338,Group 25,1,5.315277777777778
INC0012339,Group 70,0,8.1875
INC0012341,Group 70,1,5.019444444444445
INC0012343,Group 70,1,5.01875
INC0012344,Group 70,1,5.018055555555556
INC0012345,Group 70,0,7.059722222222222
INC0012347,Group 64,1,5.016666666666667
INC0012348,Group 70,1,5.058333333333334
INC0012349,Group 70,1,5.0159722222222225
INC0012350,Group 64,1,5.0159722222222225
INC0012351,Group 20,1,21.229166666666668
INC0012353,Group 70,1,5.014583333333333
INC0012354,Group 70,1,5.014583333333333
INC0012355,Group 37,1,56.31041666666667
INC0012356,Group 64,1,5.013194444444444
INC0012357,Group 55,1,5.054861111111111
INC0012358,Group 70,1,5.0125
INC0012360,Group 25,1,5.054166666666666
INC0012363,Group 70,1,5.052083333333333
INC0012364,Group 70,1,7.052083333333333
INC0012365,Group 64,1,5.009722222222222
INC0012368,Group 64,1,5.05
INC0012369,Group 70,0,6.05
INC0012370,Group 21,1,8.049305555555556
INC0012372,Group 20,1,14.047916666666667
INC0012373,Group 70,0,13.088888888888889
INC0012374,Group 70,0,5.0465277777777775
INC0012375,Group 72,1,26.052083333333332
INC0012376,Group 70,1,5.003472222222222
INC0012377,Group 70,1,14.169444444444444
INC0012380,Group 3,1,12.043055555555556
INC0012382,Group 70,1,5.042361111111111
INC0012384,Group 29,1,20.259722222222223
INC0012385,Group 70,0,7.041666666666667
INC0012386,Group 31,1,11.207638888888889
INC0012387,Group 70,1,5.040277777777778
INC0012388,Group 66,1,55.045833333333334
INC0012393,Group 5,1,55.045138888888886
INC0012394,Group 70,1,5.038888888888889
INC0012395,Group 70,0,7.079861111111111
INC0012396,Group 25,1,20.959722222222222
INC0012397,Group 25,1,5.0777777777777775
INC0012398,Group 64,1,7.452083333333333
INC0012399,Group 70,1,5.118055555555555
INC0012400,Group 9,1,160.24166666666667
INC0012401,Group 70,1,5.031944444444444
INC0012403,Group 39,1,5.281944444444444
INC0012404,Group 70,1,5.03125
INC0012405,Group 39,1,6.405555555555556
INC0012406,Group 24,1,5.947222222222222
INC0012407,Group 70,1,5.072222222222222
INC0012408,Group 70,1,5.028472222222222
INC0012409,Group 62,1,6.1097222222222225
INC0012410,Group 23,1,18.238888888888887
INC0012411,Group 68,1,6.065972222222222
INC0012413,Group 66,1,5.147222222222222
INC0012414,Group 70,1,5.022222222222222
INC0012419,Group 70,1,5.01875
INC0012420,Group 23,1,5.268055555555556
INC0012421,Group 23,1,7.934027777777778
INC0012422,Group 70,1,5.017361111111111
INC0012423,Group 69,1,5.059027777777778
INC0012424,Group 70,0,5.016666666666667
INC0012425,Group 70,0,8.096527777777778
INC0012426,Group 20,1,13.010416666666666
INC0012427,Group 10,1,8.218055555555555
INC0012430,Group 34,1,7.175
INC0012431,Group 70,1,5.05
INC0012432,Group 6,1,6.172916666666667
INC0012433,Group 29,1,5.214583333333334
INC0012434,Group 70,1,5.0472222222222225
INC0012435,Group 70,1,5.0881944444444445
INC0012436,Group 76,0,5.0465277777777775
INC0012437,Group 6,1,5.0881944444444445
INC0012438,Group 70,1,5.04375
INC0012439,Group 25,1,5.252083333333333
INC0012440,Group 70,1,5.04375
INC0012441,Group 6,1,91.16805555555555
INC0012442,Group 28,1,7.209027777777778
INC0012444,Group 70,1,5.041666666666667
INC0012445,Group 55,1,5.041666666666667
INC0012446,Group 9,1,221.29652777777778
INC0012447,Group 70,1,5.040277777777778
INC0012448,Group 39,1,5.206944444444445
INC0012449,Group 28,1,8.248611111111112
INC0012450,Group 70,1,5.040277777777778
INC0012452,Group 39,1,5.205555555555556
INC0012453,Group 69,1,55.00208333333333
INC0012454,Group 25,1,11.079166666666667
INC0012456,Group 70,1,10.995138888888889
INC0012457,Group 25,1,5.3277777777777775
INC0012458,Group 25,1,12.161111111111111
INC0012459,Group 48,1,6.951388888888889
INC0012461,Group 53,1,12.909027777777778
INC0012462,Group 20,1,5.991666666666666
INC0012463,Group 39,1,6.240972222222222
INC0012465,Group 57,1,31.99375
INC0012466,Group 24,1,5.154861111111111
INC0012468,Group 20,1,5.154861111111111
INC0012469,Group 70,1,5.026388888888889
INC0012470,Group 57,1,31.947916666666668
INC0012471,Group 74,1,18.239583333333332
INC0012472,Group 70,1,5.025
INC0012474,Group 70,1,5.024305555555555
INC0012475,Group 39,1,5.274305555555555
INC0012476,Group 70,1,5.023611111111111
INC0012477,Group 19,1,5.105555555555555
INC0012479,Group 20,1,14.019444444444444
INC0012480,Group 70,1,5.01875
INC0012483,Group 13,1,5.016666666666667
INC0012484,Group 69,1,0.009722222222222222
INC0012486,Group 65,1,2.9611111111111112
INC0012487,Group 20,1,11.222916666666666
INC0012489,Group 70,0,11.05625
INC0012490,Group 70,1,5.014583333333333
INC0012491,Group 39,1,5.221527777777778
INC0012497,Group 70,1,5.051388888888889
INC0012498,Group 39,1,5.256944444444445
INC0012499,Group 69,1,0.004166666666666667
INC0012500,Group 70,0,8.2125
INC0012501,Group 57,1,36.13472222222222
INC0012502,Group 70,1,14.086805555555555
INC0012506,Group 53,1,11.252777777777778
INC0012507,Group 12,1,7.91875
INC0012508,Group 59,1,8.209722222222222
INC0012509,Group 70,1,5.040972222222222
INC0012510,Group 58,1,5.040972222222222
INC0012511,Group 66,1,7.206944444444445
INC0012512,Group 70,1,5.038888888888889
INC0012513,Group 23,1,6.122222222222222
INC0012515,Group 56,1,5.120833333333334
INC0012517,Group 64,1,5.031944444444444
INC0012518,Group 66,1,5.114583333333333
INC0012523,Group 25,1,5.19375
INC0012524,Group 70,1,5.066666666666666
INC0012525,Group 70,0,8.064583333333333
INC0012526,Group 70,1,5.022222222222222
INC0012527,Group 70,1,5.019444444444445
INC0012529,Group 24,1,5.102083333333334
INC0012531,Group 70,1,5.05625
INC0012536,Group 70,1,5.006944444444445
INC0012538,Group 23,1,12.961805555555555
INC0012541,Group 20,1,36.209722222222226
INC0012543,Group 24,1,11.120138888888889
INC0012544,Group 72,1,24.87361111111111
INC0012547,Group 70,1,5.031944444444444
INC0012548,Group 49,1,24.911805555555556
INC0012549,Group 24,1,5.8625
INC0012550,Group 70,1,10.900694444444444
INC0012551,Group 58,1,11.10763888888889
INC0012552,Group 70,1,5.022916666666666
INC0012553,Group 70,1,5.021527777777778
INC0012554,Group 29,1,11.354861111111111
INC0012555,Group 70,1,5.020833333333333
INC0012556,Group 70,0,8.020138888888889
INC0012557,Group 37,1,5.061111111111111
INC0012558,Group 55,1,7.019444444444445
INC0012559,Group 70,1,5.01875
INC0012561,Group 39,1,5.183333333333334
INC0012562,Group 70,1,7.975
INC0012565,Group 24,1,7.804861111111111
INC0012566,Group 70,1,5.303472222222222
INC0012567,Group 24,1,11.886805555555556
INC0012569,Group 29,1,12.177083333333334
INC0012570,Group 70,1,5.009722222222222
INC0012572,Group 31,1,6.131944444444445
INC0012573,Group 70,1,5.00625
INC0012574,Group 70,1,5.0472222222222225
INC0012576,Group 70,0,8.127777777777778
INC0012577,Group 70,1,5.04375
INC0012579,Group 10,1,31.92361111111111
INC0012580,Group 70,1,11.959722222222222
INC0012581,Group 73,1,10.875
INC0012583,Group 10,1,6.164583333333334
INC0012584,Group 24,1,5.955555555555556
INC0012585,Group 23,1,5.120138888888889
INC0012587,Group 54,1,31.958333333333332
INC0012590,Group 70,1,5.034027777777778
INC0012591,Group 70,1,5.034027777777778
INC0012592,Group 39,1,8.116666666666667
INC0012593,Group 39,1,6.116666666666666
INC0012594,Group 72,1,21.11875
INC0012595,Group 70,1,11.069444444444445
INC0012598,Group 72,1,24.781944444444445
INC0012599,Group 73,1,5.151388888888889
INC0012600,Group 73,1,7.857638888888889
INC0012601,Group 70,0,13.02361111111111
INC0012602,Group 70,0,10.772916666666667
INC0012604,Group 39,1,5.022222222222222
INC0012605,Group 70,1,5.020833333333333
INC0012606,Group 70,1,5.020833333333333
INC0012607,Group 70,1,5.019444444444445
INC0012608,Group 73,1,22.025
INC0012609,Group 70,0,10.76736111111111
INC0012610,Group 25,1,12.099305555555556
INC0012611,Group 70,1,5.0159722222222225
INC0012612,Group 70,0,6.847222222222222
INC0012613,Group 70,1,5.013888888888889
INC0012615,Group 25,1,10.8875
INC0012616,Group 53,1,5.052777777777778
INC0012618,Group 70,1,5.007638888888889
INC0012619,Group 70,1,5.049305555555556
INC0012621,Group 70,1,5.0055555555555555
INC0012623,Group 30,1,88.0875
INC0012624,Group 70,1,5.045138888888889
INC0012625,Group 62,1,7.877777777777778
INC0012627,Group 70,1,5.04375
INC0012628,Group 70,1,5.043055555555555
INC0012629,Group 3,1,18.130555555555556
INC0012630,Group 70,1,6.333333333333333
INC0012631,Group 70,1,5.041666666666667
INC0012632,Group 57,1,13.998611111111112
INC0012633,Group 70,1,5.039583333333334
INC0012634,Group 20,1,21.961805555555557
INC0012637,Group 70,0,10.827777777777778
INC0012638,Group 62,1,7.8694444444444445
INC0012639,Group 28,1,10.784722222222221
INC0012640,Group 25,1,5.988194444444445
INC0012642,Group 66,1,39.826388888888886
INC0012643,Group 70,0,10.819444444444445
INC0012648,Group 25,1,13.771527777777777
INC0012649,Group 70,1,5.020138888888889
INC0012651,Group 70,1,5.01875
INC0012652,Group 39,1,5.976388888888889
INC0012653,Group 31,1,7.059027777777778
INC0012654,Group 70,1,5.017361111111111
INC0012656,Group 76,1,11.014583333333333
INC0012657,Group 70,1,5.05625
INC0012658,Group 70,1,5.013194444444444
INC0012659,Group 72,1,5.968055555555556
INC0012660,Group 70,1,5.050694444444445
INC0012661,Group 27,1,5.7972222222222225
INC0012663,Group 24,1,5.0881944444444445
INC0012664,Group 5,1,54.800694444444446
INC0012666,Group 70,0,10.875
INC0012668,Group 24,1,5.040972222222222
INC0012670,Group 17,1,33.0875
INC0012672,Group 3,1,18.04513888888889
INC0012674,Group 28,1,13.95486111111111
INC0012677,Group 39,1,5.077083333333333
INC0012678,Group 70,1,14.034027777777778
INC0012679,Group 70,0,12.784027777777778
INC0012680,Group 70,1,10.990972222222222
INC0012681,Group 70,1,10.990972222222222
INC0012682,Group 10,1,18.994444444444444
INC0012683,Group 10,1,5.029861111111111
INC0012685,Group 6,1,28.742361111111112
INC0012686,Group 73,1,5.692361111111111
INC0012687,Group 73,1,11.984027777777778
INC0012688,Group 55,1,5.772916666666666
INC0012691,Group 58,1,42.985416666666666
INC0012692,Group 29,1,19.988194444444446
INC0012694,Group 70,1,13.890277777777778
INC0012695,Group 70,1,5.054166666666666
INC0012697,Group 70,0,12.802777777777777
INC0012698,Group 39,1,5.051388888888889
INC0012699,Group 28,1,32.014583333333334
INC0012700,Group 23,1,5.674305555555556
INC0012702,Group 70,0,6.672916666666667
INC0012703,Group 70,1,5.044444444444444
INC0012704,Group 70,0,7.877083333333333
INC0012705,Group 28,1,26.84027777777778
INC0012706,Group 28,1,26.84027777777778
INC0012707,Group 57,1,12.75
INC0012709,Group 70,1,105.87361111111112
INC0012710,Group 23,1,17.99861111111111
INC0012711,Group 70,1,5.743055555555555
INC0012712,Group 72,1,20.914583333333333
INC0012713,Group 70,0,12.905555555555555
INC0012714,Group 39,1,11.988194444444444
INC0012717,Group 70,1,5.027083333333334
INC0012718,Group 70,1,5.027083333333334
INC0012719,Group 70,1,5.027083333333334
INC0012721,Group 29,1,5.026388888888889
INC0012722,Group 29,1,5.023611111111111
INC0012723,Group 70,1,5.022916666666666
INC0012724,Group 29,1,5.022916666666666
INC0012725,Group 6,1,20.65277777777778
INC0012726,Group 73,1,10.688194444444445
INC0012727,Group 29,1,5.020833333333333
INC0012728,Group 20,0,10.8125
INC0012729,Group 70,1,5.020138888888889
INC0012730,Group 29,1,5.019444444444445
INC0012731,Group 70,1,5.016666666666667
INC0012732,Group 70,1,5.047916666666667
INC0012733,Group 76,1,10.964583333333334
INC0012734,Group 70,1,5.2131944444444445
INC0012737,Group 34,1,76.88263888888889
INC0012738,Group 70,0,11.833333333333334
INC0012740,Group 70,1,5.031944444444444
INC0012742,Group 39,1,5.025
INC0012743,Group 70,1,5.022222222222222
INC0012744,Group 70,1,5.0152777777777775
INC0012745,Group 70,1,5.014583333333333
INC0012746,Group 70,1,7.673611111111111
INC0012747,Group 70,0,12.770833333333334
INC0012748,Group 70,1,5.039583333333334
INC0012749,Group 70,1,5.225694444444445
INC0012750,Group 70,1,5.021527777777778
INC0012751,Group 70,1,5.011805555555555
INC0012752,Group 49,1,5.3381944444444445
INC0012755,Group 25,1,7.527083333333334
INC0012757,Group 70,1,5.018055555555556
INC0012758,Group 70,1,5.0472222222222225
INC0012759,Group 70,1,5.023611111111111
INC0012761,Group 70,1,5.043055555555555
INC0012765,Group 70,0,12.421527777777778
INC0012772,Group 70,0,5.58125
INC0012773,Group 64,1,5.0368055555555555
INC0012774,Group 49,1,5.115972222222222
INC0012775,Group 70,1,5.029861111111111
INC0012776,Group 64,1,5.0256944444444445
INC0012777,Group 64,1,5.025
INC0012781,Group 64,1,5.0465277777777775
INC0012782,Group 70,1,5.0465277777777775
INC0012783,Group 51,1,2.1506944444444445
INC0012784,Group 70,0,6.1618055555555555
INC0012785,Group 64,1,5.035416666666666
INC0012786,Group 64,1,5.033333333333333
INC0012788,Group 70,1,11.229166666666666
INC0012789,Group 62,1,5.219444444444444
INC0012790,Group 70,1,5.052777777777778
INC0012791,Group 64,1,5.051388888888889
INC0012792,Group 70,0,5.049305555555556
INC0012793,Group 73,1,14.424305555555556
INC0012794,Group 10,1,18.429166666666667
INC0012795,Group 70,1,5.006944444444445
INC0012796,Group 70,1,5.00625
INC0012799,Group 70,1,5.042361111111111
INC0012800,Group 64,1,5.040972222222222
INC0012801,Group 70,1,11.206944444444444
INC0012802,Group 70,1,5.038888888888889
INC0012803,Group 70,1,11.205555555555556
INC0012804,Group 70,0,5.038888888888889
INC0012806,Group 25,1,6.370138888888889
INC0012807,Group 24,1,5.2868055555555555
INC0012808,Group 70,0,10.327777777777778
INC0012809,Group 24,1,5.285416666666666
INC0012810,Group 70,1,5.034027777777778
INC0012811,Group 70,1,6.283333333333333
INC0012812,Group 73,1,7.115277777777778
INC0012813,Group 70,1,6.031944444444444
INC0012814,Group 25,1,5.44375
INC0012815,Group 56,1,24.199305555555554
INC0012816,Group 70,1,5.0256944444444445
INC0012817,Group 24,1,6.0256944444444445
INC0012818,Group 70,0,12.274305555555555
INC0012819,Group 70,0,6.190277777777778
INC0012821,Group 70,1,5.065277777777778
INC0012822,Group 24,1,5.190277777777778
INC0012823,Group 70,1,5.021527777777778
INC0012824,Group 70,1,5.063194444444444
INC0012825,Group 70,1,11.104166666666666
INC0012829,Group 70,1,5.395138888888889
INC0012831,Group 70,1,10.268055555555556
INC0012832,Group 28,1,5.059722222222222
INC0012833,Group 39,1,5.308333333333334
INC0012834,Group 28,1,6.058333333333334
INC0012836,Group 70,1,6.2659722222222225
INC0012837,Group 70,1,5.3902777777777775
INC0012839,Group 20,1,7.263888888888889
INC0012840,Group 20,1,54.10138888888889
INC0012843,Group 70,1,54.09930555555555
INC0012844,Group 23,1,11.177083333333334
INC0012845,Group 23,1,17.26527777777778
INC0012846,Group 70,1,5.009027777777778
INC0012847,Group 25,1,5.090972222222222
INC0012848,Group 70,0,10.29861111111111
INC0012850,Group 70,1,5.045833333333333
INC0012851,Group 43,1,12.127777777777778
INC0012852,Group 69,1,5.044444444444444
INC0012853,Group 70,1,5.044444444444444
INC0012854,Group 70,1,5.376388888888889
INC0012855,Group 70,1,5.043055555555555
INC0012856,Group 70,1,5.043055555555555
INC0012857,Group 25,1,10.042361111111111
INC0012859,Group 70,1,5.040277777777778
INC0012860,Group 23,1,110.12361111111112
INC0012861,Group 25,1,12.039583333333333
INC0012862,Group 64,1,5.038888888888889
INC0012863,Group 70,0,6.245138888888889
INC0012864,Group 64,1,5.035416666666666
INC0012866,Group 70,1,5.035416666666666
INC0012868,Group 64,1,5.033333333333333
INC0012869,Group 30,1,74.33055555555555
INC0012870,Group 70,1,5.240972222222222
INC0012871,Group 64,1,5.031944444444444
INC0012872,Group 70,0,18.07777777777778
INC0012873,Group 24,1,5.322222222222222
INC0012874,Group 9,1,220.28125
INC0012875,Group 39,1,5.113888888888889
INC0012876,Group 23,1,5.113194444444445
INC0012877,Group 39,1,5.236805555555556
INC0012878,Group 70,1,6.236111111111111
INC0012879,Group 27,1,38.074305555555554
INC0012880,Group 64,1,5.06875
INC0012881,Group 24,1,5.31875
INC0012882,Group 70,1,5.027083333333334
INC0012883,Group 70,0,18.074305555555554
INC0012884,Group 29,1,19.115277777777777
INC0012885,Group 70,1,11.150694444444444
INC0012886,Group 70,1,5.022916666666666
INC0012887,Group 27,1,5.022222222222222
INC0012888,Group 70,1,5.021527777777778
INC0012889,Group 70,1,5.019444444444445
INC0012890,Group 25,1,10.227777777777778
INC0012891,Group 23,1,11.185416666666667
INC0012893,Group 70,0,12.185416666666667
INC0012894,Group 73,1,10.059722222222222
INC0012895,Group 73,1,12.225694444444445
INC0012896,Group 39,1,5.266666666666667
INC0012900,Group 39,1,5.097916666666666
INC0012901,Group 70,0,5.054861111111111
INC0012902,Group 70,0,6.304166666666666
INC0012903,Group 39,1,12.136111111111111
INC0012904,Group 70,1,5.010416666666667
INC0012908,Group 73,1,21.181944444444444
INC0012909,Group 56,1,24.139583333333334
INC0012910,Group 70,1,5.007638888888889
INC0012911,Group 70,1,5.0472222222222225
INC0012912,Group 27,1,5.086805555555555
INC0012913,Group 70,1,7.461805555555555
INC0012914,Group 70,0,12.71111111111111
INC0012915,Group 39,1,5.209722222222222
INC0012916,Group 29,1,10.292361111111111
INC0012917,Group 23,1,5.082638888888889
INC0012918,Group 70,1,5.332638888888889
INC0012919,Group 62,1,6.249305555555556
INC0012921,Group 33,1,6.165277777777778
INC0012923,Group 64,1,5.039583333333334
INC0012925,Group 6,1,5.038888888888889
INC0012927,Group 27,1,5.995833333333334
INC0012928,Group 64,1,5.0375
INC0012930,Group 24,1,203.03541666666666
INC0012931,Group 25,1,7.159722222222222
INC0012933,Group 70,0,12.159027777777778
INC0012934,Group 23,1,5.116666666666666
INC0012937,Group 30,1,94.24166666666666
INC0012938,Group 70,1,5.031944444444444
INC0012940,Group 9,1,259.28194444444443
INC0012941,Group 70,1,5.030555555555556
INC0012942,Group 23,1,11.071527777777778
INC0012943,Group 70,1,5.195833333333334
INC0012944,Group 70,1,10.07013888888889
INC0012945,Group 39,1,5.235416666666667
INC0012946,Group 70,1,5.025
INC0012947,Group 70,1,5.025
INC0012948,Group 70,1,5.023611111111111
INC0012949,Group 70,1,5.022916666666666
INC0012951,Group 39,1,5.271527777777778
INC0012953,Group 25,1,6.270833333333333
INC0012954,Group 25,1,6.269444444444445
INC0012955,Group 10,1,54.025
INC0012956,Group 64,1,5.058333333333334
INC0012957,Group 55,1,5.183333333333334
INC0012958,Group 55,1,5.2243055555555555
INC0012959,Group 70,1,5.0993055555555555
INC0012961,Group 70,1,5.0152777777777775
INC0012962,Group 70,0,14.222222222222221
INC0012963,Group 72,1,5.180555555555555
INC0012964,Group 57,1,5.179166666666666
INC0012965,Group 70,1,5.0125
INC0012966,Group 25,1,31.05902777777778
INC0012967,Group 70,1,9.970138888888888
INC0012968,Group 70,1,5.011111111111111
INC0012969,Group 70,1,5.010416666666667
INC0012970,Group 70,1,5.009027777777778
INC0012971,Group 39,1,5.965972222222222
INC0012972,Group 73,1,5.922916666666667
INC0012973,Group 20,1,32.09513888888889
INC0012974,Group 31,1,6.2555555555555555
INC0012975,Group 70,1,5.0472222222222225
INC0012976,Group 70,1,13.088194444444444
INC0012977,Group 23,1,6.295138888888889
INC0012978,Group 70,1,5.045138888888889
INC0012979,Group 24,1,6.003472222222222
INC0012980,Group 20,1,11.08611111111111
INC0012981,Group 70,0,13.085416666666667
INC0012982,Group 70,1,5.042361111111111
INC0012983,Group 70,1,5.042361111111111
INC0012984,Group 9,1,123.12430555555555
INC0012985,Group 39,1,5.206944444444445
INC0012986,Group 25,1,11.996527777777779
INC0012987,Group 70,1,5.0375
INC0012988,Group 64,1,5.035416666666666
INC0012989,Group 29,1,7.327083333333333
INC0012990,Group 28,1,5.035416666666666
INC0012992,Group 70,1,5.033333333333333
INC0012993,Group 57,1,48.91041666666667
INC0012994,Group 27,1,7.029166666666667
INC0012995,Group 70,1,5.025
INC0012996,Group 54,1,5.981944444444444
INC0012997,Group 75,1,39.239583333333336
INC0012998,Group 70,0,17.98402777777778
INC0013001,Group 34,1,6.26875
INC0013002,Group 57,1,6.975
INC0013003,Group 10,1,55.979166666666664
INC0013004,Group 73,1,6.222916666666666
INC0013005,Group 70,1,5.055555555555555
INC0013006,Group 70,1,12.971527777777778
INC0013007,Group 70,1,12.970833333333333
INC0013008,Group 70,1,13.010416666666666
INC0013009,Group 73,1,7.051388888888889
INC0013011,Group 25,1,11.215277777777779
INC0013012,Group 70,1,11.088194444444444
INC0013013,Group 70,1,5.045833333333333
INC0013014,Group 70,1,5.045138888888889
INC0013015,Group 39,1,5.170138888888889
INC0013017,Group 28,1,7.002777777777778
INC0013018,Group 39,1,19.177777777777777
INC0013019,Group 49,1,5.16875
INC0013021,Group 55,1,5.083333333333333
INC0013023,Group 70,1,5.20625
INC0013025,Group 54,1,5.90625
INC0013026,Group 70,1,5.029861111111111
INC0013029,Group 23,1,5.0680555555555555
INC0013030,Group 39,1,5.149305555555555
INC0013031,Group 70,1,5.063194444444444
INC0013033,Group 70,1,5.01875
INC0013034,Group 65,1,17.147916666666667
INC0013039,Group 72,1,33.93402777777778
INC0013040,Group 70,1,5.009027777777778
INC0013043,Group 70,1,5.044444444444444
INC0013044,Group 27,1,6.998611111111111
INC0013045,Group 70,1,5.039583333333334
INC0013046,Group 25,1,12.870138888888889
INC0013047,Group 70,1,5.033333333333333
INC0013048,Group 70,1,5.073611111111111
INC0013049,Group 39,1,5.863888888888889
INC0013051,Group 70,1,5.028472222222222
INC0013052,Group 39,1,5.901388888888889
INC0013053,Group 70,1,5.021527777777778
INC0013054,Group 70,1,5.020833333333333
INC0013055,Group 70,1,5.01875
INC0013056,Group 70,1,5.017361111111111
INC0013057,Group 24,1,11.933333333333334
INC0013058,Group 24,1,7.016666666666667
INC0013060,Group 70,1,5.013194444444444
INC0013061,Group 70,1,12.886111111111111
INC0013062,Group 39,1,5.884027777777778
INC0013063,Group 70,0,5.924305555555556
INC0013064,Group 70,1,5.0465277777777775
INC0013065,Group 70,1,5.086111111111111
INC0013067,Group 28,1,12.041666666666666
INC0013068,Group 28,1,13.875
INC0013071,Group 70,1,5.038194444444445
INC0013072,Group 37,1,14.036111111111111
INC0013073,Group 3,1,17.083333333333332
INC0013074,Group 70,1,5.077083333333333
INC0013077,Group 28,1,6.907638888888889
INC0013079,Group 70,1,10.990972222222222
INC0013080,Group 10,1,31.788194444444443
INC0013083,Group 70,1,5.03125
INC0013085,Group 24,1,5.111805555555556
INC0013087,Group 28,1,12.86111111111111
INC0013088,Group 22,1,5.152083333333334
INC0013090,Group 70,1,5.022916666666666
INC0013092,Group 24,1,7.103472222222222
INC0013094,Group 70,1,5.01875
INC0013095,Group 48,1,10.01875
INC0013096,Group 24,1,7.0569444444444445
INC0013098,Group 70,1,5.054861111111111
INC0013099,Group 70,1,5.0125
INC0013102,Group 5,1,9.803472222222222
INC0013103,Group 70,1,5.011111111111111
INC0013104,Group 30,1,94.0513888888889
INC0013105,Group 70,1,5.048611111111111
INC0013106,Group 70,1,5.00625
INC0013108,Group 70,1,5.0472222222222225
INC0013109,Group 70,0,18.760416666666668
INC0013110,Group 70,1,5.004861111111111
INC0013112,Group 30,1,17.843055555555555
INC0013114,Group 70,1,5.045138888888889
INC0013115,Group 70,1,5.044444444444444
INC0013117,Group 54,1,5.125694444444444
INC0013118,Group 70,1,5.040972222222222
INC0013120,Group 70,0,19.045833333333334
INC0013127,Group 70,1,5.033333333333333
INC0013132,Group 70,1,5.032638888888889
INC0013133,Group 70,1,5.031944444444444
INC0013134,Group 70,1,5.03125
INC0013135,Group 70,1,12.822916666666666
INC0013138,Group 70,1,5.072222222222222
INC0013143,Group 70,1,5.026388888888889
INC0013144,Group 70,1,5.191666666666666
INC0013145,Group 59,1,102.85902777777778
INC0013149,Group 25,1,12.064583333333333
INC0013151,Group 9,1,205.8972222222222
INC0013155,Group 39,1,30.98263888888889
INC0013158,Group 29,1,10.058333333333334
INC0013160,Group 70,1,5.0159722222222225
INC0013162,Group 13,1,95.09930555555556
INC0013164,Group 29,1,11.097916666666666
INC0013165,Group 66,1,17.728472222222223
INC0013167,Group 29,1,10.05486111111111
INC0013169,Group 29,1,10.054166666666667
INC0013170,Group 39,1,7.095138888888889
INC0013171,Group 29,1,10.053472222222222
INC0013174,Group 70,1,53.80763888888889
INC0013175,Group 70,1,5.009722222222222
INC0013176,Group 73,1,6.757638888888889
INC0013177,Group 70,1,5.007638888888889
INC0013178,Group 62,1,5.715277777777778
INC0013184,Group 6,1,6.086805555555555
INC0013191,Group 70,0,11.794444444444444
INC0013192,Group 70,1,9.919444444444444
INC0013194,Group 70,0,5.710416666666666
INC0013195,Group 70,1,5.043055555555555
INC0013196,Group 70,1,17.79861111111111
INC0013197,Group 37,1,13.959722222222222
INC0013199,Group 39,1,5.915972222222222
INC0013202,Group 48,1,10.786805555555556
INC0013204,Group 46,1,5.825
INC0013207,Group 66,1,12.738888888888889
INC0013208,Group 29,1,6.072222222222222
INC0013209,Group 70,1,5.029166666666667
INC0013210,Group 29,1,6.066666666666666
INC0013213,Group 70,0,5.940972222222222
INC0013215,Group 25,1,6.895833333333333
INC0013216,Group 70,1,5.020833333333333
INC0013217,Group 70,1,5.019444444444445
INC0013218,Group 70,0,5.76875
INC0013219,Group 9,1,122.89444444444445
INC0013221,Group 39,1,6.725
INC0013223,Group 70,1,5.013888888888889
INC0013224,Group 70,1,5.011111111111111
INC0013225,Group 70,1,5.011111111111111
INC0013226,Group 28,1,11.718055555555555
INC0013228,Group 25,1,6.007638888888889
INC0013230,Group 57,1,5.0472222222222225
INC0013233,Group 30,1,9.795833333333333
INC0013235,Group 46,1,11.878472222222221
INC0013236,Group 17,1,32.05
INC0013244,Group 23,1,74.79305555555555
INC0013245,Group 39,1,5.035416666666666
INC0013246,Group 70,1,5.034722222222222
INC0013247,Group 70,1,5.031944444444444
INC0013249,Group 39,1,9.738888888888889
INC0013250,Group 25,1,9.944444444444445
INC0013251,Group 27,1,10.98611111111111
INC0013252,Group 24,1,5.9840277777777775
INC0013253,Group 37,1,13.021527777777777
INC0013254,Group 27,1,6.895833333333333
INC0013255,Group 55,1,5.645833333333333
INC0013257,Group 6,1,5.978472222222222
INC0013259,Group 23,1,11.8
INC0013260,Group 70,0,5.879166666666666
INC0013261,Group 70,1,5.04375
INC0013262,Group 70,1,5.079861111111111
INC0013263,Group 70,1,10.785416666666666
INC0013264,Group 25,1,13.618055555555555
INC0013267,Group 28,1,5.934722222222222
INC0013272,Group 70,1,6.047916666666667
INC0013273,Group 22,1,53.62569444444444
INC0013274,Group 58,1,5.534722222222222
INC0013275,Group 70,1,5.03125
INC0013276,Group 70,1,5.031944444444444
INC0013277,Group 70,1,5.040972222222222
INC0013279,Group 70,1,5.060416666666667
INC0013280,Group 28,1,5.675694444444445
INC0013282,Group 70,1,5.022916666666666
INC0013283,Group 65,1,1.4270833333333333
INC0013284,Group 70,1,5.011111111111111
INC0013286,Group 33,1,20.622916666666665
INC0013287,Group 70,1,6.476388888888889
INC0013288,Group 70,0,5.059027777777778
INC0013289,Group 70,1,12.427777777777777
INC0013292,Group 70,1,5.027083333333334
INC0013296,Group 64,1,5.032638888888889
INC0013297,Group 25,1,12.449305555555556
INC0013298,Group 64,1,5.004861111111111
INC0013299,Group 70,1,5.004861111111111
INC0013300,Group 64,1,5.002777777777778
INC0013301,Group 64,1,5.042361111111111
INC0013302,Group 70,1,6.290972222222222
INC0013303,Group 64,1,5.0375
INC0013305,Group 70,1,5.026388888888889
INC0013306,Group 25,1,6.311805555555556
INC0013307,Group 70,1,10.186111111111112
INC0013308,Group 73,1,6.1819444444444445
INC0013310,Group 64,1,5.053472222222222
INC0013311,Group 70,1,5.052083333333333
INC0013312,Group 73,1,9.042361111111111
INC0013313,Group 70,1,163.3736111111111
INC0013314,Group 23,1,17.208333333333332
INC0013315,Group 23,1,9.243055555555555
INC0013316,Group 64,1,5.033333333333333
INC0013317,Group 70,1,10.2375
INC0013318,Group 46,1,5.111805555555556
INC0013319,Group 27,1,5.111111111111111
INC0013320,Group 70,1,5.025
INC0013321,Group 70,1,5.022916666666666
INC0013322,Group 70,1,5.022916666666666
INC0013323,Group 73,1,9.022222222222222
INC0013324,Group 70,0,5.020833333333333
INC0013325,Group 65,1,1.0923611111111111
INC0013326,Group 73,1,6.0625
INC0013327,Group 73,1,5.186805555555556
INC0013328,Group 70,1,5.01875
INC0013329,Group 73,0,5.184722222222222
INC0013330,Group 25,1,5.059027777777778
INC0013331,Group 25,1,23.147916666666667
INC0013332,Group 24,1,5.225
INC0013335,Group 70,1,5.0152777777777775
INC0013336,Group 70,1,5.014583333333333
INC0013337,Group 25,1,23.061805555555555
INC0013338,Group 54,1,9.05625
INC0013339,Group 70,1,5.013888888888889
INC0013341,Group 33,1,5.095138888888889
INC0013342,Group 23,1,10.136805555555556
INC0013343,Group 28,1,10.052083333333334
INC0013346,Group 39,1,5.218055555555556
INC0013347,Group 70,0,11.884722222222223
INC0013348,Group 54,1,20.180555555555557
INC0013349,Group 70,1,5.049305555555556
INC0013350,Group 25,1,5.299305555555556
INC0013351,Group 64,1,5.173611111111111
INC0013352,Group 70,1,5.006944444444445
INC0013353,Group 70,1,5.0472222222222225
INC0013354,Group 33,1,12.254861111111111
INC0013355,Group 70,1,5.045833333333333
INC0013357,Group 73,1,5.045138888888889
INC0013358,Group 70,1,12.169444444444444
INC0013359,Group 70,1,10.210416666666667
INC0013361,Group 46,1,5.126388888888889
INC0013362,Group 23,1,23.006944444444443
INC0013363,Group 70,1,10.251388888888888
INC0013366,Group 13,1,243.41666666666666
INC0013367,Group 39,1,5.207638888888889
INC0013368,Group 46,1,5.290277777777778
INC0013369,Group 46,1,5.08125
INC0013370,Group 72,1,6.163888888888889
INC0013371,Group 70,1,5.0375
INC0013372,Group 20,1,5.245833333333334
INC0013373,Group 70,1,5.0375
INC0013374,Group 47,1,6.0777777777777775
INC0013375,Group 46,1,5.077083333333333
INC0013376,Group 39,1,5.076388888888889
INC0013377,Group 70,0,5.034722222222222
INC0013378,Group 9,1,186.1173611111111
INC0013379,Group 70,0,17.122222222222224
INC0013380,Group 70,1,5.033333333333333
INC0013381,Group 70,1,5.032638888888889
INC0013382,Group 70,1,5.28125
INC0013383,Group 70,1,5.030555555555556
INC0013385,Group 5,0,10.318055555555556
INC0013386,Group 70,1,5.026388888888889
INC0013387,Group 39,1,5.188888888888889
INC0013388,Group 70,1,10.229861111111111
INC0013389,Group 70,1,25.068055555555556
INC0013391,Group 70,1,5.019444444444445
INC0013392,Group 70,1,5.019444444444445
INC0013394,Group 70,0,10.26875
INC0013395,Group 73,1,12.352083333333333
INC0013396,Group 70,1,5.018055555555556
INC0013397,Group 70,1,5.058333333333334
INC0013398,Group 24,1,53.0625
INC0013400,Group 73,1,9.014583333333333
INC0013401,Group 70,1,5.014583333333333
INC0013403,Group 70,0,5.053472222222222
INC0013404,Group 59,1,5.344444444444444
INC0013405,Group 34,1,5.34375
INC0013406,Group 30,1,6.218055555555556
INC0013407,Group 24,1,9.967361111111112
INC0013408,Group 33,1,53.05625
INC0013409,Group 10,1,51.09722222222222
INC0013410,Group 39,1,9.090277777777779
INC0013411,Group 70,1,5.006944444444445
INC0013412,Group 57,1,6.047916666666667
INC0013415,Group 46,1,5.044444444444444
INC0013417,Group 73,1,5.127083333333333
INC0013418,Group 55,1,5.125
INC0013420,Group 25,1,23.25486111111111
INC0013421,Group 46,1,5.040972222222222
INC0013424,Group 46,1,5.038888888888889
INC0013425,Group 24,1,9.246527777777779
INC0013426,Group 57,1,11.0375
INC0013427,Group 70,1,5.036111111111111
INC0013428,Group 24,1,5.284722222222222
INC0013429,Group 70,1,10.199305555555556
INC0013430,Group 73,1,6.031944444444444
INC0013431,Group 33,1,20.245833333333334
INC0013432,Group 28,1,5.155555555555556
INC0013434,Group 24,1,5.195833333333334
INC0013435,Group 70,1,5.029166666666667
INC0013436,Group 24,1,5.195138888888889
INC0013438,Group 70,0,9.022222222222222
INC0013440,Group 70,0,5.145138888888889
INC0013441,Group 39,1,5.185416666666667
INC0013442,Group 70,0,5.057638888888889
INC0013443,Group 20,1,14.279861111111112
INC0013445,Group 39,1,5.178472222222222
INC0013446,Group 70,1,5.052083333333333
INC0013447,Group 10,1,11.968055555555555
INC0013448,Group 20,0,10.3
INC0013449,Group 65,1,6.127777777777778
INC0013450,Group 24,1,5.173611111111111
INC0013452,Group 55,1,5.2125
INC0013453,Group 70,1,5.044444444444444
INC0013454,Group 24,1,9.960416666666667
INC0013455,Group 70,1,17.256944444444443
INC0013457,Group 54,1,6.292361111111111
INC0013458,Group 57,1,5.541666666666667
INC0013459,Group 64,1,5.083333333333333
INC0013460,Group 70,0,10.207638888888889
INC0013462,Group 70,1,12.07638888888889
INC0013463,Group 70,1,5.033333333333333
INC0013464,Group 70,0,10.948611111111111
INC0013465,Group 70,1,5.031944444444444
INC0013466,Group 70,1,5.029861111111111
INC0013467,Group 70,1,5.029166666666667
INC0013468,Group 70,1,5.070138888888889
INC0013472,Group 70,1,5.024305555555555
INC0013475,Group 70,1,11.105555555555556
INC0013477,Group 70,1,6.020833333333333
INC0013478,Group 73,1,8.895833333333334
INC0013480,Group 70,1,5.016666666666667
INC0013481,Group 58,1,11.183333333333334
INC0013482,Group 70,1,5.0159722222222225
INC0013483,Group 73,1,24.895833333333332
INC0013484,Group 70,1,5.0152777777777775
INC0013485,Group 23,1,12.263194444444444
INC0013487,Group 23,1,6.052083333333333
INC0013488,Group 70,1,5.05
INC0013489,Group 73,1,8.88263888888889
INC0013490,Group 24,1,6.047916666666667
INC0013491,Group 70,1,5.0055555555555555
INC0013492,Group 70,1,5.04375
INC0013493,Group 70,1,5.04375
INC0013494,Group 20,1,3.865972222222222
INC0013495,Group 6,1,5.168055555555555
INC0013496,Group 70,1,5.042361111111111
INC0013497,Group 39,1,6.209027777777778
INC0013499,Group 23,1,17.04652777777778
INC0013501,Group 70,1,5.077083333333333
INC0013502,Group 37,1,45.99930555555556
INC0013503,Group 73,1,8.909722222222221
INC0013504,Group 70,0,5.992361111111111
INC0013506,Group 74,1,20.080555555555556
INC0013507,Group 74,1,13.032638888888888
INC0013508,Group 65,1,6.0680555555555555
INC0013513,Group 70,1,5.149305555555555
INC0013514,Group 70,1,5.020138888888889
INC0013516,Group 70,1,5.010416666666667
INC0013518,Group 70,0,5.965972222222222
INC0013519,Group 47,1,5.882638888888889
INC0013520,Group 70,1,5.0881944444444445
INC0013523,Group 70,1,5.1625
INC0013525,Group 39,1,6.15625
INC0013526,Group 70,1,5.030555555555556
INC0013528,Group 62,1,6.113194444444445
INC0013529,Group 70,1,6.111111111111111
INC0013530,Group 73,1,38.2
INC0013531,Group 31,1,249.15277777777777
INC0013532,Group 69,1,5.026388888888889
INC0013537,Group 10,1,53.06944444444444
INC0013538,Group 25,1,5.105555555555555
INC0013539,Group 70,1,5.020833333333333
INC0013540,Group 30,1,8.979166666666666
INC0013541,Group 70,1,6.102777777777778
INC0013542,Group 30,1,16.94097222222222
INC0013545,Group 70,1,5.013888888888889
INC0013546,Group 33,1,6.138194444444444
INC0013547,Group 76,1,9.1375
INC0013548,Group 70,0,9.134722222222223
INC0013550,Group 46,1,5.800694444444445
INC0013551,Group 66,1,5.050694444444445
INC0013553,Group 28,1,76.09166666666667
INC0013554,Group 70,0,9.131944444444445
INC0013556,Group 29,1,5.170833333333333
INC0013557,Group 10,1,38.00972222222222
INC0013558,Group 70,1,5.045833333333333
INC0013559,Group 25,1,5.045138888888889
INC0013560,Group 70,1,6.084027777777778
INC0013561,Group 70,1,5.039583333333334
INC0013562,Group 65,1,31.044444444444444
INC0013564,Group 72,1,12.91388888888889
INC0013566,Group 70,1,5.032638888888889
INC0013567,Group 24,1,5.115972222222222
INC0013568,Group 70,1,5.032638888888889
INC0013569,Group 70,1,5.031944444444444
INC0013572,Group 70,1,5.03125
INC0013574,Group 34,1,5.030555555555556
INC0013575,Group 70,1,5.029861111111111
INC0013576,Group 70,0,9.1125
INC0013577,Group 70,1,5.028472222222222
INC0013578,Group 70,1,5.027777777777778
INC0013579,Group 70,1,5.022916666666666
INC0013580,Group 23,1,16.945138888888888
INC0013581,Group 39,1,6.104166666666667
INC0013582,Group 70,0,9.102777777777778
INC0013583,Group 70,1,5.019444444444445
INC0013585,Group 6,1,6.14375
INC0013586,Group 39,1,8.893055555555556
INC0013588,Group 29,1,6.059027777777778
INC0013589,Group 66,1,5.0159722222222225
INC0013591,Group 27,1,5.8069444444444445
INC0013592,Group 66,1,32.85208333333333
INC0013593,Group 64,1,5.095138888888889
INC0013594,Group 70,1,5.052777777777778
INC0013596,Group 21,1,5.800694444444445
INC0013597,Group 70,0,5.800694444444445
INC0013599,Group 17,1,8.878472222222221
INC0013600,Group 70,0,8.835416666666667
INC0013602,Group 70,1,5.041666666666667
INC0013603,Group 61,1,101.875
INC0013604,Group 76,1,9.03888888888889
INC0013605,Group 58,1,5.829861111111111
INC0013607,Group 70,1,5.038194444444445
INC0013608,Group 70,1,5.0375
INC0013609,Group 23,1,5.870138888888889
INC0013610,Group 10,1,30.041666666666668
INC0013611,Group 39,1,5.160416666666666
INC0013614,Group 25,1,11.86736111111111
INC0013615,Group 70,0,8.825694444444444
INC0013616,Group 55,1,5.075
INC0013617,Group 70,1,5.033333333333333
INC0013618,Group 44,1,8.990972222222222
INC0013619,Group 70,1,5.031944444444444
INC0013621,Group 70,1,5.030555555555556
INC0013622,Group 33,1,6.029166666666667
INC0013623,Group 23,1,5.070138888888889
INC0013624,Group 58,1,17.835416666666667
INC0013625,Group 39,1,15.786111111111111
INC0013626,Group 70,1,5.027083333333334
INC0013627,Group 24,1,5.732638888888889
INC0013628,Group 70,1,5.064583333333333
INC0013629,Group 70,1,5.022916666666666
INC0013631,Group 23,1,5.0625
INC0013632,Group 29,1,5.104166666666667
INC0013633,Group 21,1,18.77638888888889
INC0013635,Group 70,1,5.017361111111111
INC0013636,Group 9,1,199.06458333333333
INC0013637,Group 74,1,30.939583333333335
INC0013638,Group 70,1,5.059027777777778
INC0013640,Group 21,1,11.933333333333334
INC0013641,Group 3,1,9.80625
INC0013642,Group 70,1,5.013194444444444
INC0013643,Group 31,1,32.10208333333333
INC0013645,Group 39,1,8.845833333333333
INC0013647,Group 70,0,11.927777777777777
INC0013648,Group 70,1,5.009027777777778
INC0013649,Group 5,1,5.841666666666667
INC0013651,Group 31,1,16.761805555555554
INC0013652,Group 6,1,5.0472222222222225
INC0013655,Group 70,1,11.420833333333333
INC0013656,Group 20,0,5.045138888888889
INC0013657,Group 24,1,5.711111111111111
INC0013658,Group 24,1,9.79375
INC0013659,Group 70,1,5.043055555555555
INC0013660,Group 70,0,9.041666666666666
INC0013663,Group 27,1,6.0375
INC0013664,Group 70,1,5.034027777777778
INC0013665,Group 70,0,9.033333333333333
INC0013666,Group 55,1,10.032638888888888
INC0013667,Group 27,1,5.822916666666667
INC0013668,Group 70,1,16.82638888888889
INC0013669,Group 55,1,5.736111111111111
INC0013670,Group 25,1,9.943055555555556
INC0013673,Group 39,1,6.022222222222222
INC0013674,Group 66,1,52.77430555555556
INC0013677,Group 66,1,29.644444444444446
INC0013678,Group 24,1,10.013194444444444
INC0013679,Group 70,1,5.011111111111111
INC0013680,Group 70,1,8.300694444444444
INC0013681,Group 66,1,29.63888888888889
INC0013682,Group 70,0,8.799305555555556
INC0013683,Group 73,1,16.76527777777778
INC0013684,Group 70,1,5.047916666666667
INC0013685,Group 66,1,30.886805555555554
INC0013686,Group 46,1,5.044444444444444
INC0013687,Group 70,0,16.799305555555556
INC0013689,Group 70,1,5.084722222222222
INC0013690,Group 28,1,5.793055555555555
INC0013692,Group 46,1,5.039583333333334
INC0013693,Group 23,1,12.705555555555556
INC0013696,Group 6,1,5.0375
INC0013697,Group 70,0,11.827083333333333
INC0013698,Group 70,1,5.032638888888889
INC0013702,Group 10,1,81.78055555555555
INC0013704,Group 70,1,5.029166666666667
INC0013706,Group 70,1,5.069444444444445
INC0013712,Group 70,1,5.065277777777778
INC0013714,Group 37,1,5.020833333333333
INC0013718,Group 23,1,5.679861111111111
INC0013719,Group 30,1,9.965277777777779
INC0013721,Group 70,1,5.041666666666667
INC0013722,Group 70,1,11.784027777777778
INC0013723,Group 70,0,5.1097222222222225
INC0013724,Group 70,1,5.0680555555555555
INC0013725,Group 70,1,5.022222222222222
INC0013726,Group 37,1,11.811111111111112
INC0013727,Group 25,1,10.765972222222222
INC0013728,Group 37,1,23.851388888888888
INC0013729,Group 70,1,5.040972222222222
INC0013730,Group 23,1,8.663194444444445
INC0013731,Group 70,1,10.613194444444444
INC0013732,Group 70,1,10.611805555555556
INC0013733,Group 70,1,5.017361111111111
INC0013734,Group 70,1,5.017361111111111
INC0013738,Group 70,1,15.881944444444445
INC0013739,Group 70,1,5.035416666666666
INC0013740,Group 76,1,8.783333333333333
INC0013741,Group 25,1,19.82638888888889
INC0013742,Group 55,1,5.643055555555556
INC0013743,Group 70,1,5.013888888888889
INC0013744,Group 55,1,5.636805555555555
INC0013745,Group 70,1,5.010416666666667
INC0013748,Group 70,0,8.768055555555556
INC0013749,Group 70,1,5.009722222222222
INC0013751,Group 70,1,5.0625
INC0013752,Group 70,1,5.008333333333334
INC0013753,Group 70,0,8.545833333333333
INC0013755,Group 70,1,5.081944444444445
INC0013756,Group 70,1,5.030555555555556
INC0013757,Group 70,1,9.152777777777779
INC0013758,Group 70,1,5.021527777777778
INC0013760,Group 70,1,5.061805555555556
INC0013761,Group 70,1,5.057638888888889
INC0013765,Group 70,1,5.05
INC0013766,Group 70,1,5.044444444444444
INC0013768,Group 70,1,5.033333333333333
INC0013769,Group 70,1,5.032638888888889
INC0013770,Group 70,1,5.027777777777778
INC0013771,Group 57,1,16.610416666666666
INC0013773,Group 58,1,5.3694444444444445
INC0013774,Group 55,1,5.282638888888889
INC0013775,Group 70,1,5.028472222222222
INC0013776,Group 37,1,5.543055555555555
INC0013779,Group 56,1,5.159027777777778
INC0013780,Group 70,1,5.075
INC0013781,Group 70,1,5.01875
INC0013782,Group 46,1,9.427777777777777
INC0013783,Group 70,1,5.010416666666667
INC0013784,Group 25,1,5.16875
INC0013785,Group 64,1,5.001388888888889
INC0013786,Group 64,1,5.042361111111111
INC0013787,Group 64,1,5.040277777777778
INC0013788,Group 64,1,5.039583333333334
INC0013789,Group 64,1,5.038194444444445
INC0013790,Group 70,1,5.031944444444444
INC0013791,Group 65,1,0.14097222222222222
INC0013792,Group 70,1,12.109027777777778
INC0013793,Group 64,1,5.025
INC0013794,Group 65,1,0.13541666666666666
INC0013795,Group 70,1,11.146527777777777
INC0013796,Group 74,1,15.402083333333334
INC0013797,Group 57,1,22.108333333333334
INC0013798,Group 70,1,9.180555555555555
INC0013799,Group 57,1,5.1375
INC0013800,Group 70,1,5.011111111111111
INC0013801,Group 70,0,8.38263888888889
INC0013803,Group 24,1,5.254861111111111
INC0013804,Group 70,1,5.040972222222222
INC0013806,Group 70,1,5.039583333333334
INC0013808,Group 64,1,5.036111111111111
INC0013809,Group 70,1,5.034722222222222
INC0013810,Group 70,1,5.033333333333333
INC0013811,Group 70,1,5.032638888888889
INC0013813,Group 70,0,12.239583333333334
INC0013815,Group 70,1,5.030555555555556
INC0013816,Group 23,1,8.1125
INC0013817,Group 70,0,11.109722222222222
INC0013818,Group 49,1,5.276388888888889
INC0013819,Group 70,1,5.023611111111111
INC0013820,Group 73,1,19.361805555555556
INC0013821,Group 70,1,5.022916666666666
INC0013822,Group 70,0,8.313888888888888
INC0013823,Group 57,1,5.063888888888889
INC0013825,Group 70,0,8.269444444444444
INC0013826,Group 70,1,5.01875
INC0013827,Group 70,1,5.058333333333334
INC0013828,Group 70,1,5.0159722222222225
INC0013829,Group 70,1,5.0159722222222225
INC0013830,Group 23,1,5.2652777777777775
INC0013832,Group 73,1,8.346527777777778
INC0013833,Group 25,1,93.13888888888889
INC0013835,Group 25,1,10.346527777777778
INC0013837,Group 55,1,5.053472222222222
INC0013838,Group 70,1,5.053472222222222
INC0013839,Group 70,1,5.011805555555555
INC0013840,Group 25,1,5.261111111111111
INC0013841,Group 70,1,5.010416666666667
INC0013842,Group 55,1,5.176388888888889
INC0013843,Group 73,1,5.131944444444445
INC0013844,Group 70,1,5.006944444444445
INC0013845,Group 28,1,12.089583333333334
INC0013846,Group 70,1,5.0055555555555555
INC0013847,Group 23,1,5.254861111111111
INC0013848,Group 30,1,11.213194444444444
INC0013851,Group 28,1,5.128472222222222
INC0013852,Group 23,1,5.210416666666666
INC0013853,Group 39,1,9.29375
INC0013854,Group 25,1,5.251388888888889
INC0013855,Group 70,1,5.040277777777778
INC0013856,Group 64,1,5.040277777777778
INC0013857,Group 70,1,5.039583333333334
INC0013859,Group 70,1,5.039583333333334
INC0013863,Group 23,1,92.00347222222223
INC0013864,Group 25,1,10.997222222222222
INC0013865,Group 70,1,5.038888888888889
INC0013866,Group 30,1,5.247222222222222
INC0013867,Group 72,1,23.086111111111112
INC0013868,Group 70,1,5.0375
INC0013869,Group 70,1,5.036111111111111
INC0013870,Group 10,1,5.2444444444444445
INC0013872,Group 70,1,10.169444444444444
INC0013873,Group 25,1,9.24375
INC0013874,Group 70,1,5.034722222222222
INC0013875,Group 63,1,117.32708333333333
INC0013876,Group 25,1,10.159027777777778
INC0013877,Group 70,0,12.075694444444444
INC0013878,Group 24,1,12.325
INC0013880,Group 64,1,5.031944444444444
INC0013881,Group 70,1,5.031944444444444
INC0013882,Group 9,1,218.36527777777778
INC0013883,Group 70,1,5.030555555555556
INC0013884,Group 70,0,10.322222222222223
INC0013885,Group 28,1,8.071527777777778
INC0013886,Group 70,1,5.028472222222222
INC0013888,Group 70,1,5.027083333333334
INC0013889,Group 46,1,5.06875
INC0013891,Group 70,1,5.025
INC0013893,Group 37,1,10.98263888888889
INC0013894,Group 28,1,5.10625
INC0013895,Group 24,1,8.313888888888888
INC0013896,Group 25,1,9.063194444444445
INC0013897,Group 24,1,9.145138888888889
INC0013898,Group 70,0,8.186805555555555
INC0013899,Group 6,1,15.275
INC0013900,Group 70,1,5.019444444444445
INC0013902,Group 70,1,5.01875
INC0013905,Group 70,1,5.016666666666667
INC0013906,Group 70,1,5.0159722222222225
INC0013907,Group 20,1,52.06041666666667
INC0013908,Group 23,1,5.095833333333333
INC0013910,Group 24,1,5.175
INC0013911,Group 6,1,24.013194444444444
INC0013912,Group 39,1,5.299305555555556
INC0013914,Group 70,0,11.090972222222222
INC0013915,Group 54,1,9.090277777777779
INC0013917,Group 55,1,5.088888888888889
INC0013918,Group 70,1,5.0472222222222225
INC0013920,Group 70,1,5.004166666666666
INC0013921,Group 73,1,5.045833333333333
INC0013922,Group 70,0,8.254166666666666
INC0013923,Group 70,1,5.045138888888889
INC0013924,Group 70,1,5.044444444444444
INC0013925,Group 64,1,5.04375
INC0013926,Group 70,0,8.043055555555556
INC0013928,Group 70,0,5.167361111111111
INC0013931,Group 39,1,8.082638888888889
INC0013932,Group 55,1,5.081944444444445
INC0013933,Group 70,0,11.081944444444444
INC0013935,Group 55,1,5.08125
INC0013936,Group 25,1,8.122916666666667
INC0013937,Group 33,1,5.247916666666667
INC0013938,Group 70,1,5.038888888888889
INC0013942,Group 70,1,5.0375
INC0013943,Group 28,1,31.250694444444445
INC0013944,Group 73,1,8.036805555555556
INC0013945,Group 24,1,8.202777777777778
INC0013946,Group 25,1,93.07847222222222
INC0013947,Group 31,1,80.99444444444444
INC0013948,Group 55,1,5.118055555555555
INC0013949,Group 70,1,5.033333333333333
INC0013950,Group 55,1,5.074305555555555
INC0013951,Group 55,1,5.074305555555555
INC0013952,Group 70,1,5.031944444444444
INC0013953,Group 24,1,9.198611111111111
INC0013954,Group 70,1,5.030555555555556
INC0013955,Group 70,1,5.030555555555556
INC0013956,Group 55,1,5.071527777777778
INC0013957,Group 70,1,5.029861111111111
INC0013958,Group 68,1,8.029166666666667
INC0013959,Group 55,1,5.069444444444445
INC0013961,Group 70,1,5.027083333333334
INC0013962,Group 23,1,7.9430555555555555
INC0013965,Group 64,1,5.023611111111111
INC0013967,Group 70,1,5.022916666666666
INC0013968,Group 55,1,8.063194444444445
INC0013969,Group 39,1,9.229861111111111
INC0013970,Group 28,0,8.270833333333334
INC0013971,Group 31,1,52.02569444444445
INC0013972,Group 70,1,5.019444444444445
INC0013973,Group 64,1,5.01875
INC0013975,Group 25,1,8.10138888888889
INC0013976,Group 70,1,5.017361111111111
INC0013977,Group 31,1,5.2659722222222225
INC0013978,Group 70,0,8.265277777777778
INC0013980,Group 10,1,50.269444444444446
INC0013981,Group 70,0,11.05486111111111
INC0013982,Group 25,1,9.304166666666667
INC0013983,Group 69,1,5.053472222222222
INC0013984,Group 70,1,5.011111111111111
INC0013987,Group 47,1,5.052777777777778
INC0013998,Group 70,1,5.05
INC0013999,Group 73,1,8.00763888888889
INC0014001,Group 70,0,11.049305555555556
INC0014002,Group 70,1,5.048611111111111
INC0014003,Group 70,1,5.38125
INC0014004,Group 70,1,5.0465277777777775
INC0014005,Group 39,1,9.2125
INC0014006,Group 70,1,5.086111111111111
INC0014007,Group 25,1,15.13263888888889
INC0014008,Group 76,1,8.165972222222223
INC0014009,Group 70,1,5.040277777777778
INC0014010,Group 57,1,19.004166666666666
INC0014012,Group 25,1,12.246527777777779
INC0014013,Group 65,1,5.113888888888889
INC0014014,Group 54,1,5.035416666666666
INC0014016,Group 70,1,5.034722222222222
INC0014017,Group 70,1,5.033333333333333
INC0014018,Group 24,1,16.955555555555556
INC0014019,Group 70,1,5.032638888888889
INC0014021,Group 70,1,5.029166666666667
INC0014022,Group 76,1,8.236805555555556
INC0014023,Group 70,1,5.027083333333334
INC0014024,Group 25,0,8.901388888888889
INC0014025,Group 69,1,8.901388888888889
INC0014027,Group 76,1,8.025694444444444
INC0014028,Group 70,1,5.025
INC0014029,Group 25,1,15.947222222222223
INC0014030,Group 72,1,9.23263888888889
INC0014034,Group 23,1,5.188888888888889
INC0014035,Group 70,1,5.020833333333333
INC0014036,Group 70,1,5.0993055555555555
INC0014037,Group 70,0,10.223611111111111
INC0014039,Group 31,1,136.93194444444444
INC0014044,Group 73,1,8.21875
INC0014045,Group 70,0,8.885416666666666
INC0014046,Group 24,1,8.050694444444444
INC0014047,Group 30,1,8.050694444444444
INC0014048,Group 22,1,8.00763888888889
INC0014051,Group 30,1,5.128472222222222
INC0014053,Group 39,1,5.210416666666666
INC0014054,Group 70,0,16.049305555555556
INC0014056,Group 70,1,5.043055555555555
INC0014059,Group 20,1,5.039583333333334
INC0014061,Group 51,1,5.073611111111111
INC0014062,Group 70,0,5.5777777777777775
INC0014064,Group 39,1,13.416666666666666
INC0014066,Group 76,1,51.953472222222224
INC0014067,Group 70,1,8.613888888888889
INC0014069,Group 39,1,9.193055555555556
INC0014071,Group 9,1,16.947222222222223
INC0014072,Group 70,1,5.024305555555555
INC0014074,Group 70,0,7.563194444444444
INC0014075,Group 73,1,7.938194444444444
INC0014076,Group 70,1,5.018055555555556
INC0014077,Group 72,1,22.05625
INC0014080,Group 9,1,204.0076388888889
INC0014082,Group 70,1,5.0465277777777775
INC0014085,Group 70,0,10.168055555555556
INC0014089,Group 70,1,5.0368055555555555
INC0014091,Group 66,1,5.036111111111111
INC0014093,Group 29,0,9.910416666666666
INC0014095,Group 70,0,10.824305555555556
INC0014096,Group 29,1,9.156944444444445
INC0014097,Group 20,1,9.941666666666666
INC0014098,Group 70,1,5.064583333333333
INC0014099,Group 70,1,8.939583333333333
INC0014100,Group 59,1,15.86111111111111
INC0014101,Group 70,1,5.020138888888889
INC0014102,Group 70,0,10.14236111111111
INC0014103,Group 6,1,8.058333333333334
INC0014104,Group 25,1,12.014583333333333
INC0014105,Group 25,1,9.180555555555555
INC0014106,Group 70,1,5.0125
INC0014107,Group 70,1,5.011111111111111
INC0014108,Group 33,1,10.13263888888889
INC0014109,Group 70,0,10.00763888888889
INC0014110,Group 25,1,10.090277777777779
INC0014112,Group 25,1,11.922916666666667
INC0014114,Group 70,1,5.045833333333333
INC0014116,Group 70,0,9.086805555555555
INC0014117,Group 70,1,5.04375
INC0014118,Group 20,1,8.168055555555556
INC0014119,Group 70,1,5.040972222222222
INC0014120,Group 70,1,5.040972222222222
INC0014121,Group 39,1,5.123611111111111
INC0014122,Group 70,1,5.040277777777778
INC0014123,Group 70,1,10.0375
INC0014124,Group 39,1,7.9125
INC0014126,Group 70,0,10.952083333333333
INC0014127,Group 66,1,29.790277777777778
INC0014128,Group 70,1,5.034027777777778
INC0014129,Group 51,1,30.84375
INC0014130,Group 70,1,5.033333333333333
INC0014131,Group 66,1,29.788194444444443
INC0014132,Group 10,1,9.073611111111111
INC0014134,Group 66,1,32.12013888888889
INC0014135,Group 70,1,5.030555555555556
INC0014136,Group 33,1,30.869444444444444
INC0014138,Group 70,1,10.863194444444444
INC0014140,Group 66,1,14.909722222222221
INC0014141,Group 73,1,23.868055555555557
INC0014143,Group 55,1,5.154166666666667
INC0014144,Group 66,1,29.783333333333335
INC0014146,Group 61,1,100.90347222222222
INC0014147,Group 70,1,5.027083333333334
INC0014148,Group 70,1,5.06875
INC0014150,Group 70,0,10.859027777777778
INC0014151,Group 70,1,5.0256944444444445
INC0014152,Group 21,1,9.859027777777778
INC0014153,Group 23,1,5.106944444444444
INC0014155,Group 68,1,7.897222222222222
INC0014157,Group 9,1,219.14791666666667
INC0014158,Group 70,0,5.480555555555555
INC0014159,Group 21,1,50.81805555555555
INC0014160,Group 58,1,2.84375
INC0014161,Group 70,1,5.020138888888889
INC0014162,Group 70,1,5.019444444444445
INC0014164,Group 20,1,88.14375
INC0014165,Group 70,1,11.309027777777779
INC0014166,Group 29,1,10.85
INC0014168,Group 70,1,5.016666666666667
INC0014169,Group 70,1,5.0159722222222225
INC0014170,Group 23,1,5.057638888888889
INC0014171,Group 9,1,218.09930555555556
INC0014172,Group 70,1,5.013888888888889
INC0014173,Group 70,1,5.013194444444444
INC0014174,Group 70,1,5.011805555555555
INC0014175,Group 70,1,5.052777777777778
INC0014176,Group 70,1,5.010416666666667
INC0014177,Group 70,1,5.010416666666667
INC0014178,Group 3,1,10.009722222222223
INC0014179,Group 70,1,5.009027777777778
INC0014180,Group 28,1,5.091666666666667
INC0014181,Group 70,1,5.007638888888889
INC0014182,Group 70,1,8.79861111111111
INC0014185,Group 39,1,15.800694444444444
INC0014186,Group 70,1,5.045138888888889
INC0014189,Group 25,1,9.127083333333333
INC0014190,Group 28,1,5.085416666666666
INC0014191,Group 6,1,31.08888888888889
INC0014194,Group 72,1,15.127777777777778
INC0014195,Group 66,1,5.038194444444445
INC0014196,Group 39,1,7.871527777777778
INC0014197,Group 70,0,10.07986111111111
INC0014199,Group 70,1,5.0368055555555555
INC0014201,Group 39,1,5.1194444444444445
INC0014202,Group 70,1,21.958333333333332
INC0014203,Group 70,1,5.035416666666666
INC0014204,Group 72,1,8.077083333333333
INC0014205,Group 30,1,16.87361111111111
INC0014206,Group 70,1,5.034722222222222
INC0014210,Group 74,1,7.989583333333333
INC0014211,Group 24,1,7.988194444444445
INC0014212,Group 70,0,10.029861111111112
INC0014213,Group 27,1,7.863194444444445
INC0014214,Group 39,1,5.1125
INC0014216,Group 25,1,9.902083333333334
INC0014217,Group 70,1,5.026388888888889
INC0014218,Group 70,0,9.775694444444444
INC0014219,Group 70,0,10.149305555555555
INC0014220,Group 27,1,5.106944444444444
INC0014221,Group 72,1,12.022916666666667
INC0014222,Group 70,1,5.063888888888889
INC0014225,Group 24,1,7.809722222222222
INC0014226,Group 6,1,36.981944444444444
INC0014228,Group 29,1,15.855555555555556
INC0014229,Group 70,1,5.0159722222222225
INC0014230,Group 66,1,31.100694444444443
INC0014231,Group 70,1,5.052777777777778
INC0014234,Group 70,1,5.008333333333334
INC0014235,Group 70,1,5.008333333333334
INC0014236,Group 70,0,9.754166666666666
INC0014237,Group 70,0,10.879166666666666
INC0014238,Group 70,1,5.044444444444444
INC0014239,Group 33,1,5.044444444444444
INC0014240,Group 70,1,5.04375
INC0014241,Group 70,1,5.042361111111111
INC0014242,Group 70,0,15.880555555555556
INC0014243,Group 37,1,7.832638888888889
INC0014244,Group 70,1,5.039583333333334
INC0014245,Group 70,0,10.997222222222222
INC0014246,Group 37,1,22.000694444444445
INC0014247,Group 24,1,7.7444444444444445
INC0014248,Group 39,1,5.077083333333333
INC0014249,Group 70,1,5.033333333333333
INC0014250,Group 70,0,5.406944444444444
INC0014251,Group 70,0,10.06875
INC0014252,Group 39,1,9.027083333333334
INC0014253,Group 70,0,5.398611111111111
INC0014254,Group 70,1,5.022916666666666
INC0014255,Group 65,1,30.747916666666665
INC0014257,Group 70,1,5.020138888888889
INC0014258,Group 70,0,9.14236111111111
INC0014259,Group 25,1,16.06388888888889
INC0014261,Group 70,0,9.974305555555556
INC0014262,Group 25,1,9.057638888888889
INC0014263,Group 5,1,14.688194444444445
INC0014264,Group 70,0,5.055555555555555
INC0014265,Group 70,1,14.977777777777778
INC0014267,Group 70,1,10.721527777777778
INC0014269,Group 37,1,46.68472222222222
INC0014270,Group 39,1,5.053472222222222
INC0014271,Group 64,1,5.052777777777778
INC0014273,Group 24,1,7.760416666666667
INC0014275,Group 70,1,5.007638888888889
INC0014276,Group 25,1,9.88263888888889
INC0014277,Group 70,1,5.049305555555556
INC0014278,Group 70,1,5.00625
INC0014279,Group 70,1,5.0465277777777775
INC0014281,Group 70,1,14.341666666666667
INC0014282,Group 70,0,8.001388888888888
INC0014284,Group 27,1,7.666666666666667
INC0014286,Group 57,1,7.748611111111111
INC0014287,Group 22,1,7.747916666666667
INC0014288,Group 70,1,5.039583333333334
INC0014290,Group 70,1,5.0368055555555555
INC0014291,Group 70,0,5.077083333333333
INC0014292,Group 70,1,5.035416666666666
INC0014294,Group 55,1,8.988194444444444
INC0014296,Group 70,1,5.028472222222222
INC0014297,Group 70,1,5.027777777777778
INC0014298,Group 70,0,9.944444444444445
INC0014300,Group 70,1,5.0256944444444445
INC0014302,Group 70,1,5.063888888888889
INC0014305,Group 70,1,5.020138888888889
INC0014307,Group 70,1,5.017361111111111
INC0014309,Group 23,1,7.802083333333333
INC0014310,Group 70,1,5.007638888888889
INC0014312,Group 23,1,7.757638888888889
INC0014313,Group 70,0,5.048611111111111
INC0014314,Group 5,1,10.627777777777778
INC0014316,Group 70,1,5.075694444444444
INC0014318,Group 70,1,5.032638888888889
INC0014320,Group 28,1,8.652777777777779
INC0014321,Group 24,1,8.60138888888889
INC0014322,Group 70,1,5.059027777777778
INC0014323,Group 25,1,11.965972222222222
INC0014324,Group 70,1,5.04375
INC0014325,Group 6,1,11.835416666666667
INC0014326,Group 70,1,10.747222222222222
INC0014330,Group 15,1,263.7895833333333
INC0014331,Group 70,1,5.0256944444444445
INC0014332,Group 70,1,5.017361111111111
INC0014333,Group 70,1,5.017361111111111
INC0014334,Group 70,0,37.59444444444444
INC0014335,Group 24,1,8.61736111111111
INC0014337,Group 20,1,7.50625
INC0014338,Group 70,1,5.063888888888889
INC0014339,Group 70,1,5.0152777777777775
INC0014340,Group 70,0,15.603472222222223
INC0014341,Group 12,1,21.62986111111111
INC0014342,Group 70,0,8.789583333333333
INC0014343,Group 28,1,18.708333333333332
INC0014344,Group 70,1,5.0256944444444445
INC0014345,Group 70,1,5.006944444444445
INC0014346,Group 70,0,5.123611111111111
INC0014347,Group 70,1,5.050694444444445
INC0014350,Group 20,1,7.4125
INC0014354,Group 70,1,7.690277777777778
INC0014356,Group 70,1,5.013194444444444
INC0014357,Group 70,0,5.076388888888889
INC0014358,Group 70,0,5.0256944444444445
INC0014362,Group 70,1,5.0375
INC0014363,Group 25,1,10.276388888888889
INC0014364,Group 70,1,5.055555555555555
INC0014365,Group 28,1,7.124305555555556
INC0014366,Group 64,1,5.0375
INC0014370,Group 64,1,5.035416666666666
INC0014371,Group 70,1,5.0465277777777775
INC0014372,Group 70,1,5.031944444444444
INC0014373,Group 70,1,5.029166666666667
INC0014374,Group 70,1,5.06875
INC0014375,Group 64,1,5.027083333333334
INC0014376,Group 64,1,5.067361111111111
INC0014377,Group 51,1,4.215972222222222
INC0014378,Group 70,1,5.009027777777778
INC0014379,Group 70,1,5.132638888888889
INC0014381,Group 70,1,5.038888888888889
INC0014382,Group 64,1,5.032638888888889
INC0014383,Group 64,1,5.027777777777778
INC0014384,Group 64,1,5.022916666666666
INC0014385,Group 64,1,5.018055555555556
INC0014386,Group 64,1,5.017361111111111
INC0014387,Group 64,1,5.0159722222222225
INC0014388,Group 70,0,9.222222222222221
INC0014389,Group 64,1,5.013888888888889
INC0014390,Group 64,1,5.052777777777778
INC0014391,Group 70,1,5.011111111111111
INC0014393,Group 64,1,5.852083333333334
INC0014396,Group 70,1,7.990972222222222
INC0014399,Group 70,1,5.029166666666667
INC0014402,Group 76,1,6.920138888888889
INC0014404,Group 76,1,6.883333333333334
INC0014406,Group 70,1,5.044444444444444
INC0014412,Group 70,1,7.993055555555555
INC0014413,Group 70,1,5.018055555555556
INC0014414,Group 70,1,5.011111111111111
INC0014416,Group 28,1,10.71111111111111
INC0014417,Group 70,1,5.051388888888889
INC0014418,Group 54,1,8.883333333333333
INC0014419,Group 55,1,11.795833333333333
INC0014421,Group 70,1,5.0777777777777775
INC0014423,Group 39,1,7.942361111111111
INC0014425,Group 28,1,6.673611111111111
INC0014426,Group 70,1,9.714583333333334
INC0014428,Group 70,1,5.034722222222222
INC0014429,Group 46,1,6.7868055555555555
INC0014430,Group 55,1,5.138888888888889
INC0014431,Group 55,1,5.134027777777778
INC0014432,Group 55,1,5.088888888888889
INC0014437,Group 70,1,5.034027777777778
INC0014438,Group 70,1,5.032638888888889
INC0014439,Group 70,1,5.028472222222222
INC0014440,Group 70,1,5.01875
INC0014441,Group 70,1,5.039583333333334
INC0014442,Group 25,1,13.613888888888889
INC0014445,Group 56,1,7.414583333333334
INC0014446,Group 70,0,7.747916666666667
INC0014447,Group 70,1,5.031944444444444
INC0014449,Group 56,1,7.310416666666667
INC0014452,Group 70,1,5.038194444444445
INC0014454,Group 70,1,5.028472222222222
INC0014455,Group 64,1,5.008333333333334
INC0014456,Group 64,1,5.007638888888889
INC0014457,Group 64,1,5.004861111111111
INC0014458,Group 64,1,5.003472222222222
INC0014459,Group 64,1,5.085416666666666
INC0014460,Group 70,1,5.058333333333334
INC0014461,Group 70,1,5.054861111111111
INC0014463,Group 64,1,5.030555555555556
INC0014464,Group 51,1,3.2291666666666665
INC0014466,Group 25,1,5.102083333333334
INC0014469,Group 70,1,5.050694444444445
INC0014470,Group 70,0,13.01388888888889
INC0014472,Group 64,1,5.039583333333334
INC0014473,Group 64,1,5.0375
INC0014474,Group 64,1,5.036111111111111
INC0014475,Group 64,1,5.033333333333333
INC0014476,Group 64,1,5.030555555555556
INC0014477,Group 64,1,5.026388888888889
INC0014479,Group 33,1,6.997222222222222
INC0014480,Group 25,1,9.995833333333334
INC0014481,Group 64,1,5.052777777777778
INC0014483,Group 64,1,5.0375
INC0014484,Group 70,1,5.034027777777778
INC0014485,Group 25,1,9.225
INC0014487,Group 70,1,9.542361111111111
INC0014490,Group 39,1,7.236111111111111
INC0014493,Group 70,1,5.091666666666667
INC0014496,Group 70,1,5.052777777777778
INC0014498,Group 70,1,5.0569444444444445
INC0014499,Group 28,1,5.761111111111111
INC0014500,Group 25,1,6.823611111111111
INC0014501,Group 25,1,6.819444444444445
INC0014502,Group 72,1,15.989583333333334
INC0014503,Group 70,1,5.018055555555556
INC0014504,Group 55,1,7.7131944444444445
INC0014505,Group 72,1,19.965972222222224
INC0014506,Group 70,1,14.088888888888889
INC0014508,Group 24,1,21.82986111111111
INC0014509,Group 24,1,20.864583333333332
INC0014511,Group 70,0,7.038194444444445
INC0014515,Group 31,1,5.676388888888889
INC0014516,Group 73,1,6.7875
INC0014517,Group 49,1,5.590277777777778
INC0014518,Group 70,1,5.064583333333333
INC0014519,Group 70,1,5.052083333333333
INC0014520,Group 39,1,8.752083333333333
INC0014521,Group 70,0,12.421527777777778
INC0014523,Group 25,1,12.686111111111112
INC0014524,Group 70,0,6.481944444444444
INC0014525,Group 70,1,5.057638888888889
INC0014527,Group 70,1,5.040277777777778
INC0014528,Group 70,1,5.095138888888889
INC0014530,Group 70,1,5.090972222222222
INC0014531,Group 28,1,9.488194444444444
INC0014533,Group 70,0,7.45625
INC0014534,Group 70,1,5.038888888888889
INC0014537,Group 25,1,6.315972222222222
INC0014540,Group 64,1,5.03125
INC0014541,Group 64,1,5.029861111111111
INC0014542,Group 64,1,5.025
INC0014543,Group 64,1,5.023611111111111
INC0014544,Group 64,1,5.019444444444445
INC0014545,Group 25,1,12.385416666666666
INC0014546,Group 70,1,5.039583333333334
INC0014548,Group 70,1,5.033333333333333
INC0014549,Group 61,1,5.197222222222222
INC0014550,Group 70,1,5.027083333333334
INC0014551,Group 19,1,5.148611111111111
INC0014552,Group 70,1,5.017361111111111
INC0014553,Group 70,1,5.0569444444444445
INC0014554,Group 23,1,5.139583333333333
INC0014555,Group 70,1,5.053472222222222
INC0014557,Group 70,1,5.05
INC0014558,Group 65,1,2.2527777777777778
INC0014560,Group 27,1,28.174305555555556
INC0014561,Group 28,1,5.125
INC0014562,Group 65,1,2.2444444444444445
INC0014564,Group 64,1,13.125694444444445
INC0014566,Group 70,0,5.409722222222222
INC0014568,Group 70,1,5.03125
INC0014569,Group 70,1,5.030555555555556
INC0014574,Group 70,1,5.024305555555555
INC0014575,Group 70,1,5.023611111111111
INC0014576,Group 70,1,5.022916666666666
INC0014578,Group 70,1,5.064583333333333
INC0014580,Group 70,1,5.022222222222222
INC0014581,Group 24,1,5.022222222222222
INC0014583,Group 70,1,5.021527777777778
INC0014584,Group 70,1,5.145833333333333
INC0014585,Group 24,1,5.01875
INC0014586,Group 64,1,5.14375
INC0014587,Group 70,0,6.225694444444445
INC0014588,Group 24,1,5.017361111111111
INC0014589,Group 70,0,6.184027777777778
INC0014590,Group 70,0,6.058333333333334
INC0014592,Group 24,1,5.0152777777777775
INC0014593,Group 64,1,5.1402777777777775
INC0014594,Group 70,0,7.30625
INC0014595,Group 70,1,5.014583333333333
INC0014596,Group 24,1,5.013888888888889
INC0014597,Group 29,1,5.555555555555555
INC0014598,Group 70,0,6.221527777777778
INC0014599,Group 27,1,5.1375
INC0014600,Group 70,0,6.2625
INC0014601,Group 24,1,5.0125
INC0014603,Group 24,1,5.011111111111111
INC0014604,Group 28,1,7.052083333333333
INC0014605,Group 27,1,5.052083333333333
INC0014606,Group 24,1,5.009722222222222
INC0014607,Group 70,1,5.134027777777778
INC0014608,Group 76,1,12.139583333333333
INC0014609,Group 70,1,5.008333333333334
INC0014610,Group 24,1,5.007638888888889
INC0014611,Group 70,1,5.007638888888889
INC0014612,Group 20,1,5.382638888888889
INC0014615,Group 24,1,6.298611111111111
INC0014616,Group 23,1,6.297916666666667
INC0014617,Group 70,1,5.00625
INC0014618,Group 28,1,5.088888888888889
INC0014621,Group 57,1,5.088888888888889
INC0014622,Group 70,1,5.0465277777777775
INC0014623,Group 70,1,5.004861111111111
INC0014624,Group 70,1,5.045833333333333
INC0014625,Group 70,1,5.045833333333333
INC0014626,Group 23,1,5.254166666666666
INC0014627,Group 24,1,5.004166666666666
INC0014629,Group 70,0,7.836805555555555
INC0014630,Group 70,0,6.253472222222222
INC0014631,Group 70,1,5.044444444444444
INC0014632,Group 39,1,5.335416666666666
INC0014633,Group 24,1,5.002083333333333
INC0014634,Group 70,1,5.043055555555555
INC0014635,Group 24,1,5.334722222222222
INC0014636,Group 24,1,5.042361111111111
INC0014637,Group 70,1,5.042361111111111
INC0014638,Group 70,1,12.505555555555556
INC0014639,Group 24,1,5.041666666666667
INC0014643,Group 65,1,2.2020833333333334
INC0014644,Group 73,1,6.373611111111111
INC0014645,Group 27,1,26.045833333333334
INC0014646,Group 70,1,5.081944444444445
INC0014647,Group 20,1,49.08611111111111
INC0014649,Group 65,1,2.2
INC0014654,Group 70,1,5.036111111111111
INC0014655,Group 70,1,5.035416666666666
INC0014656,Group 30,1,7.327083333333333
INC0014657,Group 12,1,20.040277777777778
INC0014658,Group 73,1,5.075694444444444
INC0014659,Group 70,0,6.241666666666666
INC0014660,Group 70,1,5.031944444444444
INC0014662,Group 70,1,5.03125
INC0014663,Group 25,1,6.114583333333333
INC0014664,Group 70,1,5.03125
INC0014665,Group 25,1,9.030555555555555
INC0014666,Group 12,1,7.113888888888889
INC0014667,Group 23,1,5.238888888888889
INC0014669,Group 29,1,7.236805555555556
INC0014670,Group 70,1,5.361111111111111
INC0014672,Group 70,1,5.027777777777778
INC0014673,Group 70,1,5.027083333333334
INC0014674,Group 25,1,7.276388888888889
INC0014675,Group 12,1,20.034027777777776
INC0014676,Group 51,1,2.1875
INC0014678,Group 12,1,20.072916666666668
INC0014679,Group 73,1,6.275
INC0014681,Group 23,1,8.275
INC0014682,Group 23,1,6.275
INC0014683,Group 70,1,5.024305555555555
INC0014684,Group 48,1,6.231944444444444
INC0014685,Group 70,1,5.023611111111111
INC0014687,Group 12,1,20.070833333333333
INC0014689,Group 28,1,20.27777777777778
INC0014690,Group 39,1,5.313888888888889
INC0014695,Group 20,1,5.1875
INC0014696,Group 70,0,6.227083333333334
INC0014698,Group 70,1,5.016666666666667
INC0014699,Group 70,1,5.016666666666667
INC0014701,Group 70,0,6.2243055555555555
INC0014702,Group 70,1,5.0159722222222225
INC0014703,Group 12,1,20.0625
INC0014704,Group 56,1,6.014583333333333
INC0014707,Group 70,1,5.05625
INC0014708,Group 70,1,5.013888888888889
INC0014709,Group 73,1,6.347222222222222
INC0014710,Group 50,0,5.096527777777778
INC0014711,Group 29,1,13.14375
INC0014712,Group 66,1,26.30902777777778
INC0014713,Group 33,1,7.095138888888889
INC0014715,Group 27,1,5.052777777777778
INC0014716,Group 70,1,5.011111111111111
INC0014717,Group 28,1,6.177083333333333
INC0014718,Group 70,1,5.008333333333334
INC0014719,Group 70,0,6.215972222222222
INC0014720,Group 70,0,5.006944444444445
INC0014722,Group 73,1,6.13125
INC0014723,Group 39,1,6.2972222222222225
INC0014724,Group 64,1,5.0472222222222225
INC0014725,Group 25,1,6.254861111111111
INC0014726,Group 70,0,6.2131944444444445
INC0014727,Group 70,1,5.045138888888889
INC0014728,Group 73,1,6.127777777777778
INC0014729,Group 70,0,13.215972222222222
INC0014730,Group 49,1,5.085416666666666
INC0014731,Group 70,1,5.04375
INC0014734,Group 9,1,141.16666666666666
INC0014736,Group 49,1,5.247222222222222
INC0014737,Group 69,1,5.079861111111111
INC0014738,Group 66,1,15.958333333333334
INC0014740,Group 25,1,11.997916666666667
INC0014741,Group 15,1,197.11805555555554
INC0014742,Group 25,1,7.115972222222222
INC0014744,Group 70,0,5.738194444444445
INC0014746,Group 13,1,3.8958333333333335
INC0014747,Group 28,1,5.06875
INC0014748,Group 70,0,8.943055555555556
INC0014749,Group 70,1,5.026388888888889
INC0014750,Group 24,1,9.193055555555556
INC0014751,Group 6,1,5.983333333333333
INC0014752,Group 70,1,5.271527777777778
INC0014757,Group 22,1,5.061111111111111
INC0014759,Group 25,1,6.495833333333334
INC0014760,Group 24,1,5.225
INC0014761,Group 3,1,6.0159722222222225
INC0014762,Group 70,1,6.182638888888889
INC0014763,Group 23,1,5.222916666666666
INC0014765,Group 23,1,13.019444444444444
INC0014766,Group 22,1,5.305555555555555
INC0014769,Group 10,1,30.183333333333334
INC0014770,Group 25,1,30.26597222222222
INC0014771,Group 58,1,7.261111111111111
INC0014772,Group 39,1,5.259027777777778
INC0014773,Group 24,1,5.132638888888889
INC0014774,Group 27,1,12.094444444444445
INC0014775,Group 73,1,6.088888888888889
INC0014776,Group 12,1,20.011111111111113
INC0014777,Group 27,1,8.213194444444444
INC0014778,Group 6,1,7.211805555555555
INC0014779,Group 29,1,16.258333333333333
INC0014780,Group 73,1,6.210416666666666
INC0014782,Group 70,1,5.293055555555555
INC0014785,Group 70,0,6.125
INC0014786,Group 70,1,5.040972222222222
INC0014787,Group 76,1,83.03958333333334
INC0014788,Group 72,1,19.169444444444444
INC0014790,Group 39,1,6.288194444444445
INC0014791,Group 76,1,49.00138888888889
INC0014792,Group 70,1,6.370138888888889
INC0014794,Group 73,1,16.208333333333332
INC0014795,Group 29,1,5.452083333333333
INC0014796,Group 23,1,5.202083333333333
INC0014797,Group 20,0,5.034027777777778
INC0014798,Group 3,1,153.03472222222223
INC0014799,Group 12,1,19.995833333333334
INC0014801,Group 29,1,5.448611111111111
INC0014803,Group 70,1,5.03125
INC0014804,Group 15,1,197.03194444444443
INC0014806,Group 39,1,5.238888888888889
INC0014807,Group 33,1,14.204166666666667
INC0014809,Group 70,1,5.029861111111111
INC0014810,Group 70,1,5.029166666666667
INC0014811,Group 24,1,5.154166666666667
INC0014813,Group 73,1,6.070138888888889
INC0014814,Group 70,1,5.0256944444444445
INC0014815,Group 70,1,5.025
INC0014816,Group 55,1,5.149305555555555
INC0014817,Group 10,1,42.90416666666667
INC0014818,Group 70,1,5.021527777777778
INC0014819,Group 70,0,6.188194444444444
INC0014820,Group 25,1,6.229861111111111
INC0014821,Group 9,1,141.14652777777778
INC0014822,Group 70,1,7.061805555555556
INC0014823,Group 73,1,5.058333333333334
INC0014824,Group 25,1,5.058333333333334
INC0014825,Group 23,1,12.188194444444445
INC0014827,Group 70,0,12.020138888888889
INC0014829,Group 70,1,8.886805555555556
INC0014830,Group 70,1,5.011111111111111
INC0014831,Group 70,1,8.008333333333333
INC0014832,Group 70,1,5.341666666666667
INC0014833,Group 70,1,5.008333333333334
INC0014834,Group 70,0,6.215277777777778
INC0014835,Group 70,1,6.5055555555555555
INC0014836,Group 70,1,7.1715277777777775
INC0014837,Group 24,1,5.129861111111111
INC0014838,Group 70,1,5.045833333333333
INC0014839,Group 24,1,5.129166666666666
INC0014840,Group 33,1,6.961805555555555
INC0014841,Group 20,1,48.96666666666667
INC0014843,Group 57,1,12.131944444444445
INC0014845,Group 50,1,6.084027777777778
INC0014846,Group 25,1,13.172222222222222
INC0014848,Group 70,1,5.0368055555555555
INC0014849,Group 70,0,6.9118055555555555
INC0014851,Group 70,1,5.036111111111111
INC0014853,Group 24,1,8.95138888888889
INC0014855,Group 70,1,19.08125
INC0014856,Group 10,1,14.872222222222222
INC0014857,Group 70,1,5.030555555555556
INC0014858,Group 31,1,6.904861111111111
INC0014859,Group 65,1,6.963888888888889
INC0014861,Group 69,1,5.110416666666667
INC0014862,Group 20,0,5.1097222222222225
INC0014863,Group 70,1,5.026388888888889
INC0014864,Group 55,1,46.989583333333336
INC0014865,Group 70,1,5.024305555555555
INC0014866,Group 39,1,6.189583333333333
INC0014867,Group 64,1,7.979861111111111
INC0014868,Group 70,0,14.109722222222222
INC0014869,Group 50,1,41.19166666666667
INC0014870,Group 70,0,6.894444444444445
INC0014871,Group 70,1,8.01875
INC0014874,Group 64,1,5.0159722222222225
INC0014875,Group 70,1,5.05625
INC0014876,Group 70,1,5.014583333333333
INC0014877,Group 64,1,5.014583333333333
INC0014879,Group 24,1,7.888194444444444
INC0014880,Group 64,1,5.013194444444444
INC0014881,Group 64,1,5.011805555555555
INC0014882,Group 70,0,6.177777777777778
INC0014883,Group 23,1,6.886111111111111
INC0014884,Group 64,1,5.011111111111111
INC0014885,Group 70,0,6.926388888888889
INC0014886,Group 64,1,5.009722222222222
INC0014887,Group 49,1,7.050694444444445
INC0014888,Group 64,1,5.009027777777778
INC0014889,Group 70,1,6.925
INC0014890,Group 20,1,6.174305555555556
INC0014891,Group 49,1,20.054166666666667
INC0014892,Group 24,1,5.9215277777777775
INC0014893,Group 25,1,7.9625
INC0014894,Group 25,1,5.043055555555555
INC0014895,Group 70,1,5.075694444444444
INC0014899,Group 70,1,5.111805555555556
INC0014901,Group 70,1,6.903472222222222
INC0014902,Group 73,1,5.985416666666667
INC0014905,Group 65,1,37.925
INC0014906,Group 31,1,5.104861111111111
INC0014907,Group 70,1,5.104166666666667
INC0014909,Group 70,1,5.018055555555556
INC0014910,Group 25,1,13.147916666666667
INC0014911,Group 25,1,12.022916666666667
INC0014912,Group 29,1,5.18125
INC0014913,Group 70,1,5.014583333333333
INC0014914,Group 70,1,5.013888888888889
INC0014915,Group 70,1,7.970833333333333
INC0014916,Group 25,1,12.266666666666667
INC0014917,Group 70,0,19.016666666666666
INC0014918,Group 10,1,26.016666666666666
INC0014920,Group 48,1,5.090277777777778
INC0014922,Group 12,1,19.8875
INC0014923,Group 70,1,5.0472222222222225
INC0014924,Group 76,1,5.045833333333333
INC0014927,Group 44,1,7.794444444444444
INC0014930,Group 27,1,7.085416666666666
INC0014934,Group 59,1,8.959722222222222
INC0014936,Group 27,1,5.792361111111111
INC0014937,Group 70,1,5.042361111111111
INC0014939,Group 70,0,6.913888888888889
INC0014940,Group 39,1,6.1618055555555555
INC0014942,Group 70,1,5.325
INC0014944,Group 37,1,8.822916666666666
INC0014945,Group 70,1,5.03125
INC0014946,Group 70,0,6.113194444444445
INC0014947,Group 70,1,5.027083333333334
INC0014948,Group 70,0,7.860416666666667
INC0014949,Group 70,0,7.901388888888889
INC0014950,Group 49,1,5.065972222222222
INC0014951,Group 70,0,5.815972222222222
INC0014952,Group 70,1,5.065972222222222
INC0014953,Group 39,1,43.07083333333333
INC0014954,Group 70,0,5.565277777777778
INC0014955,Group 43,1,6.022916666666666
INC0014956,Group 70,0,5.896527777777778
INC0014957,Group 70,0,5.604861111111111
INC0014958,Group 12,1,20.23402777777778
INC0014959,Group 70,1,5.019444444444445
INC0014960,Group 70,1,5.01875
INC0014961,Group 25,1,5.851388888888889
INC0014962,Group 73,1,6.058333333333334
INC0014964,Group 24,1,6.8069444444444445
INC0014965,Group 70,0,5.847222222222222
INC0014967,Group 70,1,5.013888888888889
INC0014968,Group 23,1,5.011805555555555
INC0014969,Group 66,1,15.850694444444445
INC0014970,Group 74,1,5.09375
INC0014973,Group 3,1,159.13541666666666
INC0014974,Group 57,1,22.889583333333334
INC0014976,Group 56,1,6.049305555555556
INC0014980,Group 20,0,5.004861111111111
INC0014981,Group 39,1,5.129861111111111
INC0014982,Group 70,0,5.545833333333333
INC0014983,Group 25,1,5.043055555555555
INC0014985,Group 70,0,7.875694444444444
INC0014986,Group 46,1,5.040277777777778
INC0014989,Group 39,1,6.122916666666667
INC0014991,Group 70,1,5.036111111111111
INC0014992,Group 70,1,5.036111111111111
INC0014993,Group 39,1,6.1194444444444445
INC0014994,Group 55,1,5.034722222222222
INC0014995,Group 70,0,12.915277777777778
INC0014996,Group 12,1,20.205555555555556
INC0014997,Group 70,0,5.490277777777778
INC0014998,Group 6,1,7.073611111111111
INC0014999,Group 39,1,6.1125
INC0015000,Group 74,1,12.07638888888889
INC0015001,Group 23,1,5.027777777777778
INC0015002,Group 28,1,5.777777777777778
INC0015004,Group 20,1,5.774305555555555
INC0015005,Group 37,1,15.029166666666667
INC0015006,Group 23,1,5.064583333333333
INC0015007,Group 24,1,9.022222222222222
INC0015008,Group 65,1,27.790972222222223
INC0015009,Group 39,1,6.104861111111111
INC0015011,Group 10,1,20.81597222222222
INC0015012,Group 23,1,8.809027777777779
INC0015014,Group 70,1,5.0159722222222225
INC0015015,Group 31,1,48.02013888888889
INC0015016,Group 70,1,5.013194444444444
INC0015018,Group 70,1,5.0125
INC0015019,Group 65,0,5.011111111111111
INC0015020,Group 70,1,5.007638888888889
INC0015021,Group 20,1,5.881944444444445
INC0015022,Group 12,0,6.714583333333334
INC0015023,Group 70,1,7.839583333333334
INC0015025,Group 33,1,8.171527777777778
INC0015026,Group 57,1,27.96736111111111
INC0015027,Group 23,1,8.04513888888889
INC0015028,Group 70,1,5.04375
INC0015029,Group 20,1,5.876388888888889
INC0015032,Group 24,1,5.915277777777778
INC0015035,Group 70,1,5.0375
INC0015036,Group 20,1,6.9125
INC0015037,Group 73,1,12.834722222222222
INC0015040,Group 73,1,6.034027777777778
INC0015041,Group 10,1,36.99722222222222
INC0015042,Group 70,1,5.030555555555556
INC0015043,Group 70,1,5.029861111111111
INC0015044,Group 22,0,7.945138888888889
INC0015045,Group 70,1,5.026388888888889
INC0015046,Group 70,1,5.026388888888889
INC0015047,Group 70,0,13.740277777777777
INC0015048,Group 70,1,5.025
INC0015049,Group 23,1,5.065277777777778
INC0015050,Group 70,1,5.064583333333333
INC0015051,Group 70,0,5.813194444444444
INC0015052,Group 27,1,5.979166666666667
INC0015053,Group 70,0,7.811805555555556
INC0015054,Group 76,1,11.98263888888889
INC0015055,Group 23,1,5.89375
INC0015057,Group 70,0,5.476388888888889
INC0015058,Group 70,0,5.5152777777777775
INC0015059,Group 70,1,5.013888888888889
INC0015060,Group 12,0,6.680555555555555
INC0015061,Group 70,1,5.054861111111111
INC0015062,Group 70,1,5.054166666666666
INC0015063,Group 12,1,20.14236111111111
INC0015066,Group 70,1,5.885416666666667
INC0015068,Group 70,0,8.049305555555556
INC0015069,Group 30,1,6.007638888888889
INC0015070,Group 73,1,6.714583333333334
INC0015071,Group 12,1,20.136805555555554
INC0015072,Group 70,0,5.50625
INC0015074,Group 70,1,5.004861111111111
INC0015075,Group 70,0,5.879861111111111
INC0015077,Group 70,1,5.044444444444444
INC0015078,Group 70,0,5.79375
INC0015080,Group 12,1,20.13125
INC0015081,Group 20,1,5.708333333333333
INC0015082,Group 70,1,5.039583333333334
INC0015084,Group 27,1,7.7875
INC0015085,Group 6,1,5.782638888888889
INC0015087,Group 9,1,214.94583333333333
INC0015088,Group 20,1,6.73125
INC0015089,Group 70,1,5.020833333333333
INC0015092,Group 70,1,5.017361111111111
INC0015093,Group 70,1,5.016666666666667
INC0015094,Group 12,1,20.102083333333333
INC0015097,Group 27,1,63.888888888888886
INC0015098,Group 9,1,214.925
INC0015099,Group 70,1,5.006944444444445
INC0015100,Group 20,1,48.011805555555554
INC0015101,Group 70,0,8.671527777777778
INC0015102,Group 55,1,11.675
INC0015103,Group 70,1,5.043055555555555
INC0015105,Group 20,1,6.745138888888889
INC0015106,Group 24,1,7.813888888888889
INC0015107,Group 70,1,5.013888888888889
INC0015109,Group 70,1,7.752777777777778
INC0015111,Group 70,1,5.022222222222222
INC0015112,Group 70,1,5.05
INC0015114,Group 70,1,5.018055555555556
INC0015161,Group 70,0,11.155555555555555
INC0015166,Group 76,1,11.440972222222221
INC0015167,Group 27,1,7.309027777777778
INC0015168,Group 70,1,5.013888888888889
INC0015169,Group 70,1,5.0125
INC0015170,Group 70,1,5.341666666666667
INC0015171,Group 25,1,20.34513888888889
INC0015173,Group 70,1,5.040972222222222
INC0015174,Group 70,1,5.038194444444445
INC0015175,Group 70,1,5.033333333333333
INC0015176,Group 70,1,5.404166666666667
INC0015177,Group 70,1,5.013194444444444
INC0015178,Group 70,1,5.069444444444445
INC0015179,Group 70,1,5.027083333333334
INC0015180,Group 27,1,5.486805555555556
INC0015181,Group 25,1,14.238888888888889
INC0015184,Group 70,1,5.0375
INC0015185,Group 64,1,5.009722222222222
INC0015186,Group 64,1,5.007638888888889
INC0015187,Group 64,1,5.00625
INC0015188,Group 64,1,5.045138888888889
INC0015189,Group 70,1,5.043055555555555
INC0015190,Group 31,1,5.084027777777778
INC0015191,Group 28,1,7.167361111111111
INC0015192,Group 70,0,5.040277777777778
INC0015193,Group 64,1,5.038888888888889
INC0015194,Group 70,1,5.038194444444445
INC0015195,Group 70,1,5.032638888888889
INC0015196,Group 23,1,6.199305555555555
INC0015198,Group 64,1,6.319444444444445
INC0015200,Group 48,1,5.3069444444444445
INC0015201,Group 55,1,5.055555555555555
INC0015202,Group 24,1,5.138194444444444
INC0015203,Group 70,0,5.3875
INC0015204,Group 66,1,15.057638888888889
INC0015205,Group 25,1,11.347222222222221
INC0015206,Group 76,1,11.177083333333334
INC0015208,Group 21,1,7.253472222222222
INC0015209,Group 70,1,5.044444444444444
INC0015210,Group 70,1,5.042361111111111
INC0015211,Group 70,0,11.170833333333333
INC0015212,Group 25,1,5.33125
INC0015213,Group 70,1,5.036111111111111
INC0015214,Group 73,1,6.0777777777777775
INC0015215,Group 70,1,5.035416666666666
INC0015216,Group 70,1,5.034722222222222
INC0015217,Group 70,1,5.034027777777778
INC0015218,Group 39,1,5.409027777777778
INC0015219,Group 66,1,25.372222222222224
INC0015220,Group 29,1,13.290972222222223
INC0015221,Group 76,1,11.1625
INC0015222,Group 70,1,5.031944444444444
INC0015223,Group 70,0,5.03125
INC0015224,Group 62,1,6.113888888888889
INC0015225,Group 70,1,5.030555555555556
INC0015226,Group 70,1,5.028472222222222
INC0015229,Group 12,1,19.488194444444446
INC0015230,Group 70,0,5.023611111111111
INC0015231,Group 70,1,5.022916666666666
INC0015232,Group 70,1,5.021527777777778
INC0015233,Group 70,1,5.020833333333333
INC0015234,Group 70,1,5.019444444444445
INC0015235,Group 39,1,5.227777777777778
INC0015236,Group 70,0,13.10763888888889
INC0015237,Group 70,1,5.0159722222222225
INC0015240,Group 70,0,5.347222222222222
INC0015241,Group 25,1,7.055555555555555
INC0015242,Group 12,1,20.101388888888888
INC0015244,Group 70,1,8.59375
INC0015245,Group 70,1,5.051388888888889
INC0015246,Group 70,1,5.009027777777778
INC0015247,Group 76,1,11.221527777777778
INC0015248,Group 70,1,5.048611111111111
INC0015249,Group 76,1,11.1375
INC0015250,Group 30,1,6.215277777777778
INC0015251,Group 76,1,11.220138888888888
INC0015252,Group 70,1,8.589583333333334
INC0015255,Group 70,0,5.3375
INC0015256,Group 12,1,20.093055555555555
INC0015257,Group 73,1,6.045138888888889
INC0015258,Group 73,1,6.294444444444444
INC0015259,Group 39,1,5.336111111111111
INC0015261,Group 70,1,5.043055555555555
INC0015263,Group 70,1,5.043055555555555
INC0015264,Group 70,1,5.042361111111111
INC0015266,Group 76,1,11.296527777777778
INC0015267,Group 39,1,5.332638888888889
INC0015268,Group 76,1,5.415972222222222
INC0015269,Group 43,1,15.338194444444444
INC0015270,Group 76,1,5.415972222222222
INC0015271,Group 70,1,5.040277777777778
INC0015274,Group 76,1,5.372916666666667
INC0015276,Group 24,1,6.205555555555556
INC0015277,Group 73,1,6.038194444444445
INC0015278,Group 70,0,6.329166666666667
INC0015279,Group 70,0,7.4125
INC0015281,Group 62,1,5.161111111111111
INC0015282,Group 76,1,5.410416666666666
INC0015283,Group 9,1,214.28472222222223
INC0015284,Group 70,1,5.074305555555555
INC0015287,Group 70,0,6.156944444444444
INC0015289,Group 23,1,6.072916666666667
INC0015290,Group 70,1,5.322222222222222
INC0015293,Group 73,1,5.238194444444445
INC0015294,Group 12,1,20.077083333333334
INC0015295,Group 39,1,5.3625
INC0015296,Group 76,1,5.361805555555556
INC0015298,Group 76,1,5.361111111111111
INC0015300,Group 25,1,91.23680555555555
INC0015302,Group 25,1,5.192361111111111
INC0015304,Group 28,1,5.232638888888889
INC0015305,Group 76,1,5.35625
INC0015306,Group 70,1,5.064583333333333
INC0015307,Group 70,1,5.313888888888889
INC0015308,Group 70,0,7.1875
INC0015309,Group 70,1,5.020833333333333
INC0015310,Group 72,1,14.068055555555556
INC0015311,Group 73,1,5.103472222222222
INC0015312,Group 76,1,5.352777777777778
INC0015313,Group 72,1,18.983333333333334
INC0015314,Group 12,1,20.066666666666666
INC0015316,Group 70,1,5.018055555555556
INC0015317,Group 70,1,5.017361111111111
INC0015318,Group 25,1,5.225
INC0015319,Group 25,1,19.188194444444445
INC0015321,Group 70,1,5.0159722222222225
INC0015322,Group 66,1,25.3125
INC0015323,Group 25,1,7.05625
INC0015324,Group 70,1,5.055555555555555
INC0015325,Group 51,1,8.002083333333333
INC0015326,Group 70,1,5.013888888888889
INC0015327,Group 25,1,5.138194444444444
INC0015328,Group 30,1,7.013194444444444
INC0015329,Group 70,0,12.059722222222222
INC0015330,Group 70,1,5.0125
INC0015331,Group 23,1,104.09583333333333
INC0015332,Group 70,0,5.261805555555555
INC0015333,Group 70,1,5.052083333333333
INC0015334,Group 70,1,5.009722222222222
INC0015335,Group 25,1,5.300694444444445
INC0015336,Group 76,1,5.341666666666667
INC0015337,Group 73,1,5.215972222222222
INC0015338,Group 76,1,5.340972222222222
INC0015341,Group 70,0,12.053472222222222
INC0015342,Group 25,1,5.297916666666667
INC0015343,Group 5,1,5.214583333333334
INC0015347,Group 76,1,5.379166666666666
INC0015348,Group 70,1,5.045833333333333
INC0015351,Group 33,1,5.044444444444444
INC0015352,Group 29,1,33.21597222222222
INC0015353,Group 70,1,5.084027777777778
INC0015354,Group 70,0,5.331944444444445
INC0015355,Group 70,1,5.040277777777778
INC0015356,Group 70,1,5.039583333333334
INC0015358,Group 72,1,5.245833333333334
INC0015360,Group 39,1,5.3284722222222225
INC0015361,Group 66,1,48.04236111111111
INC0015362,Group 70,1,5.034722222222222
INC0015363,Group 27,1,5.243055555555555
INC0015364,Group 70,1,5.200694444444444
INC0015365,Group 39,1,5.325694444444444
INC0015366,Group 70,1,5.032638888888889
INC0015367,Group 24,1,8.240277777777777
INC0015368,Group 70,1,5.198611111111111
INC0015369,Group 27,1,5.115277777777778
INC0015370,Group 76,1,5.364583333333333
INC0015371,Group 70,1,5.027083333333334
INC0015372,Group 49,1,5.1506944444444445
INC0015373,Group 70,1,5.025
INC0015374,Group 53,1,5.941666666666666
INC0015375,Group 70,0,12.113194444444444
INC0015376,Group 70,1,5.024305555555555
INC0015379,Group 25,1,5.274305555555555
INC0015380,Group 70,1,5.023611111111111
INC0015381,Group 70,1,6.981944444444444
INC0015382,Group 70,1,6.271527777777778
INC0015383,Group 70,1,5.021527777777778
INC0015384,Group 70,1,5.020833333333333
INC0015387,Group 70,1,5.019444444444445
INC0015389,Group 23,1,11.23263888888889
INC0015390,Group 70,1,5.017361111111111
INC0015391,Group 25,1,5.183333333333334
INC0015392,Group 70,0,6.225
INC0015393,Group 70,1,5.058333333333334
INC0015395,Group 70,1,5.0159722222222225
INC0015396,Group 70,1,5.0152777777777775
INC0015397,Group 43,1,8.014583333333333
INC0015398,Group 49,1,14.01875
INC0015399,Group 70,0,8.013194444444444
INC0015401,Group 70,0,8.302777777777777
INC0015402,Group 73,1,6.177777777777778
INC0015403,Group 24,1,5.051388888888889
INC0015404,Group 20,1,214.05625
INC0015405,Group 70,0,11.931944444444444
INC0015406,Group 70,0,5.340277777777778
INC0015407,Group 73,1,5.9631944444444445
INC0015411,Group 53,1,29.21736111111111
INC0015412,Group 76,1,5.336111111111111
INC0015413,Group 23,1,12.297222222222222
INC0015414,Group 23,1,5.040972222222222
INC0015415,Group 70,1,5.039583333333334
INC0015416,Group 70,1,5.038194444444445
INC0015418,Group 39,1,5.9527777777777775
INC0015419,Group 70,0,5.202083333333333
INC0015421,Group 70,0,5.909722222222222
INC0015423,Group 70,1,5.03125
INC0015424,Group 39,1,5.28125
INC0015425,Group 70,1,5.030555555555556
INC0015426,Group 70,0,12.077777777777778
INC0015427,Group 37,1,14.160416666666666
INC0015428,Group 9,1,112.19722222222222
INC0015429,Group 70,1,5.029861111111111
INC0015431,Group 70,1,6.194444444444445
INC0015432,Group 25,1,91.11597222222223
INC0015433,Group 70,1,5.022916666666666
INC0015434,Group 70,1,5.022222222222222
INC0015435,Group 12,1,19.985416666666666
INC0015436,Group 51,0,5.063194444444444
INC0015437,Group 76,1,5.313194444444444
INC0015439,Group 12,1,14.192361111111111
INC0015440,Group 30,1,6.102083333333334
INC0015442,Group 66,1,18.98125
INC0015443,Group 70,1,5.017361111111111
INC0015444,Group 70,1,7.891666666666667
INC0015445,Group 25,1,13.063194444444445
INC0015446,Group 27,1,5.138888888888889
INC0015448,Group 55,1,41.35208333333333
INC0015450,Group 30,1,6.135416666666667
INC0015451,Group 20,1,7.049305555555556
INC0015453,Group 70,1,5.049305555555556
INC0015455,Group 70,1,5.048611111111111
INC0015456,Group 70,1,5.089583333333334
INC0015460,Group 70,1,5.170833333333333
INC0015461,Group 70,1,7.128472222222222
INC0015462,Group 70,0,8.08611111111111
INC0015464,Group 70,1,5.040972222222222
INC0015465,Group 70,1,5.040277777777778
INC0015467,Group 76,1,5.285416666666666
INC0015468,Group 9,1,244.24375
INC0015470,Group 25,1,5.201388888888889
INC0015471,Group 70,1,5.033333333333333
INC0015472,Group 39,1,5.158333333333333
INC0015473,Group 57,1,17.95347222222222
INC0015477,Group 70,1,5.940277777777778
INC0015478,Group 70,1,5.022222222222222
INC0015479,Group 25,1,5.104861111111111
INC0015482,Group 70,1,5.060416666666667
INC0015483,Group 70,0,7.1402777777777775
INC0015486,Group 70,1,5.011805555555555
INC0015490,Group 70,1,5.049305555555556
INC0015495,Group 70,1,5.042361111111111
INC0015496,Group 70,1,5.040972222222222
INC0015497,Group 76,1,11.041666666666666
INC0015498,Group 70,1,5.030555555555556
INC0015500,Group 57,1,6.195138888888889
INC0015501,Group 76,1,5.235416666666667
INC0015502,Group 70,1,5.025
INC0015503,Group 24,1,6.025
INC0015504,Group 70,1,5.023611111111111
INC0015506,Group 70,0,11.98611111111111
INC0015507,Group 20,0,5.021527777777778
INC0015509,Group 22,1,26.941666666666666
INC0015510,Group 70,1,5.01875
INC0015511,Group 70,1,5.0569444444444445
INC0015513,Group 76,1,5.223611111111111
INC0015515,Group 23,1,89.05555555555556
INC0015516,Group 10,1,19.14236111111111
INC0015517,Group 27,1,5.052083333333333
INC0015519,Group 39,1,5.840972222222222
INC0015520,Group 24,1,8.004861111111111
INC0015521,Group 70,1,5.045833333333333
INC0015524,Group 10,1,50.13194444444444
INC0015525,Group 27,1,5.084722222222222
INC0015526,Group 70,1,5.042361111111111
INC0015527,Group 28,1,7.875
INC0015528,Group 39,1,5.1625
INC0015529,Group 70,1,5.035416666666666
INC0015530,Group 23,1,103.90833333333333
INC0015531,Group 48,1,8.074305555555556
INC0015532,Group 70,1,5.031944444444444
INC0015533,Group 20,1,6.861805555555556
INC0015534,Group 65,1,2.8583333333333334
INC0015535,Group 73,1,6.069444444444445
INC0015537,Group 70,0,11.865972222222222
INC0015538,Group 19,1,5.066666666666666
INC0015540,Group 12,1,19.86111111111111
INC0015541,Group 61,1,53.02708333333333
INC0015542,Group 70,1,5.020833333333333
INC0015543,Group 70,1,5.020138888888889
INC0015544,Group 54,1,24.85902777777778
INC0015545,Group 70,1,12.064583333333333
INC0015546,Group 70,1,5.0159722222222225
INC0015547,Group 48,1,5.7652777777777775
INC0015548,Group 70,0,7.097222222222222
INC0015549,Group 70,0,6.097222222222222
INC0015550,Group 70,1,5.1375
INC0015553,Group 76,1,19.80763888888889
INC0015555,Group 25,1,5.175694444444445
INC0015556,Group 24,1,5.756944444444445
INC0015557,Group 27,1,5.047916666666667
INC0015559,Group 27,1,25.96736111111111
INC0015560,Group 70,1,5.045138888888889
INC0015562,Group 76,1,5.168055555555555
INC0015563,Group 20,1,0.2881944444444444
INC0015564,Group 6,1,5.748611111111111
INC0015565,Group 70,1,5.039583333333334
INC0015566,Group 70,0,5.164583333333334
INC0015567,Group 28,1,15.002777777777778
INC0015568,Group 70,1,5.0368055555555555
INC0015569,Group 70,1,5.034722222222222
INC0015570,Group 70,1,5.033333333333333
INC0015571,Group 25,1,5.15625
INC0015572,Group 22,1,21.785416666666666
INC0015573,Group 20,1,14.035416666666666
INC0015575,Group 70,1,5.029166666666667
INC0015579,Group 70,1,5.024305555555555
INC0015580,Group 23,1,6.10625
INC0015581,Group 70,1,12.028472222222222
INC0015582,Group 33,1,14.067361111111111
INC0015584,Group 33,1,8.144444444444444
INC0015587,Group 69,1,14.727083333333333
INC0015589,Group 70,1,5.011111111111111
INC0015590,Group 24,1,10.804166666666667
INC0015591,Group 70,1,5.047916666666667
INC0015592,Group 24,1,10.802083333333334
INC0015593,Group 24,1,10.802083333333334
INC0015594,Group 24,1,10.802083333333334
INC0015595,Group 24,1,10.802083333333334
INC0015596,Group 24,1,10.802083333333334
INC0015597,Group 20,1,14.051388888888889
INC0015598,Group 70,1,5.045833333333333
INC0015599,Group 70,0,6.128472222222222
INC0015600,Group 12,1,6.958333333333333
INC0015601,Group 9,0,6.040972222222222
INC0015602,Group 57,1,11.836805555555555
INC0015603,Group 50,1,11.836805555555555
INC0015604,Group 70,0,6.039583333333334
INC0015606,Group 33,1,15.127777777777778
INC0015607,Group 73,1,5.991666666666666
INC0015608,Group 24,1,5.031944444444444
INC0015609,Group 70,1,5.030555555555556
INC0015610,Group 70,1,5.029166666666667
INC0015611,Group 22,1,5.736805555555556
INC0015612,Group 24,1,5.028472222222222
INC0015613,Group 70,1,5.069444444444445
INC0015616,Group 6,1,24.738194444444446
INC0015620,Group 70,1,6.104166666666667
INC0015621,Group 70,1,5.020138888888889
INC0015625,Group 76,1,31.939583333333335
INC0015627,Group 70,1,5.058333333333334
INC0015628,Group 70,1,5.016666666666667
INC0015629,Group 70,0,5.972222222222222
INC0015630,Group 72,1,17.93611111111111
INC0015632,Group 70,1,5.055555555555555
INC0015633,Group 70,0,5.970833333333333
INC0015634,Group 3,1,189.7625
INC0015635,Group 39,1,5.927083333333333
INC0015637,Group 28,1,5.675
INC0015638,Group 53,1,5.673611111111111
INC0015639,Group 70,1,5.048611111111111
INC0015640,Group 28,1,5.6722222222222225
INC0015641,Group 70,0,11.761111111111111
INC0015643,Group 28,1,5.670833333333333
INC0015644,Group 70,0,5.961111111111111
INC0015645,Group 70,0,5.961111111111111
INC0015646,Group 33,1,70.87777777777778
INC0015647,Group 70,1,5.0368055555555555
INC0015649,Group 70,1,5.033333333333333
INC0015650,Group 3,1,151.95
INC0015651,Group 70,1,5.031944444444444
INC0015652,Group 70,1,5.029166666666667
INC0015654,Group 25,1,88.77708333333334
INC0015655,Group 20,1,6.9006944444444445
INC0015656,Group 70,0,5.025
INC0015657,Group 25,1,11.9875
INC0015658,Group 22,1,5.686111111111111
INC0015660,Group 6,1,10.686805555555555
INC0015661,Group 70,1,5.013194444444444
INC0015663,Group 23,1,7.885416666666667
INC0015664,Group 39,1,5.760416666666667
INC0015665,Group 70,1,5.045833333333333
INC0015666,Group 23,1,5.627777777777778
INC0015667,Group 70,0,5.875
INC0015669,Group 70,1,5.034027777777778
INC0015673,Group 31,1,10.92986111111111
INC0015674,Group 20,1,6.631944444444445
INC0015675,Group 28,1,5.748611111111111
INC0015676,Group 28,1,5.565972222222222
INC0015677,Group 70,1,5.054861111111111
INC0015678,Group 39,1,5.720138888888889
INC0015679,Group 70,1,5.017361111111111
INC0015680,Group 39,1,5.675
INC0015681,Group 70,0,12.595833333333333
INC0015686,Group 25,1,18.584722222222222
INC0015687,Group 39,1,6.483333333333333
INC0015688,Group 70,1,5.023611111111111
INC0015689,Group 70,1,5.022916666666666
INC0015690,Group 70,1,5.010416666666667
INC0015691,Group 70,1,5.0256944444444445
INC0015692,Group 70,0,10.627083333333333
INC0015694,Group 70,1,5.054861111111111
INC0015695,Group 70,1,5.175
INC0015698,Group 70,1,5.027777777777778
INC0015699,Group 70,1,5.016666666666667
INC0015700,Group 6,1,40.49444444444445
INC0015702,Group 70,1,23.961111111111112
INC0015703,Group 70,1,5.036111111111111
INC0015705,Group 28,1,5.40625
INC0015708,Group 46,1,6.177777777777778
INC0015710,Group 64,1,5.024305555555555
INC0015711,Group 70,1,5.047916666666667
INC0015712,Group 64,1,5.002777777777778
INC0015713,Group 64,1,5.002083333333333
INC0015714,Group 70,1,5.043055555555555
INC0015715,Group 64,1,5.043055555555555
INC0015716,Group 64,1,5.041666666666667
INC0015718,Group 70,1,5.076388888888889
INC0015719,Group 64,1,5.03125
INC0015721,Group 70,1,5.030555555555556
INC0015723,Group 70,1,5.024305555555555
INC0015725,Group 20,1,6.309027777777778
INC0015726,Group 70,1,5.017361111111111
INC0015727,Group 20,1,13.397222222222222
INC0015728,Group 70,0,5.051388888888889
INC0015730,Group 39,1,11.347916666666666
INC0015731,Group 70,0,5.799305555555556
INC0015732,Group 65,1,11.384722222222223
INC0015733,Group 64,1,5.084722222222222
INC0015734,Group 20,1,10.339583333333334
INC0015737,Group 70,1,14.169444444444444
INC0015738,Group 25,1,6.1625
INC0015739,Group 65,1,5.1375
INC0015740,Group 70,0,6.283333333333333
INC0015741,Group 70,0,7.115277777777778
INC0015743,Group 70,1,13.121527777777779
INC0015745,Group 70,1,5.027777777777778
INC0015746,Group 58,1,5.0680555555555555
INC0015747,Group 70,1,5.0680555555555555
INC0015748,Group 20,1,10.19513888888889
INC0015749,Group 24,1,5.314583333333333
INC0015750,Group 70,1,5.022916666666666
INC0015751,Group 25,1,47.111111111111114
INC0015752,Group 25,1,6.146527777777778
INC0015753,Group 70,1,5.020833333333333
INC0015754,Group 39,1,6.310416666666667
INC0015755,Group 70,1,5.01875
INC0015756,Group 70,1,5.016666666666667
INC0015757,Group 70,1,5.016666666666667
INC0015758,Group 34,1,6.2659722222222225
INC0015760,Group 70,1,5.013888888888889
INC0015762,Group 70,1,5.011111111111111
INC0015764,Group 70,1,6.302083333333333
INC0015765,Group 70,1,5.052083333333333
INC0015766,Group 70,1,5.009722222222222
INC0015767,Group 70,1,5.008333333333334
INC0015768,Group 20,1,47.09652777777778
INC0015769,Group 30,1,25.344444444444445
INC0015770,Group 76,1,19.385416666666668
INC0015771,Group 70,1,5.045833333333333
INC0015772,Group 23,1,5.045138888888889
INC0015775,Group 23,1,10.340277777777779
INC0015777,Group 50,1,5.167361111111111
INC0015778,Group 70,1,5.042361111111111
INC0015779,Group 24,1,5.333333333333333
INC0015780,Group 70,1,5.041666666666667
INC0015782,Group 25,1,6.123611111111111
INC0015784,Group 39,1,5.163888888888889
INC0015785,Group 70,0,5.329861111111111
INC0015787,Group 24,1,17.040972222222223
INC0015788,Group 33,1,259.11875
INC0015789,Group 70,1,5.034027777777778
INC0015790,Group 70,0,5.033333333333333
INC0015791,Group 6,1,10.0375
INC0015792,Group 24,1,6.154861111111111
INC0015796,Group 70,0,6.986805555555556
INC0015798,Group 35,1,10.075
INC0015799,Group 70,1,5.027777777777778
INC0015800,Group 30,1,5.152777777777778
INC0015801,Group 64,1,5.026388888888889
INC0015802,Group 58,1,7.1930555555555555
INC0015803,Group 70,1,5.026388888888889
INC0015804,Group 70,1,5.0256944444444445
INC0015805,Group 25,1,6.025
INC0015807,Group 70,1,5.022916666666666
INC0015809,Group 64,1,5.022916666666666
INC0015811,Group 6,1,5.229861111111111
INC0015812,Group 70,1,5.063194444444444
INC0015813,Group 70,1,5.020138888888889
INC0015814,Group 64,1,5.01875
INC0015815,Group 12,1,25.022222222222222
INC0015816,Group 70,1,5.0159722222222225
INC0015817,Group 70,0,11.0625
INC0015818,Group 70,1,6.680555555555555
INC0015820,Group 22,1,21.019444444444446
INC0015823,Group 27,1,5.178472222222222
INC0015824,Group 10,1,40.30902777777778
INC0015825,Group 70,1,5.011111111111111
INC0015826,Group 64,1,5.010416666666667
INC0015827,Group 70,1,5.010416666666667
INC0015828,Group 70,1,5.008333333333334
INC0015830,Group 39,1,5.131944444444445
INC0015831,Group 65,1,5.064583333333333
INC0015832,Group 25,1,10.427083333333334
INC0015833,Group 64,1,5.003472222222222
INC0015834,Group 70,1,5.044444444444444
INC0015835,Group 70,1,5.044444444444444
INC0015836,Group 70,1,5.044444444444444
INC0015838,Group 64,1,5.042361111111111
INC0015839,Group 70,1,5.040972222222222
INC0015840,Group 10,1,24.00486111111111
INC0015844,Group 68,1,10.335416666666667
INC0015845,Group 57,1,10.293055555555556
INC0015846,Group 29,1,12.163194444444445
INC0015847,Group 25,1,66.12083333333334
INC0015848,Group 9,1,5.031944444444444
INC0015849,Group 23,1,5.197916666666667
INC0015850,Group 39,1,5.114583333333333
INC0015851,Group 70,1,5.071527777777778
INC0015857,Group 25,0,5.024305555555555
INC0015858,Group 70,1,5.024305555555555
INC0015860,Group 70,1,5.023611111111111
INC0015861,Group 70,1,5.023611111111111
INC0015862,Group 27,1,7.313888888888889
INC0015863,Group 76,1,10.194444444444445
INC0015864,Group 70,0,11.069444444444445
INC0015865,Group 70,1,5.354861111111111
INC0015866,Group 23,1,83.11111111111111
INC0015867,Group 64,1,5.061805555555556
INC0015868,Group 70,0,6.978472222222222
INC0015869,Group 24,1,7.185416666666667
INC0015870,Group 70,1,5.017361111111111
INC0015871,Group 19,1,6.0159722222222225
INC0015872,Group 70,1,5.0569444444444445
INC0015873,Group 70,1,5.0152777777777775
INC0015879,Group 73,1,18.975694444444443
INC0015881,Group 66,1,49.263194444444444
INC0015883,Group 70,1,5.00625
INC0015884,Group 73,1,11.053472222222222
INC0015886,Group 70,1,5.045138888888889
INC0015887,Group 29,1,13.216666666666667
INC0015888,Group 29,1,17.257638888888888
INC0015889,Group 54,1,5.043055555555555
INC0015890,Group 70,1,10.254861111111111
INC0015891,Group 12,1,33.00486111111111
INC0015892,Group 73,1,5.165277777777778
INC0015893,Group 25,1,10.961805555555555
INC0015894,Group 25,1,18.17013888888889
INC0015895,Group 25,1,18.169444444444444
INC0015897,Group 30,1,5.036111111111111
INC0015898,Group 29,1,5.2444444444444445
INC0015899,Group 70,1,5.034722222222222
INC0015901,Group 70,1,5.034027777777778
INC0015902,Group 70,1,27.163194444444443
INC0015903,Group 25,1,5.198611111111111
INC0015906,Group 12,1,18.99513888888889
INC0015908,Group 70,1,5.070138888888889
INC0015909,Group 76,1,19.033333333333335
INC0015910,Group 20,1,10.282638888888888
INC0015911,Group 70,1,5.025
INC0015912,Group 76,1,10.154166666666667
INC0015916,Group 22,1,18.275
INC0015917,Group 70,0,9.89861111111111
INC0015918,Group 70,1,5.017361111111111
INC0015919,Group 70,1,5.0159722222222225
INC0015920,Group 24,1,5.93125
INC0015921,Group 12,1,12.980555555555556
INC0015923,Group 23,1,103.0111111111111
INC0015924,Group 24,1,5.092361111111111
INC0015925,Group 37,1,6.924305555555556
INC0015926,Group 70,1,5.048611111111111
INC0015927,Group 25,1,88.00763888888889
INC0015928,Group 70,1,5.090277777777778
INC0015930,Group 62,1,5.0881944444444445
INC0015931,Group 25,1,10.343055555555555
INC0015933,Group 56,1,5.161111111111111
INC0015934,Group 70,1,5.035416666666666
INC0015936,Group 46,1,5.075694444444444
INC0015938,Group 53,1,5.115972222222222
INC0015939,Group 70,1,5.031944444444444
INC0015940,Group 30,1,5.114583333333333
INC0015943,Group 73,1,5.107638888888889
INC0015944,Group 25,1,5.852083333333334
INC0015945,Group 25,1,89.14444444444445
INC0015949,Group 20,0,5.847222222222222
INC0015950,Group 70,1,6.138888888888889
INC0015951,Group 25,1,89.13888888888889
INC0015953,Group 25,1,89.13680555555555
INC0015954,Group 70,1,5.05
INC0015959,Group 46,1,7.1305555555555555
INC0015961,Group 73,1,10.217361111111112
INC0015962,Group 34,1,5.878472222222222
INC0015964,Group 34,1,5.876388888888889
INC0015966,Group 70,1,5.039583333333334
INC0015970,Group 70,1,5.038194444444445
INC0015972,Group 70,1,5.038194444444445
INC0015975,Group 70,1,6.160416666666666
INC0015976,Group 20,1,9.915972222222223
INC0015977,Group 58,1,96.82708333333333
INC0015982,Group 70,1,5.03125
INC0015983,Group 70,1,5.03125
INC0015987,Group 23,1,16.910416666666666
INC0015989,Group 70,1,5.029166666666667
INC0015990,Group 70,1,5.023611111111111
INC0015991,Group 70,1,11.14375
INC0015992,Group 74,1,12.060416666666667
INC0015993,Group 66,1,13.808333333333334
INC0015994,Group 70,1,5.010416666666667
INC0015996,Group 20,1,10.889583333333333
INC0015997,Group 24,1,5.800694444444445
INC0015998,Group 65,1,133.00833333333333
INC0015999,Group 70,0,25.9125
INC0016000,Group 70,1,5.045833333333333
INC0016002,Group 70,1,24.883333333333333
INC0016003,Group 25,1,12.090972222222222
INC0016005,Group 70,1,31.88125
INC0016007,Group 70,1,5.040972222222222
INC0016008,Group 70,1,5.040277777777778
INC0016010,Group 70,1,5.034027777777778
INC0016011,Group 70,1,5.033333333333333
INC0016013,Group 20,1,19.07847222222222
INC0016014,Group 20,1,13.078472222222222
INC0016015,Group 70,0,6.197222222222222
INC0016016,Group 70,1,11.11875
INC0016017,Group 39,1,5.778472222222222
INC0016018,Group 73,1,18.825
INC0016021,Group 25,1,87.90069444444444
INC0016022,Group 73,1,18.030555555555555
INC0016023,Group 66,1,24.738194444444446
INC0016026,Group 20,1,14.152777777777779
INC0016027,Group 20,1,24.944444444444443
INC0016028,Group 70,1,5.0625
INC0016029,Group 12,1,18.85972222222222
INC0016030,Group 72,1,6.895833333333333
INC0016031,Group 76,1,18.85763888888889
INC0016032,Group 24,1,5.893055555555556
INC0016035,Group 27,1,5.05625
INC0016036,Group 70,0,6.055555555555555
INC0016037,Group 70,0,6.929861111111111
INC0016038,Group 70,1,5.0125
INC0016039,Group 23,1,5.053472222222222
INC0016040,Group 37,1,41.767361111111114
INC0016041,Group 70,1,5.011805555555555
INC0016043,Group 66,1,5.302777777777778
INC0016044,Group 57,1,9.85
INC0016046,Group 73,1,10.890277777777778
INC0016047,Group 23,1,102.88472222222222
INC0016048,Group 69,1,5.092361111111111
INC0016054,Group 70,1,5.0472222222222225
INC0016056,Group 73,1,16.927083333333332
INC0016057,Group 76,1,10.009027777777778
INC0016058,Group 6,1,6.045138888888889
INC0016059,Group 39,1,6.752777777777778
INC0016060,Group 73,1,7.044444444444444
INC0016061,Group 6,1,9.840972222222222
INC0016062,Group 20,1,26.96527777777778
INC0016067,Group 24,1,12.05
INC0016070,Group 25,1,10.042361111111111
INC0016071,Group 12,1,18.831944444444446
INC0016072,Group 6,1,11.915277777777778
INC0016073,Group 24,1,5.076388888888889
INC0016074,Group 70,0,11.831944444444444
INC0016075,Group 28,1,13.040277777777778
INC0016076,Group 39,1,5.159027777777778
INC0016079,Group 25,1,6.824305555555555
INC0016081,Group 70,0,11.828472222222222
INC0016083,Group 66,1,13.786111111111111
INC0016085,Group 73,1,7.029166666666667
INC0016087,Group 70,1,5.029166666666667
INC0016088,Group 70,1,5.111805555555556
INC0016089,Group 70,1,5.028472222222222
INC0016091,Group 72,1,7.028472222222222
INC0016094,Group 70,1,5.027083333333334
INC0016098,Group 70,1,5.024305555555555
INC0016099,Group 57,1,9.820833333333333
INC0016101,Group 39,1,5.148611111111111
INC0016106,Group 70,0,10.860416666666667
INC0016108,Group 70,1,5.020833333333333
INC0016109,Group 70,1,10.067361111111111
INC0016110,Group 49,1,25.025
INC0016111,Group 70,0,11.941666666666666
INC0016113,Group 34,1,5.76875
INC0016114,Group 54,1,13.85625
INC0016117,Group 39,1,23.815277777777776
INC0016119,Group 56,1,5.057638888888889
INC0016122,Group 31,1,26.853472222222223
INC0016123,Group 39,1,5.138888888888889
INC0016125,Group 70,1,5.055555555555555
INC0016129,Group 72,0,5.0125
INC0016133,Group 70,1,17.01527777777778
INC0016134,Group 57,1,11.848611111111111
INC0016135,Group 70,0,5.509027777777778
INC0016139,Group 70,1,5.0055555555555555
INC0016143,Group 66,1,24.051388888888887
INC0016145,Group 70,1,5.084027777777778
INC0016147,Group 25,1,5.833333333333333
INC0016153,Group 70,1,5.0375
INC0016156,Group 70,1,5.0368055555555555
INC0016159,Group 70,1,5.034722222222222
INC0016160,Group 23,1,5.989583333333333
INC0016162,Group 23,1,5.072222222222222
INC0016163,Group 76,1,9.786111111111111
INC0016165,Group 70,1,5.071527777777778
INC0016168,Group 10,1,6.986805555555556
INC0016179,Group 70,0,6.938888888888889
INC0016181,Group 70,0,6.061805555555556
INC0016183,Group 74,1,9.73263888888889
INC0016187,Group 70,1,5.018055555555556
INC0016190,Group 24,1,5.0152777777777775
INC0016191,Group 23,1,5.0152777777777775
INC0016196,Group 70,1,46.767361111111114
INC0016197,Group 65,1,25.7375
INC0016198,Group 5,1,5.052777777777778
INC0016203,Group 73,1,5.925694444444445
INC0016204,Group 27,1,5.967361111111111
INC0016205,Group 39,1,5.675
INC0016206,Group 70,1,9.972916666666666
INC0016207,Group 70,0,10.801388888888889
INC0016209,Group 70,0,11.884027777777778
INC0016210,Group 70,0,5.043055555555555
INC0016211,Group 72,1,10.047916666666667
INC0016212,Group 70,0,6.707638888888889
INC0016213,Group 23,1,62.045833333333334
INC0016215,Group 66,1,13.668055555555556
INC0016229,Group 15,1,26.747916666666665
INC0016230,Group 70,1,6.199305555555555
INC0016233,Group 70,1,5.070833333333334
INC0016235,Group 15,1,149.73680555555555
INC0016236,Group 70,0,6.771527777777778
INC0016237,Group 73,1,17.027083333333334
INC0016238,Group 39,1,5.055555555555555
INC0016239,Group 20,1,5.6375
INC0016241,Group 39,1,6.760416666666667
INC0016242,Group 70,1,5.048611111111111
INC0016246,Group 51,1,4.717361111111111
INC0016251,Group 70,1,5.220138888888889
INC0016252,Group 70,1,9.761805555555556
INC0016253,Group 23,1,5.8375
INC0016254,Group 70,1,5.04375
INC0016255,Group 28,1,5.5784722222222225
INC0016256,Group 70,1,5.035416666666666
INC0016259,Group 70,1,5.242361111111111
INC0016260,Group 70,1,5.033333333333333
INC0016261,Group 70,1,5.027083333333334
INC0016263,Group 30,1,10.53125
INC0016264,Group 70,1,5.022916666666666
INC0016265,Group 66,1,5.613888888888889
INC0016267,Group 58,1,5.429861111111111
INC0016269,Group 70,1,5.009722222222222
INC0016270,Group 70,1,5.092361111111111
INC0016271,Group 70,1,5.039583333333334
INC0016272,Group 70,1,5.01875
INC0016273,Group 70,1,5.060416666666667
INC0016275,Group 70,0,5.851388888888889
INC0016276,Group 70,1,5.0472222222222225
INC0016277,Group 49,1,5.454861111111111
INC0016280,Group 70,1,5.111111111111111
INC0016281,Group 70,1,5.013194444444444
INC0016283,Group 70,1,5.008333333333334
INC0016284,Group 70,1,9.803472222222222
INC0016286,Group 70,1,5.038888888888889
INC0016287,Group 70,1,5.035416666666666
INC0016288,Group 51,1,4.419444444444444
INC0016290,Group 70,1,5.0152777777777775
INC0016291,Group 3,1,9.686111111111112
INC0016293,Group 70,0,6.545138888888889
INC0016294,Group 70,1,5.949305555555555
INC0016295,Group 25,1,9.661805555555556
INC0016296,Group 70,1,5.03125
INC0016297,Group 70,1,5.025
INC0016298,Group 70,1,5.057638888888889
INC0016299,Group 70,1,5.014583333333333
INC0016301,Group 70,1,5.049305555555556
INC0016302,Group 64,1,5.006944444444445
INC0016303,Group 64,1,5.003472222222222
INC0016304,Group 64,1,5.043055555555555
INC0016305,Group 70,1,5.027777777777778
INC0016306,Group 66,1,13.072916666666666
INC0016307,Group 24,1,5.175694444444445
INC0016308,Group 20,1,5.172916666666667
INC0016309,Group 70,1,5.043055555555555
INC0016310,Group 73,1,5.291666666666667
INC0016311,Group 46,1,5.204861111111111
INC0016313,Group 73,1,6.3284722222222225
INC0016314,Group 9,1,5.370138888888889
INC0016316,Group 70,1,5.031944444444444
INC0016317,Group 39,1,5.322222222222222
INC0016318,Group 49,1,5.155555555555556
INC0016319,Group 70,1,5.028472222222222
INC0016320,Group 70,1,5.028472222222222
INC0016322,Group 70,0,6.1506944444444445
INC0016323,Group 70,1,5.0256944444444445
INC0016324,Group 70,1,5.025
INC0016326,Group 25,1,5.399305555555555
INC0016327,Group 75,1,12.320833333333333
INC0016328,Group 70,1,12.359027777777778
INC0016329,Group 27,1,5.311111111111111
INC0016330,Group 70,0,6.14375
INC0016331,Group 70,1,5.018055555555556
INC0016332,Group 66,1,13.025
INC0016333,Group 70,1,5.016666666666667
INC0016334,Group 39,1,5.0569444444444445
INC0016335,Group 70,1,5.0569444444444445
INC0016336,Group 70,0,5.429166666666666
INC0016338,Group 37,1,27.05625
INC0016340,Group 27,1,5.0465277777777775
INC0016342,Group 73,1,9.384722222222223
INC0016344,Group 70,1,5.045138888888889
INC0016346,Group 70,0,5.003472222222222
INC0016348,Group 24,1,5.042361111111111
INC0016349,Group 70,0,9.088888888888889
INC0016350,Group 70,1,5.040972222222222
INC0016351,Group 70,1,5.039583333333334
INC0016352,Group 20,0,9.294444444444444
INC0016353,Group 27,1,5.120833333333334
INC0016354,Group 65,1,5.040277777777778
INC0016356,Group 70,0,6.1194444444444445
INC0016358,Group 62,1,9.08125
INC0016360,Group 70,1,5.032638888888889
INC0016361,Group 70,0,6.322916666666667
INC0016362,Group 70,1,5.03125
INC0016363,Group 70,0,5.363194444444445
INC0016364,Group 70,1,5.029166666666667
INC0016368,Group 46,1,5.027777777777778
INC0016369,Group 73,1,5.361111111111111
INC0016370,Group 70,1,5.026388888888889
INC0016371,Group 34,1,5.067361111111111
INC0016372,Group 70,0,9.28125
INC0016373,Group 30,1,5.983333333333333
INC0016375,Group 22,1,40.2375
INC0016376,Group 70,1,5.022916666666666
INC0016377,Group 57,1,6.10625
INC0016378,Group 70,1,5.022222222222222
INC0016379,Group 65,1,10.277777777777779
INC0016380,Group 70,0,5.396527777777778
INC0016381,Group 10,1,5.104861111111111
INC0016383,Group 26,1,88.9798611111111
INC0016385,Group 19,1,5.061805555555556
INC0016387,Group 6,1,5.269444444444445
INC0016388,Group 39,1,5.061111111111111
INC0016389,Group 20,1,12.024305555555555
INC0016390,Group 66,1,13.02361111111111
INC0016391,Group 70,1,5.018055555555556
INC0016392,Group 70,1,5.016666666666667
INC0016394,Group 6,1,6.0159722222222225
INC0016395,Group 22,1,5.05625
INC0016397,Group 70,1,5.013194444444444
INC0016398,Group 70,1,6.2625
INC0016399,Group 70,1,5.011111111111111
INC0016400,Group 55,1,6.011111111111111
INC0016401,Group 27,1,13.265972222222222
INC0016402,Group 64,1,5.009722222222222
INC0016403,Group 70,1,5.133333333333334
INC0016404,Group 24,1,13.222222222222221
INC0016405,Group 3,1,164.29930555555555
INC0016406,Group 73,1,6.339583333333334
INC0016407,Group 5,1,5.0472222222222225
INC0016408,Group 70,1,5.0472222222222225
INC0016409,Group 70,1,5.045833333333333
INC0016410,Group 37,1,16.218055555555555
INC0016411,Group 39,1,11.216666666666667
INC0016412,Group 49,1,5.210416666666666
INC0016414,Group 39,1,5.040972222222222
INC0016415,Group 24,1,5.0375
INC0016416,Group 24,1,5.0375
INC0016417,Group 25,1,16.083333333333332
INC0016418,Group 70,0,11.165277777777778
INC0016419,Group 70,1,5.034027777777778
INC0016420,Group 24,1,23.289583333333333
INC0016421,Group 64,1,5.032638888888889
INC0016422,Group 20,0,6.240972222222222
INC0016423,Group 29,1,40.24583333333333
INC0016424,Group 24,1,5.031944444444444
INC0016425,Group 64,1,5.03125
INC0016426,Group 70,0,5.863888888888889
INC0016427,Group 70,1,5.029166666666667
INC0016429,Group 70,1,5.028472222222222
INC0016431,Group 70,1,5.027777777777778
INC0016432,Group 70,1,5.027083333333334
INC0016433,Group 60,1,5.1090277777777775
INC0016435,Group 70,1,11.24375
INC0016436,Group 70,1,5.024305555555555
INC0016437,Group 39,1,5.190277777777778
INC0016439,Group 24,1,5.065277777777778
INC0016440,Group 70,1,10.2375
INC0016441,Group 23,1,5.022916666666666
INC0016442,Group 30,1,25.070138888888888
INC0016443,Group 57,1,26.02777777777778
INC0016445,Group 39,1,5.019444444444445
INC0016446,Group 25,1,17.275
INC0016447,Group 70,1,5.018055555555556
INC0016448,Group 64,1,5.017361111111111
INC0016449,Group 72,1,10.063888888888888
INC0016450,Group 47,1,17.022222222222222
INC0016451,Group 27,1,10.02361111111111
INC0016452,Group 62,1,5.2243055555555555
INC0016455,Group 39,1,5.179166666666666
INC0016456,Group 70,1,5.011111111111111
INC0016457,Group 70,1,5.927083333333333
INC0016458,Group 70,1,5.009722222222222
INC0016459,Group 34,1,5.051388888888889
INC0016460,Group 25,1,5.175
INC0016461,Group 70,1,5.133333333333334
INC0016462,Group 23,1,5.174305555555556
INC0016463,Group 25,1,5.298611111111111
INC0016464,Group 70,0,11.136111111111111
INC0016468,Group 70,0,5.918055555555555
INC0016469,Group 30,1,67.04791666666667
INC0016470,Group 27,1,6.083333333333333
INC0016472,Group 6,1,10.171527777777778
INC0016473,Group 73,1,10.25
INC0016475,Group 39,1,5.117361111111111
INC0016476,Group 39,1,5.156944444444444
INC0016477,Group 64,1,5.822916666666667
INC0016478,Group 70,1,5.029166666666667
INC0016479,Group 70,1,5.029166666666667
INC0016480,Group 28,1,65.15833333333333
INC0016481,Group 39,1,5.19375
INC0016482,Group 25,1,5.1506944444444445
INC0016483,Group 39,1,5.939583333333333
INC0016484,Group 26,1,33.19375
INC0016485,Group 57,1,6.146527777777778
INC0016487,Group 23,1,5.145138888888889
INC0016489,Group 23,1,67.15
INC0016490,Group 23,1,156.06180555555557
INC0016491,Group 75,1,72.22638888888889
INC0016492,Group 70,1,5.058333333333334
INC0016493,Group 25,1,5.014583333333333
INC0016494,Group 39,1,5.18125
INC0016496,Group 23,1,102.01388888888889
INC0016497,Group 70,1,5.052777777777778
INC0016498,Group 23,1,9.225
INC0016500,Group 70,1,5.052083333333333
INC0016501,Group 73,1,17.099305555555556
INC0016502,Group 10,1,5.052083333333333
INC0016503,Group 49,1,5.133333333333334
INC0016504,Group 70,1,5.008333333333334
INC0016507,Group 25,1,5.923611111111111
INC0016508,Group 70,1,5.089583333333334
INC0016509,Group 27,1,6.004166666666666
INC0016510,Group 70,0,10.009722222222223
INC0016511,Group 37,1,10.009027777777778
INC0016512,Group 66,1,38.96736111111111
INC0016513,Group 70,1,5.042361111111111
INC0016514,Group 70,1,5.041666666666667
INC0016515,Group 59,1,6.041666666666667
INC0016517,Group 24,1,5.0368055555555555
INC0016518,Group 24,1,5.035416666666666
INC0016519,Group 23,1,11.165972222222223
INC0016520,Group 70,1,5.033333333333333
INC0016522,Group 70,1,5.074305555555555
INC0016523,Group 39,1,5.157638888888889
INC0016524,Group 39,1,5.15625
INC0016526,Group 70,1,5.029861111111111
INC0016527,Group 70,1,5.026388888888889
INC0016528,Group 27,1,8.856944444444444
INC0016530,Group 73,1,6.1409722222222225
INC0016531,Group 56,1,8.89236111111111
INC0016534,Group 70,1,11.05625
INC0016536,Group 49,1,5.0881944444444445
INC0016537,Group 70,1,10.422916666666667
INC0016538,Group 70,1,5.040277777777778
INC0016540,Group 70,1,5.034722222222222
INC0016541,Group 70,0,5.159027777777778
INC0016543,Group 70,1,5.072222222222222
INC0016544,Group 70,0,8.910416666666666
INC0016545,Group 25,1,11.11875
INC0016546,Group 70,1,5.029166666666667
INC0016547,Group 39,1,46.115972222222226
INC0016548,Group 70,0,5.8590277777777775
INC0016549,Group 73,1,17.863194444444446
INC0016550,Group 70,0,6.065972222222222
INC0016551,Group 70,0,11.031944444444445
INC0016552,Group 20,1,9.9875
INC0016553,Group 70,0,5.770833333333333
INC0016555,Group 39,1,9.14861111111111
INC0016556,Group 12,1,17.897916666666667
INC0016557,Group 70,0,9.938194444444445
INC0016559,Group 70,1,5.0159722222222225
INC0016563,Group 73,1,5.097222222222222
INC0016564,Group 73,1,24.894444444444446
INC0016565,Group 25,1,88.09722222222223
INC0016566,Group 6,1,10.934722222222222
INC0016567,Group 28,1,5.054166666666666
INC0016569,Group 28,1,5.050694444444445
INC0016572,Group 70,0,6.132638888888889
INC0016573,Group 31,1,62.22083333333333
INC0016574,Group 37,1,12.094444444444445
INC0016575,Group 70,1,5.045833333333333
INC0016577,Group 39,1,5.086805555555555
INC0016578,Group 70,1,5.044444444444444
INC0016581,Group 39,1,13.131944444444445
INC0016582,Group 70,1,5.039583333333334
INC0016583,Group 66,0,5.871527777777778
INC0016584,Group 76,1,8.876388888888888
INC0016585,Group 66,1,22.749305555555555
INC0016586,Group 70,1,5.034027777777778
INC0016587,Group 70,1,5.034027777777778
INC0016588,Group 70,0,6.075
INC0016590,Group 70,0,5.948611111111111
INC0016591,Group 70,0,11.079166666666667
INC0016595,Group 70,0,8.991666666666667
INC0016597,Group 28,1,8.904166666666667
INC0016600,Group 70,1,13.067361111111111
INC0016601,Group 25,1,5.978472222222222
INC0016604,Group 25,1,60.81319444444444
INC0016607,Group 10,1,80.84583333333333
INC0016608,Group 25,1,5.886805555555555
INC0016609,Group 70,1,5.052777777777778
INC0016610,Group 48,1,6.09375
INC0016611,Group 70,1,5.051388888888889
INC0016612,Group 24,1,5.050694444444445
INC0016613,Group 76,1,8.847222222222221
INC0016614,Group 55,1,5.797916666666667
INC0016615,Group 28,1,9.927777777777777
INC0016616,Group 70,1,5.045138888888889
INC0016617,Group 25,1,5.086805555555555
INC0016619,Group 70,0,5.460416666666666
INC0016620,Group 23,1,9.004861111111111
INC0016621,Group 25,1,5.956944444444445
INC0016622,Group 70,0,10.004166666666666
INC0016623,Group 55,1,5.038888888888889
INC0016624,Group 72,1,8.79375
INC0016625,Group 31,1,29.877083333333335
INC0016626,Group 25,1,5.954166666666667
INC0016629,Group 70,1,8.875
INC0016632,Group 70,0,5.861111111111111
INC0016633,Group 70,0,6.026388888888889
INC0016635,Group 33,1,6.106944444444444
INC0016636,Group 70,0,23.822916666666668
INC0016638,Group 70,1,5.0625
INC0016639,Group 39,1,5.104166666666667
INC0016640,Group 56,1,6.061805555555556
INC0016641,Group 73,1,6.019444444444445
INC0016642,Group 70,1,5.0125
INC0016643,Group 28,1,11.72638888888889
INC0016644,Group 24,1,11.022916666666667
INC0016645,Group 39,1,5.095138888888889
INC0016646,Group 70,1,5.009722222222222
INC0016647,Group 66,1,30.847916666666666
INC0016648,Group 70,1,5.133333333333334
INC0016649,Group 70,1,5.05
INC0016650,Group 70,1,5.045138888888889
INC0016651,Group 70,1,5.042361111111111
INC0016652,Group 25,1,6.042361111111111
INC0016653,Group 25,1,5.041666666666667
INC0016654,Group 29,1,9.965277777777779
INC0016655,Group 39,1,8.670833333333333
INC0016656,Group 27,1,23.004166666666666
INC0016657,Group 70,1,5.039583333333334
INC0016658,Group 25,1,8.794444444444444
INC0016659,Group 25,1,5.9125
INC0016660,Group 6,1,8.834027777777777
INC0016662,Group 73,1,5.076388888888889
INC0016663,Group 6,1,5.075
INC0016664,Group 22,1,25.07777777777778
INC0016666,Group 58,1,12.035416666666666
INC0016667,Group 24,1,6.029861111111111
INC0016669,Group 23,1,5.0680555555555555
INC0016670,Group 20,1,11.823611111111111
INC0016671,Group 39,1,5.0680555555555555
INC0016672,Group 25,1,5.025
INC0016673,Group 25,1,5.025
INC0016674,Group 39,1,5.065277777777778
INC0016675,Group 25,1,9.154861111111112
INC0016676,Group 70,1,5.063888888888889
INC0016677,Group 39,1,5.060416666666667
INC0016678,Group 70,0,9.774305555555555
INC0016679,Group 23,1,92.97638888888889
INC0016680,Group 31,1,29.771527777777777
INC0016681,Group 65,1,3.78125
INC0016682,Group 70,1,5.013888888888889
INC0016683,Group 46,1,5.970138888888889
INC0016684,Group 39,1,9.972222222222221
INC0016685,Group 39,1,5.965972222222222
INC0016686,Group 27,1,8.679166666666667
INC0016688,Group 21,1,5.0472222222222225
INC0016698,Group 70,1,8.878472222222221
INC0016699,Group 70,1,5.036111111111111
INC0016700,Group 70,1,10.914583333333333
INC0016701,Group 70,1,5.030555555555556
INC0016702,Group 57,1,10.783333333333333
INC0016704,Group 70,1,5.023611111111111
INC0016705,Group 29,1,9.897916666666667
INC0016707,Group 70,1,5.013888888888889
INC0016708,Group 23,1,5.679861111111111
INC0016709,Group 70,0,5.049305555555556
INC0016710,Group 12,1,17.719444444444445
INC0016711,Group 23,1,5.919444444444444
INC0016714,Group 21,1,5.829166666666667
INC0016715,Group 23,1,9.665277777777778
INC0016716,Group 57,1,5.743055555555555
INC0016717,Group 23,1,58.74652777777778
INC0016718,Group 74,1,10.661111111111111
INC0016722,Group 70,0,5.025
INC0016723,Group 28,1,5.602777777777778
INC0016724,Group 70,1,5.016666666666667
INC0016726,Group 70,1,5.045138888888889
INC0016728,Group 70,1,5.045138888888889
INC0016729,Group 70,1,5.020833333333333
INC0016730,Group 70,1,10.756944444444445
INC0016731,Group 70,1,5.043055555555555
INC0016732,Group 70,1,5.034722222222222
INC0016734,Group 39,1,5.301388888888889
INC0016735,Group 70,1,12.526388888888889
INC0016738,Group 70,1,5.0159722222222225
INC0016739,Group 70,0,9.42361111111111
INC0016740,Group 70,1,5.0375
INC0016743,Group 28,1,5.152083333333334
INC0016748,Group 25,1,9.146527777777777
INC0016749,Group 25,1,9.186111111111112
INC0016750,Group 64,1,5.013194444444444
INC0016752,Group 64,1,5.002777777777778
INC0016753,Group 64,1,5.04375
INC0016754,Group 57,1,31.33888888888889
INC0016755,Group 58,1,5.036111111111111
INC0016756,Group 70,1,8.45625
INC0016757,Group 64,1,5.027083333333334
INC0016758,Group 64,1,5.065972222222222
INC0016759,Group 70,1,5.019444444444445
INC0016760,Group 70,1,5.048611111111111
INC0016761,Group 70,1,5.047916666666667
INC0016762,Group 24,1,186.29791666666668
INC0016764,Group 28,1,25.29861111111111
INC0016766,Group 70,1,5.040277777777778
INC0016767,Group 70,1,5.040277777777778
INC0016768,Group 70,1,5.040277777777778
INC0016769,Group 70,0,5.206944444444445
INC0016776,Group 33,1,23.241666666666667
INC0016777,Group 70,1,5.066666666666666
INC0016778,Group 70,1,10.325
INC0016780,Group 70,1,5.022222222222222
INC0016781,Group 25,1,11.027777777777779
INC0016783,Group 25,1,86.1451388888889
INC0016784,Group 39,1,5.102083333333334
INC0016785,Group 25,1,25.23125
INC0016786,Group 70,1,5.017361111111111
INC0016787,Group 70,0,5.016666666666667
INC0016788,Group 39,1,5.0569444444444445
INC0016789,Group 70,1,5.0569444444444445
INC0016790,Group 70,1,10.270138888888889
INC0016791,Group 70,1,5.014583333333333
INC0016792,Group 70,0,5.0125
INC0016793,Group 70,1,5.0125
INC0016794,Group 48,1,5.34375
INC0016795,Group 64,1,5.050694444444445
INC0016797,Group 48,1,5.340972222222222
INC0016799,Group 25,1,5.2972222222222225
INC0016802,Group 70,1,5.045833333333333
INC0016804,Group 25,1,5.294444444444444
INC0016805,Group 25,0,9.215277777777779
INC0016806,Group 46,1,5.043055555555555
INC0016808,Group 70,0,9.339583333333334
INC0016809,Group 70,0,8.089583333333334
INC0016813,Group 70,1,5.041666666666667
INC0016814,Group 65,1,9.001388888888888
INC0016815,Group 73,1,5.2868055555555555
INC0016816,Group 70,1,5.245138888888889
INC0016817,Group 73,1,16.207638888888887
INC0016818,Group 9,1,193.16666666666666
INC0016819,Group 70,1,5.034027777777778
INC0016820,Group 70,1,5.033333333333333
INC0016821,Group 12,1,17.07986111111111
INC0016822,Group 27,1,8.203472222222222
INC0016823,Group 70,1,5.03125
INC0016825,Group 23,1,5.029861111111111
INC0016827,Group 25,1,5.195833333333334
INC0016828,Group 64,1,7.909027777777778
INC0016829,Group 70,1,5.028472222222222
INC0016832,Group 70,1,5.026388888888889
INC0016833,Group 70,1,5.022916666666666
INC0016834,Group 64,1,5.064583333333333
INC0016838,Group 23,1,5.021527777777778
INC0016839,Group 70,1,5.020833333333333
INC0016842,Group 70,1,5.019444444444445
INC0016843,Group 20,0,5.311111111111111
INC0016844,Group 70,0,9.233333333333333
INC0016845,Group 70,1,5.059722222222222
INC0016846,Group 10,1,22.022916666666667
INC0016848,Group 39,1,5.267361111111111
INC0016849,Group 46,1,5.016666666666667
INC0016850,Group 70,1,5.016666666666667
INC0016851,Group 66,1,11.0625
INC0016852,Group 23,1,5.0152777777777775
INC0016853,Group 25,1,9.145138888888889
INC0016854,Group 70,1,5.013888888888889
INC0016855,Group 66,1,30.227777777777778
INC0016856,Group 70,1,5.013194444444444
INC0016857,Group 73,1,5.261111111111111
INC0016858,Group 23,1,5.010416666666667
INC0016864,Group 39,1,5.25625
INC0016865,Group 25,1,10.970138888888888
INC0016867,Group 25,1,86.08819444444444
INC0016868,Group 30,1,8.301388888888889
INC0016869,Group 25,1,11.008333333333333
INC0016871,Group 20,1,8.29861111111111
INC0016872,Group 5,1,5.043055555555555
INC0016873,Group 30,1,8.297916666666667
INC0016874,Group 70,1,11.755555555555556
INC0016875,Group 24,1,5.207638888888889
INC0016876,Group 70,1,12.254166666666666
INC0016877,Group 5,1,5.247222222222222
INC0016878,Group 70,1,5.035416666666666
INC0016879,Group 47,1,5.284027777777778
INC0016883,Group 68,1,8.1625
INC0016886,Group 70,1,5.279861111111111
INC0016887,Group 26,1,87.94652777777777
INC0016889,Group 25,1,61.03194444444444
INC0016890,Group 72,1,10.239583333333334
INC0016891,Group 65,1,3.0409722222222224
INC0016892,Group 70,1,5.023611111111111
INC0016894,Group 72,1,16.06875
INC0016895,Group 70,1,5.479166666666667
INC0016896,Group 70,0,9.151388888888889
INC0016897,Group 9,1,137.18680555555557
INC0016898,Group 25,1,9.024305555555555
INC0016899,Group 70,0,5.352083333333334
INC0016900,Group 70,0,10.188888888888888
INC0016901,Group 9,1,211.26736111111111
INC0016903,Group 70,1,5.0993055555555555
INC0016904,Group 12,1,17.020833333333332
INC0016905,Group 70,1,5.014583333333333
INC0016906,Group 70,1,5.013888888888889
INC0016908,Group 70,1,5.0125
INC0016909,Group 70,1,5.010416666666667
INC0016910,Group 70,1,7.973611111111111
INC0016911,Group 70,1,5.050694444444445
INC0016913,Group 70,1,5.049305555555556
INC0016914,Group 24,1,5.172916666666667
INC0016917,Group 70,1,5.045138888888889
INC0016918,Group 55,1,39.050694444444446
INC0016920,Group 70,1,5.042361111111111
INC0016922,Group 25,1,9.172916666666667
INC0016923,Group 70,1,5.039583333333334
INC0016924,Group 25,1,5.039583333333334
INC0016925,Group 70,1,5.039583333333334
INC0016926,Group 25,1,9.16875
INC0016927,Group 22,1,45.00069444444444
INC0016928,Group 70,1,5.036111111111111
INC0016932,Group 25,1,7.997222222222222
INC0016933,Group 25,1,5.032638888888889
INC0016934,Group 70,0,8.995833333333334
INC0016935,Group 70,1,5.029861111111111
INC0016936,Group 12,1,11.034722222222221
INC0016939,Group 70,1,5.025
INC0016940,Group 70,1,5.065972222222222
INC0016941,Group 27,1,9.029166666666667
INC0016942,Group 9,1,204.06597222222223
INC0016943,Group 55,1,7.986805555555556
INC0016944,Group 73,1,5.188194444444444
INC0016945,Group 70,0,11.06875
INC0016946,Group 70,1,5.060416666666667
INC0016947,Group 23,1,26.273611111111112
INC0016949,Group 25,1,14.897916666666667
INC0016950,Group 39,1,5.183333333333334
INC0016953,Group 70,1,5.0152777777777775
INC0016955,Group 39,1,5.0569444444444445
INC0016956,Group 34,1,5.177083333333333
INC0016957,Group 28,1,5.134722222222222
INC0016958,Group 70,1,5.009722222222222
INC0016959,Group 73,1,5.175
INC0016960,Group 66,1,12.013194444444444
INC0016961,Group 25,1,8.92986111111111
INC0016962,Group 28,1,5.131944444444445
INC0016963,Group 70,1,5.0472222222222225
INC0016964,Group 70,1,5.004861111111111
INC0016965,Group 12,1,16.96875
INC0016967,Group 25,1,8.134722222222223
INC0016969,Group 75,1,72.92013888888889
INC0016970,Group 61,1,64.925
INC0016971,Group 67,1,41.38333333333333
INC0016972,Group 24,1,5.002777777777778
INC0016973,Group 70,1,5.04375
INC0016974,Group 39,1,5.04375
INC0016976,Group 24,1,5.041666666666667
INC0016980,Group 75,1,46.208333333333336
INC0016981,Group 29,1,24.416666666666668
INC0016984,Group 70,1,5.033333333333333
INC0016985,Group 75,1,30.24652777777778
INC0016986,Group 68,1,42.99583333333333
INC0016987,Group 25,1,5.072916666666667
INC0016988,Group 39,1,7.8284722222222225
INC0016989,Group 70,1,5.030555555555556
INC0016990,Group 75,1,30.240277777777777
INC0016995,Group 24,1,7.897222222222222
INC0016996,Group 70,0,7.977777777777778
INC0016997,Group 70,1,5.013194444444444
INC0016999,Group 72,1,5.1375
INC0017002,Group 70,1,10.013194444444444
INC0017003,Group 46,1,25.970833333333335
INC0017005,Group 27,1,5.172916666666667
INC0017007,Group 27,1,8.136805555555556
INC0017008,Group 70,1,5.044444444444444
INC0017010,Group 70,1,5.042361111111111
INC0017011,Group 72,1,12.172222222222222
INC0017012,Group 70,1,5.0368055555555555
INC0017014,Group 73,1,5.2027777777777775
INC0017016,Group 24,1,5.03125
INC0017017,Group 28,1,11.869444444444444
INC0017018,Group 20,0,8.11875
INC0017019,Group 65,1,28.954166666666666
INC0017020,Group 70,1,10.034027777777778
INC0017021,Group 24,1,5.027777777777778
INC0017022,Group 70,1,12.282638888888888
INC0017023,Group 24,1,9.822916666666666
INC0017024,Group 70,1,5.023611111111111
INC0017026,Group 25,1,9.944444444444445
INC0017027,Group 70,1,5.0625
INC0017028,Group 70,1,5.059722222222222
INC0017029,Group 24,1,10.940277777777778
INC0017030,Group 70,1,5.0152777777777775
INC0017032,Group 73,1,8.183333333333334
INC0017033,Group 70,1,5.052083333333333
INC0017034,Group 54,1,8.140277777777778
INC0017035,Group 10,1,21.847916666666666
INC0017036,Group 70,1,5.050694444444445
INC0017037,Group 70,1,5.050694444444445
INC0017039,Group 28,1,14.886805555555556
INC0017041,Group 73,1,5.211111111111111
INC0017043,Group 74,1,8.13125
INC0017045,Group 70,1,5.038194444444445
INC0017046,Group 30,1,5.1618055555555555
INC0017047,Group 70,1,5.034722222222222
INC0017050,Group 70,1,5.032638888888889
INC0017053,Group 70,1,10.031944444444445
INC0017055,Group 30,1,7.947916666666667
INC0017056,Group 70,1,10.074305555555556
INC0017058,Group 39,1,10.070833333333333
INC0017060,Group 70,1,5.018055555555556
INC0017061,Group 39,1,5.059027777777778
INC0017062,Group 70,1,5.016666666666667
INC0017063,Group 73,1,5.05625
INC0017064,Group 72,1,10.89375
INC0017065,Group 70,1,5.054861111111111
INC0017066,Group 70,1,5.0125
INC0017067,Group 29,1,11.01736111111111
INC0017068,Group 12,1,16.852777777777778
INC0017071,Group 57,1,80.20902777777778
INC0017072,Group 70,1,5.040277777777778
INC0017073,Group 70,0,8.253472222222221
INC0017074,Group 70,1,5.038888888888889
INC0017075,Group 25,1,10.835416666666667
INC0017077,Group 70,1,5.0368055555555555
INC0017078,Group 70,1,5.0368055555555555
INC0017079,Group 25,1,10.000694444444445
INC0017080,Group 68,1,7.790972222222222
INC0017081,Group 28,1,5.034027777777778
INC0017082,Group 70,1,14.95625
INC0017083,Group 70,1,11.871527777777779
INC0017086,Group 24,1,5.03125
INC0017088,Group 70,1,5.030555555555556
INC0017089,Group 24,1,5.029166666666667
INC0017090,Group 70,0,14.991666666666667
INC0017091,Group 15,1,192.86180555555555
INC0017092,Group 70,1,5.025
INC0017093,Group 70,1,5.274305555555555
INC0017095,Group 73,1,9.067361111111111
INC0017097,Group 24,1,9.734027777777778
INC0017098,Group 70,1,5.01875
INC0017099,Group 39,1,7.729861111111111
INC0017100,Group 66,1,10.853472222222223
INC0017101,Group 70,1,5.055555555555555
INC0017102,Group 70,1,44.81111111111111
INC0017103,Group 23,1,8.01736111111111
INC0017104,Group 66,1,25.76597222222222
INC0017105,Group 48,1,8.722222222222221
INC0017106,Group 9,1,213.9673611111111
INC0017107,Group 70,1,5.007638888888889
INC0017108,Group 6,1,5.048611111111111
INC0017109,Group 70,1,5.00625
INC0017111,Group 24,1,7.966666666666667
INC0017112,Group 10,1,7.843055555555556
INC0017113,Group 70,1,8.005555555555556
INC0017117,Group 55,1,7.959027777777778
INC0017118,Group 70,1,5.036111111111111
INC0017119,Group 70,0,9.039583333333333
INC0017121,Group 70,1,5.033333333333333
INC0017124,Group 12,1,19.036805555555556
INC0017127,Group 58,1,65.99444444444444
INC0017128,Group 39,1,7.702083333333333
INC0017129,Group 39,1,7.7
INC0017130,Group 31,1,8.740277777777777
INC0017131,Group 5,1,7.781944444444444
INC0017132,Group 37,1,7.78125
INC0017133,Group 70,1,5.025
INC0017134,Group 70,1,12.030555555555555
INC0017137,Group 24,1,7.778472222222222
INC0017138,Group 56,1,5.063888888888889
INC0017140,Group 33,1,9.734722222222222
INC0017141,Group 73,1,14.859722222222222
INC0017142,Group 25,1,17.024305555555557
INC0017145,Group 48,1,8.690277777777778
INC0017146,Group 25,1,14.939583333333333
INC0017148,Group 39,1,7.727083333333334
INC0017150,Group 70,1,5.011805555555555
INC0017153,Group 70,0,5.047916666666667
INC0017154,Group 33,1,11.01388888888889
INC0017155,Group 70,1,5.047916666666667
INC0017156,Group 70,1,5.0465277777777775
INC0017157,Group 70,1,5.003472222222222
INC0017158,Group 70,0,5.044444444444444
INC0017159,Group 29,1,10.839583333333334
INC0017162,Group 24,0,7.920138888888889
INC0017163,Group 70,0,7.752777777777778
INC0017164,Group 20,0,5.034027777777778
INC0017165,Group 70,0,8.784722222222221
INC0017166,Group 27,1,7.907638888888889
INC0017168,Group 30,1,7.90625
INC0017169,Group 28,1,8.779861111111112
INC0017171,Group 6,1,7.904166666666667
INC0017173,Group 70,1,5.055555555555555
INC0017175,Group 70,1,5.043055555555555
INC0017176,Group 27,1,9.927777777777777
INC0017178,Group 57,1,9.710416666666667
INC0017182,Group 57,1,39.65833333333333
INC0017183,Group 58,1,7.575694444444444
INC0017184,Group 10,1,25.853472222222223
INC0017185,Group 70,1,5.013194444444444
INC0017186,Group 70,1,5.049305555555556
INC0017188,Group 57,1,18.677777777777777
INC0017189,Group 70,1,5.044444444444444
INC0017191,Group 27,1,8.649305555555555
INC0017193,Group 57,1,24.571527777777778
INC0017194,Group 70,1,5.022222222222222
INC0017195,Group 70,1,9.76388888888889
INC0017196,Group 70,1,5.044444444444444
INC0017197,Group 25,1,7.711111111111111
INC0017198,Group 28,1,7.658333333333333
INC0017199,Group 70,1,8.373611111111112
INC0017200,Group 70,1,5.031944444444444
INC0017202,Group 70,1,5.018055555555556
INC0017203,Group 70,1,5.039583333333334
INC0017204,Group 24,1,10.30625
INC0017205,Group 24,1,7.544444444444444
INC0017206,Group 70,1,7.447916666666667
INC0017209,Group 70,1,5.026388888888889
INC0017210,Group 70,1,5.011111111111111
INC0017212,Group 70,1,21.591666666666665
INC0017213,Group 70,0,7.053472222222222
INC0017215,Group 70,0,7.288194444444445
INC0017216,Group 70,1,6.6125
INC0017217,Group 70,1,5.061805555555556
INC0017218,Group 70,0,9.168055555555556
INC0017219,Group 70,0,7.040277777777778
INC0017221,Group 25,1,7.981944444444444
INC0017222,Group 54,0,5.295138888888889
INC0017224,Group 70,1,5.070833333333334
INC0017232,Group 70,1,5.014583333333333
INC0017233,Group 70,1,5.044444444444444
INC0017236,Group 25,1,15.002777777777778
INC0017237,Group 56,1,7.794444444444444
INC0017238,Group 70,1,5.070833333333334
INC0017239,Group 70,1,5.027083333333334
INC0017242,Group 74,1,15.956944444444444
INC0017243,Group 70,1,5.050694444444445
INC0017244,Group 70,1,5.038194444444445
INC0017248,Group 70,1,5.016666666666667
INC0017253,Group 47,1,13.7625
INC0017254,Group 37,1,10.501388888888888
INC0017256,Group 70,1,5.020833333333333
INC0017257,Group 70,1,5.059027777777778
INC0017258,Group 3,1,6.788194444444445
INC0017259,Group 70,1,5.0368055555555555
INC0017260,Group 70,1,5.035416666666666
INC0017261,Group 70,1,13.654166666666667
INC0017268,Group 39,1,6.53125
INC0017269,Group 10,1,7.374305555555556
INC0017270,Group 70,1,5.003472222222222
INC0017272,Group 70,0,7.2756944444444445
INC0017275,Group 70,0,5.038194444444445
INC0017276,Group 70,1,5.004166666666666
INC0017277,Group 70,1,5.066666666666666
INC0017278,Group 25,1,14.4
INC0017279,Group 70,1,5.363888888888889
INC0017280,Group 70,1,5.040972222222222
INC0017281,Group 28,1,7.368055555555555
INC0017282,Group 28,1,6.0777777777777775
INC0017284,Group 70,1,5.022916666666666
INC0017285,Group 70,0,8.272222222222222
INC0017286,Group 70,1,5.016666666666667
INC0017288,Group 24,1,6.305555555555555
INC0017289,Group 70,1,5.049305555555556
INC0017290,Group 70,1,5.2652777777777775
INC0017291,Group 24,1,7.938888888888889
INC0017293,Group 70,1,5.022916666666666
INC0017295,Group 27,1,6.21875
INC0017296,Group 39,1,7.201388888888889
INC0017299,Group 57,1,13.935416666666667
INC0017304,Group 70,1,5.033333333333333
INC0017310,Group 70,0,8.00625
INC0017311,Group 70,1,5.011111111111111
INC0017312,Group 70,1,5.018055555555556
INC0017313,Group 70,1,5.041666666666667
INC0017315,Group 70,1,5.031944444444444
INC0017316,Group 25,0,13.24375
INC0017317,Group 28,1,27.65
INC0017318,Group 25,1,5.922916666666667
INC0017319,Group 25,1,5.857638888888889
INC0017321,Group 70,1,5.00625
INC0017322,Group 70,1,5.047916666666667
INC0017323,Group 70,1,5.066666666666666
INC0017324,Group 70,1,5.0368055555555555
INC0017325,Group 70,1,5.023611111111111
INC0017326,Group 39,1,8.431944444444444
INC0017328,Group 70,1,5.039583333333334
INC0017329,Group 70,1,5.041666666666667
INC0017330,Group 70,1,5.665972222222222
INC0017332,Group 70,1,5.047916666666667
INC0017333,Group 28,1,7.508333333333334
INC0017334,Group 55,1,21.415972222222223
INC0017336,Group 24,1,14.17361111111111
INC0017338,Group 64,1,5.0256944444444445
INC0017339,Group 64,1,5.020833333333333
INC0017341,Group 64,1,5.011111111111111
INC0017342,Group 64,1,5.010416666666667
INC0017343,Group 70,1,5.004166666666666
INC0017344,Group 64,1,5.001388888888889
INC0017345,Group 64,1,5.002777777777778
INC0017346,Group 28,1,5.122222222222222
INC0017350,Group 25,0,7.1875
INC0017352,Group 70,1,5.0159722222222225
INC0017354,Group 24,1,6.179861111111111
INC0017355,Group 73,1,5.428472222222222
INC0017356,Group 70,1,5.051388888888889
INC0017358,Group 70,0,5.088888888888889
INC0017359,Group 28,1,13.334027777777777
INC0017361,Group 73,1,12.208333333333334
INC0017362,Group 70,1,5.040972222222222
INC0017364,Group 70,1,5.038888888888889
INC0017365,Group 28,1,5.1194444444444445
INC0017366,Group 70,1,5.034027777777778
INC0017367,Group 70,1,5.034027777777778
INC0017368,Group 25,1,8.116666666666667
INC0017369,Group 70,1,5.032638888888889
INC0017370,Group 25,1,5.240277777777778
INC0017371,Group 28,1,5.113194444444445
INC0017372,Group 70,1,5.029166666666667
INC0017373,Group 70,0,6.070138888888889
INC0017374,Group 65,1,86.8638888888889
INC0017375,Group 70,0,5.277083333333334
INC0017378,Group 70,1,5.0256944444444445
INC0017379,Group 70,1,5.191666666666666
INC0017381,Group 49,1,8.10763888888889
INC0017382,Group 25,1,6.274305555555555
INC0017383,Group 64,1,5.023611111111111
INC0017384,Group 27,1,8.23125
INC0017385,Group 70,1,5.022916666666666
INC0017386,Group 24,1,5.105555555555555
INC0017387,Group 70,1,5.063194444444444
INC0017388,Group 12,1,22.269444444444446
INC0017390,Group 70,1,5.019444444444445
INC0017391,Group 70,1,5.059027777777778
INC0017394,Group 25,1,12.140972222222222
INC0017395,Group 70,1,14.265972222222222
INC0017396,Group 24,1,82.3013888888889
INC0017397,Group 70,1,5.263888888888889
INC0017398,Group 24,1,5.095833333333333
INC0017399,Group 70,1,5.0125
INC0017403,Group 57,1,7.30625
INC0017404,Group 70,1,5.009722222222222
INC0017406,Group 23,1,6.132638888888889
INC0017407,Group 25,1,8.090277777777779
INC0017409,Group 70,0,8.214583333333334
INC0017410,Group 30,1,5.088888888888889
INC0017411,Group 28,1,5.0881944444444445
INC0017412,Group 73,1,6.3381944444444445
INC0017413,Group 70,0,8.0875
INC0017415,Group 70,0,5.003472222222222
INC0017416,Group 70,1,5.043055555555555
INC0017417,Group 70,1,7.298611111111111
INC0017418,Group 70,1,7.041666666666667
INC0017419,Group 39,1,5.040972222222222
INC0017420,Group 73,1,14.123611111111112
INC0017421,Group 70,1,5.248611111111111
INC0017422,Group 10,1,30.331944444444446
INC0017423,Group 73,1,12.164583333333333
INC0017424,Group 70,1,5.039583333333334
INC0017426,Group 70,1,5.038194444444445
INC0017428,Group 27,1,8.246527777777779
INC0017429,Group 64,1,5.0375
INC0017430,Group 20,0,5.0375
INC0017432,Group 70,0,7.2444444444444445
INC0017433,Group 70,1,5.036111111111111
INC0017434,Group 70,1,5.036111111111111
INC0017436,Group 70,0,5.034722222222222
INC0017437,Group 70,1,5.034027777777778
INC0017438,Group 70,1,5.034027777777778
INC0017439,Group 25,0,6.075
INC0017440,Group 70,1,5.033333333333333
INC0017441,Group 39,1,7.240972222222222
INC0017442,Group 70,1,5.032638888888889
INC0017443,Group 70,1,42.07361111111111
INC0017444,Group 70,1,6.281944444444444
INC0017446,Group 72,1,7.28125
INC0017447,Group 70,1,5.028472222222222
INC0017448,Group 70,1,5.028472222222222
INC0017449,Group 73,1,5.111805555555556
INC0017450,Group 70,1,6.988194444444445
INC0017451,Group 47,1,5.985416666666667
INC0017454,Group 70,1,5.233333333333333
INC0017455,Group 70,1,5.025
INC0017457,Group 25,1,5.107638888888889
INC0017458,Group 70,1,5.024305555555555
INC0017459,Group 24,1,6.982638888888889
INC0017460,Group 70,1,5.023611111111111
INC0017461,Group 70,0,7.022916666666666
INC0017463,Group 70,1,5.022916666666666
INC0017464,Group 20,1,8.022916666666667
INC0017465,Group 70,1,5.022222222222222
INC0017466,Group 70,1,5.021527777777778
INC0017467,Group 70,1,5.021527777777778
INC0017468,Group 72,1,27.311805555555555
INC0017471,Group 72,1,13.05625
INC0017472,Group 70,1,5.05625
INC0017473,Group 25,1,9.307638888888889
INC0017474,Group 24,0,5.054861111111111
INC0017476,Group 25,1,8.095138888888888
INC0017478,Group 70,1,5.011111111111111
INC0017479,Group 70,1,6.052083333333333
INC0017481,Group 28,1,14.217361111111112
INC0017482,Group 70,1,5.05
INC0017483,Group 62,1,219.25277777777777
INC0017484,Group 22,0,5.093055555555556
INC0017485,Group 64,1,5.048611111111111
INC0017486,Group 49,1,5.047916666666667
INC0017487,Group 70,0,5.0472222222222225
INC0017489,Group 73,1,5.335416666666666
INC0017490,Group 29,1,5.334722222222222
INC0017492,Group 25,1,13.334722222222222
INC0017495,Group 70,1,5.038888888888889
INC0017496,Group 70,1,5.0375
INC0017497,Group 70,1,5.0368055555555555
INC0017499,Group 64,1,5.035416666666666
INC0017505,Group 70,0,7.033333333333333
INC0017508,Group 54,1,7.242361111111111
INC0017509,Group 73,1,6.113888888888889
INC0017510,Group 70,1,5.030555555555556
INC0017512,Group 70,1,5.238194444444445
INC0017513,Group 39,1,5.029861111111111
INC0017514,Group 70,1,6.029166666666667
INC0017515,Group 70,1,5.0256944444444445
INC0017516,Group 70,1,5.025
INC0017520,Group 70,1,8.520833333333334
INC0017522,Group 70,1,5.020138888888889
INC0017523,Group 70,1,5.020138888888889
INC0017524,Group 70,1,6.019444444444445
INC0017525,Group 65,1,28.227083333333333
INC0017526,Group 64,1,6.893055555555556
INC0017527,Group 27,1,5.225694444444445
INC0017530,Group 70,1,5.2243055555555555
INC0017531,Group 70,1,5.0569444444444445
INC0017534,Group 70,1,5.05625
INC0017535,Group 27,1,6.139583333333333
INC0017536,Group 27,1,7.221527777777778
INC0017537,Group 66,1,8.970833333333333
INC0017538,Group 70,0,7.177777777777778
INC0017540,Group 70,0,6.051388888888889
INC0017541,Group 70,1,5.009027777777778
INC0017542,Group 70,0,6.0055555555555555
INC0017543,Group 70,1,5.0881944444444445
INC0017544,Group 70,1,5.006944444444445
INC0017545,Group 70,1,5.004861111111111
INC0017546,Group 10,1,18.960416666666667
INC0017547,Group 70,1,5.085416666666666
INC0017549,Group 70,1,5.041666666666667
INC0017550,Group 70,1,5.041666666666667
INC0017551,Group 70,1,6.207638888888889
INC0017552,Group 70,1,5.040277777777778
INC0017553,Group 24,1,5.9125
INC0017555,Group 70,1,5.036111111111111
INC0017556,Group 39,1,5.035416666666666
INC0017557,Group 70,0,8.243055555555555
INC0017558,Group 20,1,5.284027777777778
INC0017560,Group 70,1,5.033333333333333
INC0017562,Group 64,1,6.865972222222222
INC0017565,Group 27,1,7.114583333333333
INC0017566,Group 20,0,5.03125
INC0017567,Group 46,1,5.072222222222222
INC0017570,Group 58,1,63.90416666666667
INC0017571,Group 39,1,5.070138888888889
INC0017577,Group 55,1,5.9
INC0017578,Group 20,1,7.940972222222222
INC0017579,Group 70,1,5.022916666666666
INC0017580,Group 70,1,5.022222222222222
INC0017581,Group 70,0,6.938194444444444
INC0017583,Group 62,1,8.979861111111111
INC0017584,Group 70,1,5.063194444444444
INC0017587,Group 70,0,14.145138888888889
INC0017588,Group 70,0,7.977777777777778
INC0017589,Group 70,1,5.059027777777778
INC0017590,Group 70,0,6.0152777777777775
INC0017592,Group 70,1,5.014583333333333
INC0017594,Group 54,1,12.014583333333333
INC0017596,Group 27,1,5.180555555555555
INC0017599,Group 57,1,21.221527777777776
INC0017600,Group 13,1,19.2625
INC0017602,Group 70,1,5.053472222222222
INC0017603,Group 54,1,8.011111111111111
INC0017604,Group 66,1,98.13055555555556
INC0017605,Group 70,1,5.009722222222222
INC0017606,Group 49,1,5.134027777777778
INC0017609,Group 31,1,5.216666666666667
INC0017611,Group 28,1,6.174305555555556
INC0017613,Group 27,1,5.173611111111111
INC0017614,Group 70,1,5.048611111111111
INC0017615,Group 39,1,36.171527777777776
INC0017616,Group 73,1,8.129166666666666
INC0017617,Group 70,1,5.045138888888889
INC0017621,Group 72,1,12.247222222222222
INC0017622,Group 70,1,5.035416666666666
INC0017623,Group 70,0,12.534722222222221
INC0017626,Group 5,1,5.1097222222222225
INC0017628,Group 70,1,5.020833333333333
INC0017630,Group 70,1,5.059722222222222
INC0017634,Group 31,1,5.18125
INC0017635,Group 23,1,97.96527777777777
INC0017637,Group 25,1,5.134027777777778
INC0017645,Group 70,0,8.045833333333333
INC0017647,Group 28,1,6.836805555555555
INC0017648,Group 70,1,5.042361111111111
INC0017649,Group 25,1,7.956944444444445
INC0017650,Group 70,0,7.913888888888889
INC0017652,Group 70,1,5.120138888888889
INC0017653,Group 25,1,8.910416666666666
INC0017656,Group 70,1,5.033333333333333
INC0017657,Group 6,1,14.073611111111111
INC0017658,Group 31,1,5.156944444444444
INC0017659,Group 70,1,5.073611111111111
INC0017660,Group 70,1,5.030555555555556
INC0017661,Group 25,1,7.117361111111111
INC0017662,Group 39,1,5.029861111111111
INC0017663,Group 57,1,22.446527777777778
INC0017664,Group 70,1,5.026388888888889
INC0017665,Group 23,1,98.18819444444445
INC0017666,Group 39,1,5.0256944444444445
INC0017668,Group 66,1,8.817361111111111
INC0017670,Group 70,1,5.024305555555555
INC0017672,Group 70,1,5.022916666666666
INC0017673,Group 70,1,5.022916666666666
INC0017674,Group 27,1,12.855555555555556
INC0017675,Group 53,1,5.855555555555555
INC0017676,Group 5,1,5.0993055555555555
INC0017677,Group 39,1,5.057638888888889
INC0017678,Group 28,1,7.0569444444444445
INC0017679,Group 70,0,5.68125
INC0017680,Group 20,1,5.845138888888889
INC0017681,Group 10,1,5.845138888888889
INC0017682,Group 54,1,7.097222222222222
INC0017685,Group 70,1,6.134027777777778
INC0017686,Group 70,1,5.008333333333334
INC0017687,Group 28,1,5.0472222222222225
INC0017689,Group 73,1,12.171527777777778
INC0017691,Group 33,1,8.169444444444444
INC0017692,Group 70,1,5.04375
INC0017693,Group 74,1,40.87708333333333
INC0017696,Group 74,1,40.87430555555556
INC0017697,Group 57,1,7.915277777777778
INC0017700,Group 70,1,5.0375
INC0017701,Group 27,1,5.995833333333334
INC0017702,Group 70,0,12.08125
INC0017703,Group 70,0,8.953472222222222
INC0017705,Group 70,1,5.034722222222222
INC0017708,Group 30,1,7.031944444444444
INC0017709,Group 70,1,5.03125
INC0017710,Group 31,1,5.780555555555556
INC0017711,Group 70,1,5.863194444444445
INC0017712,Group 50,1,84.94097222222223
INC0017714,Group 72,1,19.028472222222224
INC0017715,Group 53,1,5.028472222222222
INC0017716,Group 73,1,13.986805555555556
INC0017717,Group 70,1,5.026388888888889
INC0017719,Group 39,1,5.024305555555555
INC0017722,Group 50,1,6.10625
INC0017723,Group 39,1,6.105555555555555
INC0017724,Group 5,1,5.104861111111111
INC0017725,Group 70,0,5.645138888888889
INC0017726,Group 20,1,7.76875
INC0017727,Group 70,1,6.102083333333334
INC0017728,Group 25,1,6.097916666666666
INC0017729,Group 70,1,5.0125
INC0017731,Group 20,1,6.132638888888889
INC0017732,Group 25,1,7.052083333333333
INC0017733,Group 70,1,5.006944444444445
INC0017734,Group 66,1,12.127083333333333
INC0017735,Group 70,1,6.876388888888889
INC0017736,Group 73,1,11.917361111111111
INC0017738,Group 70,1,5.081944444444445
INC0017740,Group 70,1,5.913194444444445
INC0017741,Group 70,1,5.0375
INC0017744,Group 70,1,5.0777777777777775
INC0017745,Group 55,1,5.077083333333333
INC0017746,Group 70,0,36.11875
INC0017748,Group 70,1,5.034722222222222
INC0017749,Group 70,0,5.825
INC0017750,Group 20,1,6.116666666666666
INC0017751,Group 39,1,5.781944444444444
INC0017756,Group 57,1,18.864583333333332
INC0017757,Group 70,1,5.030555555555556
INC0017758,Group 39,1,7.988194444444445
INC0017759,Group 70,1,5.113194444444445
INC0017760,Group 54,1,11.863194444444444
INC0017761,Group 70,1,5.028472222222222
INC0017762,Group 20,1,6.111805555555556
INC0017764,Group 31,1,7.985416666666667
INC0017765,Group 24,1,7.941666666666666
INC0017768,Group 48,1,5.730555555555555
INC0017770,Group 57,1,5.813888888888889
INC0017771,Group 24,1,5.730555555555555
INC0017772,Group 48,1,5.729166666666667
INC0017773,Group 25,1,5.936805555555556
INC0017774,Group 25,1,14.061805555555555
INC0017775,Group 39,1,5.807638888888889
INC0017776,Group 70,1,5.0159722222222225
INC0017777,Group 25,1,5.9319444444444445
INC0017778,Group 25,1,5.930555555555555
INC0017779,Group 6,1,5.055555555555555
INC0017780,Group 70,1,5.0152777777777775
INC0017781,Group 25,1,5.720833333333333
INC0017782,Group 70,1,7.929166666666666
INC0017783,Group 70,1,5.0125
INC0017784,Group 64,1,5.011805555555555
INC0017785,Group 73,1,5.761111111111111
INC0017786,Group 70,1,5.052083333333333
INC0017787,Group 39,1,5.799305555555556
INC0017789,Group 70,1,5.006944444444445
INC0017790,Group 70,1,5.0055555555555555
INC0017791,Group 28,1,5.8375
INC0017792,Group 70,1,5.045138888888889
INC0017794,Group 31,1,5.04375
INC0017795,Group 70,1,5.04375
INC0017796,Group 28,1,5.998611111111111
INC0017798,Group 39,1,6.986805555555556
INC0017800,Group 24,1,81.9486111111111
INC0017801,Group 72,1,7.826388888888889
INC0017802,Group 70,0,6.867361111111111
INC0017803,Group 39,1,7.95
INC0017804,Group 55,1,5.032638888888889
INC0017805,Group 24,1,11.865972222222222
INC0017806,Group 48,1,5.701388888888889
INC0017808,Group 70,1,14.988888888888889
INC0017810,Group 10,1,28.822222222222223
INC0017811,Group 70,1,5.738888888888889
INC0017812,Group 12,1,16.025694444444444
INC0017814,Group 3,1,144.9326388888889
INC0017815,Group 70,1,6.894444444444445
INC0017816,Group 70,1,5.684027777777778
INC0017817,Group 70,0,6.892361111111111
INC0017818,Group 68,1,5.0569444444444445
INC0017821,Group 5,1,5.04375
INC0017822,Group 25,1,5.997916666666667
INC0017823,Group 70,1,5.0368055555555555
INC0017824,Group 30,1,6.742361111111111
INC0017825,Group 5,1,5.65625
INC0017826,Group 29,1,26.697916666666668
INC0017828,Group 24,1,5.986805555555556
INC0017829,Group 70,1,5.027083333333334
INC0017830,Group 70,1,5.026388888888889
INC0017831,Group 70,1,5.065972222222222
INC0017832,Group 25,1,8.684027777777779
INC0017833,Group 31,1,6.933333333333334
INC0017834,Group 23,1,6.011111111111111
INC0017836,Group 27,1,5.879861111111111
INC0017837,Group 70,1,5.045833333333333
INC0017838,Group 66,1,19.5875
INC0017839,Group 39,1,5.751388888888889
INC0017840,Group 66,1,18.959722222222222
INC0017842,Group 70,0,5.080555555555556
INC0017843,Group 23,1,5.6625
INC0017844,Group 70,1,5.034722222222222
INC0017845,Group 19,1,5.657638888888889
INC0017846,Group 70,1,5.031944444444444
INC0017848,Group 28,1,6.686111111111111
INC0017849,Group 70,1,5.0472222222222225
INC0017850,Group 57,1,6.6930555555555555
INC0017860,Group 55,1,5.048611111111111
INC0017861,Group 70,1,5.5
INC0017863,Group 70,1,5.0569444444444445
INC0017864,Group 70,1,19.45347222222222
INC0017865,Group 70,1,5.063194444444444
INC0017866,Group 70,1,6.420138888888889
INC0017867,Group 76,1,13.45486111111111
INC0017869,Group 47,1,5.396527777777778
INC0017870,Group 70,1,5.0152777777777775
INC0017872,Group 70,1,6.339583333333334
INC0017873,Group 70,1,5.038888888888889
INC0017874,Group 70,1,5.044444444444444
INC0017876,Group 66,1,13.24375
INC0017877,Group 70,1,5.023611111111111
INC0017881,Group 22,1,8.358333333333333
INC0017882,Group 70,1,13.313194444444445
INC0017883,Group 39,1,11.095138888888888
INC0017884,Group 70,0,5.033333333333333
INC0017886,Group 48,1,6.104861111111111
INC0017887,Group 24,1,8.186805555555555
INC0017888,Group 24,1,6.342361111111111
INC0017889,Group 70,1,5.00625
INC0017890,Group 25,1,25.380555555555556
INC0017891,Group 70,1,5.043055555555555
INC0017893,Group 70,1,5.041666666666667
INC0017894,Group 70,1,5.163194444444445
INC0017895,Group 73,1,5.076388888888889
INC0017896,Group 25,1,6.242361111111111
INC0017898,Group 24,1,5.03125
INC0017899,Group 70,1,5.030555555555556
INC0017900,Group 28,1,5.154166666666667
INC0017901,Group 70,1,5.028472222222222
INC0017902,Group 24,1,5.111111111111111
INC0017903,Group 24,1,5.069444444444445
INC0017904,Group 70,1,5.026388888888889
INC0017907,Group 70,1,18.191666666666666
INC0017908,Group 70,0,5.024305555555555
INC0017909,Group 66,1,8.0625
INC0017913,Group 25,1,8.352083333333333
INC0017914,Group 70,1,5.01875
INC0017916,Group 73,1,7.350694444444445
INC0017917,Group 75,1,132.09305555555557
INC0017918,Group 70,1,5.014583333333333
INC0017920,Group 70,1,6.054861111111111
INC0017921,Group 66,1,256.2576388888889
INC0017923,Group 70,1,5.011111111111111
INC0017924,Group 66,1,8.05
INC0017925,Group 70,1,6.049305555555556
INC0017926,Group 28,1,5.090277777777778
INC0017927,Group 24,1,5.089583333333334
INC0017928,Group 23,1,6.088888888888889
INC0017929,Group 39,1,5.1305555555555555
INC0017930,Group 70,1,5.004861111111111
INC0017931,Group 70,1,5.045138888888889
INC0017932,Group 70,1,6.044444444444444
INC0017933,Group 23,1,8.129166666666666
INC0017936,Group 25,1,82.03680555555556
INC0017938,Group 23,1,5.082638888888889
INC0017939,Group 66,1,7.957638888888889
INC0017940,Group 70,1,6.08125
INC0017941,Group 28,1,8.039583333333333
INC0017942,Group 70,0,6.080555555555556
INC0017943,Group 28,1,8.330555555555556
INC0017945,Group 70,1,5.038194444444445
INC0017946,Group 39,1,5.370833333333334
INC0017947,Group 70,1,8.245138888888889
INC0017950,Group 70,1,5.033333333333333
INC0017951,Group 75,1,42.324305555555554
INC0017952,Group 20,1,7.282638888888889
INC0017953,Group 70,1,5.03125
INC0017954,Group 70,1,5.03125
INC0017955,Group 70,1,5.03125
INC0017956,Group 70,1,5.030555555555556
INC0017957,Group 70,1,5.030555555555556
INC0017958,Group 12,1,15.321527777777778
INC0017959,Group 70,0,7.236805555555556
INC0017961,Group 70,1,5.027777777777778
INC0017962,Group 70,1,5.026388888888889
INC0017963,Group 39,1,5.274305555555555
INC0017964,Group 73,1,7.231944444444444
INC0017966,Group 70,1,5.023611111111111
INC0017968,Group 70,1,5.897222222222222
INC0017969,Group 23,1,10.980555555555556
INC0017970,Group 25,1,6.021527777777778
INC0017971,Group 70,1,11.3125
INC0017972,Group 70,1,5.020138888888889
INC0017973,Group 37,1,70.09791666666666
INC0017975,Group 66,1,8.01875
INC0017976,Group 70,1,5.018055555555556
INC0017977,Group 6,1,7.058333333333334
INC0017980,Group 39,1,5.098611111111111
INC0017982,Group 70,1,5.3069444444444445
INC0017983,Group 70,1,5.014583333333333
INC0017984,Group 10,1,18.014583333333334
INC0017985,Group 39,1,5.055555555555555
INC0017986,Group 70,1,5.013888888888889
INC0017987,Group 70,1,5.013888888888889
INC0017988,Group 49,1,5.2625
INC0017990,Group 70,1,5.051388888888889
INC0017991,Group 70,1,5.008333333333334
INC0017992,Group 70,1,6.090972222222222
INC0017993,Group 25,1,5.297916666666667
INC0017994,Group 6,1,6.086111111111111
INC0017996,Group 70,1,5.004166666666666
INC0017997,Group 6,1,6.250694444444444
INC0017998,Group 48,1,6.959027777777778
INC0017999,Group 70,1,6.042361111111111
INC0018000,Group 70,1,5.041666666666667
INC0018002,Group 58,1,36.331944444444446
INC0018003,Group 66,1,7.997916666666667
INC0018004,Group 70,0,7.20625
INC0018005,Group 66,1,7.955555555555556
INC0018007,Group 29,1,11.288194444444445
INC0018008,Group 70,1,5.038194444444445
INC0018010,Group 20,0,5.0375
INC0018011,Group 70,0,5.204166666666667
INC0018013,Group 48,1,8.161111111111111
INC0018014,Group 27,1,5.2
INC0018015,Group 70,1,5.033333333333333
INC0018018,Group 27,1,6.113888888888889
INC0018019,Group 39,1,6.238194444444445
INC0018020,Group 66,1,7.988194444444445
INC0018021,Group 25,1,7.2375
INC0018026,Group 70,1,5.028472222222222
INC0018027,Group 70,1,5.027777777777778
INC0018028,Group 27,1,7.06875
INC0018029,Group 70,1,5.0256944444444445
INC0018030,Group 70,1,18.275694444444444
INC0018031,Group 70,1,6.024305555555555
INC0018032,Group 70,1,5.190972222222222
INC0018033,Group 70,1,5.020138888888889
INC0018034,Group 70,1,6.019444444444445
INC0018035,Group 39,1,5.309722222222222
INC0018036,Group 70,1,5.019444444444445
INC0018038,Group 6,1,5.225694444444445
INC0018040,Group 27,1,5.182638888888889
INC0018041,Group 22,1,12.972916666666666
INC0018042,Group 70,1,7.180555555555555
INC0018043,Group 70,1,6.138888888888889
INC0018044,Group 21,1,6.011805555555555
INC0018045,Group 23,1,7.011111111111111
INC0018046,Group 73,1,11.052083333333334
INC0018047,Group 70,1,5.052083333333333
INC0018048,Group 70,0,7.008333333333334
INC0018050,Group 24,1,5.172916666666667
INC0018051,Group 23,1,5.172916666666667
INC0018053,Group 75,1,41.00625
INC0018054,Group 72,1,11.295833333333333
INC0018055,Group 70,1,5.045138888888889
INC0018056,Group 66,1,39.00208333333333
INC0018057,Group 9,1,235.99375
INC0018058,Group 70,1,5.039583333333334
INC0018059,Group 25,1,5.164583333333334
INC0018060,Group 23,1,131.07430555555555
INC0018063,Group 70,1,5.035416666666666
INC0018068,Group 6,1,10.989583333333334
INC0018069,Group 55,1,5.072222222222222
INC0018072,Group 70,1,5.028472222222222
INC0018073,Group 30,1,5.986111111111111
INC0018077,Group 25,1,5.151388888888889
INC0018079,Group 24,1,6.1097222222222225
INC0018080,Group 70,1,5.026388888888889
INC0018081,Group 70,1,5.026388888888889
INC0018083,Group 70,1,5.023611111111111
INC0018084,Group 70,1,5.022916666666666
INC0018086,Group 28,1,5.978472222222222
INC0018087,Group 70,1,7.145138888888889
INC0018088,Group 70,1,5.018055555555556
INC0018090,Group 70,1,5.309027777777778
INC0018092,Group 66,1,7.891666666666667
INC0018094,Group 66,1,7.9319444444444445
INC0018095,Group 70,1,6.097916666666666
INC0018096,Group 70,0,12.013194444444444
INC0018097,Group 70,1,5.011805555555555
INC0018099,Group 69,1,5.011111111111111
INC0018100,Group 66,1,7.886111111111111
INC0018101,Group 70,1,11.885416666666666
INC0018102,Group 70,1,5.051388888888889
INC0018103,Group 27,1,8.05
INC0018104,Group 25,1,7.884722222222222
INC0018108,Group 5,1,11.129861111111111
INC0018109,Group 70,1,12.879861111111111
INC0018110,Group 70,1,5.501388888888889
INC0018111,Group 64,1,6.793055555555555
INC0018112,Group 29,1,6.125
INC0018113,Group 70,1,6.169444444444444
INC0018117,Group 70,1,5.997222222222222
INC0018118,Group 39,1,5.2875
INC0018119,Group 70,1,5.0375
INC0018120,Group 66,1,7.829166666666667
INC0018121,Group 66,1,7.952083333333333
INC0018124,Group 70,1,5.993055555555555
INC0018125,Group 24,1,61.90833333333333
INC0018126,Group 70,1,5.030555555555556
INC0018127,Group 70,0,6.154166666666667
INC0018129,Group 70,1,6.15625
INC0018130,Group 70,1,5.027083333333334
INC0018132,Group 54,0,5.067361111111111
INC0018133,Group 70,1,5.021527777777778
INC0018135,Group 66,1,7.853472222222222
INC0018139,Group 66,1,7.889583333333333
INC0018140,Group 59,1,20.84722222222222
INC0018142,Group 54,1,6.1402777777777775
INC0018144,Group 25,1,19.009027777777778
INC0018145,Group 70,1,5.008333333333334
INC0018146,Group 70,1,5.004166666666666
INC0018147,Group 72,1,11.168055555555556
INC0018148,Group 66,1,7.875694444444444
INC0018149,Group 70,1,5.040972222222222
INC0018151,Group 70,1,5.038194444444445
INC0018152,Group 70,1,5.038194444444445
INC0018153,Group 66,1,7.870138888888889
INC0018154,Group 25,1,5.1194444444444445
INC0018155,Group 70,1,5.036111111111111
INC0018158,Group 70,1,5.032638888888889
INC0018160,Group 70,1,5.029166666666667
INC0018161,Group 70,0,6.945833333333334
INC0018163,Group 28,1,6.025
INC0018164,Group 23,1,96.93680555555555
INC0018165,Group 29,1,5.898611111111111
INC0018166,Group 70,1,5.897222222222222
INC0018167,Group 48,1,6.813888888888889
INC0018168,Group 70,1,5.020833333333333
INC0018170,Group 25,1,6.977777777777778
INC0018171,Group 70,1,13.01875
INC0018172,Group 31,1,7.059722222222222
INC0018173,Group 70,1,5.018055555555556
INC0018174,Group 70,1,47.85069444444444
INC0018175,Group 70,1,5.016666666666667
INC0018180,Group 39,1,7.096527777777778
INC0018182,Group 25,1,5.179166666666666
INC0018183,Group 25,1,6.970833333333333
INC0018185,Group 70,0,5.928472222222222
INC0018186,Group 70,1,5.011111111111111
INC0018187,Group 55,1,6.885416666666667
INC0018189,Group 70,1,5.011111111111111
INC0018190,Group 70,1,5.05
INC0018191,Group 73,1,5.13125
INC0018192,Group 70,1,7.00625
INC0018193,Group 70,1,5.879861111111111
INC0018194,Group 66,1,7.834722222222222
INC0018197,Group 70,1,5.081944444444445
INC0018198,Group 65,1,101.86875
INC0018199,Group 39,1,19.872916666666665
INC0018200,Group 70,1,5.038888888888889
INC0018201,Group 70,1,5.038194444444445
INC0018204,Group 70,1,5.0375
INC0018205,Group 70,1,5.0375
INC0018206,Group 65,1,14.829166666666667
INC0018207,Group 70,1,5.0375
INC0018208,Group 70,1,5.0368055555555555
INC0018209,Group 5,1,17.869444444444444
INC0018210,Group 23,1,7.11875
INC0018211,Group 23,1,69.16041666666666
INC0018212,Group 70,1,5.032638888888889
INC0018214,Group 70,1,5.030555555555556
INC0018217,Group 66,1,7.779861111111111
INC0018219,Group 70,1,5.029861111111111
INC0018220,Group 29,1,6.029166666666667
INC0018226,Group 70,0,8.152777777777779
INC0018227,Group 70,1,5.027083333333334
INC0018228,Group 27,1,34.02708333333333
INC0018229,Group 70,1,5.026388888888889
INC0018230,Group 31,1,7.065277777777778
INC0018233,Group 73,1,6.0625
INC0018235,Group 66,1,7.811805555555556
INC0018236,Group 70,1,5.020138888888889
INC0018237,Group 70,1,5.019444444444445
INC0018238,Group 6,1,20.14375
INC0018239,Group 29,1,8.14375
INC0018240,Group 72,1,6.85
INC0018241,Group 70,1,12.975
INC0018243,Group 57,1,5.05625
INC0018244,Group 49,1,25.805555555555557
INC0018246,Group 70,1,5.013194444444444
INC0018247,Group 23,1,7.095833333333333
INC0018248,Group 70,1,5.136111111111111
INC0018249,Group 28,1,7.052083333333333
INC0018250,Group 23,1,97.00416666666666
INC0018251,Group 25,1,6.840972222222222
INC0018252,Group 66,1,7.7972222222222225
INC0018253,Group 70,1,5.0465277777777775
INC0018254,Group 70,1,5.043055555555555
INC0018255,Group 70,1,11.418055555555556
INC0018257,Group 70,1,12.959722222222222
INC0018258,Group 76,1,12.875694444444445
INC0018259,Group 31,1,26.752777777777776
INC0018260,Group 22,1,34.87291666666667
INC0018261,Group 70,1,5.830555555555556
INC0018262,Group 70,1,5.0368055555555555
INC0018264,Group 70,1,5.033333333333333
INC0018265,Group 70,1,5.157638888888889
INC0018266,Group 70,1,5.030555555555556
INC0018267,Group 10,1,39.07083333333333
INC0018268,Group 70,1,5.028472222222222
INC0018269,Group 70,0,11.861805555555556
INC0018270,Group 70,1,5.027777777777778
INC0018271,Group 57,1,5.986111111111111
INC0018272,Group 70,1,5.026388888888889
INC0018273,Group 70,1,5.0256944444444445
INC0018274,Group 70,0,11.067361111111111
INC0018275,Group 9,1,207.02083333333334
INC0018276,Group 66,1,7.774305555555555
INC0018277,Group 70,1,5.023611111111111
INC0018278,Group 24,1,12.772916666666667
INC0018279,Group 28,1,5.979166666666667
INC0018280,Group 70,1,5.01875
INC0018281,Group 23,1,5.017361111111111
INC0018282,Group 28,1,6.850694444444445
INC0018283,Group 70,1,5.014583333333333
INC0018284,Group 28,1,11.05486111111111
INC0018285,Group 66,1,7.678472222222222
INC0018287,Group 28,1,6.845833333333333
INC0018288,Group 66,1,7.71875
INC0018290,Group 73,1,6.013888888888889
INC0018291,Group 23,1,5.009722222222222
INC0018295,Group 39,1,35.00625
INC0018297,Group 70,1,5.044444444444444
INC0018298,Group 24,1,22.044444444444444
INC0018299,Group 70,1,5.044444444444444
INC0018300,Group 70,1,8.21111111111111
INC0018301,Group 70,1,6.960416666666666
INC0018304,Group 20,1,5.960416666666666
INC0018305,Group 70,1,5.043055555555555
INC0018306,Group 70,0,5.040972222222222
INC0018308,Group 70,1,5.040972222222222
INC0018310,Group 76,0,5.035416666666666
INC0018311,Group 24,1,5.701388888888889
INC0018312,Group 70,1,5.034722222222222
INC0018313,Group 66,1,7.699305555555555
INC0018314,Group 66,1,7.697916666666667
INC0018315,Group 70,1,5.029861111111111
INC0018318,Group 23,1,96.93958333333333
INC0018319,Group 66,1,7.69375
INC0018320,Group 70,1,5.024305555555555
INC0018321,Group 58,1,12.899305555555555
INC0018322,Group 70,1,5.856944444444444
INC0018323,Group 70,1,5.022916666666666
INC0018324,Group 3,1,73.72430555555556
INC0018325,Group 37,1,42.01875
INC0018326,Group 66,1,7.64375
INC0018327,Group 70,1,5.01875
INC0018328,Group 23,1,7.7659722222222225
INC0018329,Group 70,1,5.013194444444444
INC0018331,Group 70,1,5.009027777777778
INC0018332,Group 70,1,5.009722222222222
INC0018335,Group 70,1,5.040972222222222
INC0018337,Group 5,1,11.664583333333333
INC0018339,Group 70,1,5.038888888888889
INC0018341,Group 70,1,5.0368055555555555
INC0018342,Group 39,1,5.957638888888889
INC0018343,Group 39,1,5.908333333333333
INC0018344,Group 70,1,5.033333333333333
INC0018345,Group 39,1,11.949305555555556
INC0018346,Group 70,1,5.032638888888889
INC0018347,Group 31,1,5.656944444444444
INC0018348,Group 70,1,5.03125
INC0018350,Group 70,1,5.030555555555556
INC0018351,Group 70,1,5.028472222222222
INC0018353,Group 70,1,18.735416666666666
INC0018355,Group 70,1,5.025
INC0018356,Group 70,1,6.9
INC0018357,Group 70,1,18.730555555555554
INC0018359,Group 6,1,31.68125
INC0018360,Group 56,1,5.721527777777778
INC0018361,Group 70,1,5.011805555555555
INC0018362,Group 39,1,5.010416666666667
INC0018363,Group 70,1,5.007638888888889
INC0018364,Group 39,1,5.006944444444445
INC0018365,Group 70,1,5.0465277777777775
INC0018367,Group 57,1,21.918055555555554
INC0018368,Group 70,0,7.957638888888889
INC0018369,Group 70,1,5.0368055555555555
INC0018370,Group 25,1,10.950694444444444
INC0018371,Group 66,1,18.575
INC0018372,Group 66,1,18.574305555555554
INC0018373,Group 24,1,5.614583333333333
INC0018375,Group 57,1,35.94305555555555
INC0018376,Group 28,1,5.606944444444444
INC0018377,Group 70,1,5.019444444444445
INC0018378,Group 70,1,5.016666666666667
INC0018380,Group 65,1,42.63125
INC0018381,Group 20,1,12.832638888888889
INC0018382,Group 19,1,6.54375
INC0018385,Group 70,0,20.635416666666668
INC0018387,Group 70,1,5.03125
INC0018388,Group 70,1,5.026388888888889
INC0018389,Group 70,1,5.016666666666667
INC0018390,Group 70,1,5.043055555555555
INC0018391,Group 70,1,5.040972222222222
INC0018392,Group 70,1,5.0375
INC0018393,Group 70,1,5.035416666666666
INC0018394,Group 70,1,5.034027777777778
INC0018395,Group 70,1,5.031944444444444
INC0018396,Group 70,1,5.026388888888889
INC0018397,Group 70,1,5.024305555555555
INC0018398,Group 70,1,5.04375
INC0018399,Group 39,1,5.581944444444445
INC0018400,Group 24,1,5.38125
INC0018401,Group 70,1,5.065972222222222
INC0018402,Group 70,0,5.968055555555556
INC0018404,Group 24,1,5.196527777777778
INC0018405,Group 70,1,5.022222222222222
INC0018406,Group 70,1,5.0152777777777775
INC0018407,Group 70,1,5.013888888888889
INC0018411,Group 70,1,5.029861111111111
INC0018413,Group 70,1,5.039583333333334
INC0018414,Group 70,1,5.034722222222222
INC0018415,Group 70,1,5.031944444444444
INC0018416,Group 70,1,5.030555555555556
INC0018417,Group 70,1,5.023611111111111
INC0018418,Group 27,1,17.086805555555557
INC0018419,Group 58,1,5.084027777777778
INC0018420,Group 70,1,5.027083333333334
INC0018421,Group 25,1,18.10972222222222
INC0018422,Group 64,1,5.021527777777778
INC0018423,Group 64,1,5.020833333333333
INC0018424,Group 64,1,5.020833333333333
INC0018425,Group 64,1,5.020138888888889
INC0018426,Group 25,1,5.311111111111111
INC0018427,Group 64,1,5.019444444444445
INC0018428,Group 64,1,5.019444444444445
INC0018429,Group 70,1,5.01875
INC0018431,Group 22,1,5.132638888888889
INC0018432,Group 65,1,5.298611111111111
INC0018433,Group 28,1,5.0472222222222225
INC0018434,Group 56,1,5.295833333333333
INC0018435,Group 70,1,17.752083333333335
INC0018436,Group 70,1,5.043055555555555
INC0018437,Group 28,1,7.043055555555555
INC0018438,Group 70,1,5.084027777777778
INC0018439,Group 70,1,5.042361111111111
INC0018440,Group 70,1,5.040972222222222
INC0018441,Group 70,1,5.038194444444445
INC0018442,Group 64,1,5.038194444444445
INC0018443,Group 65,1,5.1625
INC0018444,Group 73,1,10.204166666666667
INC0018446,Group 23,1,5.036111111111111
INC0018447,Group 54,0,24.11875
INC0018448,Group 70,1,5.032638888888889
INC0018449,Group 24,1,6.28125
INC0018450,Group 73,1,11.320833333333333
INC0018451,Group 70,1,5.028472222222222
INC0018452,Group 70,1,5.027083333333334
INC0018453,Group 70,1,5.1930555555555555
INC0018454,Group 24,1,5.0680555555555555
INC0018455,Group 70,1,5.0256944444444445
INC0018456,Group 70,1,5.067361111111111
INC0018457,Group 70,1,5.065277777777778
INC0018458,Group 76,1,12.147916666666667
INC0018459,Group 70,1,19.35625
INC0018461,Group 66,1,7.020833333333333
INC0018462,Group 70,1,6.145138888888889
INC0018463,Group 24,1,17.269444444444446
INC0018464,Group 70,1,5.01875
INC0018465,Group 70,1,5.017361111111111
INC0018466,Group 70,1,5.016666666666667
INC0018467,Group 10,1,6.057638888888889
INC0018468,Group 70,1,5.0152777777777775
INC0018469,Group 70,1,5.014583333333333
INC0018470,Group 70,1,5.013194444444444
INC0018471,Group 70,1,5.0125
INC0018472,Group 70,1,5.053472222222222
INC0018473,Group 70,1,5.011111111111111
INC0018474,Group 65,1,24.176388888888887
INC0018475,Group 70,1,5.007638888888889
INC0018477,Group 23,1,5.090972222222222
INC0018479,Group 70,1,5.006944444444445
INC0018480,Group 70,1,5.13125
INC0018481,Group 23,1,147.0402777777778
INC0018482,Group 64,1,5.169444444444444
INC0018483,Group 30,1,5.044444444444444
INC0018484,Group 70,1,5.04375
INC0018486,Group 70,1,5.042361111111111
INC0018487,Group 27,1,6.084027777777778
INC0018488,Group 30,1,5.040972222222222
INC0018489,Group 70,1,5.039583333333334
INC0018490,Group 70,1,5.038888888888889
INC0018491,Group 20,1,39.99722222222222
INC0018492,Group 6,1,7.204166666666667
INC0018493,Group 70,1,5.0368055555555555
INC0018494,Group 70,1,6.9944444444444445
INC0018495,Group 20,1,5.238888888888889
INC0018496,Group 70,1,7.49375
INC0018498,Group 70,1,5.034027777777778
INC0018500,Group 70,0,5.032638888888889
INC0018501,Group 70,1,5.032638888888889
INC0018504,Group 70,1,5.033333333333333
INC0018506,Group 70,1,6.279166666666667
INC0018507,Group 70,0,6.278472222222222
INC0018508,Group 24,1,5.277777777777778
INC0018509,Group 70,1,5.027083333333334
INC0018512,Group 12,1,14.315972222222221
INC0018513,Group 27,1,6.106944444444444
INC0018514,Group 66,1,30.939583333333335
INC0018515,Group 70,1,5.021527777777778
INC0018516,Group 70,1,5.020833333333333
INC0018517,Group 70,0,6.104166666666667
INC0018518,Group 70,1,6.229166666666667
INC0018519,Group 70,1,5.185416666666667
INC0018521,Group 27,1,6.183333333333334
INC0018522,Group 39,1,11.223611111111111
INC0018523,Group 70,1,5.054861111111111
INC0018525,Group 70,1,5.009027777777778
INC0018526,Group 70,1,5.009027777777778
INC0018530,Group 70,0,5.007638888888889
INC0018533,Group 57,1,24.336805555555557
INC0018535,Group 70,1,5.042361111111111
INC0018537,Group 70,1,5.042361111111111
INC0018539,Group 70,1,5.041666666666667
INC0018540,Group 70,1,5.040277777777778
INC0018542,Group 24,1,5.163194444444445
INC0018543,Group 63,1,105.23958333333333
INC0018544,Group 70,1,10.202777777777778
INC0018545,Group 5,1,6.159722222222222
INC0018546,Group 70,0,5.243055555555555
INC0018547,Group 24,1,5.075
INC0018548,Group 73,1,10.32638888888889
INC0018549,Group 70,1,5.199305555555555
INC0018550,Group 70,0,6.114583333333333
INC0018551,Group 70,1,6.239583333333333
INC0018552,Group 30,1,11.195833333333333
INC0018554,Group 31,1,17.194444444444443
INC0018555,Group 72,1,10.194444444444445
INC0018556,Group 70,0,6.19375
INC0018557,Group 70,1,5.026388888888889
INC0018558,Group 70,1,5.0256944444444445
INC0018560,Group 70,1,7.23125
INC0018565,Group 70,1,5.020138888888889
INC0018566,Group 70,1,5.060416666666667
INC0018567,Group 20,0,5.01875
INC0018568,Group 70,1,5.018055555555556
INC0018569,Group 25,1,17.018055555555556
INC0018570,Group 20,0,5.229166666666667
INC0018571,Group 70,1,5.0152777777777775
INC0018573,Group 70,1,5.013194444444444
INC0018574,Group 70,1,5.013194444444444
INC0018575,Group 39,1,5.179166666666666
INC0018576,Group 72,1,6.011111111111111
INC0018577,Group 22,1,6.844444444444444
INC0018578,Group 70,1,5.052777777777778
INC0018579,Group 70,1,5.010416666666667
INC0018580,Group 54,1,7.05
INC0018582,Group 39,1,6.258333333333334
INC0018583,Group 49,1,5.175
INC0018584,Group 73,1,5.220833333333333
INC0018585,Group 25,1,6.174305555555556
INC0018586,Group 70,1,5.048611111111111
INC0018587,Group 70,1,5.006944444444445
INC0018588,Group 20,1,40.00625
INC0018589,Group 70,1,5.0465277777777775
INC0018590,Group 27,1,5.045138888888889
INC0018591,Group 70,1,5.004861111111111
INC0018593,Group 45,1,5.086111111111111
INC0018594,Group 12,1,29.186805555555555
INC0018595,Group 70,1,5.040972222222222
INC0018597,Group 70,1,5.038194444444445
INC0018598,Group 70,1,5.0375
INC0018599,Group 45,1,6.245833333333334
INC0018600,Group 70,0,5.0368055555555555
INC0018601,Group 70,1,5.036111111111111
INC0018602,Group 27,1,6.0777777777777775
INC0018603,Group 50,1,39.16041666666667
INC0018604,Group 24,1,9.909722222222221
INC0018605,Group 70,1,5.034027777777778
INC0018607,Group 70,1,5.031944444444444
INC0018608,Group 70,1,5.072916666666667
INC0018609,Group 70,1,5.030555555555556
INC0018610,Group 27,1,11.113194444444444
INC0018611,Group 23,1,76.19166666666666
INC0018613,Group 70,1,5.027083333333334
INC0018614,Group 25,1,6.982638888888889
INC0018616,Group 25,1,5.940277777777778
INC0018617,Group 39,1,11.979166666666666
INC0018620,Group 28,1,11.230555555555556
INC0018621,Group 20,1,19.935416666666665
INC0018623,Group 5,0,5.018055555555556
INC0018624,Group 70,1,5.016666666666667
INC0018625,Group 70,1,5.05625
INC0018626,Group 70,1,5.014583333333333
INC0018627,Group 19,1,5.096527777777778
INC0018629,Group 70,1,5.010416666666667
INC0018630,Group 70,1,5.050694444444445
INC0018631,Group 72,1,6.132638888888889
INC0018633,Group 20,1,5.175694444444445
INC0018634,Group 12,1,31.92222222222222
INC0018635,Group 66,1,17.005555555555556
INC0018636,Group 28,1,81.91388888888889
INC0018637,Group 66,1,19.000694444444445
INC0018638,Group 70,1,5.040972222222222
INC0018639,Group 70,1,5.040277777777778
INC0018640,Group 55,0,6.163888888888889
INC0018641,Group 27,1,26.20486111111111
INC0018642,Group 23,1,5.996527777777778
INC0018643,Group 66,1,11.954166666666667
INC0018644,Group 39,1,5.954166666666667
INC0018645,Group 39,1,6.160416666666666
INC0018646,Group 70,1,5.030555555555556
INC0018649,Group 70,1,5.029166666666667
INC0018650,Group 70,1,5.028472222222222
INC0018651,Group 25,1,6.188888888888889
INC0018653,Group 70,1,5.0159722222222225
INC0018655,Group 70,1,5.013888888888889
INC0018656,Group 70,1,5.011805555555555
INC0018657,Group 24,1,5.053472222222222
INC0018660,Group 70,1,5.047916666666667
INC0018661,Group 70,1,5.8805555555555555
INC0018662,Group 55,1,34.83680555555556
INC0018663,Group 70,1,5.045138888888889
INC0018664,Group 70,0,5.043055555555555
INC0018665,Group 70,0,5.124305555555556
INC0018666,Group 70,1,5.039583333333334
INC0018667,Group 70,1,5.038194444444445
INC0018668,Group 70,0,5.0375
INC0018669,Group 70,1,5.0368055555555555
INC0018670,Group 25,1,233.86180555555555
INC0018672,Group 72,1,10.907638888888888
INC0018673,Group 70,1,5.03125
INC0018674,Group 76,0,5.030555555555556
INC0018675,Group 70,1,11.947222222222223
INC0018676,Group 27,1,7.154861111111111
INC0018677,Group 22,1,6.8625
INC0018680,Group 70,0,6.1090277777777775
INC0018681,Group 48,1,6.151388888888889
INC0018684,Group 70,0,17.93888888888889
INC0018685,Group 27,1,7.063194444444444
INC0018687,Group 29,1,14.102083333333333
INC0018688,Group 70,0,6.058333333333334
INC0018689,Group 6,1,10.931944444444444
INC0018690,Group 70,1,5.014583333333333
INC0018692,Group 20,1,7.05625
INC0018694,Group 70,0,5.7625
INC0018695,Group 76,1,12.177083333333334
INC0018696,Group 25,1,16.925
INC0018697,Group 12,1,5.884722222222222
INC0018699,Group 23,1,6.923611111111111
INC0018700,Group 68,1,45.173611111111114
INC0018703,Group 70,1,5.045833333333333
INC0018704,Group 25,1,12.04375
INC0018705,Group 70,0,7.085416666666666
INC0018706,Group 47,1,16.877083333333335
INC0018707,Group 70,1,5.042361111111111
INC0018708,Group 30,1,5.039583333333334
INC0018710,Group 70,1,5.038194444444445
INC0018711,Group 23,1,129.95
INC0018712,Group 70,1,5.0368055555555555
INC0018713,Group 70,1,5.034722222222222
INC0018715,Group 23,1,9.78125
INC0018718,Group 68,1,11.863194444444444
INC0018721,Group 31,1,5.0680555555555555
INC0018723,Group 70,1,17.856944444444444
INC0018728,Group 70,1,5.061111111111111
INC0018729,Group 70,1,5.01875
INC0018731,Group 68,1,5.061805555555556
INC0018732,Group 55,1,5.0159722222222225
INC0018733,Group 70,1,5.014583333333333
INC0018735,Group 70,1,5.013194444444444
INC0018737,Group 70,1,5.053472222222222
INC0018738,Group 39,1,10.886111111111111
INC0018739,Group 82,0,11.134027777777778
INC0018742,Group 10,1,18.961805555555557
INC0018743,Group 70,1,5.044444444444444
INC0018745,Group 25,1,5.047916666666667
INC0018747,Group 23,1,95.99652777777777
INC0018748,Group 25,1,46.00347222222222
INC0018749,Group 56,1,5.045138888888889
INC0018750,Group 5,1,26.961111111111112
INC0018753,Group 39,1,7.040277777777778
INC0018755,Group 25,1,11.872222222222222
INC0018757,Group 39,1,5.039583333333334
INC0018759,Group 22,1,5.9534722222222225
INC0018760,Group 70,1,17.82777777777778
INC0018764,Group 70,0,6.034722222222222
INC0018765,Group 70,1,5.034027777777778
INC0018772,Group 27,1,5.905555555555556
INC0018775,Group 20,1,6.070833333333334
INC0018777,Group 70,1,5.028472222222222
INC0018778,Group 10,1,38.81944444444444
INC0018779,Group 22,1,6.027777777777778
INC0018781,Group 70,1,5.027083333333334
INC0018782,Group 70,1,5.031944444444444
INC0018787,Group 70,1,5.024305555555555
INC0018789,Group 54,1,7.065277777777778
INC0018792,Group 70,1,5.020138888888889
INC0018795,Group 70,1,5.018055555555556
INC0018797,Group 70,1,5.014583333333333
INC0018799,Group 70,1,5.014583333333333
INC0018804,Group 70,1,5.016666666666667
INC0018805,Group 39,1,6.009722222222222
INC0018810,Group 39,1,11.005555555555556
INC0018813,Group 75,1,41.048611111111114
INC0018814,Group 70,1,5.008333333333334
INC0018817,Group 39,1,5.004166666666666
INC0018820,Group 25,1,10.000694444444445
INC0018822,Group 29,1,24.708333333333332
INC0018823,Group 66,1,83.99305555555556
INC0018825,Group 70,1,5.000694444444444
INC0018826,Group 70,1,4.999305555555556
INC0018827,Group 70,1,4.999305555555556
INC0018828,Group 70,1,4.997916666666667
INC0018829,Group 53,1,5.742361111111111
INC0018830,Group 27,1,5.741666666666666
INC0018831,Group 70,1,4.995138888888889
INC0018835,Group 70,1,4.991666666666666
INC0018837,Group 70,1,4.990277777777778
INC0018839,Group 70,0,34.06944444444444
INC0018841,Group 70,1,4.988888888888889
INC0018843,Group 70,1,4.9847222222222225
INC0018844,Group 39,1,4.979166666666667
INC0018845,Group 70,1,4.977083333333334
INC0018846,Group 70,1,4.977777777777778
INC0018847,Group 70,1,4.977083333333334
INC0018848,Group 70,1,4.976388888888889
INC0018851,Group 70,1,4.9743055555555555
INC0018854,Group 22,1,16.800694444444446
INC0018855,Group 30,1,5.965972222222222
INC0018856,Group 70,1,4.966666666666667
INC0018857,Group 39,1,19.045833333333334
INC0018858,Group 39,1,5.959027777777778
INC0018859,Group 39,1,5.95625
INC0018860,Group 70,1,4.959027777777778
INC0018861,Group 70,1,4.956944444444445
INC0018862,Group 70,1,4.955555555555556
INC0018863,Group 39,1,4.955555555555556
INC0018865,Group 70,1,4.9534722222222225
INC0018866,Group 10,1,33.90972222222222
INC0018867,Group 70,1,4.951388888888889
INC0018869,Group 34,1,4.945138888888889
INC0018870,Group 21,1,10.734027777777778
INC0018871,Group 70,1,4.940972222222222
INC0018872,Group 10,1,17.727777777777778
INC0018875,Group 5,1,16.639583333333334
INC0018876,Group 33,1,9.88125
INC0018877,Group 70,1,4.917361111111111
INC0018878,Group 70,1,4.90625
INC0018879,Group 70,1,4.904166666666667
INC0018880,Group 57,1,25.94236111111111
INC0018881,Group 39,1,5.65
INC0018883,Group 70,0,6.728472222222222
INC0018884,Group 70,1,4.894444444444445
INC0018885,Group 76,1,18.721527777777776
INC0018886,Group 70,1,4.885416666666667
INC0018890,Group 70,1,4.852777777777778
INC0018892,Group 70,1,4.8375
INC0018893,Group 70,1,4.817361111111111
INC0018894,Group 33,1,19.689583333333335
INC0018895,Group 70,1,4.811805555555556
INC0018897,Group 58,1,5.663888888888889
INC0018898,Group 70,1,4.784722222222222
INC0018899,Group 70,1,5.695138888888889
INC0018901,Group 55,1,4.76875
INC0018902,Group 25,1,10.683333333333334
INC0018903,Group 70,1,4.758333333333334
INC0018905,Group 70,0,18.452083333333334
INC0018907,Group 70,1,4.741666666666666
INC0018908,Group 58,1,5.613194444444445
INC0018909,Group 70,1,4.736805555555556
INC0018910,Group 39,1,5.513194444444444
INC0018911,Group 58,1,5.365277777777778
INC0018913,Group 70,1,5.041666666666667
INC0018915,Group 53,1,5.402777777777778
INC0018916,Group 55,1,5.346527777777778
INC0018918,Group 70,1,5.004861111111111
INC0018920,Group 70,1,5.104861111111111
INC0018921,Group 70,1,5.0152777777777775
INC0018922,Group 70,1,5.04375
INC0018923,Group 70,0,20.12638888888889
INC0018924,Group 70,1,5.035416666666666
INC0018925,Group 70,1,5.002083333333333
INC0018926,Group 70,1,5.0368055555555555
INC0018928,Group 24,1,5.1875
INC0018930,Group 22,1,5.127083333333333
INC0018931,Group 64,1,5.002777777777778
INC0018932,Group 64,1,5.040972222222222
INC0018933,Group 64,1,5.036111111111111
INC0018934,Group 64,1,5.034722222222222
INC0018935,Group 64,1,5.030555555555556
INC0018936,Group 25,1,9.403472222222222
INC0018937,Group 70,1,5.026388888888889
INC0018938,Group 64,1,5.025
INC0018939,Group 25,1,10.313194444444445
INC0018940,Group 25,1,11.224305555555556
INC0018941,Group 70,1,5.0125
INC0018942,Group 70,1,5.009027777777778
INC0018943,Group 51,1,9.50625
INC0018945,Group 70,1,5.040972222222222
INC0018947,Group 39,1,5.332638888888889
INC0018950,Group 70,1,5.038888888888889
INC0018951,Group 70,1,5.038194444444445
INC0018955,Group 39,1,6.159722222222222
INC0018957,Group 70,1,5.034027777777778
INC0018960,Group 29,1,10.11736111111111
INC0018962,Group 39,1,10.40625
INC0018963,Group 25,1,6.363888888888889
INC0018964,Group 76,0,5.238194444444445
INC0018965,Group 70,1,5.027777777777778
INC0018970,Group 31,1,19.149305555555557
INC0018971,Group 70,1,5.023611111111111
INC0018972,Group 70,1,23.271527777777777
INC0018973,Group 70,0,5.063194444444444
INC0018974,Group 70,1,17.104861111111113
INC0018976,Group 70,0,5.2868055555555555
INC0018977,Group 70,1,5.019444444444445
INC0018979,Group 39,1,5.101388888888889
INC0018980,Group 70,1,5.017361111111111
INC0018981,Group 46,1,5.017361111111111
INC0018983,Group 70,1,7.307638888888889
INC0018984,Group 46,1,5.0152777777777775
INC0018985,Group 70,1,5.18125
INC0018986,Group 70,1,5.0159722222222225
INC0018987,Group 70,1,5.013888888888889
INC0018988,Group 70,1,5.221527777777778
INC0018989,Group 33,1,6.1375
INC0018990,Group 70,1,5.011111111111111
INC0018991,Group 70,1,5.093055555555556
INC0018993,Group 70,1,5.047916666666667
INC0018995,Group 73,1,11.172222222222222
INC0018996,Group 70,1,5.0465277777777775
INC0018997,Group 72,0,5.086805555555555
INC0018998,Group 70,1,5.004861111111111
INC0018999,Group 70,1,5.002777777777778
INC0019000,Group 24,1,5.085416666666666
INC0019001,Group 70,0,11.165972222222223
INC0019002,Group 70,1,10.540972222222223
INC0019003,Group 70,1,5.039583333333334
INC0019004,Group 70,1,6.33125
INC0019005,Group 25,1,5.038194444444445
INC0019006,Group 39,1,5.2875
INC0019007,Group 70,1,5.0368055555555555
INC0019008,Group 70,1,5.036111111111111
INC0019009,Group 27,1,9.327083333333333
INC0019010,Group 70,1,5.077083333333333
INC0019012,Group 70,1,5.034027777777778
INC0019013,Group 27,1,6.284027777777778
INC0019014,Group 20,1,0.15347222222222223
INC0019015,Group 39,1,5.074305555555555
INC0019016,Group 64,1,5.031944444444444
INC0019017,Group 27,1,5.15625
INC0019018,Group 12,1,25.986805555555556
INC0019019,Group 27,1,6.279861111111111
INC0019020,Group 69,1,9.070833333333333
INC0019022,Group 70,1,5.028472222222222
INC0019023,Group 70,1,5.027777777777778
INC0019024,Group 70,1,6.235416666666667
INC0019025,Group 39,1,5.06875
INC0019026,Group 25,1,6.2340277777777775
INC0019027,Group 70,1,5.025
INC0019028,Group 3,1,164.2263888888889
INC0019029,Group 66,1,15.939583333333333
INC0019031,Group 70,1,5.063194444444444
INC0019032,Group 70,0,5.020833333333333
INC0019034,Group 39,1,5.061111111111111
INC0019035,Group 73,1,10.019444444444444
INC0019036,Group 39,1,5.059027777777778
INC0019037,Group 25,1,6.057638888888889
INC0019038,Group 70,1,5.0159722222222225
INC0019039,Group 70,1,5.0152777777777775
INC0019040,Group 70,0,5.013888888888889
INC0019041,Group 70,1,5.050694444444445
INC0019042,Group 57,1,18.299305555555556
INC0019043,Group 66,1,5.215972222222222
INC0019045,Group 73,1,9.13125
INC0019047,Group 70,1,5.002777777777778
INC0019048,Group 39,1,10.21111111111111
INC0019050,Group 70,1,5.043055555555555
INC0019053,Group 70,1,5.040277777777778
INC0019054,Group 31,0,9.20625
INC0019056,Group 33,1,5.038888888888889
INC0019057,Group 24,1,5.080555555555556
INC0019058,Group 70,0,5.0375
INC0019059,Group 70,1,5.0375
INC0019060,Group 70,1,5.075694444444444
INC0019061,Group 70,1,5.032638888888889
INC0019062,Group 28,1,5.199305555555555
INC0019063,Group 70,1,10.990277777777777
INC0019064,Group 70,1,5.03125
INC0019065,Group 70,1,23.238194444444446
INC0019066,Group 70,1,5.029166666666667
INC0019067,Group 70,1,17.028472222222224
INC0019069,Group 37,1,12.943055555555556
INC0019070,Group 70,1,90.14583333333333
INC0019071,Group 6,1,5.1506944444444445
INC0019072,Group 70,1,5.025
INC0019073,Group 70,1,5.025
INC0019074,Group 74,1,38.02291666666667
INC0019075,Group 66,1,5.23125
INC0019076,Group 70,1,5.022916666666666
INC0019078,Group 24,1,5.938194444444444
INC0019079,Group 70,1,5.019444444444445
INC0019081,Group 70,1,6.184722222222222
INC0019082,Group 70,1,5.0159722222222225
INC0019083,Group 76,1,11.181944444444444
INC0019084,Group 31,1,79.46805555555555
INC0019086,Group 22,1,19.264583333333334
INC0019087,Group 72,1,8.970138888888888
INC0019088,Group 22,1,5.970138888888889
INC0019089,Group 65,1,16.302083333333332
INC0019090,Group 70,1,5.052083333333333
INC0019092,Group 70,0,5.340277777777778
INC0019094,Group 20,1,0.24027777777777778
INC0019095,Group 70,1,5.0472222222222225
INC0019096,Group 72,1,9.171527777777778
INC0019097,Group 25,1,6.045833333333333
INC0019098,Group 25,1,180.20625
INC0019100,Group 25,1,17.12638888888889
INC0019101,Group 25,1,9.999305555555555
INC0019103,Group 70,1,5.040277777777778
INC0019104,Group 70,1,5.038194444444445
INC0019105,Group 6,1,12.996527777777779
INC0019106,Group 70,1,5.036111111111111
INC0019107,Group 23,1,5.034722222222222
INC0019108,Group 70,0,6.034722222222222
INC0019109,Group 70,1,5.034722222222222
INC0019110,Group 53,1,5.990277777777778
INC0019112,Group 70,1,5.03125
INC0019113,Group 70,1,5.029166666666667
INC0019116,Group 70,1,5.153472222222222
INC0019120,Group 27,1,5.236111111111111
INC0019124,Group 50,1,25.15
INC0019125,Group 75,1,24.273611111111112
INC0019126,Group 70,1,5.022916666666666
INC0019128,Group 70,0,6.022222222222222
INC0019129,Group 60,1,9.9375
INC0019131,Group 63,1,104.22361111111111
INC0019132,Group 70,1,5.061805555555556
INC0019133,Group 70,1,5.018055555555556
INC0019136,Group 6,1,10.930555555555555
INC0019137,Group 70,1,5.0125
INC0019139,Group 39,1,5.136111111111111
INC0019140,Group 24,1,5.011111111111111
INC0019141,Group 70,0,6.011111111111111
INC0019142,Group 70,1,5.009027777777778
INC0019146,Group 70,1,5.007638888888889
INC0019150,Group 70,1,5.0472222222222225
INC0019151,Group 24,1,5.0465277777777775
INC0019154,Group 70,1,5.045833333333333
INC0019156,Group 6,1,5.9625
INC0019162,Group 70,1,5.118055555555555
INC0019163,Group 25,1,5.200694444444444
INC0019164,Group 70,1,5.116666666666666
INC0019166,Group 48,1,5.155555555555556
INC0019167,Group 25,1,17.988888888888887
INC0019168,Group 70,1,5.029166666666667
INC0019169,Group 70,1,5.028472222222222
INC0019171,Group 6,1,10.944444444444445
INC0019172,Group 70,0,6.06875
INC0019173,Group 70,1,5.025
INC0019174,Group 23,1,6.023611111111111
INC0019176,Group 70,1,5.022916666666666
INC0019180,Group 70,1,5.022222222222222
INC0019181,Group 70,1,10.841666666666667
INC0019182,Group 70,1,5.023611111111111
INC0019184,Group 39,1,5.145833333333333
INC0019185,Group 70,1,5.017361111111111
INC0019186,Group 70,1,5.0159722222222225
INC0019187,Group 25,1,23.013194444444444
INC0019188,Group 70,1,5.053472222222222
INC0019189,Group 73,1,5.093055555555556
INC0019190,Group 70,1,5.009722222222222
INC0019191,Group 70,1,5.048611111111111
INC0019193,Group 39,1,5.2125
INC0019194,Group 70,1,5.00625
INC0019195,Group 70,1,5.045138888888889
INC0019196,Group 70,1,5.04375
INC0019197,Group 75,1,24.999305555555555
INC0019198,Group 70,1,5.038194444444445
INC0019200,Group 76,1,38.91041666666667
INC0019201,Group 70,1,5.035416666666666
INC0019202,Group 65,1,30.117361111111112
INC0019204,Group 70,1,5.074305555555555
INC0019206,Group 70,1,5.03125
INC0019208,Group 70,1,5.030555555555556
INC0019209,Group 70,1,5.030555555555556
INC0019211,Group 70,1,5.029166666666667
INC0019212,Group 20,1,8.86111111111111
INC0019213,Group 70,1,5.025
INC0019214,Group 70,1,5.024305555555555
INC0019215,Group 23,1,5.188888888888889
INC0019216,Group 70,1,5.021527777777778
INC0019219,Group 70,1,5.059027777777778
INC0019220,Group 39,1,5.85
INC0019221,Group 27,1,8.975
INC0019222,Group 24,1,5.1409722222222225
INC0019223,Group 39,1,16.84861111111111
INC0019224,Group 70,1,5.0152777777777775
INC0019225,Group 70,0,5.1402777777777775
INC0019227,Group 70,1,5.014583333333333
INC0019228,Group 70,1,5.052777777777778
INC0019229,Group 62,1,216.00277777777777
INC0019230,Group 70,1,5.006944444444445
INC0019231,Group 70,1,61.79236111111111
INC0019232,Group 27,1,6.088888888888889
INC0019233,Group 70,1,5.0055555555555555
INC0019234,Group 70,1,5.04375
INC0019235,Group 39,1,15.91875
INC0019236,Group 6,1,10.041666666666666
INC0019237,Group 56,1,5.081944444444445
INC0019238,Group 70,1,5.039583333333334
INC0019239,Group 20,0,5.039583333333334
INC0019240,Group 70,1,5.039583333333334
INC0019241,Group 70,1,5.039583333333334
INC0019242,Group 76,1,10.953472222222222
INC0019244,Group 25,1,11.035416666666666
INC0019247,Group 70,1,5.032638888888889
INC0019248,Group 70,1,5.031944444444444
INC0019250,Group 70,1,5.030555555555556
INC0019252,Group 70,1,5.029861111111111
INC0019253,Group 31,1,18.90277777777778
INC0019255,Group 6,1,5.985416666666667
INC0019256,Group 70,1,5.026388888888889
INC0019257,Group 30,1,79.06319444444445
INC0019258,Group 70,1,5.022916666666666
INC0019260,Group 70,1,9.813194444444445
INC0019262,Group 70,1,5.021527777777778
INC0019263,Group 70,1,10.852083333333333
INC0019264,Group 70,1,11.059722222222222
INC0019265,Group 73,1,8.933333333333334
INC0019266,Group 70,1,5.0569444444444445
INC0019267,Group 70,1,5.05625
INC0019268,Group 70,1,10.972916666666666
INC0019269,Group 70,1,5.013194444444444
INC0019270,Group 70,1,5.011805555555555
INC0019271,Group 70,0,5.970138888888889
INC0019272,Group 37,1,23.09513888888889
INC0019273,Group 70,1,5.013194444444444
INC0019274,Group 70,1,16.883333333333333
INC0019275,Group 25,1,9.921527777777778
INC0019277,Group 25,1,10.875
INC0019278,Group 27,1,5.081944444444445
INC0019279,Group 25,1,8.831944444444444
INC0019281,Group 25,1,9.123611111111112
INC0019282,Group 70,1,5.0375
INC0019283,Group 70,1,5.120833333333334
INC0019284,Group 25,1,9.994444444444444
INC0019285,Group 70,0,5.036111111111111
INC0019286,Group 70,1,5.035416666666666
INC0019287,Group 25,1,10.86875
INC0019289,Group 25,1,10.11875
INC0019290,Group 25,1,15.74375
INC0019292,Group 25,1,9.116666666666667
INC0019293,Group 70,1,5.033333333333333
INC0019294,Group 57,1,8.865277777777777
INC0019295,Group 27,1,9.947916666666666
INC0019296,Group 70,1,5.029861111111111
INC0019297,Group 70,1,5.027777777777778
INC0019298,Group 25,1,19.73125
INC0019299,Group 70,1,5.022916666666666
INC0019300,Group 70,0,5.022222222222222
INC0019302,Group 66,1,16.728472222222223
INC0019303,Group 70,1,5.019444444444445
INC0019304,Group 76,1,18.851388888888888
INC0019305,Group 70,1,5.017361111111111
INC0019306,Group 70,1,5.0159722222222225
INC0019308,Group 70,1,10.930555555555555
INC0019309,Group 57,1,5.054861111111111
INC0019310,Group 70,1,5.0125
INC0019311,Group 70,1,16.841666666666665
INC0019313,Group 70,1,11.965972222222222
INC0019314,Group 72,1,8.964583333333334
INC0019316,Group 70,1,5.7972222222222225
INC0019317,Group 70,1,5.004166666666666
INC0019318,Group 66,1,32.75
INC0019321,Group 70,1,5.002083333333333
INC0019322,Group 39,1,5.707638888888889
INC0019323,Group 70,1,5.040277777777778
INC0019324,Group 70,1,22.99861111111111
INC0019325,Group 66,1,16.955555555555556
INC0019326,Group 70,1,18.825694444444444
INC0019328,Group 54,1,5.824305555555555
INC0019329,Group 70,1,5.031944444444444
INC0019330,Group 46,1,5.030555555555556
INC0019331,Group 66,1,19.779166666666665
INC0019332,Group 70,1,89.89791666666666
INC0019333,Group 39,1,5.7756944444444445
INC0019334,Group 49,1,9.89861111111111
INC0019335,Group 20,1,5.856944444444444
INC0019336,Group 39,1,5.063194444444444
INC0019337,Group 66,1,15.646527777777777
INC0019338,Group 70,1,5.895138888888889
INC0019339,Group 39,1,5.977777777777778
INC0019341,Group 39,1,5.016666666666667
INC0019342,Group 25,1,5.764583333333333
INC0019343,Group 70,1,5.05625
INC0019345,Group 55,1,8.88888888888889
INC0019346,Group 72,1,9.720833333333333
INC0019348,Group 27,1,5.968055555555556
INC0019349,Group 70,1,5.006944444444445
INC0019351,Group 70,1,5.048611111111111
INC0019352,Group 70,0,5.715277777777778
INC0019353,Group 20,1,31.71527777777778
INC0019355,Group 25,1,5.004166666666666
INC0019356,Group 70,1,5.004166666666666
INC0019357,Group 6,1,8.91875
INC0019358,Group 69,1,5.667361111111111
INC0019359,Group 70,1,5.040277777777778
INC0019360,Group 55,1,5.746527777777778
INC0019361,Group 70,0,5.034722222222222
INC0019362,Group 57,1,5.699305555555555
INC0019365,Group 70,1,5.029166666666667
INC0019368,Group 53,1,17.06736111111111
INC0019369,Group 70,1,5.022916666666666
INC0019370,Group 39,1,5.686805555555556
INC0019371,Group 37,1,5.7659722222222225
INC0019372,Group 70,1,5.014583333333333
INC0019373,Group 3,1,163.88333333333333
INC0019374,Group 31,1,22.71875
INC0019378,Group 70,1,5.042361111111111
INC0019379,Group 70,0,5.040972222222222
INC0019380,Group 55,1,8.661805555555556
INC0019381,Group 55,1,38.69583333333333
INC0019385,Group 70,1,5.0625
INC0019387,Group 70,1,5.04375
INC0019388,Group 76,0,5.038888888888889
INC0019389,Group 70,1,5.0375
INC0019390,Group 55,1,17.7
INC0019391,Group 72,1,5.822222222222222
INC0019392,Group 70,0,5.110416666666667
INC0019393,Group 70,1,5.023611111111111
INC0019394,Group 58,1,5.543055555555555
INC0019395,Group 70,1,5.022916666666666
INC0019396,Group 70,1,33.142361111111114
INC0019397,Group 58,1,5.490277777777778
INC0019398,Group 70,1,5.009027777777778
INC0019399,Group 70,0,17.53125
INC0019401,Group 56,1,5.579166666666667
INC0019402,Group 24,1,17.645833333333332
INC0019403,Group 70,1,5.079861111111111
INC0019404,Group 25,0,18.49513888888889
INC0019405,Group 70,1,5.067361111111111
INC0019406,Group 70,1,5.021527777777778
INC0019407,Group 70,1,5.059027777777778
INC0019408,Group 39,1,5.347916666666666
INC0019410,Group 25,1,10.588888888888889
INC0019411,Group 24,1,8.334027777777777
INC0019412,Group 70,1,5.0159722222222225
INC0019413,Group 28,1,9.54861111111111
INC0019414,Group 70,1,5.004861111111111
INC0019415,Group 56,1,5.376388888888889
INC0019418,Group 70,1,5.067361111111111
INC0019419,Group 70,1,5.050694444444445
INC0019420,Group 70,1,5.040277777777778
INC0019423,Group 70,1,5.0159722222222225
INC0019424,Group 70,1,5.029861111111111
INC0019425,Group 70,1,9.359722222222222
INC0019426,Group 70,1,5.0159722222222225
INC0019429,Group 70,1,5.040277777777778
INC0019430,Group 22,1,23.15972222222222
INC0019431,Group 25,1,22.239583333333332
INC0019434,Group 72,1,5.386805555555555
INC0019435,Group 70,1,5.009722222222222
INC0019436,Group 25,1,26.215972222222224
INC0019437,Group 73,1,9.425694444444444
INC0019439,Group 48,1,5.2555555555555555
INC0019440,Group 70,1,5.045138888888889
INC0019441,Group 70,1,5.041666666666667
INC0019444,Group 70,1,5.034027777777778
INC0019446,Group 9,1,233.11180555555555
INC0019447,Group 70,1,5.033333333333333
INC0019448,Group 70,1,25.323611111111113
INC0019449,Group 70,1,5.115277777777778
INC0019450,Group 70,1,8.03125
INC0019451,Group 70,1,9.072222222222223
INC0019452,Group 53,1,5.072222222222222
INC0019455,Group 24,1,10.32013888888889
INC0019456,Group 70,1,5.028472222222222
INC0019457,Group 70,1,5.027777777777778
INC0019458,Group 70,1,5.027777777777778
INC0019459,Group 54,1,5.149305555555555
INC0019460,Group 5,1,8.147222222222222
INC0019461,Group 39,1,5.063888888888889
INC0019462,Group 70,1,5.022222222222222
INC0019463,Group 70,1,5.021527777777778
INC0019464,Group 39,1,5.0625
INC0019465,Group 70,1,9.061111111111112
INC0019466,Group 70,1,5.01875
INC0019467,Group 39,1,8.39375
INC0019468,Group 15,1,250.26388888888889
INC0019469,Group 30,1,5.059027777777778
INC0019471,Group 58,1,60.015277777777776
INC0019472,Group 70,1,5.014583333333333
INC0019474,Group 70,1,5.013194444444444
INC0019475,Group 70,1,5.0125
INC0019476,Group 70,1,5.009722222222222
INC0019477,Group 9,1,79.12847222222223
INC0019480,Group 39,1,5.256944444444445
INC0019481,Group 70,1,5.006944444444445
INC0019483,Group 76,1,10.422916666666667
INC0019484,Group 70,1,5.0465277777777775
INC0019486,Group 70,1,5.0465277777777775
INC0019487,Group 27,1,5.295833333333333
INC0019488,Group 70,1,5.043055555555555
INC0019489,Group 70,0,9.209722222222222
INC0019490,Group 24,1,5.123611111111111
INC0019491,Group 25,1,18.12361111111111
INC0019492,Group 70,1,5.122222222222222
INC0019493,Group 24,0,5.038888888888889
INC0019494,Group 70,1,5.038194444444445
INC0019495,Group 25,1,8.2875
INC0019496,Group 39,1,5.286111111111111
INC0019497,Group 70,1,5.077083333333333
INC0019498,Group 24,1,7.99375
INC0019500,Group 70,1,5.033333333333333
INC0019503,Group 20,0,5.197916666666667
INC0019505,Group 70,1,5.03125
INC0019507,Group 69,1,5.030555555555556
INC0019508,Group 55,1,5.070833333333334
INC0019509,Group 65,1,38.07083333333333
INC0019510,Group 70,1,9.028472222222222
INC0019511,Group 70,1,5.027777777777778
INC0019512,Group 70,1,5.0256944444444445
INC0019513,Group 70,1,5.025
INC0019514,Group 25,1,5.232638888888889
INC0019515,Group 70,0,5.065277777777778
INC0019518,Group 70,1,5.022916666666666
INC0019521,Group 70,1,5.022222222222222
INC0019522,Group 70,1,5.022222222222222
INC0019523,Group 70,1,5.022222222222222
INC0019525,Group 49,1,5.188194444444444
INC0019526,Group 48,1,7.978472222222222
INC0019528,Group 39,1,10.311111111111112
INC0019530,Group 70,1,5.019444444444445
INC0019532,Group 70,1,5.018055555555556
INC0019533,Group 24,1,5.101388888888889
INC0019534,Group 39,1,5.100694444444445
INC0019536,Group 23,1,9.141666666666667
INC0019537,Group 5,1,8.016666666666667
INC0019538,Group 72,1,8.224305555555556
INC0019539,Group 70,1,5.0152777777777775
INC0019540,Group 62,1,5.055555555555555
INC0019541,Group 24,1,5.095833333333333
INC0019542,Group 70,1,5.0125
INC0019543,Group 73,1,5.052083333333333
INC0019546,Group 73,1,5.134027777777778
INC0019547,Group 70,1,5.011111111111111
INC0019548,Group 70,1,5.049305555555556
INC0019549,Group 70,1,5.007638888888889
INC0019550,Group 70,1,5.00625
INC0019552,Group 70,1,5.04375
INC0019553,Group 12,1,24.045833333333334
INC0019555,Group 73,1,5.042361111111111
INC0019556,Group 5,1,5.084027777777778
INC0019557,Group 20,1,5.041666666666667
INC0019558,Group 70,0,9.290972222222223
INC0019559,Group 10,1,9.043055555555556
INC0019560,Group 70,1,5.040972222222222
INC0019561,Group 70,1,5.0375
INC0019562,Group 70,1,5.0375
INC0019563,Group 70,1,5.0368055555555555
INC0019564,Group 70,1,5.036111111111111
INC0019568,Group 70,1,8.991666666666667
INC0019570,Group 39,1,9.32638888888889
INC0019573,Group 5,1,10.07013888888889
INC0019574,Group 70,1,5.027777777777778
INC0019575,Group 39,1,5.0680555555555555
INC0019576,Group 65,1,26.23402777777778
INC0019578,Group 33,1,38.02361111111111
INC0019579,Group 70,1,5.022916666666666
INC0019580,Group 70,1,5.230555555555555
INC0019581,Group 70,1,5.022222222222222
INC0019582,Group 70,1,5.021527777777778
INC0019583,Group 49,1,5.228472222222222
INC0019584,Group 70,1,5.019444444444445
INC0019585,Group 70,1,5.059722222222222
INC0019586,Group 39,1,5.058333333333334
INC0019587,Group 70,1,5.0152777777777775
INC0019590,Group 30,1,5.135416666666667
INC0019591,Group 70,1,5.010416666666667
INC0019592,Group 70,1,5.052083333333333
INC0019593,Group 25,1,9.218055555555555
INC0019595,Group 74,1,8.214583333333334
INC0019598,Group 23,1,5.129861111111111
INC0019599,Group 25,1,25.17152777777778
INC0019600,Group 70,1,5.0465277777777775
INC0019601,Group 70,1,5.044444444444444
INC0019602,Group 70,1,5.043055555555555
INC0019603,Group 70,0,5.166666666666667
INC0019604,Group 70,0,8.416666666666666
INC0019608,Group 25,1,8.20625
INC0019609,Group 70,0,16.911805555555556
INC0019610,Group 70,1,5.036111111111111
INC0019611,Group 28,1,8.033333333333333
INC0019612,Group 25,1,10.153472222222222
INC0019613,Group 70,1,5.028472222222222
INC0019614,Group 70,1,5.027777777777778
INC0019616,Group 25,1,8.193055555555556
INC0019617,Group 70,1,51.15069444444445
INC0019618,Group 70,1,5.025
INC0019619,Group 70,1,5.022222222222222
INC0019620,Group 29,1,44.145833333333336
INC0019622,Group 70,1,5.061805555555556
INC0019623,Group 70,1,5.019444444444445
INC0019624,Group 70,1,5.019444444444445
INC0019625,Group 23,1,7.977083333333334
INC0019626,Group 39,1,5.184722222222222
INC0019627,Group 20,1,5.100694444444445
INC0019628,Group 70,1,5.017361111111111
INC0019629,Group 70,1,5.017361111111111
INC0019632,Group 24,1,5.0152777777777775
INC0019637,Group 25,1,9.138194444444444
INC0019638,Group 39,1,5.179861111111111
INC0019644,Group 24,1,8.053472222222222
INC0019646,Group 66,1,36.17638888888889
INC0019650,Group 70,1,24.008333333333333
INC0019652,Group 70,1,16.007638888888888
INC0019653,Group 70,1,5.007638888888889
INC0019654,Group 31,1,36.25694444444444
INC0019655,Group 70,1,5.0472222222222225
INC0019656,Group 73,1,30.17222222222222
INC0019660,Group 70,1,5.045833333333333
INC0019662,Group 70,1,5.0055555555555555
INC0019663,Group 39,1,9.086805555555555
INC0019665,Group 70,1,5.045138888888889
INC0019671,Group 46,1,5.125694444444444
INC0019672,Group 70,1,5.041666666666667
INC0019674,Group 70,0,8.206944444444444
INC0019676,Group 70,1,5.08125
INC0019678,Group 39,1,5.122916666666667
INC0019681,Group 70,1,11.121527777777779
INC0019688,Group 70,1,5.0368055555555555
INC0019691,Group 39,1,5.911111111111111
INC0019693,Group 70,1,32.15972222222222
INC0019695,Group 25,1,7.95
INC0019698,Group 61,1,205.06527777777777
INC0019699,Group 20,1,9.94513888888889
INC0019702,Group 70,1,5.026388888888889
INC0019703,Group 27,1,5.1097222222222225
INC0019705,Group 65,1,36.859027777777776
INC0019706,Group 70,1,5.023611111111111
INC0019707,Group 24,1,5.10625
INC0019708,Group 70,1,5.0625
INC0019709,Group 70,1,5.020138888888889
INC0019710,Group 70,1,5.019444444444445
INC0019712,Group 29,1,12.143055555555556
INC0019716,Group 70,1,5.014583333333333
INC0019717,Group 68,1,43.22291666666667
INC0019718,Group 70,1,5.013888888888889
INC0019719,Group 23,1,8.013194444444444
INC0019723,Group 70,1,5.054861111111111
INC0019725,Group 70,1,5.00625
INC0019726,Group 70,1,5.007638888888889
INC0019727,Group 70,1,5.045833333333333
INC0019728,Group 70,1,5.042361111111111
INC0019729,Group 70,1,5.039583333333334
INC0019730,Group 70,1,5.038194444444445
INC0019732,Group 30,1,9.159722222222221
INC0019734,Group 70,1,5.158333333333333
INC0019735,Group 39,1,5.113888888888889
INC0019737,Group 70,1,5.154861111111111
INC0019738,Group 70,1,5.029861111111111
INC0019739,Group 70,1,37.77777777777778
INC0019742,Group 12,1,12.150694444444444
INC0019743,Group 70,1,5.025
INC0019748,Group 70,1,5.144444444444445
INC0019751,Group 30,1,5.060416666666667
INC0019752,Group 70,1,37.893055555555556
INC0019755,Group 70,0,8.01736111111111
INC0019756,Group 75,1,5.100694444444445
INC0019757,Group 26,1,14.850694444444445
INC0019758,Group 70,1,5.017361111111111
INC0019759,Group 39,1,5.1
INC0019765,Group 70,1,5.011805555555555
INC0019768,Group 27,1,18.96875
INC0019771,Group 70,1,5.051388888888889
INC0019773,Group 66,1,24.134027777777778
INC0019776,Group 39,1,5.090972222222222
INC0019778,Group 70,1,5.048611111111111
INC0019782,Group 25,1,5.0472222222222225
INC0019783,Group 55,1,5.0875
INC0019793,Group 70,1,5.041666666666667
INC0019794,Group 50,1,8.832638888888889
INC0019796,Group 70,1,5.040972222222222
INC0019800,Group 66,1,9.871527777777779
INC0019801,Group 66,1,14.788194444444445
INC0019802,Group 70,1,5.0375
INC0019815,Group 17,1,32.03472222222222
INC0019817,Group 24,1,18.78472222222222
INC0019820,Group 70,1,5.034027777777778
INC0019823,Group 70,1,5.033333333333333
INC0019824,Group 20,1,37.86527777777778
INC0019825,Group 66,1,18.865277777777777
INC0019826,Group 70,1,9.990277777777777
INC0019828,Group 70,1,15.154166666666667
INC0019829,Group 39,1,5.070833333333334
INC0019830,Group 28,1,5.070138888888889
INC0019831,Group 23,1,78.89722222222223
INC0019832,Group 70,1,5.0256944444444445
INC0019833,Group 70,1,5.025
INC0019834,Group 31,1,17.895138888888887
INC0019836,Group 70,1,5.019444444444445
INC0019837,Group 20,1,9.059027777777779
INC0019838,Group 76,1,9.890972222222222
INC0019839,Group 25,1,8.140972222222222
INC0019840,Group 70,1,5.018055555555556
INC0019842,Group 70,1,5.0152777777777775
INC0019848,Group 70,1,5.0125
INC0019849,Group 70,0,8.804166666666667
INC0019850,Group 27,1,14.845833333333333
INC0019852,Group 70,1,5.010416666666667
INC0019853,Group 24,1,15.760416666666666
INC0019854,Group 39,1,7.968055555555556
INC0019857,Group 24,1,15.758333333333333
INC0019858,Group 70,1,8.8
INC0019859,Group 39,1,9.049305555555556
INC0019861,Group 70,1,5.05
INC0019862,Group 24,1,5.047916666666667
INC0019864,Group 70,0,8.38125
INC0019865,Group 70,1,5.0055555555555555
INC0019866,Group 70,1,5.045833333333333
INC0019869,Group 70,1,10.002083333333333
INC0019870,Group 70,1,5.042361111111111
INC0019873,Group 70,0,9.04375
INC0019875,Group 70,1,5.001388888888889
INC0019876,Group 70,1,5.040277777777778
INC0019877,Group 70,1,5.040277777777778
INC0019878,Group 70,1,5.038888888888889
INC0019880,Group 30,1,5.0368055555555555
INC0019881,Group 10,1,10.078472222222222
INC0019882,Group 22,1,9.036805555555556
INC0019883,Group 23,1,10.077777777777778
INC0019885,Group 70,1,5.034722222222222
INC0019886,Group 70,1,5.032638888888889
INC0019887,Group 56,1,19.155555555555555
INC0019888,Group 56,1,5.071527777777778
INC0019889,Group 56,1,8.863194444444444
INC0019891,Group 70,1,5.029166666666667
INC0019892,Group 70,0,15.861805555555556
INC0019893,Group 70,1,5.027777777777778
INC0019894,Group 70,0,16.73611111111111
INC0019895,Group 72,1,5.027083333333334
INC0019896,Group 29,1,5.0680555555555555
INC0019897,Group 20,1,5.1090277777777775
INC0019898,Group 70,0,16.73263888888889
INC0019899,Group 70,1,5.022916666666666
INC0019900,Group 27,1,5.105555555555555
INC0019902,Group 10,1,31.729861111111113
INC0019903,Group 70,1,5.020833333333333
INC0019905,Group 25,1,23.894444444444446
INC0019907,Group 5,1,5.060416666666667
INC0019908,Group 70,1,5.018055555555556
INC0019909,Group 31,0,7.9743055555555555
INC0019911,Group 23,1,7.848611111111111
INC0019912,Group 39,1,7.93125
INC0019913,Group 39,1,7.845138888888889
INC0019914,Group 70,0,14.552083333333334
INC0019915,Group 70,1,5.010416666666667
INC0019916,Group 29,1,17.259722222222223
INC0019918,Group 70,1,5.047916666666667
INC0019920,Group 25,1,15.711805555555555
INC0019921,Group 25,1,14.875694444444445
INC0019923,Group 70,1,5.041666666666667
INC0019926,Group 70,0,8.790277777777778
INC0019927,Group 70,1,15.831944444444444
INC0019928,Group 37,1,5.079861111111111
INC0019929,Group 70,1,5.038194444444445
INC0019930,Group 70,0,16.788194444444443
INC0019931,Group 25,1,193.8215277777778
INC0019933,Group 70,1,5.034027777777778
INC0019934,Group 70,1,5.033333333333333
INC0019935,Group 25,1,16.866666666666667
INC0019936,Group 70,1,5.074305555555555
INC0019937,Group 70,1,5.031944444444444
INC0019938,Group 72,1,9.740277777777777
INC0019939,Group 6,1,18.03125
INC0019940,Group 39,1,5.030555555555556
INC0019941,Group 70,1,5.030555555555556
INC0019944,Group 31,1,15.73611111111111
INC0019946,Group 70,1,5.110416666666667
INC0019947,Group 46,1,5.026388888888889
INC0019949,Group 70,1,5.023611111111111
INC0019950,Group 70,1,15.813888888888888
INC0019951,Group 70,1,5.019444444444445
INC0019952,Group 70,1,5.01875
INC0019953,Group 70,1,5.058333333333334
INC0019954,Group 58,1,7.641666666666667
INC0019955,Group 70,1,5.0152777777777775
INC0019956,Group 24,1,18.97222222222222
INC0019957,Group 70,0,8.7625
INC0019959,Group 22,1,15.011805555555556
INC0019960,Group 70,1,9.716666666666667
INC0019961,Group 70,1,5.007638888888889
INC0019962,Group 70,1,5.006944444444445
INC0019965,Group 70,1,9.213194444444444
INC0019966,Group 6,1,16.836111111111112
INC0019968,Group 70,1,5.004861111111111
INC0019970,Group 70,0,8.334722222222222
INC0019971,Group 76,1,9.875694444444445
INC0019972,Group 22,1,8.747916666666667
INC0019973,Group 70,0,23.747222222222224
INC0019974,Group 70,0,5.0375
INC0019976,Group 70,0,17.78125
INC0019977,Group 70,1,5.067361111111111
INC0019979,Group 58,1,7.60625
INC0019980,Group 70,1,5.021527777777778
INC0019983,Group 30,1,5.020833333333333
INC0019985,Group 30,1,5.01875
INC0019986,Group 3,1,305.88680555555555
INC0019989,Group 30,1,9.677083333333334
INC0019990,Group 70,1,5.00625
INC0019991,Group 70,1,5.0472222222222225
INC0019992,Group 70,1,5.042361111111111
INC0019993,Group 70,1,5.025
INC0019994,Group 70,1,5.0625
INC0019995,Group 70,1,5.020833333333333
INC0019997,Group 70,1,5.0159722222222225
INC0019998,Group 70,1,5.053472222222222
INC0019999,Group 70,1,5.042361111111111
INC0020000,Group 70,1,5.040277777777778
INC0020001,Group 70,1,5.021527777777778
INC0020002,Group 58,1,7.513194444444444
INC0020003,Group 70,1,5.013194444444444
INC0020005,Group 70,1,5.032638888888889
INC0020006,Group 70,1,5.020138888888889
INC0020007,Group 64,1,78.86180555555555
INC0020008,Group 70,1,5.025
INC0020010,Group 70,1,5.01875
INC0020011,Group 70,1,5.032638888888889
INC0020012,Group 58,1,7.35625
INC0020014,Group 65,1,2.3006944444444444
INC0020015,Group 55,1,7.340277777777778
INC0020016,Group 70,1,5.029166666666667
INC0020017,Group 73,1,7.641666666666667
INC0020018,Group 70,1,5.026388888888889
INC0020019,Group 70,1,5.004166666666666
INC0020020,Group 57,0,5.038888888888889
INC0020021,Group 28,1,7.148611111111111
INC0020022,Group 70,1,1.8145833333333334
INC0020024,Group 28,1,7.2375
INC0020025,Group 70,1,5.036111111111111
INC0020027,Group 61,1,7.335416666666666
INC0020028,Group 70,0,5.031944444444444
INC0020029,Group 20,0,8.425
INC0020030,Group 70,1,5.0055555555555555
INC0020031,Group 70,1,5.038194444444445
INC0020032,Group 70,1,5.030555555555556
INC0020033,Group 70,1,5.030555555555556
INC0020034,Group 70,1,5.064583333333333
INC0020035,Group 70,1,5.048611111111111
INC0020036,Group 70,1,5.004166666666666
INC0020038,Group 70,1,5.017361111111111
INC0020041,Group 70,1,5.019444444444445
INC0020044,Group 39,1,9.160416666666666
INC0020045,Group 70,1,5.052777777777778
INC0020046,Group 70,1,5.168055555555555
INC0020049,Group 70,1,8.909722222222221
INC0020051,Group 59,1,16.81111111111111
INC0020052,Group 25,1,13.9875
INC0020056,Group 70,1,5.041666666666667
INC0020057,Group 70,0,7.99375
INC0020059,Group 70,1,5.014583333333333
INC0020060,Group 70,1,5.003472222222222
INC0020061,Group 70,1,5.0569444444444445
INC0020062,Group 57,1,7.722916666666666
INC0020063,Group 70,0,14.696527777777778
INC0020064,Group 53,1,6.560416666666667
INC0020066,Group 70,1,5.0152777777777775
INC0020067,Group 73,1,6.810416666666667
INC0020070,Group 70,1,5.045833333333333
INC0020071,Group 70,1,5.048611111111111
INC0020072,Group 70,1,5.034722222222222
INC0020073,Group 70,1,5.033333333333333
INC0020074,Group 53,1,15.175694444444444
INC0020075,Group 25,1,16.159027777777776
INC0020078,Group 39,1,6.268055555555556
INC0020080,Group 25,1,7.323611111111111
INC0020081,Group 72,1,6.274305555555555
INC0020082,Group 54,1,13.397222222222222
INC0020083,Group 70,1,5.054166666666666
INC0020084,Group 24,1,16.24375
INC0020086,Group 70,1,5.023611111111111
INC0020087,Group 46,1,5.977083333333334
INC0020088,Group 72,1,20.102083333333333
INC0020089,Group 70,1,5.156944444444444
INC0020091,Group 70,1,5.029166666666667
INC0020093,Group 70,1,5.029861111111111
INC0020095,Group 70,0,13.945833333333333
INC0020096,Group 70,1,5.028472222222222
INC0020098,Group 24,1,14.105555555555556
INC0020099,Group 70,1,5.0159722222222225
INC0020102,Group 24,1,6.083333333333333
INC0020103,Group 70,1,5.058333333333334
INC0020104,Group 70,1,5.013888888888889
INC0020105,Group 25,1,7.741666666666666
INC0020110,Group 70,1,5.022916666666666
INC0020112,Group 70,1,5.007638888888889
INC0020113,Group 70,1,5.073611111111111
INC0020115,Group 70,1,5.0368055555555555
INC0020117,Group 70,1,12.08611111111111
INC0020118,Group 70,1,5.075
INC0020119,Group 70,1,5.055555555555555
INC0020120,Group 25,1,6.550694444444445
INC0020121,Group 70,1,5.0375
INC0020123,Group 70,1,5.044444444444444
INC0020125,Group 58,1,5.147222222222222
INC0020128,Group 48,1,5.225
INC0020130,Group 70,1,5.010416666666667
INC0020132,Group 57,1,30.40625
INC0020133,Group 70,0,5.028472222222222
INC0020134,Group 70,1,5.016666666666667
INC0020135,Group 70,1,5.054166666666666
INC0020137,Group 65,1,5.300694444444445
INC0020138,Group 70,1,11.842361111111112
INC0020139,Group 70,1,5.05
INC0020142,Group 70,1,5.004861111111111
INC0020143,Group 39,1,5.248611111111111
INC0020144,Group 70,1,5.0368055555555555
INC0020146,Group 70,1,5.034722222222222
INC0020147,Group 12,1,9.368055555555555
INC0020148,Group 70,1,5.034027777777778
INC0020149,Group 70,1,6.117361111111111
INC0020150,Group 70,0,5.160416666666666
INC0020151,Group 70,1,5.240972222222222
INC0020152,Group 57,1,19.365972222222222
INC0020153,Group 70,1,5.029861111111111
INC0020154,Group 24,1,5.196527777777778
INC0020155,Group 15,1,16.363194444444446
INC0020157,Group 57,1,12.07013888888889
INC0020158,Group 70,1,5.028472222222222
INC0020159,Group 70,1,5.028472222222222
INC0020160,Group 25,1,15.029166666666667
INC0020161,Group 70,1,5.027083333333334
INC0020162,Group 70,0,5.027083333333334
INC0020163,Group 70,0,5.022916666666666
INC0020164,Group 12,1,9.35763888888889
INC0020166,Group 25,1,15.145833333333334
INC0020167,Group 39,1,5.269444444444445
INC0020168,Group 70,1,5.102083333333334
INC0020169,Group 70,1,5.018055555555556
INC0020170,Group 70,1,5.017361111111111
INC0020172,Group 24,1,5.100694444444445
INC0020173,Group 70,1,6.014583333333333
INC0020174,Group 12,1,9.349305555555556
INC0020175,Group 39,1,5.263194444444444
INC0020176,Group 70,1,5.0152777777777775
INC0020177,Group 70,1,12.5125
INC0020178,Group 70,1,5.18125
INC0020179,Group 70,1,5.011111111111111
INC0020180,Group 64,1,5.09375
INC0020181,Group 59,1,5.21875
INC0020184,Group 70,1,5.051388888888889
INC0020185,Group 70,1,5.009027777777778
INC0020186,Group 70,1,5.008333333333334
INC0020187,Group 64,1,5.090972222222222
INC0020188,Group 70,1,5.215277777777778
INC0020189,Group 70,1,5.048611111111111
INC0020190,Group 27,1,5.339583333333334
INC0020191,Group 28,1,16.255555555555556
INC0020193,Group 24,1,5.1715277777777775
INC0020194,Group 39,1,5.295138888888889
INC0020195,Group 70,1,5.045138888888889
INC0020196,Group 70,1,5.045138888888889
INC0020197,Group 6,1,6.128472222222222
INC0020198,Group 28,1,5.086805555555555
INC0020199,Group 55,1,7.044444444444444
INC0020200,Group 70,1,5.2131944444444445
INC0020201,Group 70,1,5.04375
INC0020202,Group 70,1,5.043055555555555
INC0020203,Group 70,1,6.250694444444444
INC0020204,Group 73,1,5.084027777777778
INC0020206,Group 70,0,5.040277777777778
INC0020207,Group 23,1,6.205555555555556
INC0020208,Group 70,1,5.038194444444445
INC0020209,Group 23,1,5.370833333333334
INC0020210,Group 27,1,20.994444444444444
INC0020212,Group 33,1,12.035416666666666
INC0020214,Group 10,1,14.199305555555556
INC0020215,Group 70,1,5.032638888888889
INC0020217,Group 70,0,5.031944444444444
INC0020218,Group 70,1,5.03125
INC0020219,Group 70,1,13.072222222222223
INC0020220,Group 70,0,7.073611111111111
INC0020221,Group 70,1,5.029166666666667
INC0020222,Group 65,1,14.042361111111111
INC0020223,Group 70,0,5.028472222222222
INC0020225,Group 39,1,5.2347222222222225
INC0020226,Group 30,1,6.026388888888889
INC0020227,Group 39,1,6.108333333333333
INC0020228,Group 70,0,5.024305555555555
INC0020229,Group 28,1,7.024305555555555
INC0020230,Group 30,1,5.065277777777778
INC0020231,Group 70,0,5.022222222222222
INC0020232,Group 70,1,5.020833333333333
INC0020233,Group 72,1,6.020138888888889
INC0020234,Group 70,1,5.019444444444445
INC0020235,Group 24,1,5.269444444444445
INC0020236,Group 73,1,6.269444444444445
INC0020237,Group 70,0,7.01875
INC0020238,Group 28,1,14.227083333333333
INC0020240,Group 39,1,5.225694444444445
INC0020241,Group 70,1,5.016666666666667
INC0020242,Group 48,1,13.977083333333333
INC0020243,Group 70,1,5.0159722222222225
INC0020245,Group 20,1,5.3069444444444445
INC0020247,Group 65,1,28.264583333333334
INC0020248,Group 70,1,5.0159722222222225
INC0020249,Group 39,1,6.179861111111111
INC0020251,Group 70,0,5.0125
INC0020252,Group 70,1,5.0125
INC0020253,Group 70,0,5.220833333333333
INC0020254,Group 57,0,6.095833333333333
INC0020255,Group 70,1,5.218055555555556
INC0020257,Group 69,1,5.051388888888889
INC0020258,Group 70,0,13.968055555555555
INC0020259,Group 23,1,6.009027777777778
INC0020260,Group 24,1,6.965277777777778
INC0020261,Group 28,1,72.29861111111111
INC0020262,Group 70,1,5.048611111111111
INC0020263,Group 57,1,28.00625
INC0020264,Group 70,1,5.00625
INC0020265,Group 59,1,15.005555555555556
INC0020267,Group 30,1,6.0055555555555555
INC0020268,Group 66,1,34.96388888888889
INC0020269,Group 70,1,5.0465277777777775
INC0020270,Group 28,1,5.961805555555555
INC0020271,Group 70,0,5.045138888888889
INC0020272,Group 70,1,5.044444444444444
INC0020273,Group 24,1,16.002083333333335
INC0020274,Group 20,1,7.04375
INC0020275,Group 66,1,41.00069444444444
INC0020276,Group 39,1,16.292361111111113
INC0020277,Group 70,1,5.041666666666667
INC0020278,Group 10,1,12.083333333333334
INC0020279,Group 20,1,16.252083333333335
INC0020281,Group 75,1,20.332638888888887
INC0020282,Group 70,1,5.040972222222222
INC0020283,Group 70,1,5.040972222222222
INC0020284,Group 24,1,5.165277777777778
INC0020285,Group 66,1,34.956944444444446
INC0020286,Group 70,1,5.039583333333334
INC0020287,Group 70,1,5.0368055555555555
INC0020289,Group 70,1,5.034722222222222
INC0020290,Group 12,1,9.286805555555556
INC0020291,Group 70,1,5.034027777777778
INC0020292,Group 70,1,5.032638888888889
INC0020293,Group 70,1,5.03125
INC0020294,Group 24,1,5.989583333333333
INC0020295,Group 20,1,16.197916666666668
INC0020297,Group 70,1,13.11111111111111
INC0020298,Group 70,1,5.026388888888889
INC0020299,Group 65,1,13.995833333333334
INC0020300,Group 70,1,11.73263888888889
INC0020301,Group 70,1,5.024305555555555
INC0020302,Group 68,1,7.024305555555555
INC0020303,Group 27,1,14.065972222222221
INC0020305,Group 27,1,11.980555555555556
INC0020307,Group 70,1,5.228472222222222
INC0020308,Group 3,1,139.2236111111111
INC0020309,Group 70,1,5.01875
INC0020312,Group 70,1,5.020138888888889
INC0020314,Group 70,1,11.72638888888889
INC0020315,Group 9,1,204.17916666666667
INC0020316,Group 10,1,5.267361111111111
INC0020317,Group 70,1,5.0159722222222225
INC0020318,Group 70,1,5.013888888888889
INC0020319,Group 70,0,5.222222222222222
INC0020321,Group 70,1,5.011111111111111
INC0020323,Group 31,1,29.968055555555555
INC0020324,Group 70,0,5.132638888888889
INC0020325,Group 70,0,13.089583333333334
INC0020326,Group 25,1,6.172916666666667
INC0020327,Group 70,1,5.00625
INC0020328,Group 70,1,5.047916666666667
INC0020329,Group 70,1,12.297222222222222
INC0020330,Group 70,1,5.3805555555555555
INC0020331,Group 70,1,6.5055555555555555
INC0020332,Group 70,1,5.004166666666666
INC0020335,Group 70,1,5.126388888888889
INC0020336,Group 39,1,244.02569444444444
INC0020337,Group 70,1,5.041666666666667
INC0020338,Group 48,1,12.125
INC0020340,Group 73,1,7.039583333333334
INC0020341,Group 70,1,5.039583333333334
INC0020343,Group 20,1,14.079166666666667
INC0020344,Group 72,1,5.913888888888889
INC0020345,Group 25,1,13.160416666666666
INC0020346,Group 27,1,7.077083333333333
INC0020347,Group 70,0,12.285416666666666
INC0020348,Group 70,1,5.035416666666666
INC0020349,Group 70,1,5.033333333333333
INC0020350,Group 58,1,6.156944444444444
INC0020351,Group 70,1,5.03125
INC0020352,Group 70,1,5.03125
INC0020353,Group 6,1,15.945833333333333
INC0020355,Group 70,1,5.028472222222222
INC0020356,Group 70,1,7.860416666666667
INC0020357,Group 70,1,20.025
INC0020358,Group 70,1,5.025
INC0020359,Group 6,1,25.981944444444444
INC0020360,Group 76,1,7.271527777777778
INC0020361,Group 39,1,6.14375
INC0020362,Group 70,1,5.01875
INC0020363,Group 76,0,13.893055555555556
INC0020364,Group 70,1,5.017361111111111
INC0020365,Group 49,1,5.138888888888889
INC0020366,Group 70,1,5.0125
INC0020367,Group 39,1,6.136805555555555
INC0020368,Group 70,0,13.052777777777777
INC0020369,Group 70,1,5.010416666666667
INC0020370,Group 12,1,9.260416666666666
INC0020371,Group 39,1,6.134027777777778
INC0020373,Group 70,1,5.047916666666667
INC0020374,Group 20,1,34.96388888888889
INC0020376,Group 19,1,6.9215277777777775
INC0020377,Group 70,0,5.0465277777777775
INC0020378,Group 56,1,6.129166666666666
INC0020380,Group 70,1,5.04375
INC0020382,Group 70,1,5.043055555555555
INC0020383,Group 57,1,8.917361111111111
INC0020385,Group 70,1,5.040972222222222
INC0020386,Group 20,1,34.954861111111114
INC0020387,Group 70,1,5.0375
INC0020389,Group 70,1,5.034027777777778
INC0020390,Group 70,1,5.072916666666667
INC0020391,Group 70,1,5.069444444444445
INC0020393,Group 23,1,5.901388888888889
INC0020397,Group 37,1,36.18888888888889
INC0020398,Group 39,1,6.104166666666667
INC0020399,Group 70,1,5.058333333333334
INC0020400,Group 9,1,231.09444444444443
INC0020405,Group 70,1,5.050694444444445
INC0020406,Group 25,1,12.133333333333333
INC0020407,Group 25,1,6.129861111111111
INC0020408,Group 70,1,5.214583333333334
INC0020409,Group 73,1,6.211111111111111
INC0020415,Group 70,1,5.038194444444445
INC0020416,Group 20,1,36.203472222222224
INC0020417,Group 70,1,5.0368055555555555
INC0020418,Group 70,1,5.036111111111111
INC0020419,Group 70,1,5.0777777777777775
INC0020421,Group 20,1,60.828472222222224
INC0020422,Group 70,1,5.034722222222222
INC0020423,Group 20,1,7.032638888888889
INC0020424,Group 70,1,5.030555555555556
INC0020425,Group 20,1,15.027777777777779
INC0020426,Group 39,1,5.1097222222222225
INC0020427,Group 70,0,15.068055555555556
INC0020428,Group 70,1,5.028472222222222
INC0020429,Group 47,1,5.9
INC0020430,Group 70,1,5.025
INC0020432,Group 70,1,5.022916666666666
INC0020433,Group 70,0,13.105555555555556
INC0020435,Group 70,1,5.0625
INC0020436,Group 70,1,5.019444444444445
INC0020439,Group 20,1,34.893055555555556
INC0020440,Group 39,1,15.140972222222222
INC0020441,Group 70,1,5.0159722222222225
INC0020442,Group 20,1,6.888888888888889
INC0020443,Group 70,1,5.013888888888889
INC0020444,Group 63,1,100.09861111111111
INC0020445,Group 70,0,6.054166666666666
INC0020446,Group 70,1,5.0125
INC0020447,Group 10,1,5.177777777777778
INC0020448,Group 33,1,37.13472222222222
INC0020451,Group 30,1,12.88263888888889
INC0020452,Group 70,1,5.048611111111111
INC0020453,Group 39,1,5.1722222222222225
INC0020454,Group 70,1,5.044444444444444
INC0020456,Group 70,0,13.083333333333334
INC0020458,Group 70,1,5.038888888888889
INC0020459,Group 70,0,13.82986111111111
INC0020460,Group 39,1,5.079166666666667
INC0020461,Group 24,1,6.7875
INC0020462,Group 70,1,5.0375
INC0020463,Group 70,1,5.0368055555555555
INC0020464,Group 70,1,5.0784722222222225
INC0020465,Group 70,1,5.036111111111111
INC0020466,Group 13,1,18.78611111111111
INC0020467,Group 70,0,6.115277777777778
INC0020468,Group 6,1,7.031944444444444
INC0020469,Group 70,1,5.073611111111111
INC0020470,Group 21,1,19.197222222222223
INC0020471,Group 70,0,6.030555555555556
INC0020472,Group 39,1,6.072222222222222
INC0020474,Group 39,1,5.152777777777778
INC0020475,Group 70,1,5.027083333333334
INC0020477,Group 70,1,5.023611111111111
INC0020478,Group 70,1,5.020833333333333
INC0020479,Group 70,0,14.895833333333334
INC0020480,Group 70,1,5.020833333333333
INC0020484,Group 70,0,5.016666666666667
INC0020485,Group 6,1,5.057638888888889
INC0020486,Group 70,1,5.0152777777777775
INC0020488,Group 10,1,22.929861111111112
INC0020489,Group 70,1,18.429861111111112
INC0020490,Group 5,1,11.7625
INC0020493,Group 70,0,5.133333333333334
INC0020494,Group 70,1,5.052083333333333
INC0020496,Group 70,1,5.047916666666667
INC0020497,Group 23,1,5.13125
INC0020499,Group 39,1,18.8375
INC0020500,Group 27,1,5.0875
INC0020504,Group 23,1,5.126388888888889
INC0020505,Group 70,1,57.12569444444444
INC0020508,Group 70,1,5.041666666666667
INC0020509,Group 66,1,12.749305555555555
INC0020511,Group 46,1,5.915277777777778
INC0020512,Group 55,1,5.08125
INC0020514,Group 70,1,5.039583333333334
INC0020515,Group 20,1,0.7708333333333334
INC0020516,Group 70,0,14.9125
INC0020517,Group 70,1,5.076388888888889
INC0020519,Group 70,0,6.909027777777778
INC0020520,Group 70,1,5.032638888888889
INC0020521,Group 70,0,6.865972222222222
INC0020522,Group 70,1,5.03125
INC0020523,Group 70,1,5.03125
INC0020525,Group 25,1,5.821527777777778
INC0020527,Group 31,1,11.988194444444444
INC0020528,Group 70,1,5.070833333333334
INC0020530,Group 70,1,5.027083333333334
INC0020531,Group 72,1,5.733333333333333
INC0020533,Group 39,1,5.022916666666666
INC0020536,Group 31,1,12.852777777777778
INC0020537,Group 27,1,5.019444444444445
INC0020539,Group 25,1,5.102083333333334
INC0020542,Group 70,1,5.016666666666667
INC0020543,Group 39,1,5.098611111111111
INC0020545,Group 70,0,5.972222222222222
INC0020546,Group 70,1,5.013888888888889
INC0020547,Group 70,1,5.013194444444444
INC0020549,Group 75,1,5.804861111111111
INC0020550,Group 39,1,6.011805555555555
INC0020551,Group 70,1,5.011111111111111
INC0020553,Group 70,1,5.008333333333334
INC0020555,Group 70,0,5.965972222222222
INC0020556,Group 20,1,5.049305555555556
INC0020557,Group 70,1,5.009027777777778
INC0020558,Group 70,0,5.964583333333334
INC0020560,Group 70,1,5.047916666666667
INC0020561,Group 70,1,5.047916666666667
INC0020562,Group 34,1,12.964583333333334
INC0020563,Group 58,1,5.9222222222222225
INC0020565,Group 70,0,5.963888888888889
INC0020566,Group 70,1,5.047916666666667
INC0020567,Group 70,1,5.00625
INC0020569,Group 20,1,5.79375
INC0020570,Group 70,1,5.04375
INC0020571,Group 70,1,5.042361111111111
INC0020572,Group 70,0,16.0
INC0020573,Group 70,1,5.040972222222222
INC0020574,Group 24,1,5.75
INC0020575,Group 70,1,18.997222222222224
INC0020577,Group 70,1,5.038888888888889
INC0020578,Group 9,1,242.82430555555555
INC0020579,Group 57,1,14.036805555555556
INC0020580,Group 9,1,229.78055555555557
INC0020581,Group 70,1,5.823611111111111
INC0020582,Group 70,0,5.947222222222222
INC0020584,Group 25,0,6.945138888888889
INC0020587,Group 70,1,5.027083333333334
INC0020588,Group 70,1,12.984027777777778
INC0020591,Group 66,1,64.72638888888889
INC0020592,Group 70,1,5.022222222222222
INC0020593,Group 31,1,105.80833333333334
INC0020594,Group 70,1,5.0625
INC0020595,Group 39,1,5.728472222222222
INC0020596,Group 70,1,5.020138888888889
INC0020597,Group 70,1,5.018055555555556
INC0020598,Group 6,1,5.059027777777778
INC0020600,Group 66,1,13.765972222222222
INC0020601,Group 27,1,5.057638888888889
INC0020603,Group 70,1,5.013888888888889
INC0020605,Group 27,1,5.053472222222222
INC0020606,Group 58,1,5.761111111111111
INC0020608,Group 66,1,20.75625
INC0020610,Group 70,1,5.0472222222222225
INC0020611,Group 31,1,12.963888888888889
INC0020613,Group 70,1,5.045833333333333
INC0020614,Group 76,1,18.92013888888889
INC0020615,Group 70,1,5.04375
INC0020617,Group 3,1,34.91458333333333
INC0020618,Group 70,1,5.7034722222222225
INC0020620,Group 5,1,12.030555555555555
INC0020621,Group 27,1,21.988888888888887
INC0020622,Group 3,1,144.9909722222222
INC0020624,Group 70,0,6.1090277777777775
INC0020625,Group 70,1,5.022916666666666
INC0020627,Group 29,1,64.88541666666667
INC0020628,Group 70,1,5.011805555555555
INC0020629,Group 20,1,40.09097222222222
INC0020630,Group 70,1,5.003472222222222
INC0020631,Group 70,1,5.044444444444444
INC0020632,Group 70,1,5.039583333333334
INC0020633,Group 70,1,5.038194444444445
INC0020635,Group 56,1,5.6097222222222225
INC0020636,Group 70,1,5.016666666666667
INC0020637,Group 70,1,19.794444444444444
INC0020638,Group 50,1,11.66875
INC0020640,Group 70,1,5.0375
INC0020642,Group 70,1,5.020138888888889
INC0020643,Group 70,1,5.053472222222222
INC0020645,Group 70,1,5.086111111111111
INC0020646,Group 70,1,5.0375
INC0020647,Group 70,1,5.034722222222222
INC0020648,Group 70,0,13.658333333333333
INC0020652,Group 70,1,5.027083333333334
INC0020653,Group 70,1,5.025
INC0020654,Group 59,1,15.545833333333333
INC0020656,Group 65,1,5.491666666666666
INC0020657,Group 72,1,5.423611111111111
INC0020658,Group 72,1,5.422916666666667
INC0020661,Group 55,1,6.4534722222222225
INC0020662,Group 70,1,5.027777777777778
INC0020664,Group 31,1,5.395138888888889
INC0020666,Group 55,1,6.392361111111111
INC0020667,Group 70,1,5.040972222222222
INC0020669,Group 70,1,5.019444444444445
INC0020671,Group 53,1,6.346527777777778
INC0020674,Group 55,1,5.302083333333333
INC0020675,Group 39,1,20.419444444444444
INC0020676,Group 70,1,5.127083333333333
INC0020679,Group 70,1,5.165277777777778
INC0020680,Group 70,1,5.121527777777778
INC0020681,Group 72,1,11.574305555555556
INC0020683,Group 70,1,5.024305555555555
INC0020684,Group 70,1,5.273611111111111
INC0020688,Group 70,1,15.449305555555556
INC0020689,Group 37,1,5.305555555555555
INC0020691,Group 70,1,5.035416666666666
INC0020693,Group 70,1,5.063888888888889
INC0020699,Group 57,1,5.170138888888889
INC0020700,Group 70,1,5.010416666666667
INC0020701,Group 70,1,5.034027777777778
INC0020702,Group 24,1,20.279166666666665
INC0020704,Group 70,1,5.019444444444445
INC0020709,Group 70,1,5.010416666666667
INC0020710,Group 70,1,5.009722222222222
INC0020711,Group 24,1,19.04375
INC0020713,Group 70,1,5.040277777777778
INC0020715,Group 70,1,5.0368055555555555
INC0020717,Group 70,0,13.116666666666667
INC0020718,Group 70,1,35.115972222222226
INC0020719,Group 28,1,6.279166666666667
INC0020720,Group 70,0,6.195138888888889
INC0020721,Group 70,1,5.027777777777778
INC0020724,Group 37,1,5.108333333333333
INC0020725,Group 10,1,12.272916666666667
INC0020726,Group 73,1,5.230555555555555
INC0020727,Group 70,1,5.022222222222222
INC0020728,Group 65,0,5.022222222222222
INC0020729,Group 70,1,12.3125
INC0020730,Group 59,1,5.268055555555556
INC0020731,Group 70,1,5.017361111111111
INC0020732,Group 25,1,19.058333333333334
INC0020733,Group 70,0,5.0159722222222225
INC0020734,Group 24,1,5.222916666666666
INC0020735,Group 70,1,5.014583333333333
INC0020736,Group 70,1,15.222916666666666
INC0020738,Group 70,1,5.013194444444444
INC0020739,Group 70,1,5.054166666666666
INC0020740,Group 70,0,6.178472222222222
INC0020741,Group 10,1,99.08958333333334
INC0020742,Group 20,1,11.175
INC0020743,Group 70,1,5.006944444444445
INC0020744,Group 27,1,6.089583333333334
INC0020746,Group 55,1,19.29652777777778
INC0020747,Group 24,1,5.2131944444444445
INC0020748,Group 70,0,14.295833333333333
INC0020749,Group 24,1,11.129166666666666
INC0020751,Group 24,1,12.294444444444444
INC0020752,Group 30,1,12.169444444444444
INC0020754,Group 30,1,5.084027777777778
INC0020755,Group 70,1,5.041666666666667
INC0020756,Group 24,1,5.206944444444445
INC0020757,Group 47,1,5.08125
INC0020758,Group 74,1,6.163888888888889
INC0020759,Group 10,1,11.28888888888889
INC0020761,Group 12,1,11.538194444444445
INC0020763,Group 37,1,5.079166666666667
INC0020765,Group 70,1,5.036111111111111
INC0020766,Group 70,1,5.036111111111111
INC0020767,Group 70,0,7.11875
INC0020768,Group 70,1,5.034722222222222
INC0020770,Group 70,1,5.032638888888889
INC0020771,Group 20,1,12.365277777777777
INC0020772,Group 73,1,5.03125
INC0020774,Group 70,1,5.030555555555556
INC0020776,Group 6,1,5.066666666666666
INC0020777,Group 25,0,5.191666666666666
INC0020778,Group 70,1,5.022916666666666
INC0020779,Group 25,1,14.10625
INC0020780,Group 70,0,13.102777777777778
INC0020781,Group 70,1,5.0159722222222225
INC0020782,Group 20,1,5.0152777777777775
INC0020783,Group 6,1,71.25694444444444
INC0020784,Group 70,1,5.011111111111111
INC0020785,Group 25,1,228.0090277777778
INC0020786,Group 33,1,11.340277777777779
INC0020787,Group 45,1,5.048611111111111
INC0020788,Group 39,1,13.089583333333334
INC0020789,Group 70,1,12.172222222222222
INC0020790,Group 70,1,12.046527777777778
INC0020791,Group 70,1,5.006944444444445
INC0020792,Group 70,1,5.0875
INC0020793,Group 70,1,5.045833333333333
INC0020794,Group 70,1,5.045138888888889
INC0020795,Group 70,0,5.043055555555555
INC0020796,Group 12,1,26.0
INC0020797,Group 70,1,5.040972222222222
INC0020798,Group 73,1,5.332638888888889
INC0020799,Group 12,1,11.33125
INC0020800,Group 6,1,7.997222222222222
INC0020801,Group 70,0,18.288194444444443
INC0020803,Group 70,0,5.0368055555555555
INC0020804,Group 25,1,27.035416666666666
INC0020805,Group 39,1,5.034722222222222
INC0020806,Group 25,1,5.950694444444444
INC0020808,Group 70,1,5.03125
INC0020809,Group 70,1,5.1125
INC0020810,Group 70,1,5.028472222222222
INC0020811,Group 70,1,5.027083333333334
INC0020814,Group 70,1,5.026388888888889
INC0020816,Group 66,1,57.270833333333336
INC0020817,Group 39,1,5.191666666666666
INC0020819,Group 70,1,5.024305555555555
INC0020820,Group 70,0,12.14861111111111
INC0020822,Group 70,1,5.063194444444444
INC0020824,Group 20,1,5.226388888888889
INC0020826,Group 23,1,5.309027777777778
INC0020827,Group 70,1,5.058333333333334
INC0020829,Group 54,1,5.222222222222222
INC0020830,Group 20,1,5.138194444444444
INC0020831,Group 39,1,5.178472222222222
INC0020832,Group 70,1,5.052777777777778
INC0020833,Group 53,1,5.052777777777778
INC0020834,Group 70,1,15.136111111111111
INC0020835,Group 72,1,5.970833333333333
INC0020836,Group 33,1,0.02638888888888889
INC0020837,Group 23,1,6.299305555555556
INC0020838,Group 65,1,5.007638888888889
INC0020839,Group 70,1,5.043055555555555
INC0020841,Group 54,1,11.286805555555556
INC0020842,Group 25,1,12.910416666666666
INC0020845,Group 15,1,182.0263888888889
INC0020846,Group 37,1,10.947222222222223
INC0020848,Group 70,1,5.028472222222222
INC0020849,Group 26,1,27.194444444444443
INC0020850,Group 62,1,5.940972222222222
INC0020851,Group 27,1,5.940277777777778
INC0020853,Group 70,1,5.813194444444444
INC0020855,Group 70,1,5.102777777777778
INC0020856,Group 70,0,5.185416666666667
INC0020857,Group 73,1,6.226388888888889
INC0020859,Group 70,1,5.016666666666667
INC0020861,Group 70,1,5.0159722222222225
INC0020864,Group 23,1,5.013194444444444
INC0020865,Group 70,1,5.054166666666666
INC0020866,Group 70,1,5.0125
INC0020868,Group 70,1,5.051388888888889
INC0020870,Group 24,1,5.217361111111111
INC0020872,Group 66,1,40.13472222222222
INC0020874,Group 70,1,5.00625
INC0020875,Group 50,1,5.2125
INC0020876,Group 15,1,181.99722222222223
INC0020877,Group 69,1,6.376388888888889
INC0020879,Group 70,1,5.041666666666667
INC0020880,Group 70,1,12.207638888888889
INC0020883,Group 70,1,5.038888888888889
INC0020884,Group 70,1,17.954166666666666
INC0020885,Group 70,1,5.0375
INC0020888,Group 70,1,5.034027777777778
INC0020889,Group 24,1,15.075694444444444
INC0020892,Group 70,1,5.031944444444444
INC0020893,Group 73,1,5.28125
INC0020894,Group 6,1,20.195138888888888
INC0020895,Group 70,1,5.027777777777778
INC0020896,Group 70,1,13.94375
INC0020897,Group 73,1,5.235416666666667
INC0020898,Group 39,1,5.1097222222222225
INC0020899,Group 28,1,6.190277777777778
INC0020902,Group 70,0,5.263888888888889
INC0020903,Group 70,0,5.055555555555555
INC0020904,Group 73,1,5.219444444444444
INC0020905,Group 70,1,5.175694444444445
INC0020906,Group 75,1,20.008333333333333
INC0020907,Group 24,1,6.131944444444445
INC0020908,Group 24,1,5.838888888888889
INC0020909,Group 70,1,5.045833333333333
INC0020910,Group 57,1,31.877777777777776
INC0020911,Group 70,1,5.040972222222222
INC0020912,Group 23,1,60.86875
INC0020913,Group 39,1,5.08125
INC0020914,Group 70,1,5.035416666666666
INC0020915,Group 23,1,90.07152777777777
INC0020916,Group 57,1,18.240277777777777
INC0020917,Group 70,1,5.030555555555556
INC0020918,Group 70,0,6.946527777777778
INC0020921,Group 70,1,5.027777777777778
INC0020922,Group 27,1,13.152777777777779
INC0020923,Group 39,1,12.814583333333333
INC0020925,Group 12,1,19.899305555555557
INC0020927,Group 39,1,5.103472222222222
INC0020930,Group 70,1,5.060416666666667
INC0020931,Group 24,1,5.934722222222222
INC0020933,Group 6,1,5.059027777777778
INC0020935,Group 70,1,5.0993055555555555
INC0020936,Group 70,1,5.0569444444444445
INC0020937,Group 24,1,12.01388888888889
INC0020939,Group 70,1,5.013194444444444
INC0020940,Group 70,1,5.09375
INC0020942,Group 25,1,5.009722222222222
INC0020943,Group 13,1,23.986805555555556
INC0020945,Group 70,1,5.0472222222222225
INC0020946,Group 39,1,5.0465277777777775
INC0020947,Group 58,1,29.169444444444444
INC0020951,Group 70,1,5.038194444444445
INC0020953,Group 55,1,13.95486111111111
INC0020954,Group 70,1,33.87013888888889
INC0020955,Group 70,1,5.035416666666666
INC0020956,Group 70,1,5.035416666666666
INC0020957,Group 30,1,5.034722222222222
INC0020960,Group 70,0,6.826388888888889
INC0020961,Group 29,1,33.074305555555554
INC0020962,Group 24,1,5.782638888888889
INC0020963,Group 3,1,46.86527777777778
INC0020966,Group 70,0,5.070138888888889
INC0020967,Group 70,1,5.027083333333334
INC0020968,Group 24,1,5.8597222222222225
INC0020969,Group 70,1,5.067361111111111
INC0020970,Group 70,1,5.0256944444444445
INC0020972,Group 70,1,5.022222222222222
INC0020973,Group 39,1,5.020833333333333
INC0020974,Group 6,1,11.8125
INC0020975,Group 75,1,19.935416666666665
INC0020977,Group 25,1,10.809027777777779
INC0020979,Group 24,1,19.099305555555556
INC0020980,Group 55,1,5.097916666666666
INC0020981,Group 66,1,35.763888888888886
INC0020983,Group 6,1,31.886805555555554
INC0020985,Group 70,1,5.052777777777778
INC0020986,Group 24,1,5.886111111111111
INC0020987,Group 70,1,14.96875
INC0020988,Group 53,1,12.178472222222222
INC0020989,Group 70,1,5.093055555555556
INC0020992,Group 70,1,5.0465277777777775
INC0020994,Group 70,1,33.83402777777778
INC0020995,Group 27,1,18.038888888888888
INC0020996,Group 28,1,18.830555555555556
INC0020998,Group 31,1,11.120138888888889
INC0020999,Group 70,0,6.785416666666666
INC0021000,Group 70,1,5.03125
INC0021001,Group 70,1,5.03125
INC0021002,Group 17,1,5.78125
INC0021003,Group 70,1,11.861805555555556
INC0021004,Group 56,1,5.028472222222222
INC0021005,Group 33,1,5.027083333333334
INC0021006,Group 72,1,5.7347222222222225
INC0021007,Group 66,1,10.734027777777778
INC0021011,Group 25,1,11.73263888888889
INC0021012,Group 73,1,6.024305555555555
INC0021013,Group 70,1,14.98125
INC0021014,Group 70,1,5.022222222222222
INC0021015,Group 15,1,181.85069444444446
INC0021016,Group 70,1,5.022222222222222
INC0021017,Group 29,1,12.979166666666666
INC0021018,Group 70,1,5.020138888888889
INC0021020,Group 12,1,25.76736111111111
INC0021021,Group 70,1,5.016666666666667
INC0021023,Group 29,1,21.97013888888889
INC0021024,Group 57,1,27.844444444444445
INC0021028,Group 39,1,5.0472222222222225
INC0021029,Group 55,1,5.922916666666667
INC0021030,Group 24,1,5.754166666666666
INC0021031,Group 70,1,5.042361111111111
INC0021032,Group 70,1,5.002777777777778
INC0021033,Group 70,1,5.040972222222222
INC0021034,Group 24,1,12.790277777777778
INC0021035,Group 70,1,5.040277777777778
INC0021038,Group 39,1,5.038194444444445
INC0021039,Group 33,1,5.7444444444444445
INC0021040,Group 65,1,5.74375
INC0021041,Group 24,1,5.702083333333333
INC0021042,Group 20,1,14.909027777777778
INC0021044,Group 70,1,5.074305555555555
INC0021045,Group 70,1,5.031944444444444
INC0021046,Group 70,1,5.072222222222222
INC0021047,Group 39,1,5.030555555555556
INC0021048,Group 70,1,18.904166666666665
INC0021049,Group 70,1,5.028472222222222
INC0021050,Group 70,1,14.82013888888889
INC0021051,Group 70,1,5.028472222222222
INC0021052,Group 70,1,5.026388888888889
INC0021053,Group 70,1,5.026388888888889
INC0021054,Group 39,1,5.066666666666666
INC0021055,Group 10,1,10.858333333333333
INC0021056,Group 70,1,5.065972222222222
INC0021057,Group 70,1,5.023611111111111
INC0021060,Group 70,1,13.019444444444444
INC0021061,Group 70,1,5.059027777777778
INC0021062,Group 66,1,27.975694444444443
INC0021063,Group 70,1,5.014583333333333
INC0021064,Group 70,1,5.05625
INC0021065,Group 39,1,10.88888888888889
INC0021066,Group 70,1,5.010416666666667
INC0021067,Group 72,1,5.759722222222222
INC0021069,Group 27,1,5.840972222222222
INC0021070,Group 53,1,12.088888888888889
INC0021071,Group 70,1,5.045138888888889
INC0021072,Group 70,1,5.043055555555555
INC0021073,Group 30,1,199.95347222222222
INC0021079,Group 70,1,5.0375
INC0021080,Group 70,1,5.035416666666666
INC0021081,Group 70,1,5.029861111111111
INC0021082,Group 70,1,5.029166666666667
INC0021086,Group 24,1,12.727083333333333
INC0021087,Group 70,1,5.014583333333333
INC0021089,Group 39,1,5.013888888888889
INC0021092,Group 72,1,5.9625
INC0021094,Group 23,1,5.870138888888889
INC0021096,Group 70,1,5.034027777777778
INC0021097,Group 25,1,5.65
INC0021098,Group 70,1,5.045833333333333
INC0021099,Group 61,1,11.697222222222223
INC0021100,Group 56,1,5.6090277777777775
INC0021101,Group 58,1,5.524305555555555
INC0021102,Group 53,1,5.593055555555556
INC0021103,Group 70,0,14.672916666666667
INC0021104,Group 70,1,5.038194444444445
INC0021106,Group 70,1,5.034027777777778
INC0021107,Group 70,1,14.157638888888888
INC0021108,Group 37,1,5.064583333333333
INC0021109,Group 30,1,10.790277777777778
INC0021112,Group 70,1,5.028472222222222
INC0021113,Group 70,1,5.026388888888889
INC0021116,Group 70,1,14.635416666666666
INC0021117,Group 53,1,5.38125
INC0021118,Group 70,1,5.0881944444444445
INC0021119,Group 55,1,5.417361111111111
INC0021120,Group 53,1,5.4125
INC0021121,Group 70,1,5.03125
INC0021122,Group 70,0,17.65625
INC0021124,Group 70,1,5.063194444444444
INC0021125,Group 57,1,17.761805555555554
INC0021126,Group 70,0,18.550694444444446
INC0021128,Group 54,1,19.589583333333334
INC0021129,Group 70,1,5.036111111111111
INC0021130,Group 54,1,19.577083333333334
INC0021131,Group 70,1,5.033333333333333
INC0021133,Group 19,1,10.35138888888889
INC0021134,Group 54,1,28.30763888888889
INC0021135,Group 51,1,33.75625
INC0021138,Group 65,1,11.525
INC0021141,Group 70,1,5.05
INC0021144,Group 70,0,14.058333333333334
INC0021145,Group 70,1,5.0159722222222225
INC0021147,Group 70,1,5.029166666666667
INC0021148,Group 70,1,5.029166666666667
INC0021152,Group 70,1,5.0465277777777775
INC0021155,Group 23,1,13.186805555555555
INC0021156,Group 70,1,5.017361111111111
INC0021157,Group 70,1,5.054166666666666
INC0021158,Group 70,0,5.053472222222222
INC0021159,Group 70,0,12.177777777777777
INC0021160,Group 70,1,5.006944444444445
INC0021161,Group 70,1,5.0875
INC0021162,Group 70,1,5.038888888888889
INC0021163,Group 70,1,5.038194444444445
INC0021164,Group 24,1,10.240277777777777
INC0021166,Group 70,1,5.03125
INC0021167,Group 53,1,11.278472222222222
INC0021168,Group 30,1,5.06875
INC0021169,Group 70,1,5.027083333333334
INC0021170,Group 72,1,7.274305555555555
INC0021172,Group 70,1,5.063888888888889
INC0021173,Group 70,1,5.020138888888889
INC0021174,Group 6,1,5.186111111111111
INC0021175,Group 57,1,10.10138888888889
INC0021176,Group 39,1,5.059027777777778
INC0021177,Group 20,1,0.05138888888888889
INC0021178,Group 70,1,5.0152777777777775
INC0021179,Group 39,1,5.096527777777778
INC0021181,Group 70,0,5.052083333333333
INC0021182,Group 70,1,5.048611111111111
INC0021183,Group 70,1,5.0472222222222225
INC0021184,Group 70,1,5.004861111111111
INC0021185,Group 70,1,5.045833333333333
INC0021186,Group 70,1,5.045138888888889
INC0021187,Group 20,1,5.16875
INC0021188,Group 70,0,14.125694444444445
INC0021189,Group 33,1,5.040972222222222
INC0021190,Group 70,1,5.2875
INC0021191,Group 70,1,5.0375
INC0021192,Group 25,1,5.079166666666667
INC0021193,Group 70,0,14.120138888888889
INC0021194,Group 20,1,13.036111111111111
INC0021195,Group 6,1,10.161111111111111
INC0021196,Group 64,1,5.035416666666666
INC0021197,Group 70,1,5.034027777777778
INC0021198,Group 70,1,5.031944444444444
INC0021199,Group 33,0,13.323611111111111
INC0021200,Group 70,1,5.030555555555556
INC0021201,Group 70,1,5.029861111111111
INC0021202,Group 70,1,5.028472222222222
INC0021203,Group 70,1,5.026388888888889
INC0021204,Group 70,1,5.0256944444444445
INC0021206,Group 56,1,10.025694444444444
INC0021207,Group 55,1,5.0256944444444445
INC0021208,Group 70,0,5.108333333333333
INC0021209,Group 70,1,5.022916666666666
INC0021210,Group 70,1,11.064583333333333
INC0021211,Group 70,1,5.019444444444445
INC0021214,Group 70,0,18.184722222222224
INC0021215,Group 6,1,10.018055555555556
INC0021216,Group 70,1,5.101388888888889
INC0021217,Group 23,1,89.21944444444445
INC0021218,Group 31,1,5.055555555555555
INC0021219,Group 70,1,5.011805555555555
INC0021220,Group 26,1,38.052083333333336
INC0021221,Group 70,1,5.259027777777778
INC0021222,Group 70,1,5.133333333333334
INC0021224,Group 6,1,12.00625
INC0021225,Group 55,1,5.045833333333333
INC0021226,Group 70,1,5.003472222222222
INC0021227,Group 55,1,26.42013888888889
INC0021228,Group 39,1,5.044444444444444
INC0021229,Group 70,1,5.043055555555555
INC0021230,Group 5,1,5.251388888888889
INC0021231,Group 70,1,5.126388888888889
INC0021232,Group 72,1,17.040277777777778
INC0021233,Group 49,1,5.206944444444445
INC0021235,Group 70,1,5.039583333333334
INC0021236,Group 70,1,5.039583333333334
INC0021237,Group 70,1,5.0368055555555555
INC0021238,Group 25,1,5.1194444444444445
INC0021239,Group 70,1,6.160416666666666
INC0021240,Group 20,0,5.035416666666666
INC0021242,Group 12,1,12.240972222222222
INC0021243,Group 27,1,10.072222222222223
INC0021244,Group 24,1,13.946527777777778
INC0021245,Group 70,1,5.029166666666667
INC0021249,Group 70,1,5.026388888888889
INC0021250,Group 70,1,5.026388888888889
INC0021253,Group 70,1,5.107638888888889
INC0021256,Group 70,1,5.020833333333333
INC0021257,Group 70,1,5.020833333333333
INC0021258,Group 70,1,5.020138888888889
INC0021259,Group 70,0,5.017361111111111
INC0021260,Group 70,1,5.05625
INC0021261,Group 70,1,5.0152777777777775
INC0021262,Group 70,1,5.011111111111111
INC0021263,Group 70,1,5.011111111111111
INC0021264,Group 49,1,5.218055555555556
INC0021265,Group 73,1,5.175694444444445
INC0021267,Group 23,1,20.085416666666667
INC0021268,Group 25,1,9.917361111111111
INC0021269,Group 70,1,5.042361111111111
INC0021270,Group 39,1,5.040972222222222
INC0021271,Group 70,1,5.040972222222222
INC0021272,Group 55,1,5.122222222222222
INC0021273,Group 70,0,5.038888888888889
INC0021275,Group 70,1,5.038194444444445
INC0021277,Group 73,1,5.120833333333334
INC0021278,Group 39,1,5.036111111111111
INC0021279,Group 63,1,5.077083333333333
INC0021280,Group 39,1,10.11875
INC0021281,Group 70,0,5.160416666666666
INC0021282,Group 31,1,5.284722222222222
INC0021283,Group 70,1,5.034027777777778
INC0021284,Group 70,0,5.075
INC0021285,Group 31,1,97.10833333333333
INC0021286,Group 73,1,5.153472222222222
INC0021287,Group 73,1,5.111805555555556
INC0021288,Group 22,1,10.154861111111112
INC0021289,Group 56,1,5.276388888888889
INC0021290,Group 73,1,5.151388888888889
INC0021291,Group 24,1,5.192361111111111
INC0021292,Group 70,1,5.027083333333334
INC0021293,Group 70,1,6.106944444444444
INC0021294,Group 73,1,5.102777777777778
INC0021295,Group 20,1,11.01736111111111
INC0021296,Group 70,1,5.016666666666667
INC0021297,Group 70,1,5.0159722222222225
INC0021300,Group 70,1,5.05625
INC0021301,Group 6,1,26.8875
INC0021302,Group 70,1,5.013194444444444
INC0021303,Group 70,1,5.010416666666667
INC0021304,Group 25,1,5.008333333333334
INC0021305,Group 56,1,5.256944444444445
INC0021306,Group 70,1,5.047916666666667
INC0021307,Group 70,1,5.044444444444444
INC0021308,Group 6,1,9.91875
INC0021309,Group 12,1,24.91875
INC0021310,Group 70,1,5.040277777777778
INC0021311,Group 70,1,32.956944444444446
INC0021314,Group 28,1,9.866666666666667
INC0021315,Group 24,1,12.073611111111111
INC0021316,Group 5,1,9.904861111111112
INC0021318,Group 39,1,5.154166666666667
INC0021321,Group 24,1,10.102777777777778
INC0021322,Group 49,1,5.143055555555556
INC0021324,Group 70,1,5.0159722222222225
INC0021325,Group 70,1,5.0569444444444445
INC0021326,Group 73,1,5.138194444444444
INC0021327,Group 70,1,5.0125
INC0021328,Group 73,1,5.177083333333333
INC0021329,Group 70,1,5.048611111111111
INC0021330,Group 39,1,5.129861111111111
INC0021333,Group 39,1,18.086805555555557
INC0021335,Group 70,1,5.038888888888889
INC0021336,Group 70,1,5.038194444444445
INC0021337,Group 70,1,5.034722222222222
INC0021338,Group 70,1,5.034027777777778
INC0021339,Group 24,1,9.948611111111111
INC0021340,Group 70,1,5.03125
INC0021341,Group 66,1,10.030555555555555
INC0021342,Group 70,1,5.030555555555556
INC0021343,Group 70,1,5.0256944444444445
INC0021344,Group 70,1,5.063888888888889
INC0021345,Group 72,1,5.147222222222222
INC0021346,Group 70,1,18.018055555555556
INC0021347,Group 70,1,5.0159722222222225
INC0021348,Group 70,1,5.013888888888889
INC0021349,Group 39,1,12.970833333333333
INC0021351,Group 70,1,5.009027777777778
INC0021355,Group 70,1,5.0472222222222225
INC0021356,Group 70,1,5.0881944444444445
INC0021358,Group 70,1,5.004166666666666
INC0021359,Group 70,1,5.086805555555555
INC0021361,Group 70,1,10.919444444444444
INC0021362,Group 70,1,25.419444444444444
INC0021363,Group 70,1,5.044444444444444
INC0021364,Group 70,1,5.085416666666666
INC0021365,Group 70,1,5.084027777777778
INC0021366,Group 70,1,5.082638888888889
INC0021367,Group 70,1,5.081944444444445
INC0021368,Group 24,1,13.040277777777778
INC0021369,Group 70,1,5.080555555555556
INC0021370,Group 70,1,18.12152777777778
INC0021371,Group 70,1,5.0375
INC0021372,Group 70,1,5.0368055555555555
INC0021373,Group 70,1,14.077777777777778
INC0021374,Group 70,1,5.99375
INC0021375,Group 70,1,5.077083333333333
INC0021376,Group 72,1,5.076388888888889
INC0021378,Group 70,1,5.034722222222222
INC0021379,Group 70,0,5.242361111111111
INC0021380,Group 70,0,5.241666666666666
INC0021381,Group 70,1,5.032638888888889
INC0021382,Group 70,0,5.239583333333333
INC0021383,Group 22,1,10.03125
INC0021384,Group 70,0,5.238888888888889
INC0021385,Group 70,1,5.029861111111111
INC0021386,Group 39,1,11.988194444444444
INC0021387,Group 70,1,25.404166666666665
INC0021389,Group 72,1,6.777777777777778
INC0021391,Group 70,0,5.2347222222222225
INC0021393,Group 70,0,5.2340277777777775
INC0021394,Group 70,1,17.983333333333334
INC0021395,Group 70,0,5.191666666666666
INC0021396,Group 39,1,5.107638888888889
INC0021397,Group 70,0,5.190277777777778
INC0021398,Group 20,0,5.189583333333333
INC0021399,Group 57,1,10.10625
INC0021400,Group 70,1,5.188888888888889
INC0021401,Group 70,1,5.021527777777778
INC0021402,Group 70,1,5.021527777777778
INC0021403,Group 70,1,5.148611111111111
INC0021404,Group 70,1,25.394444444444446
INC0021406,Group 70,1,5.14375
INC0021407,Group 70,1,5.018055555555556
INC0021408,Group 70,1,5.018055555555556
INC0021409,Group 39,1,17.893055555555556
INC0021410,Group 70,1,5.059027777777778
INC0021411,Group 53,1,20.850694444444443
INC0021412,Group 70,1,5.058333333333334
INC0021413,Group 70,1,5.057638888888889
INC0021414,Group 70,1,12.350694444444445
INC0021415,Group 53,1,11.181944444444444
INC0021416,Group 70,1,5.0569444444444445
INC0021417,Group 70,1,14.056944444444444
INC0021418,Group 70,1,13.014583333333333
INC0021419,Group 70,1,5.05625
INC0021420,Group 70,1,5.013194444444444
INC0021422,Group 24,1,5.052083333333333
INC0021423,Group 39,1,5.051388888888889
INC0021424,Group 70,0,5.342361111111111
INC0021425,Group 73,1,10.091666666666667
INC0021427,Group 70,1,5.006944444444445
INC0021429,Group 66,1,9.964583333333334
INC0021432,Group 24,1,5.0472222222222225
INC0021436,Group 24,1,5.045138888888889
INC0021437,Group 70,1,5.044444444444444
INC0021438,Group 46,1,5.04375
INC0021439,Group 20,1,18.04375
INC0021442,Group 70,1,5.039583333333334
INC0021445,Group 33,1,5.079166666666667
INC0021446,Group 70,1,5.0368055555555555
INC0021447,Group 66,0,5.0784722222222225
INC0021448,Group 70,1,5.036111111111111
INC0021449,Group 70,1,5.0777777777777775
INC0021455,Group 70,1,5.033333333333333
INC0021457,Group 70,1,5.031944444444444
INC0021459,Group 70,0,5.03125
INC0021462,Group 53,1,11.153472222222222
INC0021467,Group 33,1,61.81180555555556
INC0021470,Group 25,1,10.772916666666667
INC0021471,Group 66,1,11.730555555555556
INC0021472,Group 48,1,9.729861111111111
INC0021473,Group 70,1,5.021527777777778
INC0021475,Group 70,1,12.354166666666666
INC0021477,Group 76,1,5.145138888888889
INC0021478,Group 70,1,5.019444444444445
INC0021481,Group 6,1,10.060416666666667
INC0021482,Group 24,1,5.01875
INC0021483,Group 39,1,5.059027777777778
INC0021485,Group 57,1,17.76736111111111
INC0021487,Group 5,1,11.975
INC0021489,Group 24,1,5.014583333333333
INC0021492,Group 70,1,5.013888888888889
INC0021494,Group 24,1,5.013194444444444
INC0021499,Group 70,1,5.011805555555555
INC0021500,Group 39,1,5.052777777777778
INC0021502,Group 70,1,5.013194444444444
INC0021503,Group 24,1,5.010416666666667
INC0021505,Group 39,1,5.051388888888889
INC0021507,Group 70,1,5.051388888888889
INC0021509,Group 39,1,19.133333333333333
INC0021511,Group 70,1,5.007638888888889
INC0021512,Group 39,1,19.132638888888888
INC0021514,Group 39,1,19.13125
INC0021516,Group 24,1,9.8375
INC0021517,Group 29,1,13.795833333333333
INC0021518,Group 59,1,16.879166666666666
INC0021520,Group 70,1,5.045138888888889
INC0021521,Group 24,1,5.002083333333333
INC0021522,Group 25,1,188.91041666666666
INC0021523,Group 70,1,13.997916666666667
INC0021525,Group 54,1,9.78888888888889
INC0021526,Group 70,1,5.038194444444445
INC0021528,Group 25,1,226.74791666666667
INC0021529,Group 27,1,9.995833333333334
INC0021530,Group 39,1,10.745833333333334
INC0021534,Group 70,1,40.03680555555555
INC0021536,Group 70,1,40.03611111111111
INC0021538,Group 70,1,5.035416666666666
INC0021539,Group 23,1,89.8638888888889
INC0021544,Group 70,1,5.03125
INC0021545,Group 24,1,5.03125
INC0021546,Group 70,1,5.029861111111111
INC0021551,Group 24,1,5.028472222222222
INC0021552,Group 70,1,5.027777777777778
INC0021553,Group 39,1,19.944444444444443
INC0021554,Group 70,1,9.81875
INC0021555,Group 24,1,5.026388888888889
INC0021556,Group 70,1,5.026388888888889
INC0021557,Group 70,1,5.0256944444444445
INC0021559,Group 39,1,19.941666666666666
INC0021561,Group 39,1,10.775
INC0021563,Group 70,1,5.025
INC0021565,Group 24,1,13.858333333333333
INC0021566,Group 70,1,10.815972222222221
INC0021567,Group 29,1,10.02361111111111
INC0021568,Group 39,1,19.940277777777776
INC0021569,Group 70,1,5.022916666666666
INC0021572,Group 66,1,5.063194444444444
INC0021573,Group 70,1,5.020833333333333
INC0021574,Group 19,1,5.0625
INC0021577,Group 70,1,5.01875
INC0021578,Group 27,1,9.97638888888889
INC0021579,Group 39,1,19.101388888888888
INC0021580,Group 39,1,19.100694444444443
INC0021581,Group 39,1,9.933333333333334
INC0021582,Group 39,1,19.099305555555556
INC0021583,Group 19,1,11.059722222222222
INC0021585,Group 39,1,19.09861111111111
INC0021586,Group 70,1,5.0152777777777775
INC0021587,Group 39,1,19.93125
INC0021588,Group 39,1,19.929861111111112
INC0021589,Group 39,1,19.929166666666667
INC0021590,Group 70,1,13.970833333333333
INC0021591,Group 39,1,19.928472222222222
INC0021592,Group 70,0,5.761111111111111
INC0021594,Group 70,1,5.011111111111111
INC0021595,Group 39,1,19.927083333333332
INC0021596,Group 27,1,11.010416666666666
INC0021597,Group 70,1,5.009722222222222
INC0021598,Group 39,1,19.925694444444446
INC0021599,Group 39,1,5.050694444444445
INC0021600,Group 39,1,19.925
INC0021601,Group 39,1,19.92361111111111
INC0021602,Group 70,1,5.009027777777778
INC0021603,Group 57,1,26.797916666666666
INC0021604,Group 39,1,19.922916666666666
INC0021605,Group 70,1,5.0055555555555555
INC0021606,Group 39,1,19.92152777777778
INC0021608,Group 39,1,9.920833333333333
INC0021609,Group 39,1,19.920833333333334
INC0021610,Group 39,1,19.91875
INC0021611,Group 70,1,14.043055555555556
INC0021612,Group 39,1,19.917361111111113
INC0021613,Group 39,1,19.916666666666668
INC0021614,Group 39,1,19.915277777777778
INC0021615,Group 24,1,9.997222222222222
INC0021616,Group 39,1,19.915972222222223
INC0021617,Group 39,1,20.9125
INC0021618,Group 39,1,20.910416666666666
INC0021620,Group 39,1,20.90972222222222
INC0021621,Group 70,0,9.659722222222221
INC0021622,Group 70,1,5.033333333333333
INC0021623,Group 39,1,20.908333333333335
INC0021625,Group 70,0,5.075
INC0021626,Group 39,1,20.90763888888889
INC0021627,Group 39,1,20.906944444444445
INC0021629,Group 39,1,20.90625
INC0021630,Group 39,1,20.90486111111111
INC0021631,Group 12,1,24.696527777777778
INC0021632,Group 39,1,20.904166666666665
INC0021633,Group 39,1,20.903472222222224
INC0021635,Group 39,1,20.94236111111111
INC0021636,Group 39,1,20.941666666666666
INC0021637,Group 39,1,12.774305555555555
INC0021638,Group 39,1,20.94097222222222
INC0021639,Group 70,1,5.023611111111111
INC0021641,Group 39,1,20.939583333333335
INC0021642,Group 70,1,5.022916666666666
INC0021643,Group 39,1,20.899305555555557
INC0021644,Group 22,1,19.688194444444445
INC0021645,Group 39,1,9.895833333333334
INC0021646,Group 70,0,5.3909722222222225
INC0021647,Group 70,1,5.013888888888889
INC0021648,Group 39,1,9.888194444444444
INC0021649,Group 25,1,24.929861111111112
INC0021650,Group 70,1,5.011805555555555
INC0021651,Group 70,1,5.002777777777778
INC0021652,Group 70,1,5.042361111111111
INC0021653,Group 70,1,5.041666666666667
INC0021655,Group 39,1,20.906944444444445
INC0021656,Group 25,1,10.655555555555555
INC0021658,Group 70,1,5.065277777777778
INC0021659,Group 70,1,5.014583333333333
INC0021660,Group 39,1,26.8875
INC0021661,Group 39,1,26.884722222222223
INC0021662,Group 70,0,13.883333333333333
INC0021664,Group 39,1,26.88125
INC0021665,Group 28,1,9.627777777777778
INC0021667,Group 39,1,20.872222222222224
INC0021668,Group 25,1,19.869444444444444
INC0021669,Group 70,1,5.034722222222222
INC0021670,Group 39,1,9.824305555555556
INC0021671,Group 70,1,5.03125
INC0021672,Group 39,1,26.863888888888887
INC0021673,Group 39,1,9.81875
INC0021675,Group 39,1,20.8125
INC0021676,Group 39,1,20.84722222222222
INC0021677,Group 39,1,20.802083333333332
INC0021679,Group 6,1,11.59375
INC0021680,Group 70,1,5.008333333333334
INC0021681,Group 3,1,13.67361111111111
INC0021682,Group 39,1,26.83888888888889
INC0021683,Group 10,1,34.8375
INC0021684,Group 70,1,5.043055555555555
INC0021685,Group 70,1,5.030555555555556
INC0021686,Group 70,1,5.0993055555555555
INC0021687,Group 70,1,5.013888888888889
INC0021688,Group 70,1,5.042361111111111
INC0021689,Group 70,1,5.398611111111111
INC0021691,Group 25,1,16.552777777777777
INC0021694,Group 70,1,5.031944444444444
INC0021695,Group 70,1,5.260416666666667
INC0021698,Group 3,1,45.391666666666666
INC0021700,Group 3,1,45.375
INC0021701,Group 66,1,12.331944444444444
INC0021702,Group 53,0,13.5375
INC0021703,Group 57,1,18.410416666666666
INC0021704,Group 70,1,9.988194444444444
INC0021705,Group 70,0,17.56111111111111
INC0021706,Group 19,1,32.291666666666664
INC0021708,Group 70,1,5.052777777777778
INC0021709,Group 10,1,19.3375
INC0021710,Group 70,1,5.156944444444444
INC0021712,Group 70,1,5.019444444444445
INC0021714,Group 37,1,20.088194444444444
INC0021716,Group 70,1,5.035416666666666
INC0021717,Group 24,1,9.236805555555556
INC0021718,Group 39,1,69.30902777777777
INC0021720,Group 48,1,16.01597222222222
INC0021723,Group 70,1,5.020833333333333
INC0021725,Group 70,1,5.026388888888889
INC0021726,Group 39,1,9.131944444444445
INC0021728,Group 70,1,5.08125
INC0021729,Group 24,1,9.170833333333333
INC0021730,Group 20,1,8.813194444444445
INC0021733,Group 70,1,5.03125
INC0021735,Group 70,1,5.048611111111111
INC0021736,Group 28,1,8.794444444444444
INC0021737,Group 70,1,5.033333333333333
INC0021743,Group 76,1,11.841666666666667
INC0021745,Group 70,1,5.042361111111111
INC0021746,Group 70,1,5.072222222222222
INC0021747,Group 70,1,5.024305555555555
INC0021748,Group 70,1,5.0569444444444445
INC0021749,Group 70,1,5.007638888888889
INC0021753,Group 10,1,23.70625
INC0021754,Group 39,1,8.871527777777779
INC0021755,Group 70,1,5.0152777777777775
INC0021756,Group 70,1,5.095138888888889
INC0021757,Group 70,1,5.025
INC0021758,Group 70,1,5.024305555555555
INC0021759,Group 25,1,23.4375
INC0021760,Group 70,1,5.041666666666667
INC0021762,Group 70,1,5.038888888888889
INC0021763,Group 70,1,5.029166666666667
INC0021764,Group 70,1,5.026388888888889
INC0021765,Group 70,1,5.025
INC0021766,Group 70,1,5.019444444444445
INC0021767,Group 70,1,5.014583333333333
INC0021768,Group 48,1,22.55
INC0021770,Group 70,0,11.447222222222223
INC0021771,Group 70,1,5.026388888888889
INC0021772,Group 25,1,9.3875
INC0021775,Group 70,1,5.041666666666667
INC0021776,Group 70,1,8.399305555555555
INC0021777,Group 70,1,10.684027777777779
INC0021779,Group 70,1,11.663194444444445
INC0021780,Group 73,1,22.114583333333332
INC0021781,Group 28,1,8.36111111111111
INC0021782,Group 39,1,8.277083333333334
INC0021783,Group 70,1,5.0256944444444445
INC0021784,Group 28,1,68.3125
INC0021785,Group 70,1,5.01875
INC0021786,Group 23,1,8.097222222222221
INC0021787,Group 70,0,10.095138888888888
INC0021788,Group 70,1,5.0472222222222225
INC0021789,Group 70,1,5.04375
INC0021790,Group 70,1,5.040277777777778
INC0021791,Group 39,1,8.248611111111112
INC0021792,Group 70,1,5.039583333333334
INC0021793,Group 70,1,5.025
INC0021794,Group 37,1,24.06597222222222
INC0021795,Group 70,1,5.022916666666666
INC0021796,Group 33,1,10.352777777777778
INC0021798,Group 70,1,5.0055555555555555
INC0021799,Group 70,1,5.122222222222222
INC0021800,Group 70,1,8.246527777777779
INC0021801,Group 39,1,8.190972222222221
INC0021802,Group 70,1,5.020833333333333
INC0021803,Group 70,1,5.009722222222222
INC0021806,Group 39,1,8.213888888888889
INC0021808,Group 19,1,7.961805555555555
INC0021810,Group 70,1,8.210416666666667
INC0021811,Group 70,1,5.043055555555555
INC0021812,Group 70,1,5.084027777777778
INC0021813,Group 12,1,24.988888888888887
INC0021815,Group 70,1,5.029861111111111
INC0021816,Group 70,1,5.025
INC0021818,Group 70,1,5.019444444444445
INC0021819,Group 70,1,5.059027777777778
INC0021820,Group 39,1,11.888194444444444
INC0021821,Group 70,0,8.129166666666666
INC0021822,Group 70,1,5.08125
INC0021825,Group 70,1,5.034027777777778
INC0021828,Group 70,0,5.020833333333333
INC0021829,Group 12,1,16.927083333333332
INC0021830,Group 70,1,5.049305555555556
INC0021831,Group 70,1,5.0472222222222225
INC0021832,Group 70,1,5.045138888888889
INC0021834,Group 34,1,7.836111111111111
INC0021835,Group 19,1,30.91875
INC0021836,Group 12,1,16.90763888888889
INC0021840,Group 70,1,5.065277777777778
INC0021841,Group 70,1,5.020833333333333
INC0021842,Group 29,1,26.099305555555556
INC0021843,Group 70,0,5.094444444444444
INC0021844,Group 39,1,8.093055555555555
INC0021845,Group 70,1,8.090972222222222
INC0021846,Group 39,1,20.097916666666666
INC0021849,Group 70,1,5.0159722222222225
INC0021850,Group 70,1,5.054861111111111
INC0021851,Group 70,1,12.053472222222222
INC0021853,Group 70,1,5.045138888888889
INC0021855,Group 70,1,5.0256944444444445
INC0021856,Group 21,1,5.105555555555555
INC0021857,Group 70,1,5.019444444444445
INC0021858,Group 21,1,9.977083333333333
INC0021860,Group 70,1,16.804861111111112
INC0021861,Group 70,1,5.004166666666666
INC0021864,Group 12,1,21.00625
INC0021865,Group 28,1,7.700694444444444
INC0021866,Group 70,1,5.03125
INC0021868,Group 70,0,11.815277777777778
INC0021870,Group 70,1,5.0569444444444445
INC0021871,Group 70,0,17.9625
INC0021873,Group 70,0,11.776388888888889
INC0021875,Group 57,1,44.017361111111114
INC0021876,Group 39,1,7.925694444444445
INC0021878,Group 25,1,7.672916666666667
INC0021879,Group 70,1,5.043055555555555
INC0021880,Group 29,1,7.950694444444444
INC0021883,Group 70,1,5.052083333333333
INC0021884,Group 22,1,9.823611111111111
INC0021885,Group 24,1,8.772222222222222
INC0021886,Group 48,1,14.502777777777778
INC0021887,Group 25,1,8.679166666666667
INC0021889,Group 70,1,5.065972222222222
INC0021890,Group 70,1,7.022916666666666
INC0021891,Group 70,1,5.04375
INC0021894,Group 46,1,7.457638888888889
INC0021896,Group 70,1,5.035416666666666
INC0021898,Group 70,1,5.049305555555556
INC0021899,Group 72,0,5.1715277777777775
INC0021900,Group 70,1,5.165277777777778
INC0021901,Group 70,1,5.247916666666667
INC0021903,Group 70,1,5.201388888888889
INC0021904,Group 70,1,7.025
INC0021905,Group 70,1,5.105555555555555
INC0021907,Group 70,1,5.0159722222222225
INC0021908,Group 70,1,5.0152777777777775
INC0021909,Group 70,0,8.549305555555556
INC0021910,Group 70,1,7.004861111111111
INC0021911,Group 70,1,5.0368055555555555
INC0021912,Group 70,1,5.03125
INC0021913,Group 70,1,5.026388888888889
INC0021914,Group 70,1,5.0256944444444445
INC0021915,Group 70,1,5.0465277777777775
INC0021916,Group 46,1,7.334722222222222
INC0021917,Group 70,1,5.039583333333334
INC0021918,Group 24,1,8.265972222222222
INC0021920,Group 70,1,6.802777777777778
INC0021921,Group 73,1,7.51875
INC0021922,Group 73,1,7.2243055555555555
INC0021924,Group 37,1,31.49375
INC0021925,Group 70,1,9.234722222222222
INC0021927,Group 70,1,5.039583333333334
INC0021928,Group 70,1,5.161111111111111
INC0021929,Group 27,1,7.3590277777777775
INC0021931,Group 70,1,5.05
INC0021932,Group 70,0,8.777083333333334
INC0021933,Group 70,1,11.224305555555556
INC0021935,Group 70,1,5.0125
INC0021936,Group 70,1,5.072916666666667
INC0021939,Group 33,1,10.002083333333333
INC0021940,Group 70,1,5.083333333333333
INC0021942,Group 70,1,5.029166666666667
INC0021943,Group 70,1,5.009722222222222
INC0021948,Group 70,1,5.028472222222222
INC0021949,Group 70,1,5.027777777777778
INC0021950,Group 25,1,9.98263888888889
INC0021951,Group 70,1,5.020138888888889
INC0021954,Group 70,1,5.020833333333333
INC0021957,Group 70,1,5.034027777777778
INC0021958,Group 70,1,5.027083333333334
INC0021959,Group 70,1,5.047916666666667
INC0021960,Group 70,1,5.010416666666667
INC0021961,Group 70,1,5.0680555555555555
INC0021963,Group 70,1,5.0368055555555555
INC0021964,Group 24,1,7.5993055555555555
INC0021966,Group 24,1,7.605555555555555
INC0021967,Group 57,1,15.436805555555555
INC0021969,Group 70,1,5.034722222222222
INC0021970,Group 53,1,6.253472222222222
INC0021971,Group 70,1,13.247916666666667
INC0021972,Group 70,1,5.03125
INC0021975,Group 25,1,10.029861111111112
INC0021978,Group 70,1,5.0125
INC0021985,Group 70,1,5.04375
INC0021986,Group 70,1,5.039583333333334
INC0021987,Group 29,1,8.85
INC0021988,Group 70,1,5.0368055555555555
INC0021989,Group 70,1,5.013888888888889
INC0021990,Group 5,1,43.59375
INC0021991,Group 19,0,5.022222222222222
INC0021992,Group 28,1,7.540277777777778
INC0021993,Group 25,1,12.565972222222221
INC0021994,Group 70,1,5.035416666666666
INC0021997,Group 70,1,5.0472222222222225
INC0021999,Group 70,1,5.019444444444445
INC0022000,Group 70,1,7.39375
INC0022001,Group 70,1,5.060416666666667
INC0022002,Group 28,1,13.346527777777778
INC0022004,Group 39,1,5.627777777777778
INC0022005,Group 70,1,7.382638888888889
INC0022009,Group 70,1,5.010416666666667
INC0022010,Group 70,1,5.038888888888889
INC0022011,Group 70,1,5.034027777777778
INC0022012,Group 70,1,5.065972222222222
INC0022013,Group 70,1,5.063888888888889
INC0022020,Group 25,1,23.406944444444445
INC0022021,Group 64,1,5.017361111111111
INC0022022,Group 64,1,5.008333333333334
INC0022023,Group 64,1,5.007638888888889
INC0022024,Group 64,1,5.006944444444445
INC0022025,Group 64,1,5.04375
INC0022026,Group 66,1,47.041666666666664
INC0022029,Group 64,1,5.026388888888889
INC0022030,Group 70,1,5.022222222222222
INC0022032,Group 76,1,8.139583333333333
INC0022033,Group 70,1,5.05625
INC0022034,Group 64,1,5.010416666666667
INC0022036,Group 64,1,5.009027777777778
INC0022040,Group 70,1,5.008333333333334
INC0022043,Group 27,1,8.294444444444444
INC0022044,Group 64,1,5.002083333333333
INC0022045,Group 70,1,5.042361111111111
INC0022046,Group 24,1,6.084027777777778
INC0022047,Group 64,1,5.042361111111111
INC0022048,Group 70,1,5.125694444444444
INC0022049,Group 29,1,15.290277777777778
INC0022051,Group 70,1,5.0375
INC0022052,Group 70,1,5.036111111111111
INC0022053,Group 70,1,5.034027777777778
INC0022054,Group 70,1,5.034027777777778
INC0022056,Group 70,1,5.032638888888889
INC0022057,Group 70,1,5.032638888888889
INC0022058,Group 70,1,5.031944444444444
INC0022059,Group 24,1,5.28125
INC0022060,Group 70,1,5.030555555555556
INC0022061,Group 72,1,5.321527777777778
INC0022062,Group 70,1,5.030555555555556
INC0022063,Group 70,1,5.027777777777778
INC0022064,Group 70,1,5.027777777777778
INC0022065,Group 70,1,5.027083333333334
INC0022066,Group 34,1,5.0680555555555555
INC0022067,Group 70,1,5.0256944444444445
INC0022069,Group 70,1,5.022916666666666
INC0022071,Group 70,1,5.022916666666666
INC0022072,Group 25,1,5.188888888888889
INC0022073,Group 27,1,5.188888888888889
INC0022074,Group 24,1,5.188194444444444
INC0022075,Group 70,1,5.020138888888889
INC0022076,Group 70,1,5.019444444444445
INC0022077,Group 70,1,5.019444444444445
INC0022078,Group 72,1,6.058333333333334
INC0022079,Group 70,1,5.016666666666667
INC0022081,Group 75,1,14.18125
INC0022082,Group 70,1,5.013888888888889
INC0022083,Group 55,1,21.09722222222222
INC0022084,Group 10,1,33.09652777777778
INC0022085,Group 70,1,5.054861111111111
INC0022088,Group 70,1,5.009027777777778
INC0022089,Group 30,1,6.092361111111111
INC0022091,Group 70,1,5.007638888888889
INC0022092,Group 70,1,5.007638888888889
INC0022095,Group 70,1,9.255555555555556
INC0022096,Group 70,1,5.0472222222222225
INC0022097,Group 70,1,12.129861111111111
INC0022098,Group 25,1,15.338194444444444
INC0022100,Group 70,1,5.004861111111111
INC0022101,Group 70,1,5.042361111111111
INC0022105,Group 70,1,5.040972222222222
INC0022107,Group 70,1,5.122916666666667
INC0022108,Group 31,1,6.039583333333334
INC0022109,Group 23,1,61.03472222222222
INC0022110,Group 70,1,5.038888888888889
INC0022111,Group 70,0,5.038888888888889
INC0022112,Group 70,0,5.038888888888889
INC0022115,Group 27,1,5.0784722222222225
INC0022116,Group 25,1,5.995138888888889
INC0022117,Group 70,1,5.0368055555555555
INC0022118,Group 70,1,5.036111111111111
INC0022119,Group 55,1,5.1194444444444445
INC0022120,Group 66,1,7.11875
INC0022121,Group 66,1,56.27986111111111
INC0022122,Group 66,1,40.28402777777778
INC0022123,Group 70,1,5.032638888888889
INC0022124,Group 70,1,5.032638888888889
INC0022125,Group 31,1,23.240972222222222
INC0022126,Group 23,1,5.281944444444444
INC0022128,Group 57,1,23.325
INC0022129,Group 70,1,5.029861111111111
INC0022130,Group 70,1,5.029166666666667
INC0022131,Group 70,1,5.028472222222222
INC0022132,Group 70,1,5.027777777777778
INC0022133,Group 72,1,6.027083333333334
INC0022134,Group 70,1,5.026388888888889
INC0022136,Group 64,1,5.025
INC0022137,Group 70,1,6.066666666666666
INC0022138,Group 70,1,5.025
INC0022139,Group 24,1,7.063194444444444
INC0022141,Group 34,1,5.271527777777778
INC0022143,Group 34,1,5.26875
INC0022144,Group 70,1,15.26875
INC0022145,Group 27,1,5.977083333333334
INC0022146,Group 25,1,5.018055555555556
INC0022147,Group 70,1,5.018055555555556
INC0022148,Group 70,1,5.017361111111111
INC0022149,Group 73,1,7.934722222222222
INC0022150,Group 64,1,5.014583333333333
INC0022151,Group 24,1,5.18125
INC0022152,Group 70,1,5.055555555555555
INC0022153,Group 64,1,5.013888888888889
INC0022155,Group 27,1,5.1375
INC0022156,Group 64,1,5.0125
INC0022157,Group 70,1,5.011805555555555
INC0022158,Group 70,1,5.053472222222222
INC0022159,Group 28,1,5.302777777777778
INC0022160,Group 64,1,5.013194444444444
INC0022161,Group 70,1,7.052777777777778
INC0022163,Group 70,1,5.010416666666667
INC0022164,Group 39,1,5.259722222222222
INC0022165,Group 25,1,19.134027777777778
INC0022166,Group 70,1,5.009027777777778
INC0022167,Group 25,1,5.009027777777778
INC0022168,Group 70,1,5.008333333333334
INC0022169,Group 70,1,5.05
INC0022170,Group 70,1,5.008333333333334
INC0022171,Group 25,1,5.00625
INC0022172,Group 58,1,23.339583333333334
INC0022173,Group 70,1,5.007638888888889
INC0022174,Group 23,1,29.04652777777778
INC0022176,Group 70,1,5.045138888888889
INC0022178,Group 65,1,5.291666666666667
INC0022179,Group 68,1,5.041666666666667
INC0022180,Group 12,1,33.333333333333336
INC0022181,Group 64,1,5.040277777777778
INC0022183,Group 70,1,5.206944444444445
INC0022184,Group 55,1,5.039583333333334
INC0022185,Group 30,1,5.288888888888889
INC0022186,Group 65,1,5.0375
INC0022187,Group 25,1,6.245138888888889
INC0022188,Group 64,1,5.036111111111111
INC0022189,Group 46,1,5.034722222222222
INC0022190,Group 25,1,7.076388888888889
INC0022191,Group 70,1,7.034027777777778
INC0022192,Group 70,1,5.034027777777778
INC0022193,Group 64,1,5.033333333333333
INC0022195,Group 64,1,5.032638888888889
INC0022196,Group 34,1,5.030555555555556
INC0022197,Group 70,1,7.113888888888889
INC0022198,Group 20,0,5.071527777777778
INC0022199,Group 70,1,8.195833333333333
INC0022200,Group 70,1,12.070833333333333
INC0022201,Group 70,1,7.2756944444444445
INC0022202,Group 70,1,5.0256944444444445
INC0022203,Group 25,1,5.065972222222222
INC0022204,Group 70,1,7.190972222222222
INC0022205,Group 70,1,5.065277777777778
INC0022207,Group 76,1,6.980555555555555
INC0022208,Group 70,1,5.021527777777778
INC0022209,Group 70,1,5.061111111111111
INC0022210,Group 39,1,6.934027777777778
INC0022212,Group 70,1,5.0159722222222225
INC0022213,Group 70,1,5.0159722222222225
INC0022215,Group 57,1,12.972916666666666
INC0022216,Group 64,1,5.0125
INC0022217,Group 3,1,153.01388888888889
INC0022218,Group 29,1,13.303472222222222
INC0022219,Group 64,1,5.011111111111111
INC0022220,Group 70,1,5.010416666666667
INC0022221,Group 57,1,7.301388888888889
INC0022222,Group 70,0,12.00763888888889
INC0022223,Group 73,1,5.965277777777778
INC0022224,Group 33,1,9.215277777777779
INC0022226,Group 27,1,5.214583333333334
INC0022227,Group 70,1,6.0465277777777775
INC0022228,Group 55,1,5.0465277777777775
INC0022231,Group 73,1,5.918055555555555
INC0022232,Group 70,1,5.042361111111111
INC0022233,Group 29,1,7.165972222222222
INC0022235,Group 60,1,6.955555555555556
INC0022236,Group 24,1,5.954861111111111
INC0022237,Group 6,1,6.038194444444445
INC0022238,Group 23,1,5.246527777777778
INC0022239,Group 70,1,5.038194444444445
INC0022240,Group 70,1,5.035416666666666
INC0022241,Group 70,1,5.035416666666666
INC0022243,Group 70,1,5.034027777777778
INC0022244,Group 70,1,5.033333333333333
INC0022246,Group 70,1,5.031944444444444
INC0022247,Group 70,1,5.03125
INC0022248,Group 70,1,5.029861111111111
INC0022249,Group 25,1,5.944444444444445
INC0022252,Group 70,1,5.027083333333334
INC0022254,Group 30,1,5.0256944444444445
INC0022255,Group 27,1,62.1875
INC0022256,Group 25,1,8.192361111111111
INC0022257,Group 72,1,5.9
INC0022259,Group 20,1,9.190972222222221
INC0022260,Group 70,1,5.024305555555555
INC0022261,Group 70,1,5.063194444444444
INC0022262,Group 24,1,5.020833333333333
INC0022263,Group 70,1,5.020138888888889
INC0022264,Group 24,1,5.019444444444445
INC0022265,Group 24,1,5.01875
INC0022266,Group 22,1,6.225694444444445
INC0022267,Group 31,1,5.267361111111111
INC0022268,Group 70,1,5.017361111111111
INC0022269,Group 70,1,5.017361111111111
INC0022271,Group 24,1,5.016666666666667
INC0022272,Group 64,1,5.016666666666667
INC0022273,Group 29,1,6.266666666666667
INC0022274,Group 24,1,5.0159722222222225
INC0022275,Group 23,1,5.182638888888889
INC0022276,Group 70,1,5.0159722222222225
INC0022277,Group 70,1,6.0569444444444445
INC0022278,Group 64,1,5.014583333333333
INC0022279,Group 70,1,26.889583333333334
INC0022280,Group 70,1,5.014583333333333
INC0022282,Group 24,1,5.011805555555555
INC0022285,Group 24,1,5.010416666666667
INC0022287,Group 70,1,5.009722222222222
INC0022288,Group 24,1,5.009027777777778
INC0022289,Group 70,1,7.006944444444445
INC0022290,Group 70,1,5.088888888888889
INC0022291,Group 70,1,5.0465277777777775
INC0022292,Group 70,1,5.045833333333333
INC0022293,Group 13,1,5.253472222222222
INC0022294,Group 70,1,5.043055555555555
INC0022298,Group 70,1,5.038194444444445
INC0022300,Group 70,1,5.035416666666666
INC0022302,Group 6,1,11.868055555555555
INC0022304,Group 70,1,5.032638888888889
INC0022305,Group 70,1,13.990972222222222
INC0022306,Group 70,1,5.031944444444444
INC0022308,Group 70,1,5.03125
INC0022312,Group 70,1,5.026388888888889
INC0022313,Group 70,1,50.852777777777774
INC0022315,Group 70,1,5.020138888888889
INC0022316,Group 70,1,5.017361111111111
INC0022319,Group 25,1,5.885416666666667
INC0022320,Group 70,1,5.009722222222222
INC0022321,Group 70,0,5.05
INC0022322,Group 70,1,5.049305555555556
INC0022323,Group 70,1,5.090972222222222
INC0022325,Group 70,1,5.048611111111111
INC0022326,Group 70,1,6.044444444444444
INC0022327,Group 46,1,5.165972222222222
INC0022328,Group 59,1,7.830555555555556
INC0022329,Group 70,1,5.038194444444445
INC0022330,Group 70,1,5.035416666666666
INC0022331,Group 70,1,5.034027777777778
INC0022332,Group 24,1,5.032638888888889
INC0022333,Group 70,1,5.03125
INC0022334,Group 70,1,5.030555555555556
INC0022337,Group 27,1,5.110416666666667
INC0022338,Group 73,1,5.151388888888889
INC0022339,Group 24,1,5.026388888888889
INC0022340,Group 39,1,5.1090277777777775
INC0022341,Group 47,1,5.1090277777777775
INC0022342,Group 24,1,5.025
INC0022343,Group 70,1,6.941666666666666
INC0022344,Group 70,1,5.065277777777778
INC0022345,Group 56,1,5.105555555555555
INC0022346,Group 24,1,5.022222222222222
INC0022347,Group 70,1,5.021527777777778
INC0022349,Group 24,1,5.145138888888889
INC0022350,Group 24,1,5.01875
INC0022351,Group 26,1,6.060416666666667
INC0022352,Group 70,1,5.018055555555556
INC0022353,Group 24,1,5.017361111111111
INC0022354,Group 70,1,5.016666666666667
INC0022355,Group 24,1,5.0159722222222225
INC0022356,Group 70,1,5.0152777777777775
INC0022357,Group 24,1,5.8902777777777775
INC0022358,Group 24,1,5.013888888888889
INC0022359,Group 24,1,5.805555555555555
INC0022360,Group 30,1,7.888888888888889
INC0022362,Group 27,1,7.013194444444444
INC0022364,Group 70,1,15.096527777777778
INC0022365,Group 70,1,5.053472222222222
INC0022366,Group 20,1,27.885416666666668
INC0022367,Group 24,1,7.84375
INC0022368,Group 70,1,5.009722222222222
INC0022369,Group 70,1,5.926388888888889
INC0022370,Group 55,1,5.049305555555556
INC0022371,Group 70,0,6.965972222222222
INC0022372,Group 24,1,5.047916666666667
INC0022373,Group 70,1,6.9215277777777775
INC0022374,Group 39,1,5.0881944444444445
INC0022375,Group 23,1,8.916666666666666
INC0022376,Group 25,1,5.122916666666667
INC0022377,Group 56,1,5.83125
INC0022378,Group 55,1,5.038888888888889
INC0022379,Group 70,1,5.040972222222222
INC0022380,Group 70,1,5.038194444444445
INC0022381,Group 6,1,21.7875
INC0022383,Group 48,1,6.785416666666666
INC0022387,Group 70,1,5.03125
INC0022388,Group 70,1,5.027777777777778
INC0022389,Group 70,1,5.027083333333334
INC0022390,Group 25,1,8.109027777777778
INC0022391,Group 65,1,6.829861111111111
INC0022392,Group 56,1,8.9
INC0022393,Group 56,1,5.065972222222222
INC0022394,Group 25,1,6.065277777777778
INC0022395,Group 70,1,5.023611111111111
INC0022396,Group 70,1,5.023611111111111
INC0022398,Group 70,1,5.021527777777778
INC0022399,Group 72,1,5.896527777777778
INC0022401,Group 24,1,5.810416666666667
INC0022402,Group 39,1,5.059722222222222
INC0022403,Group 33,1,6.892361111111111
INC0022404,Group 72,1,5.85
INC0022405,Group 22,1,6.1409722222222225
INC0022407,Group 27,1,5.014583333333333
INC0022408,Group 20,0,5.014583333333333
INC0022409,Group 33,1,6.888888888888889
INC0022411,Group 39,1,5.970833333333333
INC0022412,Group 70,1,5.053472222222222
INC0022414,Group 70,1,5.011111111111111
INC0022415,Group 70,1,5.0125
INC0022416,Group 70,1,5.051388888888889
INC0022418,Group 70,1,5.009027777777778
INC0022420,Group 27,1,6.964583333333334
INC0022421,Group 28,1,5.88125
INC0022422,Group 39,1,5.047916666666667
INC0022423,Group 72,1,5.0881944444444445
INC0022424,Group 70,1,5.9631944444444445
INC0022425,Group 24,1,5.004166666666666
INC0022426,Group 25,1,14.128472222222221
INC0022427,Group 5,1,43.794444444444444
INC0022428,Group 24,1,5.002777777777778
INC0022429,Group 27,1,6.084722222222222
INC0022430,Group 24,1,5.793055555555555
INC0022432,Group 56,1,27.831944444444446
INC0022433,Group 15,1,239.99375
INC0022434,Group 70,1,5.038888888888889
INC0022435,Group 46,1,5.038888888888889
INC0022436,Group 27,1,14.0375
INC0022437,Group 25,1,7.7875
INC0022439,Group 24,1,18.78611111111111
INC0022440,Group 24,1,5.034722222222222
INC0022441,Group 39,1,5.034722222222222
INC0022442,Group 70,1,5.033333333333333
INC0022443,Group 70,1,5.032638888888889
INC0022444,Group 64,1,5.030555555555556
INC0022445,Group 70,1,5.029861111111111
INC0022446,Group 24,1,5.029861111111111
INC0022447,Group 70,1,5.029166666666667
INC0022448,Group 70,1,5.0256944444444445
INC0022449,Group 70,1,5.025
INC0022450,Group 70,1,5.024305555555555
INC0022451,Group 5,1,5.065972222222222
INC0022452,Group 25,1,5.939583333333333
INC0022453,Group 70,1,5.022222222222222
INC0022454,Group 55,1,6.855555555555555
INC0022455,Group 24,1,5.022222222222222
INC0022456,Group 12,1,19.81388888888889
INC0022458,Group 72,1,6.979166666666667
INC0022459,Group 31,1,26.061805555555555
INC0022460,Group 70,1,5.01875
INC0022461,Group 70,1,5.0152777777777775
INC0022462,Group 70,1,5.014583333333333
INC0022465,Group 70,1,5.013194444444444
INC0022466,Group 70,0,6.845138888888889
INC0022467,Group 73,1,5.761805555555555
INC0022468,Group 70,1,5.009027777777778
INC0022470,Group 70,1,5.301388888888889
INC0022471,Group 70,1,5.840277777777778
INC0022472,Group 24,1,5.048611111111111
INC0022474,Group 70,1,5.007638888888889
INC0022476,Group 24,1,12.834722222222222
INC0022478,Group 70,1,5.042361111111111
INC0022479,Group 30,1,11.791666666666666
INC0022480,Group 55,1,21.163888888888888
INC0022482,Group 70,0,11.911111111111111
INC0022484,Group 70,1,5.036111111111111
INC0022489,Group 26,1,34.78541666666667
INC0022490,Group 27,1,6.826388888888889
INC0022491,Group 70,1,5.034027777777778
INC0022492,Group 27,1,5.783333333333333
INC0022493,Group 70,1,5.029861111111111
INC0022494,Group 70,1,5.029166666666667
INC0022495,Group 24,1,5.94375
INC0022496,Group 70,1,5.0256944444444445
INC0022497,Group 70,1,5.022916666666666
INC0022498,Group 73,1,6.979861111111111
INC0022499,Group 74,1,5.811111111111111
INC0022500,Group 70,1,5.019444444444445
INC0022501,Group 73,1,7.645138888888889
INC0022502,Group 70,1,5.014583333333333
INC0022503,Group 23,1,7.053472222222222
INC0022504,Group 70,1,5.011111111111111
INC0022506,Group 23,1,5.759722222222222
INC0022508,Group 70,1,5.008333333333334
INC0022509,Group 10,1,21.79722222222222
INC0022510,Group 23,1,5.751388888888889
INC0022511,Group 23,1,5.748611111111111
INC0022512,Group 70,1,5.039583333333334
INC0022513,Group 70,1,5.0368055555555555
INC0022515,Group 70,1,5.033333333333333
INC0022517,Group 49,1,5.94375
INC0022518,Group 70,1,5.025
INC0022519,Group 55,1,5.691666666666666
INC0022520,Group 70,0,12.774305555555555
INC0022521,Group 39,1,5.856944444444444
INC0022522,Group 20,1,5.063888888888889
INC0022523,Group 56,1,6.934027777777778
INC0022524,Group 70,0,6.801388888888889
INC0022526,Group 12,1,12.966666666666667
INC0022527,Group 29,0,7.965972222222222
INC0022528,Group 70,1,5.0465277777777775
INC0022529,Group 33,1,8.96111111111111
INC0022530,Group 70,1,5.040277777777778
INC0022531,Group 39,1,5.830555555555556
INC0022532,Group 57,1,7.870138888888889
INC0022533,Group 70,1,6.783333333333333
INC0022534,Group 70,1,5.054166666666666
INC0022535,Group 70,1,5.008333333333334
INC0022536,Group 24,1,5.8909722222222225
INC0022537,Group 70,1,5.09375
INC0022538,Group 70,1,5.047916666666667
INC0022539,Group 54,1,5.779861111111111
INC0022541,Group 23,1,13.661111111111111
INC0022543,Group 70,1,7.590972222222222
INC0022544,Group 20,1,0.12152777777777778
INC0022545,Group 70,1,5.0368055555555555
INC0022546,Group 19,1,5.461111111111111
INC0022547,Group 70,0,11.644444444444444
INC0022548,Group 70,1,5.057638888888889
INC0022549,Group 70,1,5.048611111111111
INC0022551,Group 70,1,5.0055555555555555
INC0022553,Group 25,1,7.545138888888889
INC0022554,Group 24,1,5.558333333333334
INC0022555,Group 70,1,5.041666666666667
INC0022557,Group 70,1,5.365972222222222
INC0022558,Group 70,1,5.022222222222222
INC0022560,Group 70,1,6.170833333333333
INC0022561,Group 70,1,5.043055555555555
INC0022562,Group 70,1,5.0368055555555555
INC0022563,Group 70,1,5.035416666666666
INC0022564,Group 70,1,5.032638888888889
INC0022565,Group 22,1,5.154166666666667
INC0022566,Group 70,1,5.013194444444444
INC0022567,Group 70,0,6.1375
INC0022568,Group 76,1,6.379861111111111
INC0022570,Group 70,1,5.026388888888889
INC0022571,Group 70,1,5.019444444444445
INC0022572,Group 10,1,14.268055555555556
INC0022573,Group 24,1,6.1
INC0022574,Group 70,1,5.0465277777777775
INC0022575,Group 20,0,5.00625
INC0022576,Group 70,1,5.211111111111111
INC0022578,Group 70,1,5.041666666666667
INC0022579,Group 60,1,5.083333333333333
INC0022580,Group 24,1,5.1194444444444445
INC0022581,Group 62,1,18.07638888888889
INC0022582,Group 27,1,5.032638888888889
INC0022583,Group 70,1,5.031944444444444
INC0022584,Group 27,1,5.072916666666667
INC0022585,Group 70,1,5.029861111111111
INC0022586,Group 70,0,6.113194444444445
INC0022588,Group 70,1,5.027777777777778
INC0022589,Group 70,1,5.0256944444444445
INC0022590,Group 70,1,5.065277777777778
INC0022591,Group 70,1,6.106944444444444
INC0022592,Group 70,1,5.021527777777778
INC0022593,Group 46,1,5.063194444444444
INC0022595,Group 23,1,8.39375
INC0022596,Group 70,1,5.01875
INC0022597,Group 55,1,5.143055555555556
INC0022599,Group 70,1,5.017361111111111
INC0022600,Group 28,1,5.058333333333334
INC0022601,Group 70,0,5.0159722222222225
INC0022602,Group 64,1,5.1402777777777775
INC0022603,Group 64,1,5.1402777777777775
INC0022604,Group 70,1,5.0152777777777775
INC0022605,Group 64,1,5.1402777777777775
INC0022606,Group 46,1,5.058333333333334
INC0022607,Group 70,1,5.014583333333333
INC0022608,Group 70,1,8.222222222222221
INC0022610,Group 70,1,5.011805555555555
INC0022611,Group 51,0,5.011111111111111
INC0022612,Group 33,1,7.136111111111111
INC0022613,Group 28,1,12.09375
INC0022614,Group 70,1,5.009027777777778
INC0022615,Group 73,1,6.1305555555555555
INC0022616,Group 28,1,5.0472222222222225
INC0022617,Group 70,1,5.004861111111111
INC0022618,Group 39,1,5.254166666666666
INC0022619,Group 75,1,12.379166666666666
INC0022620,Group 70,1,6.125694444444444
INC0022621,Group 70,1,5.041666666666667
INC0022622,Group 25,1,13.207638888888889
INC0022623,Group 54,0,5.040277777777778
INC0022624,Group 6,1,20.164583333333333
INC0022625,Group 70,0,5.122916666666667
INC0022626,Group 70,1,5.038888888888889
INC0022627,Group 20,1,41.454861111111114
INC0022630,Group 70,1,5.036111111111111
INC0022631,Group 72,1,5.035416666666666
INC0022632,Group 5,1,7.11875
INC0022633,Group 54,1,8.07638888888889
INC0022635,Group 70,1,5.659027777777778
INC0022636,Group 73,1,6.284027777777778
INC0022637,Group 29,1,6.534027777777778
INC0022639,Group 70,1,5.158333333333333
INC0022641,Group 20,1,28.40763888888889
INC0022642,Group 30,1,5.032638888888889
INC0022643,Group 70,1,5.03125
INC0022644,Group 70,1,7.155555555555556
INC0022645,Group 70,1,11.155555555555555
INC0022646,Group 70,1,5.030555555555556
INC0022647,Group 70,1,5.028472222222222
INC0022649,Group 70,1,5.027777777777778
INC0022651,Group 25,1,25.35902777777778
INC0022654,Group 70,1,5.024305555555555
INC0022655,Group 70,1,5.023611111111111
INC0022656,Group 25,1,5.272222222222222
INC0022657,Group 33,1,7.104861111111111
INC0022658,Group 15,1,175.10416666666666
INC0022659,Group 70,1,5.020833333333333
INC0022660,Group 70,1,5.019444444444445
INC0022661,Group 70,1,5.01875
INC0022662,Group 65,1,6.031944444444444
INC0022664,Group 27,1,5.307638888888889
INC0022665,Group 31,1,49.22430555555555
INC0022666,Group 64,1,5.055555555555555
INC0022667,Group 28,1,5.054861111111111
INC0022668,Group 39,1,5.220138888888889
INC0022671,Group 70,1,5.05
INC0022672,Group 70,1,5.008333333333334
INC0022673,Group 70,1,5.006944444444445
INC0022674,Group 39,1,5.047916666666667
INC0022675,Group 70,1,5.004861111111111
INC0022676,Group 25,1,5.0881944444444445
INC0022677,Group 70,1,5.086111111111111
INC0022678,Group 70,1,5.04375
INC0022679,Group 70,1,5.004166666666666
INC0022680,Group 70,1,5.040277777777778
INC0022681,Group 70,1,5.165277777777778
INC0022683,Group 70,1,11.123611111111112
INC0022685,Group 70,1,5.034027777777778
INC0022686,Group 20,1,5.034027777777778
INC0022687,Group 25,1,6.2
INC0022688,Group 72,1,7.116666666666666
INC0022690,Group 70,1,5.030555555555556
INC0022694,Group 70,1,5.029166666666667
INC0022695,Group 30,1,5.028472222222222
INC0022696,Group 47,1,6.944444444444445
INC0022697,Group 70,1,5.027777777777778
INC0022698,Group 54,1,7.111111111111111
INC0022699,Group 70,1,5.019444444444445
INC0022700,Group 70,1,5.01875
INC0022701,Group 70,1,5.018055555555556
INC0022702,Group 23,1,42.017361111111114
INC0022703,Group 70,1,11.141666666666667
INC0022704,Group 75,1,13.1
INC0022705,Group 24,1,6.225
INC0022706,Group 70,1,8.223611111111111
INC0022708,Group 49,1,5.972916666666666
INC0022709,Group 13,1,0.009722222222222222
INC0022710,Group 23,1,7.304861111111111
INC0022713,Group 70,1,7.011805555555555
INC0022715,Group 33,1,21.005555555555556
INC0022716,Group 70,1,5.003472222222222
INC0022717,Group 48,1,5.915972222222222
INC0022718,Group 28,1,5.082638888888889
INC0022719,Group 70,1,5.040277777777778
INC0022720,Group 70,1,5.039583333333334
INC0022722,Group 57,1,11.99375
INC0022723,Group 70,0,11.075694444444444
INC0022724,Group 70,1,5.032638888888889
INC0022725,Group 70,1,5.032638888888889
INC0022726,Group 70,1,5.030555555555556
INC0022727,Group 70,1,5.029861111111111
INC0022729,Group 70,1,5.065972222222222
INC0022730,Group 25,1,29.19097222222222
INC0022731,Group 70,1,5.023611111111111
INC0022734,Group 70,1,8.188194444444445
INC0022735,Group 70,1,14.186111111111112
INC0022737,Group 70,1,5.01875
INC0022740,Group 76,1,6.309027777777778
INC0022741,Group 70,1,5.055555555555555
INC0022743,Group 70,1,5.011805555555555
INC0022746,Group 70,1,5.008333333333334
INC0022747,Group 76,1,11.13263888888889
INC0022748,Group 10,1,6.0055555555555555
INC0022749,Group 70,1,5.044444444444444
INC0022751,Group 70,1,5.041666666666667
INC0022752,Group 70,1,5.040277777777778
INC0022753,Group 70,1,5.038888888888889
INC0022754,Group 70,1,5.0375
INC0022755,Group 70,1,5.036111111111111
INC0022756,Group 72,1,6.116666666666666
INC0022758,Group 70,1,5.032638888888889
INC0022760,Group 70,1,5.03125
INC0022761,Group 70,0,8.197222222222223
INC0022763,Group 70,1,5.029861111111111
INC0022764,Group 70,1,5.028472222222222
INC0022768,Group 28,1,7.1090277777777775
INC0022771,Group 25,1,6.853472222222222
INC0022772,Group 70,1,5.058333333333334
INC0022773,Group 70,1,5.055555555555555
INC0022775,Group 70,1,5.0465277777777775
INC0022776,Group 72,1,5.834027777777778
INC0022777,Group 72,1,6.915972222222222
INC0022778,Group 24,1,12.91388888888889
INC0022779,Group 39,1,7.909722222222222
INC0022782,Group 70,1,5.03125
INC0022783,Group 70,1,8.111805555555556
INC0022784,Group 70,1,5.027777777777778
INC0022785,Group 66,1,5.816666666666666
INC0022788,Group 70,1,5.020833333333333
INC0022790,Group 70,1,5.020138888888889
INC0022791,Group 70,1,5.01875
INC0022792,Group 9,1,196.93472222222223
INC0022795,Group 70,1,5.0152777777777775
INC0022796,Group 70,1,5.0569444444444445
INC0022797,Group 50,1,13.053472222222222
INC0022798,Group 25,1,6.128472222222222
INC0022800,Group 28,1,6.041666666666667
INC0022801,Group 70,1,25.790972222222223
INC0022803,Group 70,1,5.038194444444445
INC0022806,Group 70,1,5.159027777777778
INC0022807,Group 70,1,6.866666666666666
INC0022808,Group 53,1,13.199305555555556
INC0022809,Group 57,1,6.156944444444444
INC0022810,Group 70,1,5.03125
INC0022812,Group 70,1,5.029166666666667
INC0022813,Group 72,1,5.986805555555556
INC0022814,Group 70,1,8.069444444444445
INC0022815,Group 72,1,5.069444444444445
INC0022816,Group 70,1,5.026388888888889
INC0022817,Group 70,1,5.026388888888889
INC0022818,Group 70,1,5.025
INC0022819,Group 72,1,19.10763888888889
INC0022820,Group 57,1,11.10625
INC0022821,Group 70,1,5.021527777777778
INC0022822,Group 73,1,12.102777777777778
INC0022824,Group 70,0,5.100694444444445
INC0022827,Group 73,1,14.93125
INC0022828,Group 70,1,5.013194444444444
INC0022829,Group 25,1,5.054861111111111
INC0022831,Group 70,1,5.013194444444444
INC0022832,Group 70,1,5.011805555555555
INC0022833,Group 25,1,20.844444444444445
INC0022834,Group 70,1,5.010416666666667
INC0022835,Group 24,1,11.967361111111112
INC0022836,Group 23,1,6.006944444444445
INC0022837,Group 25,1,6.923611111111111
INC0022838,Group 70,0,5.0055555555555555
INC0022839,Group 31,1,5.045138888888889
INC0022840,Group 57,1,60.08125
INC0022841,Group 70,1,5.004861111111111
INC0022843,Group 39,1,7.084027777777778
INC0022844,Group 12,1,32.08541666666667
INC0022845,Group 70,1,5.875
INC0022846,Group 70,1,5.041666666666667
INC0022847,Group 10,1,20.999305555555555
INC0022848,Group 33,1,5.792361111111111
INC0022849,Group 70,1,5.039583333333334
INC0022850,Group 70,1,5.081944444444445
INC0022851,Group 70,1,5.038194444444445
INC0022852,Group 70,1,5.036111111111111
INC0022853,Group 25,1,12.99375
INC0022854,Group 20,0,5.035416666666666
INC0022855,Group 5,1,14.784722222222221
INC0022856,Group 66,1,27.740277777777777
INC0022857,Group 70,1,5.029166666666667
INC0022859,Group 70,1,5.027777777777778
INC0022860,Group 70,1,5.027083333333334
INC0022861,Group 70,1,5.027083333333334
INC0022863,Group 66,1,5.73125
INC0022864,Group 48,1,10.730555555555556
INC0022865,Group 70,1,5.022222222222222
INC0022870,Group 70,1,6.01875
INC0022873,Group 70,1,8.058333333333334
INC0022874,Group 70,1,5.0159722222222225
INC0022875,Group 70,1,5.057638888888889
INC0022876,Group 23,1,29.016666666666666
INC0022877,Group 39,0,6.05625
INC0022878,Group 70,1,5.013194444444444
INC0022880,Group 70,1,5.011805555555555
INC0022881,Group 70,1,5.013194444444444
INC0022882,Group 73,1,6.027777777777778
INC0022883,Group 12,1,18.802777777777777
INC0022884,Group 70,1,5.049305555555556
INC0022885,Group 70,1,5.049305555555556
INC0022887,Group 72,1,6.9222222222222225
INC0022888,Group 70,1,5.004166666666666
INC0022889,Group 70,1,5.003472222222222
INC0022890,Group 39,1,18.040972222222223
INC0022892,Group 70,1,5.039583333333334
INC0022895,Group 30,1,5.8277777777777775
INC0022896,Group 24,1,5.825694444444444
INC0022897,Group 23,1,62.860416666666666
INC0022898,Group 70,1,8.029861111111112
INC0022899,Group 55,1,5.7375
INC0022903,Group 70,1,10.818055555555556
INC0022904,Group 70,1,6.7756944444444445
INC0022905,Group 70,1,5.0256944444444445
INC0022906,Group 70,1,5.024305555555555
INC0022907,Group 25,1,6.023611111111111
INC0022909,Group 70,1,5.061805555555556
INC0022911,Group 24,1,6.9743055555555555
INC0022912,Group 70,0,8.015277777777778
INC0022913,Group 24,1,43.013888888888886
INC0022914,Group 70,0,8.01388888888889
INC0022915,Group 58,1,13.76388888888889
INC0022916,Group 70,1,5.013194444444444
INC0022917,Group 70,0,10.804166666666667
INC0022918,Group 70,1,5.011805555555555
INC0022919,Group 70,1,5.052083333333333
INC0022920,Group 39,1,5.675
INC0022922,Group 70,1,5.049305555555556
INC0022924,Group 27,1,5.965277777777778
INC0022925,Group 70,1,5.006944444444445
INC0022926,Group 70,1,5.006944444444445
INC0022927,Group 70,1,5.045833333333333
INC0022928,Group 22,1,5.045138888888889
INC0022930,Group 70,1,5.040972222222222
INC0022931,Group 70,1,5.039583333333334
INC0022933,Group 37,1,6.9847222222222225
INC0022934,Group 70,1,5.025
INC0022935,Group 6,1,37.72708333333333
INC0022936,Group 70,1,5.022222222222222
INC0022937,Group 39,1,5.017361111111111
INC0022938,Group 70,1,5.0152777777777775
INC0022939,Group 23,1,8.014583333333333
INC0022940,Group 50,1,6.68125
INC0022942,Group 70,1,5.042361111111111
INC0022943,Group 70,1,5.032638888888889
INC0022945,Group 70,1,5.024305555555555
INC0022946,Group 70,1,5.021527777777778
INC0022947,Group 70,1,5.020833333333333
INC0022948,Group 57,1,39.640277777777776
INC0022949,Group 70,1,5.0125
INC0022950,Group 55,1,5.631944444444445
INC0022951,Group 70,1,5.00625
INC0022953,Group 70,1,5.0472222222222225
INC0022954,Group 70,1,5.0256944444444445
INC0022956,Group 37,1,6.809722222222222
INC0022957,Group 70,1,5.0125
INC0022958,Group 70,1,5.086805555555555
INC0022959,Group 70,1,5.038888888888889
INC0022960,Group 70,1,5.033333333333333
INC0022961,Group 70,1,5.0256944444444445
INC0022962,Group 28,1,11.894444444444444
INC0022963,Group 70,1,5.007638888888889
INC0022964,Group 23,1,6.875
INC0022967,Group 70,1,5.072222222222222
INC0022968,Group 70,0,6.490277777777778
INC0022969,Group 51,1,5.114583333333333
INC0022971,Group 70,1,5.020833333333333
INC0022974,Group 70,1,5.03125
INC0022975,Group 70,1,5.016666666666667
INC0022976,Group 70,1,5.0465277777777775
INC0022977,Group 70,1,5.01875
INC0022979,Group 70,1,5.040972222222222
INC0022980,Group 57,1,12.123611111111112
INC0022981,Group 6,1,24.20277777777778
INC0022982,Group 70,1,5.027777777777778
INC0022983,Group 25,1,13.109722222222222
INC0022984,Group 70,1,5.022222222222222
INC0022985,Group 25,1,7.397222222222222
INC0022987,Group 70,1,5.006944444444445
INC0022988,Group 70,1,5.0472222222222225
INC0022989,Group 70,1,5.045138888888889
INC0022990,Group 25,1,5.336111111111111
INC0022991,Group 70,0,10.16875
INC0022992,Group 27,1,5.247222222222222
INC0022995,Group 70,0,6.0777777777777775
INC0022998,Group 70,1,5.030555555555556
INC0022999,Group 70,1,5.028472222222222
INC0023000,Group 70,1,5.027777777777778
INC0023001,Group 70,1,5.027083333333334
INC0023002,Group 46,1,6.0680555555555555
INC0023003,Group 70,1,10.193055555555556
INC0023004,Group 70,0,10.234722222222222
INC0023005,Group 70,0,5.025
INC0023006,Group 70,1,5.024305555555555
INC0023007,Group 70,1,5.022222222222222
INC0023008,Group 70,1,6.271527777777778
INC0023010,Group 39,1,5.103472222222222
INC0023012,Group 76,1,5.309027777777778
INC0023013,Group 70,1,5.058333333333334
INC0023014,Group 22,1,10.225
INC0023015,Group 27,1,7.3493055555555555
INC0023016,Group 48,1,10.015972222222222
INC0023017,Group 70,1,5.018055555555556
INC0023019,Group 70,1,5.0125
INC0023020,Group 39,1,5.095138888888889
INC0023021,Group 49,1,5.135416666666667
INC0023022,Group 70,1,5.051388888888889
INC0023023,Group 70,0,5.050694444444445
INC0023024,Group 25,1,5.050694444444445
INC0023025,Group 70,1,5.05
INC0023026,Group 25,1,6.1715277777777775
INC0023027,Group 70,1,5.0465277777777775
INC0023028,Group 70,1,5.045833333333333
INC0023029,Group 70,1,5.004166666666666
INC0023030,Group 37,1,6.003472222222222
INC0023031,Group 70,1,5.045138888888889
INC0023032,Group 70,0,10.210416666666667
INC0023033,Group 70,1,5.04375
INC0023034,Group 47,1,6.001388888888889
INC0023035,Group 72,1,6.250694444444444
INC0023036,Group 70,1,5.041666666666667
INC0023038,Group 70,1,5.038888888888889
INC0023039,Group 70,1,5.038888888888889
INC0023041,Group 70,1,10.204166666666667
INC0023042,Group 74,1,6.161111111111111
INC0023043,Group 70,1,5.034722222222222
INC0023044,Group 70,1,5.032638888888889
INC0023045,Group 49,1,5.074305555555555
INC0023046,Group 57,1,28.323611111111113
INC0023047,Group 33,1,20.074305555555554
INC0023048,Group 25,1,5.113194444444445
INC0023049,Group 70,1,5.029861111111111
INC0023050,Group 57,1,13.029166666666667
INC0023051,Group 70,1,6.070138888888889
INC0023052,Group 25,1,18.069444444444443
INC0023054,Group 26,1,13.277083333333334
INC0023055,Group 70,1,5.026388888888889
INC0023056,Group 70,1,5.066666666666666
INC0023057,Group 70,1,5.064583333333333
INC0023059,Group 70,1,5.020833333333333
INC0023060,Group 25,1,7.020833333333333
INC0023061,Group 70,1,5.020138888888889
INC0023063,Group 70,1,5.01875
INC0023064,Group 6,1,63.263194444444444
INC0023065,Group 20,1,7.101388888888889
INC0023066,Group 25,1,10.974305555555556
INC0023067,Group 70,1,5.017361111111111
INC0023068,Group 46,1,5.097222222222222
INC0023069,Group 70,1,5.011111111111111
INC0023071,Group 70,1,5.010416666666667
INC0023072,Group 70,1,6.010416666666667
INC0023073,Group 70,1,5.050694444444445
INC0023074,Group 70,1,13.091666666666667
INC0023076,Group 70,1,5.007638888888889
INC0023077,Group 70,0,5.0472222222222225
INC0023078,Group 70,0,11.295833333333333
INC0023079,Group 70,1,5.045138888888889
INC0023080,Group 25,1,6.003472222222222
INC0023081,Group 76,1,5.086111111111111
INC0023082,Group 25,1,11.040972222222223
INC0023083,Group 70,1,5.081944444444445
INC0023084,Group 70,1,5.040277777777778
INC0023085,Group 70,1,5.040277777777778
INC0023086,Group 13,1,16.144444444444446
INC0023087,Group 70,1,5.039583333333334
INC0023088,Group 70,0,5.039583333333334
INC0023089,Group 70,1,5.038194444444445
INC0023091,Group 23,1,6.0784722222222225
INC0023092,Group 27,1,5.2034722222222225
INC0023093,Group 70,1,5.034722222222222
INC0023094,Group 15,1,6.034722222222222
INC0023096,Group 70,1,5.032638888888889
INC0023097,Group 70,1,5.031944444444444
INC0023098,Group 55,1,5.073611111111111
INC0023099,Group 55,1,5.113888888888889
INC0023100,Group 70,1,5.029861111111111
INC0023101,Group 25,1,7.279861111111111
INC0023103,Group 5,1,31.02986111111111
INC0023104,Group 70,1,5.071527777777778
INC0023106,Group 6,1,19.988194444444446
INC0023107,Group 70,1,5.0256944444444445
INC0023108,Group 25,1,9.981944444444444
INC0023110,Group 70,1,5.023611111111111
INC0023111,Group 48,1,9.938888888888888
INC0023112,Group 70,1,10.147222222222222
INC0023113,Group 25,1,11.188194444444445
INC0023114,Group 70,1,5.0625
INC0023115,Group 39,1,5.061805555555556
INC0023118,Group 73,1,5.227083333333334
INC0023119,Group 27,1,5.060416666666667
INC0023120,Group 70,1,5.018055555555556
INC0023121,Group 70,1,5.059027777777778
INC0023123,Group 25,1,6.139583333333333
INC0023125,Group 30,1,49.047222222222224
INC0023126,Group 70,1,5.011805555555555
INC0023127,Group 46,1,5.925
INC0023128,Group 70,1,5.048611111111111
INC0023130,Group 28,1,21.213194444444444
INC0023131,Group 27,1,5.16875
INC0023132,Group 70,1,6.209722222222222
INC0023133,Group 70,1,5.039583333333334
INC0023134,Group 70,1,6.205555555555556
INC0023136,Group 70,1,5.079166666666667
INC0023137,Group 70,1,5.0368055555555555
INC0023138,Group 76,1,5.2034722222222225
INC0023141,Group 5,1,5.159722222222222
INC0023142,Group 70,1,5.033333333333333
INC0023143,Group 70,1,130.06944444444446
INC0023144,Group 24,1,47.11527777777778
INC0023145,Group 43,1,6.28125
INC0023146,Group 70,1,5.03125
INC0023147,Group 73,1,7.111111111111111
INC0023148,Group 73,1,7.235416666666667
INC0023150,Group 57,1,5.2756944444444445
INC0023151,Group 28,1,5.108333333333333
INC0023152,Group 25,1,5.023611111111111
INC0023153,Group 25,1,5.022222222222222
INC0023154,Group 39,1,12.315277777777778
INC0023155,Group 25,1,5.020833333333333
INC0023156,Group 70,1,17.186805555555555
INC0023157,Group 25,1,5.020138888888889
INC0023158,Group 28,1,5.103472222222222
INC0023162,Group 70,1,5.01875
INC0023163,Group 25,1,5.018055555555556
INC0023164,Group 70,1,10.97638888888889
INC0023165,Group 31,1,6.017361111111111
INC0023166,Group 70,1,5.014583333333333
INC0023167,Group 68,1,5.055555555555555
INC0023169,Group 72,1,5.8875
INC0023170,Group 31,1,6.970833333333333
INC0023171,Group 70,1,5.010416666666667
INC0023172,Group 54,1,5.302083333333333
INC0023173,Group 60,1,6.009722222222222
INC0023174,Group 70,1,5.009027777777778
INC0023176,Group 23,1,5.133333333333334
INC0023177,Group 70,1,10.13263888888889
INC0023178,Group 70,1,5.006944444444445
INC0023179,Group 28,1,5.881944444444445
INC0023180,Group 46,1,5.1305555555555555
INC0023182,Group 70,1,19.12986111111111
INC0023183,Group 25,1,6.0881944444444445
INC0023185,Group 70,0,11.004166666666666
INC0023186,Group 70,1,5.044444444444444
INC0023187,Group 25,1,5.002777777777778
INC0023188,Group 70,1,5.085416666666666
INC0023190,Group 25,1,5.001388888888889
INC0023192,Group 25,1,5.002777777777778
INC0023195,Group 70,1,5.164583333333334
INC0023196,Group 70,1,5.079861111111111
INC0023197,Group 70,1,5.0375
INC0023198,Group 70,0,5.995138888888889
INC0023200,Group 70,1,5.075694444444444
INC0023202,Group 70,1,5.0625
INC0023204,Group 25,1,46.93402777777778
INC0023205,Group 70,1,5.05625
INC0023206,Group 28,1,20.096527777777776
INC0023208,Group 24,1,5.136111111111111
INC0023209,Group 70,1,5.00625
INC0023210,Group 70,1,5.0472222222222225
INC0023211,Group 70,1,5.044444444444444
INC0023212,Group 55,1,6.165972222222222
INC0023213,Group 70,1,7.161111111111111
INC0023214,Group 70,1,5.036111111111111
INC0023215,Group 70,1,5.035416666666666
INC0023217,Group 70,1,5.034722222222222
INC0023218,Group 54,1,20.823611111111113
INC0023220,Group 70,1,5.029861111111111
INC0023221,Group 70,1,5.029861111111111
INC0023222,Group 66,1,5.1930555555555555
INC0023223,Group 70,1,5.023611111111111
INC0023224,Group 70,1,5.021527777777778
INC0023225,Group 70,1,5.020833333333333
INC0023227,Group 70,1,5.020833333333333
INC0023228,Group 70,1,5.019444444444445
INC0023229,Group 70,1,5.01875
INC0023231,Group 70,1,5.017361111111111
INC0023232,Group 23,1,6.892361111111111
INC0023233,Group 70,1,11.786111111111111
INC0023234,Group 20,1,38.18263888888889
INC0023236,Group 70,1,5.054166666666666
INC0023237,Group 27,1,5.094444444444444
INC0023238,Group 70,1,5.052083333333333
INC0023239,Group 24,1,8.885416666666666
INC0023241,Group 70,1,5.009027777777778
INC0023242,Group 70,1,5.011111111111111
INC0023243,Group 70,1,5.008333333333334
INC0023246,Group 25,1,6.166666666666667
INC0023247,Group 27,1,6.955555555555556
INC0023248,Group 70,1,5.038194444444445
INC0023249,Group 10,1,6.121527777777778
INC0023250,Group 70,1,5.038194444444445
INC0023251,Group 70,1,7.036111111111111
INC0023253,Group 70,1,5.03125
INC0023254,Group 70,1,5.029166666666667
INC0023255,Group 70,1,5.026388888888889
INC0023256,Group 28,1,12.900694444444444
INC0023257,Group 70,1,5.025
INC0023258,Group 70,0,14.065972222222221
INC0023259,Group 70,1,5.022222222222222
INC0023260,Group 73,1,5.061111111111111
INC0023261,Group 66,1,5.975694444444445
INC0023265,Group 70,1,6.0569444444444445
INC0023266,Group 70,1,5.0125
INC0023267,Group 49,1,5.054166666666666
INC0023271,Group 70,1,5.0125
INC0023272,Group 24,1,5.800694444444445
INC0023274,Group 28,1,12.884027777777778
INC0023275,Group 31,1,6.090972222222222
INC0023277,Group 70,1,5.004861111111111
INC0023281,Group 70,1,5.043055555555555
INC0023282,Group 23,1,5.834027777777778
INC0023283,Group 70,1,5.041666666666667
INC0023286,Group 27,1,10.040277777777778
INC0023287,Group 27,1,9.790277777777778
INC0023288,Group 24,1,52.74236111111111
INC0023289,Group 70,1,5.038888888888889
INC0023291,Group 25,1,10.911805555555556
INC0023292,Group 70,1,45.78611111111111
INC0023293,Group 70,1,5.032638888888889
INC0023294,Group 70,1,5.032638888888889
INC0023296,Group 70,1,5.029166666666667
INC0023298,Group 70,1,6.027083333333334
INC0023299,Group 39,1,5.1506944444444445
INC0023300,Group 57,1,5.105555555555555
INC0023301,Group 70,1,5.063888888888889
INC0023302,Group 70,1,5.017361111111111
INC0023303,Group 23,1,62.016666666666666
INC0023304,Group 5,1,5.058333333333334
INC0023305,Group 70,1,5.0159722222222225
INC0023306,Group 70,1,5.055555555555555
INC0023307,Group 70,1,5.013194444444444
INC0023309,Group 53,1,5.802083333333333
INC0023310,Group 72,1,13.96875
INC0023311,Group 72,1,6.007638888888889
INC0023312,Group 54,1,5.131944444444445
INC0023313,Group 23,1,6.0881944444444445
INC0023314,Group 39,1,14.001388888888888
INC0023315,Group 70,1,5.043055555555555
INC0023316,Group 70,1,5.042361111111111
INC0023317,Group 6,1,5.708333333333333
INC0023318,Group 70,1,5.0375
INC0023319,Group 70,1,5.0375
INC0023320,Group 29,1,14.120138888888889
INC0023321,Group 24,1,6.745138888888889
INC0023324,Group 70,0,5.452083333333333
INC0023326,Group 23,1,5.782638888888889
INC0023327,Group 70,1,5.030555555555556
INC0023328,Group 66,1,31.025694444444444
INC0023329,Group 24,1,12.817361111111111
INC0023330,Group 66,1,215.69097222222223
INC0023331,Group 24,1,5.731944444444444
INC0023333,Group 20,1,27.81388888888889
INC0023334,Group 28,1,5.813194444444444
INC0023335,Group 5,1,6.020138888888889
INC0023336,Group 70,1,5.019444444444445
INC0023338,Group 70,1,5.016666666666667
INC0023339,Group 70,1,5.016666666666667
INC0023340,Group 27,1,6.972222222222222
INC0023341,Group 53,1,5.680555555555555
INC0023343,Group 70,1,5.050694444444445
INC0023344,Group 58,1,19.675
INC0023345,Group 24,1,6.0055555555555555
INC0023348,Group 24,1,6.002777777777778
INC0023349,Group 25,1,9.710416666666667
INC0023350,Group 70,1,5.042361111111111
INC0023351,Group 39,1,5.75
INC0023352,Group 20,1,27.790972222222223
INC0023353,Group 70,1,5.039583333333334
INC0023354,Group 57,1,32.078472222222224
INC0023355,Group 12,1,55.69583333333333
INC0023356,Group 24,1,9.74236111111111
INC0023358,Group 25,1,16.946527777777778
INC0023359,Group 70,1,5.026388888888889
INC0023361,Group 70,1,5.026388888888889
INC0023362,Group 23,1,7.0256944444444445
INC0023363,Group 70,1,5.025
INC0023365,Group 70,1,5.021527777777778
INC0023367,Group 70,1,5.019444444444445
INC0023370,Group 24,1,6.809722222222222
INC0023372,Group 70,1,5.041666666666667
INC0023373,Group 64,1,5.031944444444444
INC0023374,Group 70,1,5.029861111111111
INC0023375,Group 64,1,5.028472222222222
INC0023376,Group 64,1,5.027777777777778
INC0023377,Group 70,1,5.027083333333334
INC0023381,Group 70,1,5.021527777777778
INC0023382,Group 70,1,5.011111111111111
INC0023383,Group 70,1,5.027083333333334
INC0023384,Group 70,1,5.018055555555556
INC0023385,Group 70,1,5.017361111111111
INC0023386,Group 70,1,5.016666666666667
INC0023387,Group 70,1,5.763888888888889
INC0023388,Group 70,1,5.013194444444444
INC0023390,Group 70,1,5.002777777777778
INC0023391,Group 70,1,5.002083333333333
INC0023392,Group 70,1,5.039583333333334
INC0023393,Group 10,1,13.779861111111112
INC0023394,Group 72,1,5.567361111111111
INC0023396,Group 70,1,11.685416666666667
INC0023397,Group 72,1,9.555555555555555
INC0023399,Group 72,1,13.759027777777778
INC0023400,Group 72,1,5.5881944444444445
INC0023401,Group 72,1,13.752777777777778
INC0023402,Group 72,1,13.752083333333333
INC0023404,Group 70,1,5.022916666666666
INC0023405,Group 70,1,5.022222222222222
INC0023407,Group 70,1,5.021527777777778
INC0023408,Group 70,1,5.020138888888889
INC0023409,Group 70,1,5.019444444444445
INC0023410,Group 70,1,5.018055555555556
INC0023411,Group 70,1,5.017361111111111
INC0023412,Group 70,1,5.016666666666667
INC0023413,Group 70,1,5.014583333333333
INC0023414,Group 70,0,9.636111111111111
INC0023415,Group 70,1,5.004166666666666
INC0023416,Group 70,1,5.003472222222222
INC0023417,Group 70,1,5.002083333333333
INC0023418,Group 70,1,5.001388888888889
INC0023419,Group 70,1,5.040277777777778
INC0023420,Group 70,1,5.038888888888889
INC0023422,Group 70,1,5.063194444444444
INC0023424,Group 70,1,6.663888888888889
INC0023425,Group 70,1,5.079166666666667
INC0023426,Group 72,1,9.654861111111112
INC0023427,Group 70,1,5.945833333333334
INC0023428,Group 70,1,5.027083333333334
INC0023430,Group 70,1,5.004861111111111
INC0023431,Group 39,1,19.62638888888889
INC0023432,Group 70,1,5.376388888888889
INC0023434,Group 70,1,5.028472222222222
INC0023435,Group 65,1,4.324305555555555
INC0023436,Group 70,1,6.352777777777778
INC0023440,Group 70,1,6.163888888888889
INC0023441,Group 70,1,5.026388888888889
INC0023442,Group 70,1,5.013194444444444
INC0023443,Group 27,1,6.377083333333333
INC0023445,Group 70,1,5.0256944444444445
INC0023446,Group 70,1,5.01875
INC0023448,Group 28,1,5.21875
INC0023449,Group 64,1,5.034027777777778
INC0023450,Group 64,1,5.029861111111111
INC0023451,Group 64,1,5.029166666666667
INC0023452,Group 72,1,5.108333333333333
INC0023453,Group 64,1,5.025
INC0023454,Group 64,1,5.023611111111111
INC0023455,Group 64,1,5.022222222222222
INC0023456,Group 28,1,5.063194444444444
INC0023458,Group 64,1,5.020138888888889
INC0023459,Group 64,1,5.01875
INC0023460,Group 70,1,5.016666666666667
INC0023461,Group 70,1,5.05
INC0023463,Group 73,1,5.049305555555556
INC0023464,Group 24,1,6.2555555555555555
INC0023465,Group 33,1,5.128472222222222
INC0023467,Group 70,1,5.0055555555555555
INC0023468,Group 70,1,5.043055555555555
INC0023469,Group 62,1,5.082638888888889
INC0023471,Group 70,0,10.372916666666667
INC0023472,Group 70,1,5.330555555555556
INC0023474,Group 66,1,5.076388888888889
INC0023475,Group 70,1,5.034027777777778
INC0023476,Group 70,1,5.034027777777778
INC0023477,Group 70,1,5.032638888888889
INC0023478,Group 70,1,44.19861111111111
INC0023479,Group 72,1,6.280555555555556
INC0023480,Group 70,1,5.029861111111111
INC0023481,Group 22,1,5.029861111111111
INC0023482,Group 23,1,5.1125
INC0023485,Group 70,1,5.027777777777778
INC0023486,Group 70,1,16.15138888888889
INC0023487,Group 23,1,5.108333333333333
INC0023488,Group 23,1,5.065277777777778
INC0023489,Group 73,1,6.231944444444444
INC0023490,Group 23,1,5.063888888888889
INC0023491,Group 23,1,5.063194444444444
INC0023492,Group 23,1,5.064583333333333
INC0023493,Group 23,1,5.103472222222222
INC0023494,Group 53,1,6.061805555555556
INC0023495,Group 23,1,5.061111111111111
INC0023496,Group 62,1,5.061111111111111
INC0023497,Group 23,1,5.060416666666667
INC0023498,Group 23,1,5.059722222222222
INC0023499,Group 48,1,9.309722222222222
INC0023500,Group 23,1,5.061111111111111
INC0023501,Group 70,1,5.016666666666667
INC0023502,Group 23,1,5.058333333333334
INC0023503,Group 23,1,5.057638888888889
INC0023504,Group 70,1,5.0159722222222225
INC0023505,Group 70,1,5.0152777777777775
INC0023506,Group 23,1,5.059027777777778
INC0023507,Group 23,1,5.05625
INC0023508,Group 35,1,24.05625
INC0023510,Group 24,1,6.055555555555555
INC0023511,Group 23,1,5.097222222222222
INC0023513,Group 23,1,5.054861111111111
INC0023514,Group 23,1,5.095833333333333
INC0023515,Group 70,1,5.013888888888889
INC0023516,Group 23,1,5.053472222222222
INC0023517,Group 49,1,5.344444444444444
INC0023518,Group 23,1,5.052777777777778
INC0023519,Group 23,1,5.052083333333333
INC0023520,Group 23,1,5.051388888888889
INC0023521,Group 24,1,5.342361111111111
INC0023522,Group 3,1,6.132638888888889
INC0023523,Group 70,1,5.007638888888889
INC0023524,Group 23,1,5.0465277777777775
INC0023525,Group 70,1,5.045833333333333
INC0023526,Group 23,1,5.045833333333333
INC0023528,Group 23,1,5.045138888888889
INC0023529,Group 23,1,5.044444444444444
INC0023530,Group 70,1,5.294444444444444
INC0023531,Group 20,1,11.08611111111111
INC0023532,Group 23,1,5.04375
INC0023533,Group 23,1,5.045138888888889
INC0023534,Group 10,1,62.37083333333333
INC0023536,Group 70,1,5.040972222222222
INC0023537,Group 73,1,5.040277777777778
INC0023538,Group 23,1,5.081944444444445
INC0023539,Group 70,1,6.122916666666667
INC0023540,Group 23,1,5.08125
INC0023542,Group 23,1,13.372222222222222
INC0023543,Group 23,1,5.040972222222222
INC0023544,Group 23,1,5.079166666666667
INC0023545,Group 56,1,17.079166666666666
INC0023546,Group 23,1,5.079166666666667
INC0023547,Group 23,1,5.0784722222222225
INC0023549,Group 23,1,5.0777777777777775
INC0023550,Group 23,1,5.035416666666666
INC0023551,Group 70,1,5.034722222222222
INC0023552,Group 23,1,5.0368055555555555
INC0023554,Group 23,1,5.034027777777778
INC0023556,Group 23,1,5.074305555555555
INC0023557,Group 70,1,5.029861111111111
INC0023558,Group 23,1,5.029861111111111
INC0023559,Group 27,1,18.322222222222223
INC0023560,Group 37,1,23.278472222222224
INC0023561,Group 70,1,5.027777777777778
INC0023563,Group 73,1,5.151388888888889
INC0023564,Group 66,1,256.6458333333333
INC0023565,Group 23,1,5.0256944444444445
INC0023566,Group 70,1,5.025
INC0023567,Group 23,1,5.025
INC0023568,Group 76,1,5.107638888888889
INC0023569,Group 23,1,5.065277777777778
INC0023571,Group 58,1,5.10625
INC0023572,Group 23,1,5.105555555555555
INC0023573,Group 23,1,5.024305555555555
INC0023574,Group 23,1,5.020833333333333
INC0023575,Group 23,1,5.269444444444445
INC0023577,Group 20,1,6.225694444444445
INC0023578,Group 70,1,10.01736111111111
INC0023579,Group 31,1,5.1
INC0023582,Group 70,1,5.011111111111111
INC0023583,Group 70,1,23.970833333333335
INC0023584,Group 24,1,5.259722222222222
INC0023585,Group 25,1,5.252777777777778
INC0023586,Group 70,1,5.043055555555555
INC0023587,Group 27,1,18.042361111111113
INC0023589,Group 24,1,5.16875
INC0023590,Group 23,1,5.25
INC0023591,Group 24,1,5.20625
INC0023592,Group 72,1,5.246527777777778
INC0023594,Group 39,1,5.329861111111111
INC0023595,Group 70,1,5.0375
INC0023596,Group 70,1,5.204166666666667
INC0023597,Group 70,1,5.036111111111111
INC0023599,Group 12,1,55.23888888888889
INC0023601,Group 17,1,19.283333333333335
INC0023602,Group 20,1,5.073611111111111
INC0023603,Group 70,1,5.028472222222222
INC0023605,Group 70,1,5.027777777777778
INC0023606,Group 70,1,5.0256944444444445
INC0023607,Group 70,1,5.940972222222222
INC0023608,Group 70,1,5.940277777777778
INC0023609,Group 70,1,5.022222222222222
INC0023610,Group 24,1,11.521527777777777
INC0023611,Group 70,1,5.104166666666667
INC0023612,Group 70,1,5.020833333333333
INC0023613,Group 64,1,5.020138888888889
INC0023614,Group 64,1,5.018055555555556
INC0023615,Group 70,1,5.059722222222222
INC0023616,Group 70,1,5.016666666666667
INC0023617,Group 70,1,6.182638888888889
INC0023619,Group 64,1,5.013888888888889
INC0023620,Group 64,1,5.013194444444444
INC0023621,Group 20,1,6.220833333333333
INC0023622,Group 64,1,5.011805555555555
INC0023623,Group 39,1,10.1375
INC0023624,Group 64,1,5.010416666666667
INC0023625,Group 64,1,5.009027777777778
INC0023627,Group 64,1,5.006944444444445
INC0023628,Group 70,1,5.009027777777778
INC0023630,Group 39,1,5.0472222222222225
INC0023631,Group 72,1,5.213888888888889
INC0023632,Group 64,1,5.004861111111111
INC0023634,Group 64,1,5.003472222222222
INC0023635,Group 30,1,5.003472222222222
INC0023636,Group 64,1,5.002777777777778
INC0023637,Group 70,1,5.002777777777778
INC0023638,Group 64,1,5.002083333333333
INC0023639,Group 73,1,10.29375
INC0023640,Group 70,1,5.04375
INC0023641,Group 29,1,5.043055555555555
INC0023642,Group 70,1,19.959722222222222
INC0023643,Group 64,1,5.001388888888889
INC0023644,Group 39,1,5.168055555555555
INC0023645,Group 39,1,5.167361111111111
INC0023646,Group 30,1,5.002777777777778
INC0023647,Group 72,1,11.0
INC0023648,Group 39,1,5.206944444444445
INC0023649,Group 20,1,5.123611111111111
INC0023652,Group 70,1,5.083333333333333
INC0023653,Group 39,1,5.039583333333334
INC0023654,Group 70,1,5.036111111111111
INC0023655,Group 70,1,5.036111111111111
INC0023656,Group 70,1,41.24305555555556
INC0023657,Group 70,1,5.033333333333333
INC0023658,Group 39,1,5.158333333333333
INC0023659,Group 70,1,5.031944444444444
INC0023660,Group 29,1,5.989583333333333
INC0023661,Group 29,1,5.030555555555556
INC0023662,Group 70,1,5.029861111111111
INC0023663,Group 29,1,5.029166666666667
INC0023664,Group 29,1,5.027777777777778
INC0023666,Group 29,1,5.027083333333334
INC0023669,Group 29,1,5.0256944444444445
INC0023670,Group 20,1,26.31736111111111
INC0023671,Group 70,1,5.025
INC0023672,Group 29,1,5.025
INC0023673,Group 20,1,6.190277777777778
INC0023674,Group 73,1,10.271527777777777
INC0023675,Group 48,1,8.895833333333334
INC0023676,Group 6,1,53.890972222222224
INC0023677,Group 70,1,5.020138888888889
INC0023678,Group 76,1,5.019444444444445
INC0023681,Group 24,1,5.223611111111111
INC0023683,Group 70,1,5.0152777777777775
INC0023684,Group 70,1,5.014583333333333
INC0023687,Group 70,1,5.011111111111111
INC0023689,Group 21,1,8.926388888888889
INC0023691,Group 28,1,11.00763888888889
INC0023692,Group 70,1,5.009722222222222
INC0023693,Group 25,1,5.924305555555556
INC0023694,Group 6,1,5.215277777777778
INC0023696,Group 39,1,8.96111111111111
INC0023697,Group 66,1,5.044444444444444
INC0023698,Group 70,1,5.040277777777778
INC0023700,Group 30,1,5.034722222222222
INC0023701,Group 70,1,5.034722222222222
INC0023703,Group 30,1,5.031944444444444
INC0023704,Group 70,0,6.115277777777778
INC0023705,Group 70,1,5.03125
INC0023706,Group 70,1,5.03125
INC0023707,Group 70,1,5.03125
INC0023708,Group 70,1,5.070833333333334
INC0023709,Group 70,1,5.028472222222222
INC0023710,Group 70,1,5.153472222222222
INC0023712,Group 70,1,11.026388888888889
INC0023714,Group 70,1,5.023611111111111
INC0023716,Group 70,1,5.01875
INC0023717,Group 70,1,6.26875
INC0023718,Group 70,1,5.018055555555556
INC0023719,Group 72,1,5.142361111111111
INC0023720,Group 70,1,5.0159722222222225
INC0023721,Group 24,1,5.014583333333333
INC0023722,Group 70,1,9.470138888888888
INC0023723,Group 70,1,5.052777777777778
INC0023724,Group 58,1,5.052777777777778
INC0023726,Group 37,1,50.96319444444445
INC0023727,Group 70,1,6.092361111111111
INC0023729,Group 70,1,5.0472222222222225
INC0023731,Group 30,1,8.876388888888888
INC0023733,Group 70,1,5.040277777777778
INC0023735,Group 70,1,5.0368055555555555
INC0023737,Group 23,1,5.911111111111111
INC0023739,Group 27,1,12.114583333333334
INC0023741,Group 70,1,5.028472222222222
INC0023743,Group 70,1,24.90138888888889
INC0023744,Group 70,1,5.027083333333334
INC0023745,Group 70,1,24.899305555555557
INC0023746,Group 56,1,5.940277777777778
INC0023747,Group 70,1,5.939583333333333
INC0023748,Group 70,1,24.897222222222222
INC0023749,Group 25,1,9.186111111111112
INC0023750,Group 74,1,11.97638888888889
INC0023751,Group 10,1,18.80763888888889
INC0023753,Group 37,1,10.01388888888889
INC0023754,Group 70,1,24.886805555555554
INC0023755,Group 29,1,24.09513888888889
INC0023756,Group 70,1,5.011111111111111
INC0023757,Group 70,1,5.050694444444445
INC0023758,Group 70,1,5.009027777777778
INC0023759,Group 39,1,9.090972222222222
INC0023761,Group 37,1,6.047916666666667
INC0023762,Group 70,1,5.045138888888889
INC0023763,Group 70,1,5.04375
INC0023764,Group 48,1,9.0875
INC0023765,Group 70,1,24.875694444444445
INC0023766,Group 31,1,5.125694444444444
INC0023767,Group 70,1,5.875
INC0023768,Group 70,1,24.875
INC0023770,Group 37,1,22.831944444444446
INC0023771,Group 56,1,5.915277777777778
INC0023772,Group 51,1,10.456944444444444
INC0023773,Group 70,1,5.0375
INC0023774,Group 70,1,24.869444444444444
INC0023775,Group 70,1,6.077083333333333
INC0023778,Group 70,1,24.867361111111112
INC0023779,Group 70,1,43.825
INC0023783,Group 22,1,5.113194444444445
INC0023784,Group 70,1,24.86111111111111
INC0023786,Group 6,1,18.85972222222222
INC0023787,Group 25,1,11.900694444444444
INC0023788,Group 24,1,5.982638888888889
INC0023790,Group 70,1,5.022222222222222
INC0023791,Group 70,1,5.020138888888889
INC0023792,Group 29,1,5.851388888888889
INC0023793,Group 61,1,16.809722222222224
INC0023794,Group 66,1,48.05138888888889
INC0023795,Group 70,1,5.013888888888889
INC0023796,Group 39,1,9.055555555555555
INC0023797,Group 70,1,5.0125
INC0023803,Group 70,1,5.010416666666667
INC0023804,Group 66,1,26.05
INC0023809,Group 5,1,5.045833333333333
INC0023810,Group 39,1,5.753472222222222
INC0023811,Group 24,1,5.960416666666666
INC0023812,Group 70,1,5.043055555555555
INC0023814,Group 70,1,5.040277777777778
INC0023816,Group 30,1,5.0375
INC0023817,Group 70,1,24.82777777777778
INC0023818,Group 70,1,5.035416666666666
INC0023820,Group 24,1,5.074305555555555
INC0023821,Group 70,1,24.823611111111113
INC0023823,Group 70,1,5.029861111111111
INC0023824,Group 70,1,24.820138888888888
INC0023826,Group 23,1,25.818055555555556
INC0023827,Group 70,1,5.026388888888889
INC0023828,Group 15,1,5.1090277777777775
INC0023829,Group 70,1,10.275
INC0023830,Group 70,1,24.81597222222222
INC0023831,Group 70,0,5.065277777777778
INC0023833,Group 70,1,5.019444444444445
INC0023834,Group 25,1,16.019444444444446
INC0023835,Group 12,1,11.76875
INC0023836,Group 25,1,18.85
INC0023837,Group 70,1,9.849305555555556
INC0023838,Group 70,1,24.806944444444444
INC0023844,Group 24,1,8.796527777777778
INC0023845,Group 39,1,5.085416666666666
INC0023846,Group 70,1,24.792361111111113
INC0023847,Group 70,1,5.041666666666667
INC0023848,Group 70,1,24.790972222222223
INC0023849,Group 70,1,24.788888888888888
INC0023850,Group 70,1,5.038888888888889
INC0023851,Group 70,0,10.82986111111111
INC0023853,Group 70,1,24.7875
INC0023854,Group 70,1,24.786805555555556
INC0023856,Group 31,1,8.785416666666666
INC0023857,Group 24,1,5.785416666666666
INC0023859,Group 20,1,40.90763888888889
INC0023861,Group 70,1,5.031944444444444
INC0023862,Group 72,1,5.698611111111111
INC0023864,Group 57,1,8.988194444444444
INC0023866,Group 23,1,8.779861111111112
INC0023868,Group 39,1,5.065972222222222
INC0023869,Group 23,1,6.065277777777778
INC0023870,Group 73,1,5.98125
INC0023871,Group 57,1,31.770138888888887
INC0023872,Group 58,0,5.727777777777778
INC0023875,Group 58,1,5.0152777777777775
INC0023877,Group 70,1,10.972916666666666
INC0023878,Group 30,1,5.014583333333333
INC0023880,Group 70,1,5.013888888888889
INC0023881,Group 70,1,5.0152777777777775
INC0023882,Group 39,1,10.928472222222222
INC0023883,Group 25,1,12.96875
INC0023884,Group 70,1,5.009722222222222
INC0023885,Group 70,1,5.009027777777778
INC0023886,Group 23,1,8.839583333333334
INC0023887,Group 25,1,12.005555555555556
INC0023889,Group 70,1,5.0055555555555555
INC0023890,Group 70,1,5.0055555555555555
INC0023891,Group 39,1,12.96111111111111
INC0023892,Group 23,1,60.954861111111114
INC0023893,Group 20,0,5.040277777777778
INC0023894,Group 54,1,11.789583333333333
INC0023895,Group 70,1,5.038194444444445
INC0023897,Group 29,0,5.993055555555555
INC0023898,Group 20,1,5.865972222222222
INC0023899,Group 70,1,5.031944444444444
INC0023900,Group 70,1,5.029861111111111
INC0023902,Group 70,1,5.026388888888889
INC0023903,Group 70,1,9.275694444444444
INC0023904,Group 70,1,5.020833333333333
INC0023906,Group 70,1,5.017361111111111
INC0023908,Group 39,1,5.875
INC0023909,Group 70,1,5.033333333333333
INC0023910,Group 70,1,5.863888888888889
INC0023911,Group 23,1,9.645138888888889
INC0023912,Group 70,1,134.88194444444446
INC0023913,Group 70,1,5.052777777777778
INC0023915,Group 70,0,5.74375
INC0023916,Group 28,1,5.657638888888889
INC0023917,Group 70,1,5.03125
INC0023918,Group 76,1,5.697222222222222
INC0023920,Group 70,1,9.813194444444445
INC0023922,Group 25,1,9.838194444444444
INC0023923,Group 70,0,10.7125
INC0023924,Group 70,1,5.045138888888889
INC0023925,Group 70,1,12.002777777777778
INC0023926,Group 30,1,5.6125
INC0023927,Group 70,1,5.027083333333334
INC0023930,Group 29,0,9.66875
INC0023931,Group 24,1,10.443055555555556
INC0023932,Group 70,0,5.007638888888889
INC0023934,Group 70,1,5.184722222222222
INC0023935,Group 24,1,10.595138888888888
INC0023936,Group 24,1,10.592361111111112
INC0023937,Group 70,1,9.591666666666667
INC0023938,Group 24,1,8.381944444444445
INC0023939,Group 70,1,5.025
INC0023941,Group 70,0,6.111805555555556
INC0023942,Group 56,1,5.429166666666666
INC0023943,Group 57,1,9.504166666666666
INC0023944,Group 70,1,5.036111111111111
INC0023945,Group 70,1,10.285416666666666
INC0023946,Group 70,1,5.021527777777778
INC0023948,Group 70,1,5.011111111111111
INC0023950,Group 64,1,5.0152777777777775
INC0023951,Group 64,1,5.013888888888889
INC0023952,Group 64,1,5.013194444444444
INC0023953,Group 64,1,5.0125
INC0023954,Group 64,1,5.011805555555555
INC0023955,Group 64,1,5.011111111111111
INC0023956,Group 70,0,5.038888888888889
INC0023957,Group 56,1,5.288194444444445
INC0023958,Group 70,1,5.029166666666667
INC0023959,Group 70,1,5.020833333333333
INC0023963,Group 70,0,9.2625
INC0023964,Group 20,1,5.345138888888889
INC0023965,Group 64,1,5.009027777777778
INC0023966,Group 64,1,5.00625
INC0023967,Group 70,1,5.047916666666667
INC0023968,Group 70,1,5.0055555555555555
INC0023973,Group 27,1,5.040277777777778
INC0023974,Group 24,1,5.0375
INC0023976,Group 70,1,5.034027777777778
INC0023979,Group 75,1,9.40625
INC0023980,Group 39,1,5.28125
INC0023981,Group 24,1,5.030555555555556
INC0023982,Group 70,1,5.029861111111111
INC0023983,Group 33,1,5.154166666666667
INC0023984,Group 64,1,5.152777777777778
INC0023985,Group 70,1,5.027777777777778
INC0023987,Group 27,1,5.271527777777778
INC0023988,Group 70,1,5.021527777777778
INC0023989,Group 70,1,5.104166666666667
INC0023991,Group 70,1,10.186111111111112
INC0023992,Group 70,0,10.183333333333334
INC0023993,Group 70,1,5.016666666666667
INC0023994,Group 10,1,15.308333333333334
INC0023995,Group 24,1,10.099305555555556
INC0023996,Group 64,1,51.09444444444444
INC0023997,Group 76,1,8.140972222222222
INC0023999,Group 70,1,5.014583333333333
INC0024000,Group 70,0,5.052777777777778
INC0024001,Group 70,1,5.009027777777778
INC0024002,Group 70,1,5.05
INC0024004,Group 27,1,8.05
INC0024007,Group 70,1,5.004861111111111
INC0024008,Group 70,1,5.045138888888889
INC0024009,Group 70,1,5.044444444444444
INC0024010,Group 70,1,5.002083333333333
INC0024011,Group 70,1,5.04375
INC0024012,Group 37,1,8.377083333333333
INC0024013,Group 56,1,5.209722222222222
INC0024014,Group 24,1,9.248611111111112
INC0024015,Group 56,1,5.20625
INC0024016,Group 24,1,10.080555555555556
INC0024017,Group 70,1,5.038194444444445
INC0024018,Group 6,1,8.245833333333334
INC0024019,Group 23,1,9.245138888888889
INC0024020,Group 25,1,5.0777777777777775
INC0024021,Group 70,1,5.035416666666666
INC0024022,Group 57,1,8.36875
INC0024023,Group 70,1,5.035416666666666
INC0024025,Group 70,0,5.282638888888889
INC0024026,Group 56,1,5.113888888888889
INC0024027,Group 70,1,5.029166666666667
INC0024029,Group 70,1,5.026388888888889
INC0024030,Group 13,1,17.399305555555557
INC0024031,Group 30,1,5.232638888888889
INC0024032,Group 70,1,5.023611111111111
INC0024033,Group 25,1,9.189583333333333
INC0024034,Group 60,1,9.23125
INC0024035,Group 70,1,9.189583333333333
INC0024036,Group 70,1,5.063888888888889
INC0024038,Group 70,1,5.021527777777778
INC0024039,Group 70,1,5.021527777777778
INC0024040,Group 70,1,5.020138888888889
INC0024041,Group 53,1,5.227083333333334
INC0024042,Group 39,1,5.225694444444445
INC0024043,Group 70,1,5.0159722222222225
INC0024044,Group 70,1,10.265972222222222
INC0024045,Group 70,1,5.0152777777777775
INC0024046,Group 70,1,5.014583333333333
INC0024047,Group 58,1,17.969444444444445
INC0024049,Group 70,1,24.052083333333332
INC0024050,Group 70,1,5.045833333333333
INC0024051,Group 70,1,5.045833333333333
INC0024052,Group 70,1,24.04375
INC0024054,Group 30,1,5.043055555555555
INC0024055,Group 70,1,40.29097222222222
INC0024057,Group 23,1,5.038194444444445
INC0024058,Group 72,1,8.036111111111111
INC0024059,Group 33,1,50.072916666666664
INC0024062,Group 23,1,5.035416666666666
INC0024063,Group 70,1,5.075
INC0024065,Group 28,1,10.949305555555556
INC0024066,Group 70,1,5.03125
INC0024067,Group 70,1,5.030555555555556
INC0024068,Group 25,1,8.322222222222223
INC0024069,Group 55,1,5.238194444444445
INC0024070,Group 70,0,10.1125
INC0024071,Group 46,1,5.070138888888889
INC0024072,Group 24,1,46.19375
INC0024073,Group 39,1,5.19375
INC0024075,Group 70,1,5.3597222222222225
INC0024077,Group 24,1,58.982638888888886
INC0024078,Group 29,1,5.024305555555555
INC0024079,Group 70,0,5.023611111111111
INC0024080,Group 70,1,5.022222222222222
INC0024082,Group 37,1,8.063888888888888
INC0024083,Group 57,1,5.063194444444444
INC0024084,Group 39,1,5.020138888888889
INC0024085,Group 24,1,8.186805555555555
INC0024086,Group 23,1,5.020138888888889
INC0024087,Group 25,1,5.348611111111111
INC0024088,Group 5,1,5.017361111111111
INC0024089,Group 70,0,10.139583333333333
INC0024091,Group 9,1,213.05
INC0024094,Group 70,1,5.011111111111111
INC0024095,Group 70,1,5.052777777777778
INC0024096,Group 23,1,5.009027777777778
INC0024097,Group 56,1,5.175694444444445
INC0024098,Group 53,1,11.300694444444444
INC0024100,Group 28,1,5.135416666666667
INC0024101,Group 25,1,8.090972222222222
INC0024104,Group 20,1,7.8805555555555555
INC0024105,Group 70,1,24.005555555555556
INC0024106,Group 6,1,9.213194444444444
INC0024107,Group 70,0,5.04375
INC0024108,Group 39,1,5.251388888888889
INC0024112,Group 70,1,5.042361111111111
INC0024115,Group 70,1,5.040972222222222
INC0024116,Group 23,1,5.040972222222222
INC0024117,Group 64,1,5.039583333333334
INC0024118,Group 70,1,5.039583333333334
INC0024121,Group 54,1,9.872916666666667
INC0024122,Group 29,1,9.158333333333333
INC0024124,Group 49,1,5.195833333333334
INC0024125,Group 23,1,5.029166666666667
INC0024126,Group 70,1,9.153472222222222
INC0024127,Group 64,1,5.027777777777778
INC0024128,Group 23,1,5.027083333333334
INC0024129,Group 76,1,8.027083333333334
INC0024130,Group 64,1,5.027083333333334
INC0024131,Group 64,1,5.026388888888889
INC0024134,Group 64,1,5.0256944444444445
INC0024135,Group 57,1,8.275694444444444
INC0024136,Group 64,1,5.025
INC0024137,Group 70,1,5.025
INC0024138,Group 64,1,5.024305555555555
INC0024139,Group 27,1,5.232638888888889
INC0024140,Group 64,1,5.023611111111111
INC0024141,Group 5,1,45.89861111111111
INC0024142,Group 24,1,5.022916666666666
INC0024143,Group 64,1,5.022916666666666
INC0024144,Group 64,1,5.022222222222222
INC0024145,Group 70,1,5.022222222222222
INC0024146,Group 24,1,8.938888888888888
INC0024147,Group 64,1,5.021527777777778
INC0024148,Group 28,1,61.05763888888889
INC0024149,Group 64,1,5.020833333333333
INC0024150,Group 64,1,5.019444444444445
INC0024151,Group 64,1,5.01875
INC0024152,Group 68,1,7.934027777777778
INC0024155,Group 39,1,8.182638888888889
INC0024156,Group 70,1,5.1402777777777775
INC0024157,Group 70,1,9.014583333333333
INC0024158,Group 70,1,5.013194444444444
INC0024160,Group 70,1,5.011111111111111
INC0024161,Group 70,1,5.010416666666667
INC0024163,Group 70,1,9.010416666666666
INC0024165,Group 70,1,5.009722222222222
INC0024166,Group 70,0,9.092361111111112
INC0024169,Group 70,1,5.048611111111111
INC0024170,Group 70,1,5.00625
INC0024171,Group 70,1,9.088888888888889
INC0024172,Group 70,1,5.0465277777777775
INC0024173,Group 23,1,10.17013888888889
INC0024175,Group 33,1,5.167361111111111
INC0024176,Group 31,1,19.122916666666665
INC0024177,Group 25,1,26.164583333333333
INC0024179,Group 66,1,45.99444444444445
INC0024181,Group 70,1,5.031944444444444
INC0024182,Group 70,1,5.03125
INC0024183,Group 70,1,5.030555555555556
INC0024184,Group 70,1,5.029166666666667
INC0024185,Group 6,1,9.194444444444445
INC0024186,Group 70,1,5.0680555555555555
INC0024189,Group 70,1,5.021527777777778
INC0024190,Group 57,1,5.188194444444444
INC0024191,Group 70,1,8.01736111111111
INC0024192,Group 24,1,5.1819444444444445
INC0024193,Group 70,1,8.970138888888888
INC0024194,Group 70,1,5.009027777777778
INC0024195,Group 70,1,5.008333333333334
INC0024196,Group 25,1,8.214583333333334
INC0024198,Group 70,1,9.129166666666666
INC0024199,Group 73,1,7.920138888888889
INC0024200,Group 70,1,5.04375
INC0024202,Group 70,1,5.002777777777778
INC0024203,Group 68,1,36.08402777777778
INC0024204,Group 48,1,10.081944444444444
INC0024205,Group 24,1,10.95486111111111
INC0024206,Group 70,1,5.038194444444445
INC0024207,Group 70,1,5.0375
INC0024210,Group 21,1,11.161111111111111
INC0024212,Group 70,0,9.034722222222221
INC0024214,Group 70,1,5.032638888888889
INC0024215,Group 24,1,8.069444444444445
INC0024216,Group 70,1,5.027083333333334
INC0024217,Group 70,1,5.024305555555555
INC0024218,Group 70,0,8.980555555555556
INC0024219,Group 25,1,12.229166666666666
INC0024220,Group 60,1,9.853472222222223
INC0024221,Group 70,1,5.020138888888889
INC0024222,Group 70,1,5.059722222222222
INC0024223,Group 33,1,21.89236111111111
INC0024224,Group 24,1,5.0159722222222225
INC0024226,Group 28,1,5.0569444444444445
INC0024227,Group 23,1,8.970833333333333
INC0024228,Group 70,1,5.011111111111111
INC0024229,Group 34,1,5.094444444444444
INC0024230,Group 70,1,7.96875
INC0024232,Group 70,0,8.881944444444445
INC0024233,Group 70,1,5.006944444444445
INC0024234,Group 73,1,5.0465277777777775
INC0024235,Group 55,1,5.045138888888889
INC0024237,Group 73,1,5.044444444444444
INC0024239,Group 73,1,5.04375
INC0024240,Group 73,1,5.042361111111111
INC0024241,Group 73,1,5.042361111111111
INC0024243,Group 73,1,5.041666666666667
INC0024244,Group 57,1,7.832638888888889
INC0024245,Group 28,1,7.873611111111111
INC0024246,Group 74,1,11.122222222222222
INC0024247,Group 70,1,5.038194444444445
INC0024248,Group 70,1,5.038194444444445
INC0024249,Group 70,1,12.077777777777778
INC0024250,Group 24,1,5.035416666666666
INC0024252,Group 70,1,5.034722222222222
INC0024254,Group 70,1,5.03125
INC0024258,Group 73,1,51.94236111111111
INC0024259,Group 70,1,40.113194444444446
INC0024260,Group 70,1,5.071527777777778
INC0024262,Group 46,1,5.064583333333333
INC0024263,Group 39,1,5.019444444444445
INC0024264,Group 25,1,179.88888888888889
INC0024265,Group 70,1,5.059722222222222
INC0024266,Group 70,1,5.016666666666667
INC0024267,Group 25,1,12.058333333333334
INC0024268,Group 70,1,5.0152777777777775
INC0024269,Group 70,1,7.93125
INC0024270,Group 70,1,5.013194444444444
INC0024271,Group 31,1,8.220833333333333
INC0024272,Group 70,1,5.011111111111111
INC0024273,Group 6,1,45.76111111111111
INC0024274,Group 25,1,11.926388888888889
INC0024275,Group 44,1,8.842361111111112
INC0024276,Group 70,0,5.008333333333334
INC0024277,Group 70,1,5.0472222222222225
INC0024278,Group 66,1,7.8805555555555555
INC0024279,Group 70,1,5.0465277777777775
INC0024282,Group 70,1,5.043055555555555
INC0024283,Group 70,1,5.039583333333334
INC0024285,Group 24,1,7.872916666666667
INC0024286,Group 70,1,5.038888888888889
INC0024288,Group 70,1,5.034722222222222
INC0024289,Group 25,1,16.034027777777776
INC0024290,Group 70,1,5.034027777777778
INC0024291,Group 70,1,5.029861111111111
INC0024293,Group 72,1,12.029166666666667
INC0024295,Group 70,1,7.944444444444445
INC0024296,Group 70,1,5.027777777777778
INC0024297,Group 20,1,23.818055555555556
INC0024299,Group 70,1,5.026388888888889
INC0024300,Group 72,1,16.775694444444444
INC0024301,Group 49,1,79.01805555555555
INC0024303,Group 70,1,5.021527777777778
INC0024305,Group 70,1,65.76319444444445
INC0024306,Group 57,1,7.934027777777778
INC0024308,Group 25,1,5.052083333333333
INC0024309,Group 70,1,5.010416666666667
INC0024312,Group 70,1,8.965972222222222
INC0024313,Group 70,1,5.006944444444445
INC0024314,Group 27,1,7.7555555555555555
INC0024316,Group 70,1,15.959722222222222
INC0024317,Group 20,0,5.043055555555555
INC0024318,Group 70,1,5.042361111111111
INC0024319,Group 9,1,191.07847222222222
INC0024323,Group 39,1,5.035416666666666
INC0024324,Group 70,1,5.035416666666666
INC0024327,Group 73,1,8.695833333333333
INC0024328,Group 70,1,5.027083333333334
INC0024329,Group 23,1,5.0680555555555555
INC0024330,Group 57,1,22.066666666666666
INC0024331,Group 23,1,5.066666666666666
INC0024333,Group 23,1,5.065972222222222
INC0024334,Group 23,1,5.065277777777778
INC0024335,Group 37,1,14.730555555555556
INC0024336,Group 23,1,5.063888888888889
INC0024338,Group 23,1,5.061111111111111
INC0024339,Group 23,1,5.060416666666667
INC0024340,Group 23,1,5.058333333333334
INC0024342,Group 23,1,5.0569444444444445
INC0024343,Group 70,1,5.013888888888889
INC0024345,Group 70,1,5.053472222222222
INC0024346,Group 70,1,5.053472222222222
INC0024348,Group 23,1,5.052777777777778
INC0024349,Group 23,1,5.051388888888889
INC0024351,Group 55,1,5.092361111111111
INC0024352,Group 70,1,5.05
INC0024354,Group 23,1,5.049305555555556
INC0024356,Group 70,1,5.004861111111111
INC0024358,Group 23,1,5.045833333333333
INC0024359,Group 70,1,5.04375
INC0024360,Group 25,1,5.04375
INC0024361,Group 25,1,5.042361111111111
INC0024363,Group 25,1,5.040972222222222
INC0024365,Group 70,1,5.040277777777778
INC0024366,Group 31,1,5.040277777777778
INC0024368,Group 65,1,31.661805555555556
INC0024370,Group 70,1,5.035416666666666
INC0024371,Group 70,1,5.035416666666666
INC0024373,Group 70,1,5.027777777777778
INC0024375,Group 57,1,10.025
INC0024376,Group 70,1,5.022222222222222
INC0024377,Group 70,1,5.013194444444444
INC0024378,Group 39,1,7.677083333333333
INC0024379,Group 37,1,8.00763888888889
INC0024381,Group 23,1,8.754861111111111
INC0024382,Group 70,1,39.95902777777778
INC0024383,Group 70,1,5.041666666666667
INC0024384,Group 70,0,10.790972222222223
INC0024385,Group 70,1,5.035416666666666
INC0024386,Group 23,1,9.782638888888888
INC0024387,Group 25,1,8.729166666666666
INC0024388,Group 70,1,5.05625
INC0024389,Group 70,1,5.004861111111111
INC0024391,Group 70,1,5.028472222222222
INC0024392,Group 70,1,5.0159722222222225
INC0024393,Group 70,1,7.80625
INC0024394,Group 28,1,7.636111111111111
INC0024395,Group 70,1,8.658333333333333
INC0024396,Group 28,1,7.530555555555556
INC0024397,Group 70,1,5.042361111111111
INC0024398,Group 70,1,5.038194444444445
INC0024399,Group 58,1,7.495833333333334
INC0024400,Group 3,1,36.53680555555555
INC0024401,Group 70,1,5.029861111111111
INC0024403,Group 70,1,10.561111111111112
INC0024404,Group 70,1,8.553472222222222
INC0024405,Group 70,1,5.176388888888889
INC0024406,Group 70,1,5.059027777777778
INC0024407,Group 51,1,2.4034722222222222
INC0024408,Group 70,1,5.053472222222222
INC0024409,Group 6,1,10.466666666666667
INC0024410,Group 70,1,39.65347222222222
INC0024411,Group 70,1,8.611805555555556
INC0024413,Group 70,1,8.550694444444444
INC0024415,Group 70,1,5.04375
INC0024416,Group 70,1,5.048611111111111
INC0024417,Group 65,1,9.57638888888889
INC0024418,Group 39,1,7.225
INC0024419,Group 53,1,7.3902777777777775
INC0024421,Group 66,1,7.189583333333333
INC0024422,Group 70,1,5.011805555555555
INC0024423,Group 70,1,5.0465277777777775
INC0024425,Group 25,1,7.404166666666667
INC0024426,Group 25,1,38.111805555555556
INC0024427,Group 70,1,5.054861111111111
INC0024431,Group 66,1,6.572916666666667
INC0024432,Group 70,1,5.029166666666667
INC0024436,Group 70,1,5.044444444444444
INC0024440,Group 28,1,6.977083333333334
INC0024441,Group 70,1,5.019444444444445
INC0024443,Group 28,1,7.220833333333333
INC0024444,Group 70,1,8.171527777777778
INC0024445,Group 70,1,5.040277777777778
INC0024448,Group 70,1,5.03125
INC0024449,Group 39,1,7.026388888888889
INC0024450,Group 70,1,5.0256944444444445
INC0024451,Group 70,1,6.5569444444444445
INC0024452,Group 28,1,17.931944444444444
INC0024454,Group 37,1,7.207638888888889
INC0024455,Group 57,1,10.953472222222222
INC0024456,Group 70,1,5.034027777777778
INC0024457,Group 49,1,8.075694444444444
INC0024458,Group 24,1,8.031944444444445
INC0024460,Group 57,1,52.22569444444444
INC0024461,Group 47,1,7.225694444444445
INC0024462,Group 70,1,5.139583333333333
INC0024463,Group 28,1,9.097916666666666
INC0024466,Group 70,1,5.035416666666666
INC0024468,Group 70,1,5.029166666666667
INC0024469,Group 70,1,5.024305555555555
INC0024471,Group 70,1,5.095833333333333
INC0024472,Group 70,1,5.017361111111111
INC0024473,Group 70,1,5.040972222222222
INC0024474,Group 25,1,7.039583333333334
INC0024477,Group 70,1,5.0368055555555555
INC0024478,Group 22,1,5.110416666666667
INC0024479,Group 70,1,5.020138888888889
INC0024481,Group 73,1,6.795833333333333
INC0024482,Group 70,1,5.042361111111111
INC0024483,Group 70,1,5.025
INC0024484,Group 70,1,5.009027777777778
INC0024485,Group 70,1,5.04375
INC0024486,Group 24,1,8.552777777777777
INC0024487,Group 76,0,5.0472222222222225
INC0024488,Group 66,1,6.538888888888889
INC0024490,Group 70,1,15.686111111111112
INC0024491,Group 70,1,5.01875
INC0024492,Group 70,1,5.0465277777777775
INC0024493,Group 70,1,5.045138888888889
INC0024494,Group 70,1,5.16875
INC0024495,Group 70,1,5.041666666666667
INC0024496,Group 70,1,5.0375
INC0024497,Group 3,1,91.37430555555555
INC0024498,Group 70,1,5.0472222222222225
INC0024499,Group 70,1,5.022916666666666
INC0024501,Group 70,1,5.0368055555555555
INC0024502,Group 70,1,5.020833333333333
INC0024503,Group 37,1,22.388194444444444
INC0024504,Group 57,1,6.1722222222222225
INC0024505,Group 20,1,55.266666666666666
INC0024506,Group 70,1,5.021527777777778
INC0024507,Group 70,1,13.13888888888889
INC0024508,Group 65,1,8.254166666666666
INC0024510,Group 70,1,5.168055555555555
INC0024511,Group 3,1,6.081944444444445
INC0024512,Group 65,1,8.327777777777778
INC0024513,Group 28,1,13.318055555555556
INC0024514,Group 64,1,5.040972222222222
INC0024515,Group 70,1,5.034027777777778
INC0024516,Group 70,1,5.021527777777778
INC0024517,Group 64,1,5.01875
INC0024518,Group 64,1,5.018055555555556
INC0024519,Group 64,1,5.017361111111111
INC0024520,Group 64,1,5.016666666666667
INC0024521,Group 64,1,5.0152777777777775
INC0024522,Group 64,1,5.013888888888889
INC0024523,Group 64,1,5.013194444444444
INC0024524,Group 64,1,5.0125
INC0024526,Group 64,1,5.010416666666667
INC0024527,Group 64,1,5.010416666666667
INC0024528,Group 64,1,5.009027777777778
INC0024529,Group 64,1,5.008333333333334
INC0024530,Group 64,1,5.007638888888889
INC0024531,Group 64,1,5.006944444444445
INC0024532,Group 64,1,5.047916666666667
INC0024533,Group 70,1,5.0465277777777775
INC0024534,Group 70,1,5.042361111111111
INC0024535,Group 70,1,9.161805555555556
INC0024537,Group 70,1,5.075
INC0024538,Group 70,1,5.065972222222222
INC0024539,Group 56,1,6.272916666666666
INC0024540,Group 64,1,5.016666666666667
INC0024542,Group 49,1,6.20625
INC0024545,Group 70,1,5.075
INC0024547,Group 70,1,6.884722222222222
INC0024548,Group 70,1,5.009027777777778
INC0024549,Group 70,1,5.045833333333333
INC0024551,Group 65,1,10.05625
INC0024552,Group 56,1,6.192361111111111
INC0024553,Group 72,1,10.106944444444444
INC0024555,Group 65,1,0.8527777777777777
INC0024557,Group 6,1,6.822916666666667
INC0024558,Group 6,1,6.811111111111111
INC0024559,Group 6,1,6.808333333333334
INC0024560,Group 6,1,6.80625
INC0024561,Group 70,1,5.009722222222222
INC0024562,Group 70,1,5.045833333333333
INC0024563,Group 25,1,6.860416666666667
INC0024566,Group 70,1,8.972916666666666
INC0024567,Group 70,1,5.0368055555555555
INC0024568,Group 70,1,5.027083333333334
INC0024570,Group 65,1,6.263194444444444
INC0024573,Group 72,1,5.669444444444444
INC0024575,Group 70,1,5.030555555555556
INC0024576,Group 72,1,5.772916666666666
INC0024577,Group 25,1,7.892361111111111
INC0024578,Group 25,1,7.641666666666667
INC0024579,Group 70,1,6.009722222222222
INC0024580,Group 70,1,5.043055555555555
INC0024581,Group 70,1,5.040277777777778
INC0024584,Group 56,1,5.129166666666666
INC0024585,Group 70,1,5.0777777777777775
INC0024586,Group 28,1,6.538888888888889
INC0024588,Group 70,1,5.063888888888889
INC0024589,Group 72,1,5.54375
INC0024590,Group 28,1,9.449305555555556
INC0024591,Group 56,1,5.769444444444445
INC0024593,Group 70,1,5.040277777777778
INC0024594,Group 70,0,7.620833333333334
INC0024595,Group 70,1,5.117361111111111
INC0024596,Group 70,1,5.029861111111111
INC0024598,Group 70,1,5.034027777777778
INC0024599,Group 70,1,5.039583333333334
INC0024600,Group 70,1,5.281944444444444
INC0024601,Group 70,1,5.008333333333334
INC0024602,Group 70,1,5.004861111111111
INC0024603,Group 70,1,5.0055555555555555
INC0024605,Group 27,1,5.290972222222222
INC0024606,Group 70,1,5.0368055555555555
INC0024607,Group 75,1,22.44236111111111
INC0024608,Group 70,1,5.022916666666666
INC0024609,Group 70,1,5.016666666666667
INC0024611,Group 73,1,7.301388888888889
INC0024612,Group 70,1,5.051388888888889
INC0024613,Group 70,1,5.007638888888889
INC0024614,Group 23,1,5.2131944444444445
INC0024616,Group 70,1,5.045833333333333
INC0024617,Group 70,1,5.004861111111111
INC0024619,Group 51,1,6.748611111111111
INC0024620,Group 70,1,5.040277777777778
INC0024621,Group 70,1,5.040277777777778
INC0024622,Group 70,1,5.039583333333334
INC0024623,Group 70,1,5.038888888888889
INC0024626,Group 70,1,5.0368055555555555
INC0024627,Group 20,1,6.2868055555555555
INC0024628,Group 70,1,5.036111111111111
INC0024629,Group 56,1,5.4125
INC0024630,Group 70,1,5.034722222222222
INC0024631,Group 24,1,5.3284722222222225
INC0024633,Group 70,1,5.032638888888889
INC0024634,Group 70,1,5.031944444444444
INC0024635,Group 64,1,5.031944444444444
INC0024636,Group 70,1,5.030555555555556
INC0024637,Group 10,1,5.363888888888889
INC0024638,Group 20,1,1.4875
INC0024639,Group 70,1,5.029861111111111
INC0024640,Group 64,1,5.029861111111111
INC0024641,Group 70,1,5.029861111111111
INC0024642,Group 60,1,5.279861111111111
INC0024643,Group 73,1,5.3625
INC0024644,Group 70,1,5.027777777777778
INC0024645,Group 70,1,5.027777777777778
INC0024647,Group 70,1,5.027777777777778
INC0024648,Group 27,1,5.235416666666667
INC0024649,Group 70,1,5.026388888888889
INC0024650,Group 70,1,5.026388888888889
INC0024651,Group 24,1,5.3590277777777775
INC0024652,Group 53,1,5.275
INC0024654,Group 70,1,5.024305555555555
INC0024655,Group 70,1,7.274305555555555
INC0024656,Group 70,1,6.065277777777778
INC0024657,Group 70,1,5.022916666666666
INC0024659,Group 34,1,5.064583333333333
INC0024660,Group 70,1,5.022916666666666
INC0024661,Group 70,1,37.35486111111111
INC0024662,Group 70,1,5.020833333333333
INC0024663,Group 24,1,7.229166666666667
INC0024664,Group 64,1,5.103472222222222
INC0024665,Group 65,1,8.061805555555555
INC0024666,Group 70,1,5.019444444444445
INC0024668,Group 70,1,5.018055555555556
INC0024669,Group 70,1,5.017361111111111
INC0024670,Group 72,1,5.058333333333334
INC0024671,Group 70,1,5.016666666666667
INC0024672,Group 64,1,5.0993055555555555
INC0024673,Group 39,1,5.309027777777778
INC0024675,Group 30,1,5.095833333333333
INC0024676,Group 70,1,5.2625
INC0024677,Group 5,1,9.094444444444445
INC0024678,Group 70,1,5.011111111111111
INC0024679,Group 70,1,5.010416666666667
INC0024680,Group 70,1,5.010416666666667
INC0024681,Group 27,1,5.052083333333333
INC0024682,Group 48,1,6.134722222222222
INC0024684,Group 70,1,5.009027777777778
INC0024685,Group 70,1,5.009027777777778
INC0024686,Group 70,1,5.007638888888889
INC0024687,Group 70,1,5.007638888888889
INC0024688,Group 64,1,5.090972222222222
INC0024689,Group 70,1,5.048611111111111
INC0024690,Group 70,1,5.006944444444445
INC0024691,Group 12,1,13.131944444444445
INC0024692,Group 24,1,5.2555555555555555
INC0024693,Group 70,1,5.0055555555555555
INC0024694,Group 23,1,15.006944444444445
INC0024695,Group 70,1,5.00625
INC0024696,Group 39,1,5.336805555555555
INC0024697,Group 70,1,5.004861111111111
INC0024698,Group 70,1,5.044444444444444
INC0024699,Group 70,1,5.004861111111111
INC0024700,Group 70,1,5.04375
INC0024701,Group 27,1,5.127083333333333
INC0024702,Group 70,0,6.125694444444444
INC0024703,Group 48,1,6.125694444444444
INC0024705,Group 70,1,5.040277777777778
INC0024706,Group 70,1,7.248611111111111
INC0024707,Group 70,1,12.123611111111112
INC0024708,Group 5,1,5.08125
INC0024709,Group 70,1,5.039583333333334
INC0024710,Group 70,1,13.247916666666667
INC0024711,Group 70,1,5.038888888888889
INC0024712,Group 70,1,7.248611111111111
INC0024713,Group 48,1,6.0368055555555555
INC0024714,Group 70,1,83.03055555555555
INC0024715,Group 15,1,169.12083333333334
INC0024717,Group 27,1,8.24375
INC0024718,Group 70,1,19.99375
INC0024719,Group 70,1,5.033333333333333
INC0024720,Group 70,1,5.033333333333333
INC0024721,Group 24,1,5.281944444444444
INC0024722,Group 70,1,5.031944444444444
INC0024723,Group 70,1,5.03125
INC0024724,Group 25,1,9.238888888888889
INC0024725,Group 12,1,13.113888888888889
INC0024726,Group 28,1,5.321527777777778
INC0024727,Group 70,1,5.029166666666667
INC0024728,Group 70,1,5.029166666666667
INC0024729,Group 73,1,7.278472222222222
INC0024730,Group 70,1,5.028472222222222
INC0024731,Group 70,1,5.195138888888889
INC0024734,Group 25,1,6.1930555555555555
INC0024735,Group 73,1,6.1090277777777775
INC0024736,Group 5,1,5.066666666666666
INC0024737,Group 57,1,14.065972222222221
INC0024738,Group 70,1,5.024305555555555
INC0024739,Group 70,1,5.024305555555555
INC0024740,Group 70,1,5.1875
INC0024741,Group 70,1,5.020138888888889
INC0024742,Group 70,1,37.31041666666667
INC0024743,Group 12,1,13.102083333333333
INC0024744,Group 70,1,5.018055555555556
INC0024747,Group 37,1,252.63819444444445
INC0024748,Group 70,1,7.2659722222222225
INC0024749,Group 24,1,7.0993055555555555
INC0024750,Group 70,1,5.0159722222222225
INC0024751,Group 39,1,5.305555555555555
INC0024752,Group 70,1,5.013194444444444
INC0024753,Group 70,1,12.095138888888888
INC0024754,Group 30,1,14.261805555555556
INC0024757,Group 25,1,8.052083333333334
INC0024758,Group 70,1,5.009722222222222
INC0024759,Group 57,1,5.343055555555556
INC0024760,Group 70,1,5.047916666666667
INC0024761,Group 23,1,8.047916666666667
INC0024762,Group 39,1,5.2965277777777775
INC0024763,Group 70,1,5.004861111111111
INC0024764,Group 70,1,5.003472222222222
INC0024765,Group 70,1,5.002083333333333
INC0024766,Group 70,1,5.003472222222222
INC0024767,Group 70,1,5.043055555555555
INC0024768,Group 70,1,5.041666666666667
INC0024769,Group 48,1,9.248611111111112
INC0024771,Group 70,1,5.039583333333334
INC0024772,Group 20,1,21.039583333333333
INC0024773,Group 70,1,5.038888888888889
INC0024774,Group 24,1,5.954166666666667
INC0024775,Group 25,1,6.161111111111111
INC0024779,Group 39,1,6.033333333333333
INC0024780,Group 70,0,5.033333333333333
INC0024781,Group 70,1,5.031944444444444
INC0024783,Group 70,1,5.03125
INC0024784,Group 70,1,6.2
INC0024785,Group 70,1,5.03125
INC0024786,Group 70,1,5.030555555555556
INC0024787,Group 70,1,5.030555555555556
INC0024789,Group 70,1,5.028472222222222
INC0024791,Group 30,1,5.986111111111111
INC0024792,Group 25,1,13.06875
INC0024793,Group 70,1,19.195833333333333
INC0024795,Group 24,1,7.2347222222222225
INC0024796,Group 70,1,5.0256944444444445
INC0024797,Group 70,1,5.025
INC0024798,Group 70,0,8.274305555555555
INC0024800,Group 46,1,22.981944444444444
INC0024801,Group 70,1,5.023611111111111
INC0024802,Group 70,1,5.022916666666666
INC0024803,Group 15,1,169.10069444444446
INC0024804,Group 39,1,5.270833333333333
INC0024805,Group 70,1,5.018055555555556
INC0024806,Group 70,1,5.016666666666667
INC0024807,Group 70,1,5.016666666666667
INC0024808,Group 23,1,5.183333333333334
INC0024809,Group 70,1,5.014583333333333
INC0024810,Group 28,1,5.054861111111111
INC0024812,Group 70,1,5.011111111111111
INC0024813,Group 73,1,5.052777777777778
INC0024814,Group 70,1,35.00972222222222
INC0024815,Group 23,1,49.25486111111111
INC0024816,Group 24,1,6.175694444444445
INC0024817,Group 30,1,5.009027777777778
INC0024818,Group 10,1,61.009027777777774
INC0024819,Group 34,1,21.258333333333333
INC0024820,Group 70,1,5.008333333333334
INC0024821,Group 28,1,5.049305555555556
INC0024823,Group 70,1,5.047916666666667
INC0024824,Group 30,1,5.047916666666667
INC0024827,Group 23,1,5.170138888888889
INC0024828,Group 70,1,5.002777777777778
INC0024829,Group 56,1,5.294444444444444
INC0024830,Group 30,1,5.085416666666666
INC0024831,Group 25,1,6.129166666666666
INC0024832,Group 39,1,5.999305555555556
INC0024833,Group 70,1,5.040277777777778
INC0024834,Group 70,1,5.040277777777778
INC0024835,Group 70,1,5.038194444444445
INC0024836,Group 39,1,5.996527777777778
INC0024837,Group 39,1,5.996527777777778
INC0024839,Group 30,1,6.117361111111111
INC0024840,Group 31,1,147.9875
INC0024843,Group 30,1,15.197916666666666
INC0024844,Group 70,1,5.029166666666667
INC0024845,Group 70,1,5.029166666666667
INC0024846,Group 24,1,6.195833333333334
INC0024847,Group 70,1,7.195833333333334
INC0024848,Group 70,1,5.028472222222222
INC0024849,Group 70,0,6.0256944444444445
INC0024850,Group 70,1,5.0256944444444445
INC0024851,Group 55,1,5.192361111111111
INC0024852,Group 70,1,5.858333333333333
INC0024854,Group 70,1,5.024305555555555
INC0024855,Group 70,1,5.022916666666666
INC0024857,Group 70,1,5.020833333333333
INC0024858,Group 3,1,14.9375
INC0024859,Group 65,1,5.102083333333334
INC0024860,Group 73,1,5.059722222222222
INC0024861,Group 70,1,11.977083333333333
INC0024862,Group 25,1,5.9743055555555555
INC0024863,Group 70,1,5.0159722222222225
INC0024864,Group 70,1,5.0159722222222225
INC0024865,Group 70,1,5.0152777777777775
INC0024866,Group 39,1,5.225
INC0024867,Group 70,1,5.014583333333333
INC0024868,Group 70,1,5.014583333333333
INC0024869,Group 10,1,12.01388888888889
INC0024870,Group 70,1,5.013194444444444
INC0024871,Group 24,1,5.9319444444444445
INC0024872,Group 70,1,18.971527777777776
INC0024874,Group 70,1,5.010416666666667
INC0024875,Group 70,1,5.0125
INC0024877,Group 37,1,5.134722222222222
INC0024878,Group 70,1,5.050694444444445
INC0024881,Group 21,1,6.13125
INC0024883,Group 70,0,5.2965277777777775
INC0024884,Group 70,1,5.0465277777777775
INC0024885,Group 24,1,8.004166666666666
INC0024886,Group 20,1,13.92013888888889
INC0024888,Group 70,1,5.041666666666667
INC0024889,Group 70,1,5.041666666666667
INC0024890,Group 70,1,5.039583333333334
INC0024891,Group 70,1,5.038888888888889
INC0024894,Group 70,1,5.0368055555555555
INC0024896,Group 70,1,5.036111111111111
INC0024897,Group 20,1,1.2722222222222221
INC0024898,Group 70,1,5.035416666666666
INC0024900,Group 70,1,5.034722222222222
INC0024902,Group 70,1,5.034027777777778
INC0024903,Group 65,1,13.909027777777778
INC0024904,Group 70,1,11.99236111111111
INC0024905,Group 70,1,5.033333333333333
INC0024906,Group 20,1,1.1701388888888888
INC0024907,Group 20,1,13.907638888888888
INC0024908,Group 70,1,5.03125
INC0024909,Group 70,1,5.030555555555556
INC0024910,Group 25,1,6.069444444444445
INC0024911,Group 70,1,5.110416666666667
INC0024913,Group 70,1,5.025
INC0024914,Group 70,1,5.023611111111111
INC0024915,Group 70,1,7.064583333333333
INC0024916,Group 33,1,6.938194444444444
INC0024917,Group 70,1,5.058333333333334
INC0024918,Group 70,1,5.057638888888889
INC0024919,Group 70,1,5.0152777777777775
INC0024920,Group 70,1,5.054861111111111
INC0024921,Group 70,1,5.051388888888889
INC0024922,Group 24,1,6.884722222222222
INC0024925,Group 72,1,5.089583333333334
INC0024926,Group 70,0,8.042361111111111
INC0024928,Group 70,1,5.039583333333334
INC0024929,Group 46,1,5.034722222222222
INC0024933,Group 25,1,9.071527777777778
INC0024934,Group 61,1,132.81597222222223
INC0024935,Group 25,1,15.94375
INC0024936,Group 70,1,5.027083333333334
INC0024938,Group 70,1,5.0256944444444445
INC0024939,Group 70,1,5.065277777777778
INC0024942,Group 54,1,15.814583333333333
INC0024943,Group 39,1,5.939583333333333
INC0024945,Group 24,1,5.855555555555555
INC0024946,Group 70,0,8.0625
INC0024947,Group 49,1,5.811805555555556
INC0024948,Group 70,1,5.059027777777778
INC0024949,Group 65,1,5.142361111111111
INC0024950,Group 70,1,46.8875
INC0024951,Group 39,1,5.932638888888889
INC0024952,Group 70,1,5.0152777777777775
INC0024953,Group 70,1,5.013888888888889
INC0024954,Group 58,1,5.050694444444445
INC0024955,Group 70,1,5.050694444444445
INC0024956,Group 72,1,22.884027777777778
INC0024957,Group 24,1,6.048611111111111
INC0024958,Group 51,1,12.88125
INC0024961,Group 60,1,5.128472222222222
INC0024962,Group 69,1,5.004166666666666
INC0024964,Group 39,1,5.166666666666667
INC0024966,Group 76,1,15.994444444444444
INC0024967,Group 70,1,5.033333333333333
INC0024968,Group 57,1,5.073611111111111
INC0024969,Group 70,1,5.031944444444444
INC0024970,Group 73,1,6.156944444444444
INC0024971,Group 70,1,5.029166666666667
INC0024973,Group 70,0,5.19375
INC0024974,Group 25,1,6.0680555555555555
INC0024975,Group 23,1,6.9006944444444445
INC0024976,Group 69,1,5.0256944444444445
INC0024977,Group 65,1,21.233333333333334
INC0024979,Group 27,1,21.856944444444444
INC0024980,Group 25,1,20.022916666666667
INC0024981,Group 53,1,5.023611111111111
INC0024982,Group 73,1,5.895138888888889
INC0024983,Group 33,1,5.145138888888889
INC0024984,Group 70,1,5.019444444444445
INC0024986,Group 70,1,5.01875
INC0024987,Group 70,1,5.01875
INC0024988,Group 22,1,57.09583333333333
INC0024990,Group 6,1,5.1409722222222225
INC0024992,Group 30,1,5.096527777777778
INC0024993,Group 73,1,6.136805555555555
INC0024995,Group 70,1,5.009722222222222
INC0024996,Group 25,1,5.966666666666667
INC0024997,Group 72,1,8.883333333333333
INC0024998,Group 73,1,22.925
INC0024999,Group 70,1,5.048611111111111
INC0025001,Group 25,1,6.049305555555556
INC0025002,Group 70,1,5.004861111111111
INC0025003,Group 51,1,105.03888888888889
INC0025004,Group 34,1,5.834722222222222
INC0025005,Group 70,1,5.041666666666667
INC0025006,Group 30,1,5.083333333333333
INC0025007,Group 57,1,5.081944444444445
INC0025009,Group 65,1,8.747222222222222
INC0025010,Group 70,1,5.040972222222222
INC0025011,Group 70,1,5.0375
INC0025012,Group 70,1,5.0368055555555555
INC0025013,Group 20,1,22.119444444444444
INC0025015,Group 70,1,5.032638888888889
INC0025016,Group 70,1,5.032638888888889
INC0025017,Group 23,1,6.073611111111111
INC0025019,Group 5,1,5.072916666666667
INC0025020,Group 70,1,5.028472222222222
INC0025021,Group 70,1,5.028472222222222
INC0025022,Group 70,1,5.027777777777778
INC0025023,Group 70,1,8.027777777777779
INC0025024,Group 70,1,5.027083333333334
INC0025025,Group 39,1,15.068055555555556
INC0025026,Group 70,1,5.026388888888889
INC0025027,Group 24,1,5.815972222222222
INC0025028,Group 70,1,22.81388888888889
INC0025029,Group 31,1,15.979861111111111
INC0025030,Group 70,1,5.728472222222222
INC0025031,Group 70,1,5.019444444444445
INC0025032,Group 69,1,5.101388888888889
INC0025035,Group 25,1,5.095138888888889
INC0025036,Group 27,1,6.053472222222222
INC0025037,Group 6,1,7.761111111111111
INC0025039,Group 34,1,5.759027777777778
INC0025040,Group 76,1,21.884027777777778
INC0025041,Group 65,1,12.800694444444444
INC0025043,Group 70,1,5.047916666666667
INC0025044,Group 70,1,5.0472222222222225
INC0025046,Group 70,1,5.045833333333333
INC0025051,Group 73,1,13.999305555555555
INC0025052,Group 70,1,5.040972222222222
INC0025053,Group 70,1,5.039583333333334
INC0025054,Group 70,1,5.0375
INC0025055,Group 70,1,6.995138888888889
INC0025056,Group 30,1,5.0368055555555555
INC0025058,Group 76,1,5.0777777777777775
INC0025060,Group 25,1,5.075
INC0025061,Group 70,1,5.03125
INC0025062,Group 76,1,5.78125
INC0025063,Group 70,1,18.988888888888887
INC0025064,Group 70,1,5.028472222222222
INC0025065,Group 70,1,5.028472222222222
INC0025066,Group 70,1,12.944444444444445
INC0025067,Group 66,1,5.652777777777778
INC0025068,Group 33,1,5.7347222222222225
INC0025070,Group 70,1,5.0256944444444445
INC0025071,Group 70,1,7.898611111111111
INC0025072,Group 70,1,5.023611111111111
INC0025074,Group 73,0,7.893055555555556
INC0025075,Group 70,1,5.059722222222222
INC0025076,Group 70,0,5.142361111111111
INC0025077,Group 28,1,13.975
INC0025078,Group 27,1,5.016666666666667
INC0025082,Group 70,1,5.0152777777777775
INC0025085,Group 73,1,5.763888888888889
INC0025086,Group 24,1,6.720138888888889
INC0025088,Group 33,1,12.800694444444444
INC0025089,Group 21,1,12.8
INC0025090,Group 66,1,5.6305555555555555
INC0025091,Group 30,1,18.715972222222224
INC0025096,Group 37,1,8.794444444444444
INC0025098,Group 70,1,5.040972222222222
INC0025099,Group 64,1,49.83263888888889
INC0025100,Group 39,1,5.911111111111111
INC0025101,Group 70,1,5.035416666666666
INC0025102,Group 70,1,5.034027777777778
INC0025103,Group 6,1,8.950694444444444
INC0025104,Group 70,1,36.99236111111111
INC0025105,Group 55,1,5.781944444444444
INC0025109,Group 27,1,7.695138888888889
INC0025110,Group 70,1,5.027083333333334
INC0025111,Group 70,1,11.734027777777778
INC0025112,Group 39,1,5.898611111111111
INC0025114,Group 39,1,6.685416666666667
INC0025115,Group 33,1,172.84722222222223
INC0025116,Group 70,1,5.010416666666667
INC0025118,Group 21,1,6.882638888888889
INC0025119,Group 39,1,8.000694444444445
INC0025120,Group 70,1,5.997916666666667
INC0025121,Group 70,1,5.039583333333334
INC0025123,Group 70,1,6.2875
INC0025124,Group 28,1,12.615972222222222
INC0025125,Group 70,1,5.113888888888889
INC0025126,Group 70,1,14.901388888888889
INC0025128,Group 66,1,11.556944444444444
INC0025129,Group 70,1,5.05
INC0025130,Group 19,1,5.591666666666667
INC0025132,Group 56,1,7.860416666666667
INC0025133,Group 70,1,5.151388888888889
INC0025134,Group 70,1,5.022916666666666
INC0025135,Group 58,1,5.563888888888889
INC0025136,Group 70,1,5.042361111111111
INC0025137,Group 48,1,5.663888888888889
INC0025138,Group 70,1,5.075
INC0025139,Group 70,1,5.0375
INC0025140,Group 70,1,5.018055555555556
INC0025141,Group 70,1,5.017361111111111
INC0025142,Group 70,1,5.016666666666667
INC0025144,Group 70,1,5.0152777777777775
INC0025145,Group 70,1,5.0152777777777775
INC0025146,Group 70,1,5.013888888888889
INC0025147,Group 70,1,5.013194444444444
INC0025148,Group 70,1,5.013194444444444
INC0025149,Group 70,1,5.0125
INC0025150,Group 70,1,5.0125
INC0025151,Group 70,1,5.011805555555555
INC0025152,Group 70,1,5.011805555555555
INC0025153,Group 70,1,5.011111111111111
INC0025154,Group 70,1,5.010416666666667
INC0025155,Group 70,1,5.010416666666667
INC0025156,Group 70,1,5.009027777777778
INC0025157,Group 70,1,5.008333333333334
INC0025158,Group 70,1,5.007638888888889
INC0025159,Group 70,1,5.003472222222222
INC0025160,Group 70,1,5.002777777777778
INC0025161,Group 70,1,5.002083333333333
INC0025162,Group 70,1,5.002083333333333
INC0025163,Group 70,1,5.001388888888889
INC0025164,Group 70,1,8.723611111111111
INC0025165,Group 70,1,5.0368055555555555
INC0025166,Group 70,1,11.952083333333333
INC0025167,Group 25,1,18.372222222222224
INC0025168,Group 70,1,5.03125
INC0025170,Group 70,1,5.063194444444444
INC0025172,Group 70,1,5.002777777777778
INC0025173,Group 70,1,5.098611111111111
INC0025174,Group 70,1,5.027083333333334
INC0025175,Group 39,1,5.480555555555555
INC0025176,Group 51,1,5.938194444444444
INC0025177,Group 70,1,5.011805555555555
INC0025178,Group 70,1,5.031944444444444
INC0025180,Group 65,1,41.51111111111111
INC0025182,Group 65,1,18.380555555555556
INC0025183,Group 25,1,7.241666666666666
INC0025185,Group 31,1,5.324305555555555
INC0025186,Group 39,1,5.363194444444445
INC0025187,Group 82,0,5.022222222222222
INC0025188,Group 54,1,6.016666666666667
INC0025189,Group 65,1,11.349305555555556
INC0025190,Group 39,1,5.347916666666666
INC0025193,Group 39,1,5.344444444444444
INC0025194,Group 37,1,8.189583333333333
INC0025195,Group 23,1,12.378472222222221
INC0025196,Group 70,1,5.044444444444444
INC0025197,Group 51,1,41.12638888888889
INC0025198,Group 48,1,7.333333333333333
INC0025199,Group 25,1,5.163888888888889
INC0025200,Group 70,0,5.038888888888889
INC0025201,Group 70,0,5.038888888888889
INC0025202,Group 70,1,5.038194444444445
INC0025203,Group 70,1,5.285416666666666
INC0025204,Group 27,1,5.240277777777778
INC0025205,Group 65,1,7.072222222222222
INC0025206,Group 70,1,5.030555555555556
INC0025207,Group 34,1,5.029166666666667
INC0025210,Group 28,1,5.361805555555556
INC0025211,Group 70,1,5.0256944444444445
INC0025212,Group 66,1,50.270833333333336
INC0025213,Group 75,1,21.4
INC0025214,Group 39,1,5.315972222222222
INC0025215,Group 70,1,5.023611111111111
INC0025216,Group 70,1,5.022222222222222
INC0025217,Group 24,1,5.063888888888889
INC0025218,Group 70,0,5.020833333333333
INC0025220,Group 70,1,5.019444444444445
INC0025222,Group 70,1,33.269444444444446
INC0025223,Group 70,1,5.3125
INC0025224,Group 39,1,5.352083333333334
INC0025226,Group 74,1,5.267361111111111
INC0025227,Group 76,1,15.141666666666667
INC0025228,Group 70,1,5.016666666666667
INC0025229,Group 10,1,49.391666666666666
INC0025230,Group 70,1,33.013888888888886
INC0025232,Group 70,1,5.013194444444444
INC0025233,Group 70,1,5.0125
INC0025234,Group 70,1,19.385416666666668
INC0025236,Group 70,1,5.048611111111111
INC0025237,Group 23,1,5.047916666666667
INC0025238,Group 70,1,5.00625
INC0025239,Group 70,1,5.0465277777777775
INC0025240,Group 70,1,5.0465277777777775
INC0025241,Group 23,1,5.045138888888889
INC0025242,Group 70,1,5.252083333333333
INC0025243,Group 70,1,5.04375
INC0025244,Group 23,1,5.040972222222222
INC0025245,Group 23,1,5.039583333333334
INC0025246,Group 70,1,5.0375
INC0025247,Group 70,1,5.0375
INC0025248,Group 23,1,5.0368055555555555
INC0025249,Group 23,1,5.034722222222222
INC0025250,Group 70,1,5.242361111111111
INC0025251,Group 70,1,5.036111111111111
INC0025252,Group 28,1,5.325
INC0025253,Group 23,1,5.03125
INC0025254,Group 23,1,5.030555555555556
INC0025255,Group 70,1,13.317361111111111
INC0025257,Group 70,1,5.029166666666667
INC0025258,Group 54,1,14.279166666666667
INC0025259,Group 23,1,5.029166666666667
INC0025260,Group 23,1,5.028472222222222
INC0025261,Group 23,1,5.027083333333334
INC0025262,Group 23,1,21.31875
INC0025264,Group 23,1,5.0256944444444445
INC0025265,Group 70,1,5.236111111111111
INC0025266,Group 28,1,17.983333333333334
INC0025267,Group 23,1,5.025
INC0025268,Group 70,1,5.064583333333333
INC0025270,Group 70,1,5.022916666666666
INC0025272,Group 70,1,5.022916666666666
INC0025273,Group 39,1,8.063888888888888
INC0025274,Group 26,1,5.230555555555555
INC0025275,Group 23,1,5.020833333333333
INC0025276,Group 70,1,5.0625
INC0025278,Group 39,1,5.354166666666667
INC0025279,Group 23,1,5.019444444444445
INC0025281,Group 70,1,5.017361111111111
INC0025282,Group 24,1,8.307638888888889
INC0025283,Group 70,1,5.0159722222222225
INC0025284,Group 76,1,15.098611111111111
INC0025285,Group 24,1,5.098611111111111
INC0025286,Group 24,1,5.097222222222222
INC0025288,Group 27,1,5.304861111111111
INC0025289,Group 54,1,15.0125
INC0025291,Group 29,1,5.215277777777778
INC0025293,Group 30,1,5.00625
INC0025294,Group 26,1,57.206944444444446
INC0025295,Group 22,1,27.210416666666667
INC0025296,Group 25,1,5.29375
INC0025297,Group 73,1,8.126388888888888
INC0025299,Group 76,1,5.041666666666667
INC0025301,Group 23,1,7.165277777777778
INC0025302,Group 70,1,5.040277777777778
INC0025304,Group 70,0,5.2034722222222225
INC0025306,Group 23,1,15.077777777777778
INC0025307,Group 70,1,5.035416666666666
INC0025308,Group 70,1,5.035416666666666
INC0025311,Group 70,1,18.991666666666667
INC0025312,Group 70,1,5.033333333333333
INC0025313,Group 70,1,5.032638888888889
INC0025314,Group 24,1,6.990277777777778
INC0025316,Group 70,1,5.029166666666667
INC0025317,Group 70,1,5.028472222222222
INC0025321,Group 70,1,5.0680555555555555
INC0025322,Group 70,1,5.0256944444444445
INC0025323,Group 70,1,5.0256944444444445
INC0025326,Group 70,1,5.021527777777778
INC0025328,Group 70,0,5.022916666666666
INC0025329,Group 70,0,5.022916666666666
INC0025330,Group 70,0,5.022916666666666
INC0025331,Group 70,0,5.022916666666666
INC0025332,Group 70,1,5.019444444444445
INC0025333,Group 70,1,5.227083333333334
INC0025334,Group 70,1,5.225694444444445
INC0025335,Group 28,1,5.017361111111111
INC0025336,Group 23,1,5.01875
INC0025338,Group 70,1,5.0569444444444445
INC0025339,Group 66,1,6.225
INC0025340,Group 76,1,22.054861111111112
INC0025341,Group 70,1,5.010416666666667
INC0025342,Group 50,1,10.929166666666667
INC0025343,Group 70,1,5.051388888888889
INC0025344,Group 70,1,5.009722222222222
INC0025345,Group 70,1,5.049305555555556
INC0025346,Group 76,1,15.174305555555556
INC0025348,Group 39,1,6.2555555555555555
INC0025349,Group 73,1,6.9222222222222225
INC0025350,Group 70,1,5.0055555555555555
INC0025351,Group 70,0,8.254166666666666
INC0025352,Group 39,1,5.045833333333333
INC0025353,Group 70,1,5.045138888888889
INC0025354,Group 70,1,8.17013888888889
INC0025355,Group 5,0,0.022222222222222223
INC0025356,Group 30,1,6.250694444444444
INC0025357,Group 70,1,13.165972222222223
INC0025358,Group 70,1,5.040972222222222
INC0025359,Group 70,1,5.040277777777778
INC0025360,Group 46,1,5.080555555555556
INC0025362,Group 33,1,5.9534722222222225
INC0025363,Group 39,1,5.076388888888889
INC0025364,Group 70,1,5.034027777777778
INC0025365,Group 24,1,6.909027777777778
INC0025370,Group 70,1,5.0256944444444445
INC0025371,Group 20,1,12.940972222222221
INC0025372,Group 27,1,5.147222222222222
INC0025373,Group 25,1,8.147222222222222
INC0025374,Group 70,1,5.021527777777778
INC0025375,Group 33,1,6.186805555555556
INC0025376,Group 70,1,5.019444444444445
INC0025378,Group 70,1,75.92986111111111
INC0025379,Group 23,1,5.017361111111111
INC0025380,Group 70,1,19.974305555555556
INC0025381,Group 73,1,8.056944444444444
INC0025383,Group 70,1,5.052777777777778
INC0025384,Group 57,1,13.927083333333334
INC0025385,Group 25,1,5.926388888888889
INC0025386,Group 75,1,21.256944444444443
INC0025387,Group 70,1,5.0465277777777775
INC0025388,Group 70,1,5.043055555555555
INC0025389,Group 70,0,5.167361111111111
INC0025390,Group 24,1,5.165277777777778
INC0025391,Group 27,1,13.20625
INC0025392,Group 70,1,6.204166666666667
INC0025393,Group 30,1,5.995833333333334
INC0025395,Group 70,1,5.036111111111111
INC0025396,Group 23,1,39.950694444444444
INC0025397,Group 10,1,8.116666666666667
INC0025400,Group 70,1,5.030555555555556
INC0025402,Group 9,1,178.9423611111111
INC0025404,Group 39,1,11.946527777777778
INC0025405,Group 70,1,36.19305555555555
INC0025406,Group 70,1,5.0256944444444445
INC0025407,Group 25,1,5.144444444444445
INC0025408,Group 70,1,5.019444444444445
INC0025409,Group 70,1,5.01875
INC0025410,Group 70,1,5.017361111111111
INC0025411,Group 25,1,113.01458333333333
INC0025413,Group 70,1,5.054861111111111
INC0025415,Group 70,1,5.0125
INC0025416,Group 57,1,7.966666666666667
INC0025417,Group 56,1,15.133333333333333
INC0025419,Group 70,1,5.086805555555555
INC0025420,Group 70,1,5.003472222222222
INC0025421,Group 23,1,7.915972222222222
INC0025422,Group 70,1,5.038888888888889
INC0025423,Group 70,1,36.16319444444444
INC0025424,Group 70,1,5.036111111111111
INC0025425,Group 70,0,8.116666666666667
INC0025426,Group 57,1,7.071527777777778
INC0025427,Group 73,1,5.19375
INC0025429,Group 70,1,5.024305555555555
INC0025431,Group 70,1,5.064583333333333
INC0025432,Group 24,1,17.855555555555554
INC0025435,Group 27,1,5.014583333333333
INC0025436,Group 70,1,5.013888888888889
INC0025437,Group 70,1,5.054166666666666
INC0025438,Group 70,1,6.053472222222222
INC0025439,Group 56,1,5.886805555555555
INC0025441,Group 70,1,5.050694444444445
INC0025444,Group 20,1,12.841666666666667
INC0025445,Group 48,1,7.090972222222222
INC0025446,Group 70,1,12.964583333333334
INC0025449,Group 70,1,5.0472222222222225
INC0025451,Group 70,1,5.0465277777777775
INC0025453,Group 65,1,6.044444444444444
INC0025454,Group 70,1,6.919444444444444
INC0025455,Group 53,1,5.790972222222222
INC0025456,Group 31,1,18.788888888888888
INC0025457,Group 28,1,47.829166666666666
INC0025458,Group 70,1,5.0375
INC0025459,Group 60,1,5.0784722222222225
INC0025462,Group 70,1,5.035416666666666
INC0025463,Group 70,1,5.033333333333333
INC0025468,Group 54,1,5.819444444444445
INC0025469,Group 48,1,7.06875
INC0025470,Group 55,1,5.816666666666666
INC0025472,Group 70,1,5.065972222222222
INC0025473,Group 25,1,12.0625
INC0025475,Group 70,1,5.059027777777778
INC0025477,Group 70,1,5.014583333333333
INC0025478,Group 70,1,12.053472222222222
INC0025479,Group 12,1,11.886111111111111
INC0025480,Group 74,1,18.011111111111113
INC0025481,Group 27,1,21.052083333333332
INC0025482,Group 70,1,5.009027777777778
INC0025488,Group 70,1,5.004166666666666
INC0025489,Group 5,1,5.043055555555555
INC0025491,Group 70,1,5.038888888888889
INC0025492,Group 70,1,6.038194444444445
INC0025494,Group 70,1,5.038194444444445
INC0025497,Group 70,1,36.078472222222224
INC0025498,Group 70,1,5.1194444444444445
INC0025501,Group 70,1,40.076388888888886
INC0025502,Group 70,1,5.075694444444444
INC0025503,Group 53,1,8.239583333333334
INC0025504,Group 70,1,5.029166666666667
INC0025505,Group 70,1,5.0256944444444445
INC0025506,Group 57,1,7.066666666666666
INC0025507,Group 70,1,5.025
INC0025508,Group 70,1,5.025
INC0025509,Group 23,1,26.815277777777776
INC0025510,Group 70,1,5.023611111111111
INC0025511,Group 57,1,7.0625
INC0025512,Group 24,1,17.976388888888888
INC0025513,Group 65,1,14.016666666666667
INC0025514,Group 10,1,12.85
INC0025515,Group 39,1,5.0993055555555555
INC0025516,Group 39,1,5.7652777777777775
INC0025517,Group 70,1,5.0125
INC0025519,Group 20,1,13.970833333333333
INC0025520,Group 70,1,5.135416666666667
INC0025522,Group 74,1,5.883333333333334
INC0025524,Group 70,1,5.049305555555556
INC0025525,Group 76,1,5.131944444444445
INC0025527,Group 25,1,5.004861111111111
INC0025528,Group 70,1,5.044444444444444
INC0025529,Group 72,1,5.670833333333333
INC0025530,Group 70,1,5.043055555555555
INC0025532,Group 56,1,5.75
INC0025533,Group 70,1,5.040277777777778
INC0025534,Group 70,1,5.039583333333334
INC0025536,Group 70,1,5.039583333333334
INC0025537,Group 25,1,5.747222222222222
INC0025538,Group 54,1,17.995833333333334
INC0025539,Group 70,1,5.035416666666666
INC0025540,Group 70,1,5.034722222222222
INC0025541,Group 66,1,5.784027777777778
INC0025542,Group 70,1,13.824305555555556
INC0025545,Group 70,1,5.029166666666667
INC0025546,Group 70,1,5.027777777777778
INC0025548,Group 70,1,21.77638888888889
INC0025549,Group 44,1,6.022222222222222
INC0025550,Group 20,1,12.686111111111112
INC0025551,Group 70,1,5.018055555555556
INC0025552,Group 58,1,5.682638888888889
INC0025553,Group 39,1,5.057638888888889
INC0025554,Group 70,1,5.014583333333333
INC0025555,Group 70,1,5.013194444444444
INC0025556,Group 70,1,5.009027777777778
INC0025558,Group 70,1,5.049305555555556
INC0025559,Group 70,1,7.920833333333333
INC0025562,Group 70,0,6.001388888888889
INC0025564,Group 39,1,5.749305555555556
INC0025565,Group 70,1,5.040972222222222
INC0025567,Group 39,1,13.745138888888889
INC0025568,Group 70,1,5.7027777777777775
INC0025569,Group 54,1,24.86875
INC0025571,Group 70,1,5.029861111111111
INC0025575,Group 70,1,35.97013888888889
INC0025576,Group 39,1,5.716666666666667
INC0025577,Group 39,1,5.713888888888889
INC0025578,Group 39,1,5.709722222222222
INC0025579,Group 29,1,12.875
INC0025580,Group 39,1,5.704861111111111
INC0025581,Group 39,1,5.704861111111111
INC0025582,Group 39,1,5.704861111111111
INC0025584,Group 54,1,13.889583333333333
INC0025585,Group 65,1,10.825
INC0025586,Group 70,1,7.7868055555555555
INC0025587,Group 65,1,12.54861111111111
INC0025588,Group 70,1,5.032638888888889
INC0025589,Group 64,1,5.028472222222222
INC0025590,Group 70,1,5.027777777777778
INC0025591,Group 70,1,5.026388888888889
INC0025592,Group 70,1,5.026388888888889
INC0025593,Group 70,1,5.0256944444444445
INC0025594,Group 70,1,5.0256944444444445
INC0025595,Group 70,1,5.0256944444444445
INC0025596,Group 70,1,5.025
INC0025597,Group 70,1,5.025
INC0025598,Group 70,1,5.024305555555555
INC0025599,Group 70,1,5.024305555555555
INC0025600,Group 64,1,5.024305555555555
INC0025601,Group 70,1,5.023611111111111
INC0025602,Group 70,1,5.022916666666666
INC0025603,Group 64,1,5.022916666666666
INC0025604,Group 70,1,5.022916666666666
INC0025605,Group 64,1,5.022222222222222
INC0025606,Group 70,1,5.022222222222222
INC0025607,Group 65,1,5.188888888888889
INC0025608,Group 64,1,5.021527777777778
INC0025609,Group 70,1,5.021527777777778
INC0025610,Group 64,1,5.020833333333333
INC0025617,Group 24,1,5.751388888888889
INC0025618,Group 70,1,18.480555555555554
INC0025620,Group 25,1,17.786805555555556
INC0025622,Group 57,1,14.734722222222222
INC0025624,Group 70,1,5.069444444444445
INC0025625,Group 70,1,5.061111111111111
INC0025626,Group 70,1,5.053472222222222
INC0025627,Group 70,1,5.041666666666667
INC0025628,Group 70,1,5.065277777777778
INC0025629,Group 70,0,7.558333333333334
INC0025630,Group 49,1,10.211805555555555
INC0025632,Group 70,1,5.022222222222222
INC0025633,Group 70,1,5.040972222222222
INC0025635,Group 70,1,5.013194444444444
INC0025636,Group 70,1,5.034027777777778
INC0025638,Group 70,0,5.190277777777778
INC0025639,Group 70,0,5.019444444444445
INC0025641,Group 70,1,5.052083333333333
INC0025643,Group 24,1,5.174305555555556
INC0025644,Group 70,1,5.047916666666667
INC0025645,Group 25,1,6.2125
INC0025646,Group 48,1,6.336805555555555
INC0025647,Group 27,1,5.336111111111111
INC0025648,Group 51,1,40.12777777777778
INC0025649,Group 24,1,5.334027777777778
INC0025650,Group 70,1,5.042361111111111
INC0025651,Group 70,1,5.041666666666667
INC0025652,Group 70,1,5.040277777777778
INC0025654,Group 68,1,5.0777777777777775
INC0025655,Group 70,0,5.036111111111111
INC0025656,Group 70,1,5.033333333333333
INC0025658,Group 65,1,2.220833333333333
INC0025660,Group 24,1,5.1125
INC0025663,Group 70,1,5.027777777777778
INC0025664,Group 29,1,28.40138888888889
INC0025665,Group 73,1,5.1090277777777775
INC0025666,Group 70,1,5.024305555555555
INC0025667,Group 70,1,5.022916666666666
INC0025668,Group 70,1,5.022222222222222
INC0025669,Group 70,1,5.022222222222222
INC0025670,Group 70,1,5.021527777777778
INC0025671,Group 70,1,5.020138888888889
INC0025673,Group 56,1,5.267361111111111
INC0025674,Group 29,1,45.392361111111114
INC0025675,Group 70,1,5.017361111111111
INC0025676,Group 70,0,5.058333333333334
INC0025677,Group 70,1,5.018055555555556
INC0025678,Group 70,1,5.0159722222222225
INC0025679,Group 59,1,10.307638888888889
INC0025680,Group 28,1,5.098611111111111
INC0025681,Group 70,1,5.0125
INC0025682,Group 23,1,6.053472222222222
INC0025683,Group 70,1,5.011805555555555
INC0025685,Group 70,1,5.011111111111111
INC0025686,Group 70,1,5.011111111111111
INC0025687,Group 70,1,5.051388888888889
INC0025688,Group 70,0,7.300694444444445
INC0025689,Group 70,1,5.009027777777778
INC0025690,Group 30,1,5.091666666666667
INC0025691,Group 70,1,5.05
INC0025692,Group 62,1,5.132638888888889
INC0025693,Group 72,1,7.090277777777778
INC0025694,Group 39,1,11.088888888888889
INC0025695,Group 70,1,5.0465277777777775
INC0025696,Group 70,1,35.046527777777776
INC0025697,Group 27,1,6.295833333333333
INC0025698,Group 65,1,15.17013888888889
INC0025699,Group 70,1,5.045138888888889
INC0025700,Group 74,1,24.12361111111111
INC0025701,Group 53,1,6.373611111111111
INC0025702,Group 28,1,12.122222222222222
INC0025704,Group 23,1,5.079166666666667
INC0025705,Group 70,1,5.0368055555555555
INC0025706,Group 70,1,5.035416666666666
INC0025708,Group 70,1,5.034722222222222
INC0025709,Group 25,1,21.03263888888889
INC0025710,Group 72,1,5.074305555555555
INC0025712,Group 48,1,6.28125
INC0025713,Group 70,1,5.030555555555556
INC0025714,Group 69,1,39.113194444444446
INC0025715,Group 22,1,7.240277777777778
INC0025716,Group 73,1,5.113194444444445
INC0025718,Group 73,1,5.070833333333334
INC0025719,Group 70,1,5.029166666666667
INC0025720,Group 70,1,5.027777777777778
INC0025721,Group 70,1,5.027083333333334
INC0025724,Group 47,1,5.231944444444444
INC0025725,Group 73,1,7.103472222222222
INC0025726,Group 24,1,5.020138888888889
INC0025728,Group 70,1,5.060416666666667
INC0025729,Group 23,1,12.059722222222222
INC0025730,Group 70,1,5.018055555555556
INC0025731,Group 70,1,5.0152777777777775
INC0025733,Group 30,1,5.0569444444444445
INC0025734,Group 72,1,7.222222222222222
INC0025735,Group 20,1,12.011805555555556
INC0025736,Group 70,1,5.011111111111111
INC0025737,Group 25,1,6.218055555555556
INC0025738,Group 70,1,5.006944444444445
INC0025739,Group 57,1,6.1715277777777775
INC0025740,Group 70,1,12.254166666666666
INC0025741,Group 70,1,5.002777777777778
INC0025742,Group 59,1,5.334027777777778
INC0025743,Group 48,1,6.250694444444444
INC0025744,Group 24,1,5.165277777777778
INC0025745,Group 70,1,12.247916666666667
INC0025747,Group 70,1,5.038888888888889
INC0025748,Group 70,1,5.038194444444445
INC0025751,Group 70,0,5.0777777777777775
INC0025754,Group 70,1,7.243055555555555
INC0025755,Group 24,1,33.950694444444444
INC0025757,Group 5,0,5.03125
INC0025758,Group 44,1,5.280555555555556
INC0025759,Group 70,1,5.029166666666667
INC0025760,Group 55,1,10.277777777777779
INC0025762,Group 48,1,9.98263888888889
INC0025763,Group 25,1,5.315277777777778
INC0025764,Group 39,1,5.022222222222222
INC0025765,Group 70,1,5.021527777777778
INC0025766,Group 70,1,5.01875
INC0025767,Group 15,1,167.09722222222223
INC0025768,Group 24,1,6.934027777777778
INC0025769,Group 73,1,7.100694444444445
INC0025770,Group 24,1,5.059027777777778
INC0025772,Group 70,1,6.057638888888889
INC0025774,Group 70,1,5.0152777777777775
INC0025775,Group 70,1,17.972916666666666
INC0025776,Group 70,1,5.013888888888889
INC0025777,Group 39,1,13.263194444444444
INC0025778,Group 28,1,6.971527777777778
INC0025779,Group 65,1,13.263194444444444
INC0025782,Group 53,1,0.2659722222222222
INC0025783,Group 70,1,5.006944444444445
INC0025784,Group 70,1,18.92013888888889
INC0025785,Group 70,1,24.044444444444444
INC0025786,Group 70,1,5.04375
INC0025787,Group 37,1,5.16875
INC0025788,Group 39,1,5.04375
INC0025789,Group 28,1,5.043055555555555
INC0025790,Group 39,1,7.25
INC0025791,Group 70,1,5.041666666666667
INC0025792,Group 70,1,13.207638888888889
INC0025793,Group 65,1,10.165972222222223
INC0025795,Group 57,1,54.36875
INC0025797,Group 73,1,6.205555555555556
INC0025798,Group 70,1,5.205555555555556
INC0025800,Group 65,1,5.115972222222222
INC0025801,Group 70,1,5.03125
INC0025803,Group 74,1,6.2375
INC0025804,Group 70,1,5.029166666666667
INC0025807,Group 39,1,5.1506944444444445
INC0025809,Group 70,1,5.022916666666666
INC0025810,Group 39,1,5.147916666666666
INC0025811,Group 39,1,5.189583333333333
INC0025812,Group 39,1,5.188888888888889
INC0025813,Group 70,1,5.019444444444445
INC0025814,Group 70,1,5.01875
INC0025816,Group 39,1,11.184027777777779
INC0025818,Group 70,1,5.059027777777778
INC0025819,Group 27,1,31.889583333333334
INC0025821,Group 53,1,6.3875
INC0025823,Group 31,1,5.134722222222222
INC0025824,Group 56,1,90.25277777777778
INC0025825,Group 70,1,5.049305555555556
INC0025826,Group 70,1,12.129166666666666
INC0025827,Group 70,1,5.04375
INC0025828,Group 70,0,5.003472222222222
INC0025830,Group 70,1,5.042361111111111
INC0025831,Group 70,1,5.042361111111111
INC0025832,Group 76,1,19.166666666666668
INC0025834,Group 70,1,5.0375
INC0025835,Group 70,1,5.033333333333333
INC0025836,Group 70,1,5.033333333333333
INC0025837,Group 24,1,5.158333333333333
INC0025839,Group 65,1,17.233333333333334
INC0025840,Group 70,1,5.024305555555555
INC0025842,Group 70,1,5.065277777777778
INC0025843,Group 65,1,17.105555555555554
INC0025844,Group 70,1,5.018055555555556
INC0025845,Group 70,1,5.017361111111111
INC0025846,Group 70,1,5.0569444444444445
INC0025847,Group 24,1,5.139583333333333
INC0025848,Group 22,1,9.972222222222221
INC0025849,Group 72,1,21.053472222222222
INC0025850,Group 70,1,5.009722222222222
INC0025851,Group 24,1,7.047916666666667
INC0025852,Group 70,1,19.8375
INC0025853,Group 70,1,5.042361111111111
INC0025855,Group 70,1,5.038194444444445
INC0025857,Group 70,1,5.0375
INC0025858,Group 28,1,6.829166666666667
INC0025859,Group 23,1,5.036111111111111
INC0025861,Group 24,1,5.075694444444444
INC0025862,Group 19,1,5.075694444444444
INC0025863,Group 70,0,5.157638888888889
INC0025864,Group 70,1,5.031944444444444
INC0025866,Group 23,1,5.031944444444444
INC0025867,Group 70,1,5.03125
INC0025868,Group 70,1,5.110416666666667
INC0025869,Group 73,1,10.151388888888889
INC0025870,Group 24,1,6.9006944444444445
INC0025871,Group 55,1,5.066666666666666
INC0025875,Group 20,1,19.103472222222223
INC0025876,Group 70,1,5.018055555555556
INC0025877,Group 5,1,6.8909722222222225
INC0025878,Group 39,1,20.181944444444444
INC0025880,Group 23,1,11.140277777777778
INC0025881,Group 26,1,19.845833333333335
INC0025882,Group 70,1,10.095833333333333
INC0025883,Group 33,1,5.095833333333333
INC0025884,Group 70,1,5.011111111111111
INC0025885,Group 23,1,20.010416666666668
INC0025886,Group 66,1,5.091666666666667
INC0025888,Group 70,1,17.88125
INC0025890,Group 70,1,5.045833333333333
INC0025892,Group 66,1,13.086805555555555
INC0025893,Group 55,1,5.044444444444444
INC0025894,Group 70,1,5.044444444444444
INC0025896,Group 20,1,11.833333333333334
INC0025897,Group 54,1,12.95625
INC0025898,Group 70,1,5.038194444444445
INC0025899,Group 70,1,5.038194444444445
INC0025900,Group 39,1,6.035416666666666
INC0025901,Group 20,0,5.034722222222222
INC0025903,Group 39,1,6.2
INC0025904,Group 70,1,5.032638888888889
INC0025905,Group 39,1,12.031944444444445
INC0025907,Group 72,1,5.029166666666667
INC0025910,Group 29,1,12.068055555555556
INC0025911,Group 25,1,11.109722222222222
INC0025914,Group 70,1,5.0256944444444445
INC0025916,Group 70,1,5.025
INC0025917,Group 25,1,6.10625
INC0025918,Group 70,1,5.020833333333333
INC0025919,Group 29,1,6.102777777777778
INC0025920,Group 70,1,5.018055555555556
INC0025921,Group 73,1,5.809722222222222
INC0025922,Group 70,1,5.0159722222222225
INC0025923,Group 70,1,5.0569444444444445
INC0025924,Group 70,1,6.929166666666666
INC0025925,Group 70,1,5.011111111111111
INC0025927,Group 70,1,5.011111111111111
INC0025928,Group 70,1,5.010416666666667
INC0025929,Group 70,1,5.009027777777778
INC0025931,Group 54,1,25.880555555555556
INC0025932,Group 20,1,14.003472222222221
INC0025933,Group 23,1,11.79513888888889
INC0025935,Group 70,1,5.251388888888889
INC0025936,Group 39,1,5.041666666666667
INC0025938,Group 23,1,10.039583333333333
INC0025939,Group 30,1,136.82638888888889
INC0025940,Group 30,1,136.82638888888889
INC0025942,Group 25,1,212.74791666666667
INC0025943,Group 15,1,166.90902777777777
INC0025945,Group 23,1,5.121527777777778
INC0025946,Group 23,1,9.788194444444445
INC0025948,Group 70,1,5.0368055555555555
INC0025952,Group 39,1,5.036111111111111
INC0025953,Group 39,1,11.993055555555555
INC0025954,Group 60,1,5.033333333333333
INC0025955,Group 46,1,5.863888888888889
INC0025956,Group 6,1,5.863888888888889
INC0025957,Group 70,1,35.07013888888889
INC0025958,Group 3,1,12.775
INC0025960,Group 9,1,192.98472222222222
INC0025961,Group 70,1,5.023611111111111
INC0025963,Group 39,1,5.064583333333333
INC0025964,Group 70,1,5.021527777777778
INC0025966,Group 39,1,5.060416666666667
INC0025969,Group 25,1,13.85138888888889
INC0025970,Group 70,1,11.018055555555556
INC0025971,Group 46,1,11.058333333333334
INC0025972,Group 70,1,5.014583333333333
INC0025974,Group 72,1,94.09027777777777
INC0025976,Group 70,1,5.09375
INC0025977,Group 39,1,6.091666666666667
INC0025978,Group 70,1,5.008333333333334
INC0025979,Group 23,1,6.007638888888889
INC0025980,Group 62,1,9.67361111111111
INC0025982,Group 30,1,11.75625
INC0025984,Group 58,1,5.007638888888889
INC0025985,Group 24,1,5.7131944444444445
INC0025986,Group 70,1,6.004861111111111
INC0025987,Group 70,1,5.002083333333333
INC0025989,Group 70,1,5.042361111111111
INC0025991,Group 24,1,6.709027777777778
INC0025992,Group 70,1,5.041666666666667
INC0025993,Group 70,1,39.831944444444446
INC0025994,Group 70,1,5.040277777777778
INC0025995,Group 29,1,12.119444444444444
INC0025996,Group 70,1,5.035416666666666
INC0025997,Group 70,0,6.993055555555555
INC0025998,Group 70,1,5.031944444444444
INC0025999,Group 24,1,5.781944444444444
INC0026000,Group 30,1,5.03125
INC0026001,Group 23,1,5.947222222222222
INC0026002,Group 9,1,271.7388888888889
INC0026003,Group 70,1,5.029861111111111
INC0026005,Group 25,1,9.985416666666667
INC0026006,Group 25,1,10.858333333333333
INC0026007,Group 30,1,5.064583333333333
INC0026008,Group 70,1,5.022222222222222
INC0026009,Group 6,1,55.765972222222224
INC0026012,Group 57,1,5.725
INC0026013,Group 70,1,5.0569444444444445
INC0026014,Group 25,1,17.05625
INC0026015,Group 25,1,9.970833333333333
INC0026016,Group 25,1,20.927083333333332
INC0026017,Group 70,1,5.009722222222222
INC0026018,Group 70,1,5.049305555555556
INC0026019,Group 25,1,12.835416666666667
INC0026021,Group 70,1,5.042361111111111
INC0026022,Group 39,1,5.040972222222222
INC0026023,Group 20,0,6.833333333333333
INC0026025,Group 70,1,5.038194444444445
INC0026027,Group 70,1,6.825
INC0026028,Group 25,1,10.739583333333334
INC0026029,Group 28,1,6.695138888888889
INC0026030,Group 28,1,11.940277777777778
INC0026031,Group 28,1,16.940277777777776
INC0026032,Group 28,1,11.940277777777778
INC0026033,Group 28,1,16.939583333333335
INC0026034,Group 70,1,5.022222222222222
INC0026035,Group 39,1,5.020138888888889
INC0026036,Group 70,0,6.893055555555556
INC0026039,Group 70,1,5.011111111111111
INC0026041,Group 39,1,55.920833333333334
INC0026044,Group 5,1,10.92013888888889
INC0026046,Group 70,1,5.043055555555555
INC0026047,Group 57,1,19.00138888888889
INC0026049,Group 70,1,5.0368055555555555
INC0026050,Group 70,1,5.077083333333333
INC0026051,Group 70,1,5.027777777777778
INC0026052,Group 65,1,9.943055555555556
INC0026054,Group 24,1,5.024305555555555
INC0026055,Group 70,1,5.011805555555555
INC0026057,Group 70,1,5.044444444444444
INC0026058,Group 70,1,5.040972222222222
INC0026059,Group 57,1,11.906944444444445
INC0026066,Group 24,1,12.796527777777778
INC0026067,Group 70,0,6.669444444444444
INC0026068,Group 70,1,5.034027777777778
INC0026069,Group 64,1,5.033333333333333
INC0026070,Group 64,1,5.03125
INC0026071,Group 64,1,5.030555555555556
INC0026072,Group 64,1,5.030555555555556
INC0026073,Group 64,1,5.029861111111111
INC0026074,Group 64,1,5.029166666666667
INC0026075,Group 64,1,5.027777777777778
INC0026076,Group 64,1,5.027777777777778
INC0026077,Group 64,1,5.027083333333334
INC0026078,Group 64,1,5.0256944444444445
INC0026079,Group 64,1,5.0256944444444445
INC0026080,Group 64,1,5.023611111111111
INC0026081,Group 64,1,5.022916666666666
INC0026082,Group 64,1,5.022222222222222
INC0026083,Group 64,1,5.020833333333333
INC0026084,Group 24,1,5.067361111111111
INC0026085,Group 65,1,16.604861111111113
INC0026086,Group 64,1,5.0159722222222225
INC0026087,Group 70,1,5.0159722222222225
INC0026088,Group 64,1,5.0159722222222225
INC0026089,Group 64,1,5.013888888888889
INC0026090,Group 64,1,5.011805555555555
INC0026091,Group 64,1,5.011111111111111
INC0026092,Group 64,1,5.010416666666667
INC0026093,Group 70,1,5.042361111111111
INC0026095,Group 39,1,12.483333333333333
INC0026096,Group 24,1,6.691666666666666
INC0026097,Group 70,1,11.7125
INC0026099,Group 70,1,11.66388888888889
INC0026101,Group 49,1,6.677083333333333
INC0026102,Group 70,1,5.009027777777778
INC0026103,Group 46,1,5.4631944444444445
INC0026104,Group 70,1,5.205555555555556
INC0026105,Group 70,1,25.36875
INC0026106,Group 70,1,5.029861111111111
INC0026107,Group 70,1,5.0680555555555555
INC0026109,Group 70,1,5.063888888888889
INC0026110,Group 70,1,5.021527777777778
INC0026112,Group 70,1,5.018055555555556
INC0026114,Group 70,1,5.09375
INC0026115,Group 70,1,5.038194444444445
INC0026117,Group 72,1,6.493055555555555
INC0026118,Group 70,1,5.041666666666667
INC0026119,Group 73,1,5.200694444444444
INC0026120,Group 70,1,5.029166666666667
INC0026123,Group 72,1,6.4006944444444445
INC0026124,Group 70,1,5.006944444444445
INC0026127,Group 70,1,5.035416666666666
INC0026128,Group 48,1,6.352777777777778
INC0026129,Group 70,1,5.01875
INC0026130,Group 65,1,9.308333333333334
INC0026133,Group 70,1,5.010416666666667
INC0026135,Group 65,1,9.378472222222221
INC0026136,Group 70,1,5.043055555555555
INC0026142,Group 70,1,34.36944444444445
INC0026143,Group 30,1,5.0777777777777775
INC0026144,Group 70,1,5.034722222222222
INC0026147,Group 70,1,5.322916666666667
INC0026148,Group 70,1,5.072916666666667
INC0026149,Group 70,1,5.154861111111111
INC0026152,Group 29,1,6.4430555555555555
INC0026153,Group 23,1,10.150694444444444
INC0026154,Group 70,1,5.0256944444444445
INC0026156,Group 65,1,5.397916666666666
INC0026159,Group 25,1,5.355555555555555
INC0026161,Group 70,1,5.020138888888889
INC0026162,Group 29,1,11.435416666666667
INC0026164,Group 27,1,6.102083333333334
INC0026165,Group 39,1,5.351388888888889
INC0026166,Group 70,1,11.35138888888889
INC0026167,Group 70,1,34.35138888888889
INC0026168,Group 70,1,5.059027777777778
INC0026169,Group 70,1,5.01875
INC0026170,Group 74,1,5.098611111111111
INC0026171,Group 66,1,30.30625
INC0026173,Group 25,0,5.013194444444444
INC0026174,Group 70,1,5.013194444444444
INC0026175,Group 70,1,5.179861111111111
INC0026176,Group 70,1,5.054166666666666
INC0026177,Group 70,1,5.011805555555555
INC0026178,Group 30,1,6.010416666666667
INC0026179,Group 72,1,6.261805555555555
INC0026180,Group 70,1,16.301388888888887
INC0026183,Group 27,1,5.297916666666667
INC0026184,Group 29,1,9.255555555555556
INC0026185,Group 73,1,6.129166666666666
INC0026186,Group 39,1,5.336805555555555
INC0026187,Group 70,1,5.045138888888889
INC0026189,Group 28,1,5.043055555555555
INC0026191,Group 70,1,5.043055555555555
INC0026194,Group 70,1,5.041666666666667
INC0026195,Group 70,0,5.041666666666667
INC0026196,Group 70,1,5.040972222222222
INC0026197,Group 70,1,6.08125
INC0026198,Group 70,1,5.038888888888889
INC0026199,Group 39,1,5.329861111111111
INC0026200,Group 70,1,5.159722222222222
INC0026201,Group 70,1,5.034722222222222
INC0026203,Group 24,1,6.073611111111111
INC0026204,Group 70,1,5.03125
INC0026205,Group 28,1,44.234027777777776
INC0026206,Group 65,1,11.279861111111112
INC0026207,Group 70,1,5.029166666666667
INC0026209,Group 70,0,5.027777777777778
INC0026213,Group 60,1,5.277083333333334
INC0026214,Group 20,1,32.06805555555555
INC0026215,Group 70,1,5.0256944444444445
INC0026216,Group 70,1,5.023611111111111
INC0026217,Group 70,1,5.022916666666666
INC0026219,Group 46,1,5.10625
INC0026220,Group 39,1,5.314583333333333
INC0026221,Group 76,1,17.23125
INC0026222,Group 25,1,10.063888888888888
INC0026224,Group 70,1,5.020833333333333
INC0026225,Group 27,1,9.228472222222223
INC0026226,Group 70,1,39.02013888888889
INC0026229,Group 70,1,5.01875
INC0026231,Group 70,1,6.225
INC0026232,Group 24,1,6.223611111111111
INC0026233,Group 70,1,5.055555555555555
INC0026234,Group 70,1,34.303472222222226
INC0026235,Group 47,1,54.21944444444444
INC0026236,Group 70,1,5.011111111111111
INC0026237,Group 70,1,5.05
INC0026238,Group 70,1,5.008333333333334
INC0026239,Group 33,1,5.049305555555556
INC0026241,Group 70,1,5.047916666666667
INC0026242,Group 70,1,5.00625
INC0026244,Group 70,1,5.0055555555555555
INC0026245,Group 24,1,16.00486111111111
INC0026246,Group 28,1,37.08680555555556
INC0026248,Group 25,1,5.086111111111111
INC0026250,Group 70,1,5.044444444444444
INC0026251,Group 25,1,23.04375
INC0026252,Group 75,1,19.335416666666667
INC0026253,Group 9,1,143.07638888888889
INC0026254,Group 24,1,19.997916666666665
INC0026255,Group 70,1,5.039583333333334
INC0026257,Group 24,1,5.080555555555556
INC0026258,Group 73,1,5.288194444444445
INC0026259,Group 24,1,67.03263888888888
INC0026260,Group 72,1,5.0375
INC0026261,Group 69,1,5.0375
INC0026263,Group 74,1,5.075694444444444
INC0026264,Group 28,1,37.074305555555554
INC0026265,Group 70,1,16.990972222222222
INC0026266,Group 6,1,5.990972222222222
INC0026268,Group 72,1,5.073611111111111
INC0026269,Group 70,1,5.03125
INC0026272,Group 70,1,11.280555555555555
INC0026273,Group 69,1,5.197222222222222
INC0026275,Group 46,1,5.156944444444444
INC0026276,Group 27,1,12.9875
INC0026277,Group 65,1,13.319444444444445
INC0026278,Group 27,1,5.0680555555555555
INC0026279,Group 28,1,5.9840277777777775
INC0026280,Group 68,1,30.06597222222222
INC0026282,Group 25,1,13.229861111111111
INC0026283,Group 73,1,10.229861111111111
INC0026284,Group 25,1,5.1875
INC0026286,Group 20,1,5.102777777777778
INC0026287,Group 70,1,5.01875
INC0026288,Group 70,1,5.01875
INC0026289,Group 25,1,5.26875
INC0026290,Group 39,1,6.268055555555556
INC0026292,Group 39,1,5.2659722222222225
INC0026294,Group 27,1,5.054861111111111
INC0026295,Group 72,1,6.178472222222222
INC0026296,Group 70,1,5.011805555555555
INC0026298,Group 70,1,5.052777777777778
INC0026299,Group 24,1,11.010416666666666
INC0026300,Group 70,1,12.009722222222223
INC0026301,Group 25,1,6.051388888888889
INC0026303,Group 66,1,19.218055555555555
INC0026304,Group 72,1,6.050694444444445
INC0026305,Group 25,1,5.259027777777778
INC0026306,Group 66,1,20.175
INC0026307,Group 66,1,30.215972222222224
INC0026308,Group 25,1,5.174305555555556
INC0026309,Group 66,1,40.049305555555556
INC0026311,Group 25,1,5.090277777777778
INC0026312,Group 70,1,5.0472222222222225
INC0026313,Group 25,1,5.0881944444444445
INC0026314,Group 70,1,13.171527777777778
INC0026316,Group 12,1,10.045833333333333
INC0026317,Group 65,1,5.254166666666666
INC0026318,Group 25,1,5.086805555555555
INC0026319,Group 55,1,11.9625
INC0026320,Group 73,1,5.209027777777778
INC0026322,Group 70,1,34.24930555555556
INC0026323,Group 76,1,13.081944444444444
INC0026325,Group 73,1,5.997916666666667
INC0026328,Group 70,1,5.0375
INC0026330,Group 70,1,5.035416666666666
INC0026331,Group 70,1,16.95138888888889
INC0026332,Group 70,1,5.032638888888889
INC0026334,Group 70,1,5.029861111111111
INC0026335,Group 24,1,5.904861111111111
INC0026336,Group 70,1,16.196527777777778
INC0026337,Group 20,1,18.196527777777778
INC0026338,Group 70,1,5.028472222222222
INC0026339,Group 58,1,5.111111111111111
INC0026340,Group 72,1,5.983333333333333
INC0026341,Group 65,1,5.231944444444444
INC0026343,Group 65,1,5.228472222222222
INC0026344,Group 70,1,5.020138888888889
INC0026345,Group 39,1,5.227777777777778
INC0026346,Group 61,1,239.97291666666666
INC0026347,Group 37,1,10.979861111111111
INC0026349,Group 31,1,9.225694444444445
INC0026350,Group 65,1,5.225694444444445
INC0026351,Group 70,1,5.057638888888889
INC0026352,Group 65,1,12.223611111111111
INC0026353,Group 5,1,9.139583333333333
INC0026354,Group 72,1,10.140972222222222
INC0026356,Group 66,1,9.929166666666667
INC0026357,Group 10,1,17.97013888888889
INC0026358,Group 70,1,5.011111111111111
INC0026359,Group 25,1,6.051388888888889
INC0026360,Group 23,1,5.050694444444445
INC0026362,Group 70,1,5.008333333333334
INC0026363,Group 70,1,5.048611111111111
INC0026364,Group 61,1,37.925694444444446
INC0026365,Group 20,1,51.13194444444444
INC0026368,Group 25,1,5.128472222222222
INC0026369,Group 25,1,6.043055555555555
INC0026370,Group 70,1,5.043055555555555
INC0026372,Group 25,1,5.125
INC0026375,Group 70,1,5.040972222222222
INC0026376,Group 25,1,5.167361111111111
INC0026377,Group 24,1,6.123611111111111
INC0026378,Group 22,1,6.123611111111111
INC0026379,Group 25,1,9.95625
INC0026380,Group 25,1,15.996527777777779
INC0026381,Group 25,1,5.121527777777778
INC0026382,Group 57,1,5.160416666666666
INC0026385,Group 25,1,5.118055555555555
INC0026386,Group 25,1,5.159027777777778
INC0026387,Group 33,1,10.11736111111111
INC0026388,Group 25,1,9.991666666666667
INC0026392,Group 25,1,5.114583333333333
INC0026393,Group 70,1,5.030555555555556
INC0026394,Group 25,1,5.154861111111111
INC0026395,Group 25,1,5.111805555555556
INC0026396,Group 70,1,5.069444444444445
INC0026397,Group 70,1,5.277083333333334
INC0026398,Group 25,1,5.110416666666667
INC0026399,Group 70,1,5.0256944444444445
INC0026400,Group 25,1,5.108333333333333
INC0026401,Group 70,1,5.024305555555555
INC0026402,Group 25,1,19.190277777777776
INC0026403,Group 70,1,11.85625
INC0026405,Group 33,1,47.85625
INC0026407,Group 70,1,5.020833333333333
INC0026408,Group 70,1,34.18680555555556
INC0026409,Group 25,1,9.935416666666667
INC0026411,Group 24,1,5.93125
INC0026413,Group 70,1,16.882638888888888
INC0026414,Group 70,1,5.044444444444444
INC0026415,Group 23,1,11.872222222222222
INC0026416,Group 70,1,5.034722222222222
INC0026417,Group 3,1,23.072916666666668
INC0026418,Group 31,1,5.153472222222222
INC0026419,Group 70,1,5.026388888888889
INC0026420,Group 54,1,23.108333333333334
INC0026421,Group 70,1,5.025
INC0026422,Group 72,1,5.939583333333333
INC0026423,Group 70,1,5.022222222222222
INC0026425,Group 39,1,5.1875
INC0026428,Group 70,1,5.019444444444445
INC0026430,Group 23,1,5.05625
INC0026431,Group 70,1,6.139583333333333
INC0026432,Group 24,1,12.097222222222221
INC0026434,Group 65,1,5.134722222222222
INC0026435,Group 5,1,6.132638888888889
INC0026436,Group 70,1,5.006944444444445
INC0026437,Group 29,1,37.96111111111111
INC0026438,Group 39,1,9.877083333333333
INC0026440,Group 70,1,5.041666666666667
INC0026441,Group 70,1,5.041666666666667
INC0026442,Group 66,1,67.78541666666666
INC0026444,Group 70,1,5.039583333333334
INC0026446,Group 23,1,5.7875
INC0026447,Group 70,1,5.035416666666666
INC0026449,Group 70,1,5.034722222222222
INC0026451,Group 6,1,5.032638888888889
INC0026453,Group 24,1,10.822916666666666
INC0026457,Group 20,1,219.85763888888889
INC0026459,Group 30,1,9.944444444444445
INC0026461,Group 69,1,5.026388888888889
INC0026462,Group 70,1,5.0256944444444445
INC0026464,Group 25,1,5.022916666666666
INC0026465,Group 70,1,5.018055555555556
INC0026466,Group 27,1,5.100694444444445
INC0026467,Group 73,1,5.058333333333334
INC0026468,Group 9,1,185.05902777777777
INC0026469,Group 5,1,5.054861111111111
INC0026470,Group 56,1,16.054166666666667
INC0026471,Group 23,1,5.0125
INC0026472,Group 70,1,5.011805555555555
INC0026473,Group 70,1,5.011805555555555
INC0026474,Group 30,1,8.970138888888888
INC0026475,Group 23,1,5.010416666666667
INC0026476,Group 23,1,5.007638888888889
INC0026477,Group 20,1,11.924305555555556
INC0026478,Group 70,1,5.047916666666667
INC0026479,Group 23,1,5.00625
INC0026480,Group 72,1,6.004861111111111
INC0026481,Group 23,1,5.004166666666666
INC0026482,Group 23,1,5.002083333333333
INC0026483,Group 23,1,5.002777777777778
INC0026484,Group 70,1,5.042361111111111
INC0026486,Group 23,1,5.040972222222222
INC0026487,Group 23,1,5.039583333333334
INC0026488,Group 23,1,5.0375
INC0026490,Group 70,1,5.034722222222222
INC0026491,Group 24,1,5.034722222222222
INC0026492,Group 23,1,5.033333333333333
INC0026493,Group 23,1,5.031944444444444
INC0026494,Group 53,0,52.94305555555555
INC0026495,Group 23,1,5.030555555555556
INC0026496,Group 23,1,5.029166666666667
INC0026497,Group 70,1,9.069444444444445
INC0026498,Group 23,1,5.027777777777778
INC0026499,Group 72,1,5.777083333333334
INC0026500,Group 23,1,5.0256944444444445
INC0026501,Group 70,1,5.066666666666666
INC0026502,Group 70,1,5.024305555555555
INC0026504,Group 23,1,5.023611111111111
INC0026505,Group 25,1,6.064583333333333
INC0026506,Group 23,1,5.022222222222222
INC0026507,Group 70,1,17.729861111111113
INC0026510,Group 70,1,5.020138888888889
INC0026511,Group 23,1,5.018055555555556
INC0026512,Group 24,1,5.058333333333334
INC0026514,Group 70,1,5.016666666666667
INC0026516,Group 23,1,5.013194444444444
INC0026517,Group 39,1,5.054861111111111
INC0026518,Group 70,1,5.011805555555555
INC0026519,Group 70,1,5.011805555555555
INC0026524,Group 37,1,10.092361111111112
INC0026525,Group 23,1,5.009027777777778
INC0026526,Group 70,1,5.008333333333334
INC0026529,Group 54,1,30.049305555555556
INC0026530,Group 17,1,11.92361111111111
INC0026531,Group 70,1,9.04861111111111
INC0026532,Group 23,1,5.006944444444445
INC0026533,Group 23,1,5.004861111111111
INC0026534,Group 70,1,8.961805555555555
INC0026535,Group 23,1,5.003472222222222
INC0026536,Group 23,1,5.003472222222222
INC0026537,Group 70,1,16.75
INC0026538,Group 23,1,5.040277777777778
INC0026539,Group 70,1,9.03888888888889
INC0026540,Group 23,1,5.038888888888889
INC0026541,Group 24,1,5.7875
INC0026542,Group 23,1,5.0375
INC0026543,Group 23,1,5.035416666666666
INC0026544,Group 22,1,5.704166666666667
INC0026545,Group 70,1,5.034027777777778
INC0026546,Group 75,1,19.992361111111112
INC0026547,Group 70,1,5.029861111111111
INC0026548,Group 39,1,5.029166666666667
INC0026550,Group 70,1,5.027777777777778
INC0026552,Group 48,1,5.9847222222222225
INC0026553,Group 57,1,5.7756944444444445
INC0026554,Group 24,1,5.774305555555555
INC0026556,Group 37,1,52.766666666666666
INC0026557,Group 49,1,5.6875
INC0026558,Group 70,1,5.0159722222222225
INC0026559,Group 70,1,5.0569444444444445
INC0026560,Group 70,1,47.010416666666664
INC0026561,Group 70,1,5.013888888888889
INC0026563,Group 70,1,5.010416666666667
INC0026565,Group 70,1,5.049305555555556
INC0026566,Group 27,1,9.664583333333333
INC0026568,Group 22,1,54.99027777777778
INC0026569,Group 70,1,5.036111111111111
INC0026570,Group 24,1,12.911111111111111
INC0026571,Group 59,1,5.95
INC0026574,Group 66,1,9.815972222222221
INC0026575,Group 3,1,30.729861111111113
INC0026576,Group 70,1,5.0625
INC0026577,Group 70,1,33.97847222222222
INC0026578,Group 70,1,5.010416666666667
INC0026579,Group 70,1,5.032638888888889
INC0026580,Group 24,1,5.615277777777778
INC0026581,Group 70,1,5.05
INC0026582,Group 70,1,5.128472222222222
INC0026583,Group 70,1,17.57847222222222
INC0026584,Group 65,1,8.652083333333334
INC0026585,Group 70,1,5.017361111111111
INC0026587,Group 3,1,30.632638888888888
INC0026588,Group 70,1,5.047916666666667
INC0026589,Group 70,1,16.585416666666667
INC0026590,Group 70,1,5.165277777777778
INC0026592,Group 70,1,5.00625
INC0026593,Group 64,1,5.027777777777778
INC0026596,Group 64,1,5.026388888888889
INC0026597,Group 64,1,5.020138888888889
INC0026598,Group 64,1,5.020138888888889
INC0026599,Group 64,1,5.01875
INC0026600,Group 64,1,5.018055555555556
INC0026601,Group 64,1,5.017361111111111
INC0026602,Group 64,1,5.017361111111111
INC0026603,Group 64,1,5.016666666666667
INC0026604,Group 64,1,5.0159722222222225
INC0026605,Group 64,1,5.0152777777777775
INC0026607,Group 64,1,5.0152777777777775
INC0026608,Group 64,1,5.014583333333333
INC0026609,Group 64,1,5.014583333333333
INC0026610,Group 64,1,5.013888888888889
INC0026611,Group 64,1,5.0125
INC0026612,Group 64,1,5.011111111111111
INC0026613,Group 72,1,5.71875
INC0026615,Group 64,1,5.006944444444445
INC0026616,Group 64,1,5.0055555555555555
INC0026617,Group 64,1,5.004861111111111
INC0026618,Group 64,1,5.003472222222222
INC0026619,Group 64,1,5.002083333333333
INC0026621,Group 70,1,16.493055555555557
INC0026622,Group 70,1,16.52777777777778
INC0026623,Group 70,1,5.027083333333334
INC0026624,Group 70,1,9.315972222222221
INC0026625,Group 24,1,9.3875
INC0026626,Group 72,1,5.588888888888889
INC0026628,Group 70,1,5.004861111111111
INC0026630,Group 70,1,36.52916666666667
INC0026632,Group 37,1,5.305555555555555
INC0026633,Group 70,1,5.0368055555555555
INC0026634,Group 55,1,5.61875
INC0026635,Group 70,1,11.526388888888889
INC0026637,Group 70,1,5.052777777777778
INC0026638,Group 70,1,5.008333333333334
INC0026639,Group 70,1,11.493055555555555
INC0026642,Group 70,1,11.478472222222223
INC0026643,Group 72,1,10.241666666666667
INC0026644,Group 6,1,9.281944444444445
INC0026647,Group 65,1,5.263194444444444
INC0026648,Group 70,1,5.004861111111111
INC0026650,Group 70,1,11.370833333333334
INC0026651,Group 70,1,60.86666666666667
INC0026652,Group 48,1,5.403472222222222
INC0026653,Group 70,1,5.025
INC0026654,Group 70,0,5.003472222222222
INC0026656,Group 24,1,9.250694444444445
INC0026658,Group 25,1,12.16388888888889
INC0026659,Group 70,1,12.07986111111111
INC0026660,Group 70,1,5.036111111111111
INC0026661,Group 72,1,114.32222222222222
INC0026662,Group 70,1,5.034722222222222
INC0026663,Group 70,1,5.033333333333333
INC0026664,Group 76,1,15.240277777777777
INC0026665,Group 70,1,5.28125
INC0026666,Group 70,1,5.032638888888889
INC0026668,Group 65,1,10.32013888888889
INC0026669,Group 27,1,5.361111111111111
INC0026670,Group 76,1,12.235416666666667
INC0026672,Group 22,1,10.066666666666666
INC0026673,Group 70,0,5.065972222222222
INC0026674,Group 62,1,30.315277777777776
INC0026679,Group 24,1,5.147222222222222
INC0026680,Group 70,1,5.021527777777778
INC0026682,Group 70,1,5.0152777777777775
INC0026683,Group 70,1,5.013888888888889
INC0026684,Group 73,1,5.222222222222222
INC0026685,Group 49,1,5.053472222222222
INC0026686,Group 3,1,124.09027777777777
INC0026687,Group 76,1,17.302083333333332
INC0026688,Group 70,1,5.009722222222222
INC0026689,Group 70,1,5.008333333333334
INC0026690,Group 70,1,5.007638888888889
INC0026691,Group 3,1,124.25277777777778
INC0026692,Group 70,1,5.049305555555556
INC0026693,Group 55,1,5.340277777777778
INC0026694,Group 28,1,5.047916666666667
INC0026695,Group 70,1,5.0465277777777775
INC0026696,Group 76,1,12.33611111111111
INC0026697,Group 25,1,9.084722222222222
INC0026698,Group 24,1,5.333333333333333
INC0026699,Group 30,1,5.416666666666667
INC0026700,Group 70,1,5.040972222222222
INC0026701,Group 76,1,19.24861111111111
INC0026702,Group 28,1,5.039583333333334
INC0026703,Group 70,1,5.038888888888889
INC0026704,Group 70,1,5.038888888888889
INC0026705,Group 33,1,5.370833333333334
INC0026706,Group 24,1,5.079166666666667
INC0026707,Group 39,1,5.2444444444444445
INC0026709,Group 20,1,18.117361111111112
INC0026710,Group 61,1,8.2
INC0026711,Group 70,1,5.032638888888889
INC0026712,Group 70,1,5.031944444444444
INC0026714,Group 70,1,8.279861111111112
INC0026715,Group 24,1,18.98611111111111
INC0026716,Group 70,1,30.23402777777778
INC0026717,Group 70,1,5.027777777777778
INC0026719,Group 70,1,5.024305555555555
INC0026721,Group 72,1,5.10625
INC0026722,Group 72,1,5.229166666666667
INC0026723,Group 70,1,5.022222222222222
INC0026724,Group 73,1,9.186111111111112
INC0026726,Group 30,1,5.26875
INC0026729,Group 48,1,5.3069444444444445
INC0026731,Group 70,1,8.17986111111111
INC0026733,Group 25,1,38.0125
INC0026734,Group 70,1,17.304166666666667
INC0026735,Group 39,1,5.304166666666666
INC0026736,Group 25,1,8.053472222222222
INC0026737,Group 25,1,33.052083333333336
INC0026738,Group 70,1,16.050694444444446
INC0026739,Group 24,1,8.009027777777778
INC0026740,Group 56,1,40.25416666666667
INC0026741,Group 70,1,5.006944444444445
INC0026742,Group 70,1,5.008333333333334
INC0026743,Group 70,1,5.00625
INC0026744,Group 27,1,38.33958333333333
INC0026745,Group 70,1,5.0881944444444445
INC0026746,Group 70,1,5.045138888888889
INC0026747,Group 48,1,9.17013888888889
INC0026748,Group 72,1,5.211111111111111
INC0026750,Group 70,1,5.041666666666667
INC0026751,Group 33,1,11.291666666666666
INC0026752,Group 5,1,10.208333333333334
INC0026753,Group 58,1,5.080555555555556
INC0026754,Group 73,1,9.245833333333334
INC0026755,Group 70,1,5.0375
INC0026756,Group 54,1,10.1625
INC0026757,Group 70,1,10.245833333333334
INC0026758,Group 15,1,229.19861111111112
INC0026759,Group 39,1,11.078472222222222
INC0026760,Group 70,1,5.034027777777778
INC0026761,Group 6,1,8.200694444444444
INC0026762,Group 70,1,11.2
INC0026764,Group 70,1,11.238888888888889
INC0026765,Group 70,1,5.071527777777778
INC0026766,Group 39,1,5.235416666666667
INC0026767,Group 29,1,16.275694444444444
INC0026768,Group 70,1,5.190277777777778
INC0026769,Group 58,1,18.18888888888889
INC0026770,Group 72,1,5.186805555555556
INC0026771,Group 24,1,8.061111111111112
INC0026772,Group 70,0,5.017361111111111
INC0026773,Group 37,1,5.308333333333334
INC0026774,Group 25,1,15.057638888888889
INC0026775,Group 70,1,5.0159722222222225
INC0026776,Group 70,1,5.054166666666666
INC0026777,Group 70,1,15.261805555555556
INC0026779,Group 6,1,5.134722222222222
INC0026780,Group 70,1,8.218055555555555
INC0026781,Group 10,1,5.050694444444445
INC0026782,Group 23,1,5.175694444444445
INC0026783,Group 70,1,5.049305555555556
INC0026784,Group 70,1,5.007638888888889
INC0026785,Group 65,1,8.174305555555556
INC0026786,Group 24,1,17.006944444444443
INC0026788,Group 70,1,5.0055555555555555
INC0026789,Group 70,1,8.213194444444444
INC0026791,Group 70,1,5.004861111111111
INC0026792,Group 39,1,5.0881944444444445
INC0026793,Group 70,1,5.127083333333333
INC0026794,Group 70,1,5.04375
INC0026795,Group 55,1,5.209722222222222
INC0026796,Group 70,1,5.042361111111111
INC0026797,Group 72,1,22.165972222222223
INC0026798,Group 70,1,5.040972222222222
INC0026799,Group 25,1,14.957638888888889
INC0026800,Group 22,1,5.123611111111111
INC0026801,Group 25,1,11.247916666666667
INC0026802,Group 70,1,8.205555555555556
INC0026803,Group 24,1,10.245833333333334
INC0026804,Group 25,1,11.078472222222222
INC0026805,Group 39,1,7.9527777777777775
INC0026806,Group 70,1,5.036111111111111
INC0026807,Group 70,1,5.035416666666666
INC0026812,Group 22,1,11.24236111111111
INC0026813,Group 48,1,7.950694444444444
INC0026814,Group 24,1,9.952777777777778
INC0026815,Group 39,1,5.284027777777778
INC0026817,Group 72,1,5.157638888888889
INC0026818,Group 73,1,8.239583333333334
INC0026819,Group 70,1,5.029861111111111
INC0026821,Group 24,1,9.903472222222222
INC0026822,Group 39,1,7.945138888888889
INC0026824,Group 47,1,5.152083333333334
INC0026825,Group 70,1,9.19375
INC0026826,Group 39,1,11.233333333333333
INC0026827,Group 70,1,5.065277777777778
INC0026828,Group 24,1,15.89861111111111
INC0026830,Group 49,1,5.230555555555555
INC0026831,Group 70,1,8.188888888888888
INC0026833,Group 70,1,10.978472222222223
INC0026834,Group 70,1,5.01875
INC0026836,Group 70,1,12.015277777777778
INC0026838,Group 72,1,22.26388888888889
INC0026840,Group 24,1,15.138194444444444
INC0026841,Group 70,1,5.0125
INC0026843,Group 70,1,5.011111111111111
INC0026844,Group 25,1,15.259722222222223
INC0026846,Group 25,1,18.134027777777778
INC0026851,Group 25,1,28.92152777777778
INC0026852,Group 70,1,5.045138888888889
INC0026855,Group 70,1,5.040277777777778
INC0026856,Group 70,1,5.038888888888889
INC0026857,Group 70,1,5.0375
INC0026858,Group 70,1,5.036111111111111
INC0026859,Group 30,1,134.94722222222222
INC0026860,Group 24,1,7.868055555555555
INC0026861,Group 72,1,5.160416666666666
INC0026862,Group 74,1,15.116666666666667
INC0026865,Group 76,1,16.2375
INC0026866,Group 70,1,17.904166666666665
INC0026868,Group 75,1,19.218055555555555
INC0026869,Group 70,1,5.06875
INC0026871,Group 25,1,11.109027777777778
INC0026872,Group 73,1,5.025
INC0026873,Group 25,1,8.065972222222221
INC0026875,Group 70,1,5.022916666666666
INC0026876,Group 25,1,5.188888888888889
INC0026877,Group 70,1,5.104861111111111
INC0026878,Group 70,1,8.106944444444444
INC0026880,Group 25,1,5.1875
INC0026881,Group 70,1,5.019444444444445
INC0026882,Group 70,1,5.060416666666667
INC0026886,Group 70,1,5.048611111111111
INC0026887,Group 25,1,10.963194444444444
INC0026888,Group 73,1,5.0368055555555555
INC0026890,Group 73,1,5.118055555555555
INC0026892,Group 70,1,5.020138888888889
INC0026894,Group 37,1,5.061805555555556
INC0026895,Group 70,1,5.01875
INC0026896,Group 6,1,8.059722222222222
INC0026898,Group 70,1,5.054861111111111
INC0026899,Group 70,1,65.04930555555555
INC0026900,Group 24,1,7.929166666666666
INC0026901,Group 39,1,5.136805555555555
INC0026902,Group 25,1,9.09375
INC0026903,Group 23,1,22.09027777777778
INC0026904,Group 70,1,5.0465277777777775
INC0026905,Group 65,1,5.170833333333333
INC0026906,Group 70,1,5.004166666666666
INC0026908,Group 70,1,5.044444444444444
INC0026909,Group 70,1,5.044444444444444
INC0026912,Group 70,1,5.040972222222222
INC0026914,Group 54,1,10.95486111111111
INC0026915,Group 23,1,10.828472222222222
INC0026917,Group 20,1,0.035416666666666666
INC0026918,Group 39,1,5.152777777777778
INC0026919,Group 70,1,7.983333333333333
INC0026920,Group 12,1,3.7736111111111112
INC0026921,Group 70,1,33.106944444444444
INC0026922,Group 72,1,5.065277777777778
INC0026924,Group 66,1,11.980555555555556
INC0026925,Group 70,1,5.020138888888889
INC0026926,Group 39,1,5.060416666666667
INC0026928,Group 70,1,5.017361111111111
INC0026929,Group 70,1,5.0159722222222225
INC0026930,Group 70,1,5.057638888888889
INC0026931,Group 48,1,5.0993055555555555
INC0026932,Group 39,1,8.843055555555555
INC0026934,Group 20,0,5.045833333333333
INC0026937,Group 57,1,10.002083333333333
INC0026938,Group 39,1,5.083333333333333
INC0026939,Group 15,1,228.9951388888889
INC0026940,Group 25,1,5.082638888888889
INC0026941,Group 65,1,99.74097222222223
INC0026942,Group 70,1,5.0375
INC0026943,Group 39,1,5.077083333333333
INC0026944,Group 39,1,9.035416666666666
INC0026946,Group 6,1,5.034722222222222
INC0026947,Group 25,1,11.784027777777778
INC0026949,Group 70,1,5.032638888888889
INC0026950,Group 69,1,7.740277777777778
INC0026951,Group 39,1,9.031944444444445
INC0026955,Group 70,1,5.027083333333334
INC0026958,Group 57,1,10.772222222222222
INC0026959,Group 20,1,17.022222222222222
INC0026961,Group 72,1,18.810416666666665
INC0026963,Group 53,1,8.100694444444445
INC0026964,Group 46,1,5.0159722222222225
INC0026965,Group 57,1,25.764583333333334
INC0026966,Group 70,1,5.014583333333333
INC0026968,Group 70,1,5.054861111111111
INC0026969,Group 46,1,5.0125
INC0026972,Group 70,1,5.011805555555555
INC0026974,Group 70,1,5.008333333333334
INC0026976,Group 70,1,2.9715277777777778
INC0026977,Group 39,1,5.0465277777777775
INC0026978,Group 34,1,8.95486111111111
INC0026979,Group 70,1,5.0368055555555555
INC0026980,Group 70,1,5.035416666666666
INC0026981,Group 29,1,7.990277777777778
INC0026982,Group 70,1,5.027777777777778
INC0026983,Group 70,1,5.027777777777778
INC0026985,Group 74,1,14.942361111111111
INC0026986,Group 70,1,7.983333333333333
INC0026987,Group 70,1,5.065277777777778
INC0026988,Group 23,1,7.856944444444444
INC0026989,Group 70,1,5.023611111111111
INC0026990,Group 25,1,15.815277777777778
INC0026991,Group 70,1,5.022916666666666
INC0026993,Group 25,1,9.938194444444445
INC0026997,Group 70,1,5.016666666666667
INC0026998,Group 23,1,8.808333333333334
INC0026999,Group 70,1,5.013888888888889
INC0027000,Group 72,1,23.805555555555557
INC0027003,Group 70,1,5.054166666666666
INC0027005,Group 70,1,5.009027777777778
INC0027008,Group 70,1,5.043055555555555
INC0027009,Group 70,1,5.042361111111111
INC0027010,Group 70,1,5.040277777777778
INC0027011,Group 70,1,11.706944444444444
INC0027012,Group 70,1,5.040277777777778
INC0027013,Group 70,1,5.0368055555555555
INC0027015,Group 72,1,9.700694444444444
INC0027018,Group 70,1,5.025
INC0027019,Group 56,1,11.02361111111111
INC0027020,Group 24,1,9.731944444444444
INC0027021,Group 70,1,5.022916666666666
INC0027022,Group 54,1,10.813194444444445
INC0027023,Group 70,1,5.020833333333333
INC0027024,Group 70,1,5.020138888888889
INC0027025,Group 70,1,5.020138888888889
INC0027026,Group 28,1,63.763194444444444
INC0027027,Group 70,1,10.76736111111111
INC0027029,Group 70,1,5.0125
INC0027033,Group 28,0,5.047916666666667
INC0027034,Group 70,1,32.956944444444446
INC0027035,Group 70,1,5.040277777777778
INC0027036,Group 70,1,5.029861111111111
INC0027037,Group 70,1,5.022916666666666
INC0027038,Group 70,1,11.643055555555556
INC0027039,Group 70,1,32.92986111111111
INC0027040,Group 72,1,7.590277777777778
INC0027041,Group 72,1,7.5881944444444445
INC0027042,Group 66,1,18.87013888888889
INC0027043,Group 70,1,5.029166666666667
INC0027044,Group 65,1,7.571527777777778
INC0027045,Group 27,1,16.570138888888888
INC0027046,Group 74,1,15.604166666666666
INC0027047,Group 22,1,10.597222222222221
INC0027048,Group 61,1,7.711111111111111
INC0027049,Group 70,1,5.041666666666667
INC0027050,Group 25,1,8.82013888888889
INC0027051,Group 64,1,5.027083333333334
INC0027052,Group 64,1,5.021527777777778
INC0027053,Group 64,1,5.020833333333333
INC0027054,Group 64,1,5.020833333333333
INC0027055,Group 64,1,5.020138888888889
INC0027056,Group 64,1,5.019444444444445
INC0027057,Group 64,1,5.01875
INC0027058,Group 64,1,5.017361111111111
INC0027059,Group 64,1,5.016666666666667
INC0027060,Group 64,1,5.0159722222222225
INC0027061,Group 64,1,5.0159722222222225
INC0027063,Group 64,1,5.0152777777777775
INC0027064,Group 64,1,5.0152777777777775
INC0027065,Group 64,1,5.013888888888889
INC0027066,Group 64,1,5.011805555555555
INC0027067,Group 64,1,5.010416666666667
INC0027068,Group 64,1,5.009722222222222
INC0027069,Group 3,1,5.047916666666667
INC0027070,Group 64,1,5.003472222222222
INC0027071,Group 64,1,5.002083333333333
INC0027072,Group 64,1,5.002777777777778
INC0027073,Group 64,1,5.040972222222222
INC0027074,Group 64,1,5.038888888888889
INC0027075,Group 64,1,5.036111111111111
INC0027076,Group 39,1,8.741666666666667
INC0027077,Group 70,1,5.052777777777778
INC0027079,Group 70,1,5.013888888888889
INC0027080,Group 70,1,5.0159722222222225
INC0027082,Group 70,1,5.042361111111111
INC0027083,Group 70,1,5.034722222222222
INC0027085,Group 53,1,7.611111111111111
INC0027087,Group 70,1,5.020138888888889
INC0027088,Group 37,1,5.41875
INC0027089,Group 70,1,10.570833333333333
INC0027091,Group 65,1,8.530555555555555
INC0027092,Group 28,1,7.592361111111111
INC0027093,Group 28,1,7.307638888888889
INC0027094,Group 70,1,11.347222222222221
INC0027095,Group 70,1,22.244444444444444
INC0027096,Group 70,1,5.036111111111111
INC0027097,Group 70,1,5.073611111111111
INC0027098,Group 70,1,5.029166666666667
INC0027099,Group 70,1,5.006944444444445
INC0027101,Group 70,1,5.013194444444444
INC0027102,Group 70,1,7.379166666666666
INC0027103,Group 70,1,7.3590277777777775
INC0027104,Group 70,1,5.038888888888889
INC0027105,Group 70,1,17.040972222222223
INC0027109,Group 70,1,10.32638888888889
INC0027111,Group 70,1,7.2652777777777775
INC0027112,Group 70,1,5.011111111111111
INC0027113,Group 24,1,7.002083333333333
INC0027114,Group 70,1,5.125694444444444
INC0027115,Group 6,1,8.035416666666666
INC0027116,Group 49,1,6.948611111111111
INC0027117,Group 70,1,5.040972222222222
INC0027119,Group 70,1,5.0472222222222225
INC0027120,Group 56,1,6.992361111111111
INC0027124,Group 70,1,5.021527777777778
INC0027125,Group 70,1,5.0159722222222225
INC0027130,Group 70,1,5.030555555555556
INC0027133,Group 28,1,6.795833333333333
INC0027134,Group 58,1,6.747916666666667
INC0027136,Group 72,1,20.98611111111111
INC0027137,Group 70,1,7.304166666666666
INC0027138,Group 56,1,6.761111111111111
INC0027139,Group 70,1,32.05
INC0027140,Group 48,1,6.757638888888889
INC0027141,Group 56,1,6.839583333333334
INC0027142,Group 48,1,6.752083333333333
INC0027143,Group 70,1,5.040277777777778
INC0027145,Group 70,1,5.031944444444444
INC0027146,Group 48,1,7.904861111111111
INC0027148,Group 70,1,5.028472222222222
INC0027149,Group 70,1,9.901388888888889
INC0027151,Group 70,1,5.0375
INC0027153,Group 70,1,5.059722222222222
INC0027154,Group 24,1,6.754166666666666
INC0027155,Group 70,1,5.042361111111111
INC0027156,Group 70,1,5.080555555555556
INC0027157,Group 70,1,31.95347222222222
INC0027159,Group 70,1,5.110416666666667
INC0027160,Group 70,1,31.936805555555555
INC0027161,Group 70,1,5.011111111111111
INC0027162,Group 55,1,5.1097222222222225
INC0027163,Group 73,1,7.5993055555555555
INC0027164,Group 73,1,6.9319444444444445
INC0027165,Group 70,1,5.021527777777778
INC0027168,Group 70,1,5.048611111111111
INC0027169,Group 70,1,5.072222222222222
INC0027170,Group 70,1,5.023611111111111
INC0027171,Group 70,1,5.0152777777777775
INC0027172,Group 25,1,41.49236111111111
INC0027174,Group 70,1,5.028472222222222
INC0027175,Group 70,1,5.021527777777778
INC0027176,Group 70,1,6.64375
INC0027177,Group 70,1,5.01875
INC0027178,Group 70,1,5.0125
INC0027179,Group 70,1,5.0465277777777775
INC0027180,Group 70,1,5.084027777777778
INC0027182,Group 56,1,6.259722222222222
INC0027184,Group 70,1,5.042361111111111
INC0027185,Group 70,1,5.033333333333333
INC0027186,Group 70,1,5.0159722222222225
INC0027187,Group 70,1,5.038194444444445
INC0027188,Group 70,1,5.01875
INC0027189,Group 70,1,5.0152777777777775
INC0027190,Group 65,1,6.428472222222222
INC0027193,Group 51,1,29.914583333333333
INC0027194,Group 33,1,6.304166666666666
INC0027196,Group 70,1,6.259722222222222
INC0027197,Group 51,1,42.00277777777778
INC0027200,Group 58,1,5.903472222222222
INC0027201,Group 70,1,5.006944444444445
INC0027202,Group 70,1,9.159722222222221
INC0027204,Group 22,1,7.03125
INC0027205,Group 70,1,5.022222222222222
INC0027206,Group 70,1,5.021527777777778
INC0027207,Group 70,1,5.017361111111111
INC0027208,Group 70,1,5.014583333333333
INC0027210,Group 62,1,7.822222222222222
INC0027211,Group 70,1,5.031944444444444
INC0027212,Group 72,1,6.0125
INC0027213,Group 58,1,5.711111111111111
INC0027214,Group 55,1,6.018055555555556
INC0027215,Group 28,1,6.725694444444445
INC0027216,Group 70,1,5.010416666666667
INC0027217,Group 24,1,7.901388888888889
INC0027218,Group 37,1,5.0875
INC0027220,Group 70,1,5.038888888888889
INC0027221,Group 70,1,5.05625
INC0027222,Group 70,1,5.047916666666667
INC0027223,Group 70,1,5.00625
INC0027227,Group 57,1,5.914583333333334
INC0027228,Group 70,1,5.723611111111111
INC0027229,Group 39,1,6.540277777777778
INC0027230,Group 70,1,5.0256944444444445
INC0027231,Group 70,1,5.00625
INC0027232,Group 33,1,5.4625
INC0027234,Group 70,1,5.0368055555555555
INC0027235,Group 70,1,5.036111111111111
INC0027236,Group 70,1,30.652083333333334
INC0027237,Group 55,1,6.520138888888889
INC0027238,Group 46,1,5.352777777777778
INC0027239,Group 46,1,5.3493055555555555
INC0027240,Group 70,1,5.060416666666667
INC0027242,Group 24,1,5.2868055555555555
INC0027243,Group 58,1,6.071527777777778
INC0027246,Group 61,1,5.3
INC0027247,Group 24,1,33.40902777777778
INC0027249,Group 70,1,13.145833333333334
INC0027250,Group 70,1,30.385416666666668
INC0027251,Group 70,1,5.050694444444445
INC0027252,Group 70,1,5.048611111111111
INC0027254,Group 24,1,5.122916666666667
INC0027255,Group 48,1,7.288888888888889
INC0027257,Group 70,1,5.036111111111111
INC0027258,Group 70,1,5.035416666666666
INC0027259,Group 27,1,5.11875
INC0027260,Group 24,1,7.034027777777778
INC0027261,Group 70,1,5.033333333333333
INC0027262,Group 70,1,5.031944444444444
INC0027263,Group 70,1,5.031944444444444
INC0027264,Group 70,1,5.03125
INC0027265,Group 70,1,5.029861111111111
INC0027267,Group 70,1,5.027777777777778
INC0027270,Group 70,1,5.025
INC0027271,Group 70,1,5.025
INC0027272,Group 70,1,5.024305555555555
INC0027273,Group 23,1,20.315277777777776
INC0027274,Group 70,1,5.023611111111111
INC0027275,Group 25,1,5.270833333333333
INC0027277,Group 70,1,5.020833333333333
INC0027279,Group 55,1,5.144444444444445
INC0027280,Group 28,1,5.060416666666667
INC0027281,Group 70,1,5.01875
INC0027282,Group 70,1,5.018055555555556
INC0027286,Group 70,1,5.0569444444444445
INC0027287,Group 70,1,5.0152777777777775
INC0027288,Group 20,1,15.01736111111111
INC0027290,Group 70,1,5.013888888888889
INC0027292,Group 3,1,83.1375
INC0027293,Group 23,1,5.136805555555555
INC0027294,Group 53,1,5.385416666666667
INC0027295,Group 39,1,6.09375
INC0027296,Group 70,1,5.259722222222222
INC0027297,Group 24,1,5.051388888888889
INC0027298,Group 70,1,5.011805555555555
INC0027301,Group 70,1,5.132638888888889
INC0027302,Group 70,1,5.049305555555556
INC0027303,Group 70,1,5.256944444444445
INC0027304,Group 39,1,6.088888888888889
INC0027305,Group 70,1,30.33888888888889
INC0027307,Group 25,1,14.129861111111111
INC0027309,Group 70,1,5.045138888888889
INC0027310,Group 70,1,5.002777777777778
INC0027311,Group 70,1,5.044444444444444
INC0027312,Group 25,1,5.086111111111111
INC0027313,Group 48,1,6.210416666666666
INC0027314,Group 70,1,5.04375
INC0027315,Group 56,1,5.127083333333333
INC0027316,Group 70,1,5.042361111111111
INC0027317,Group 28,1,19.041666666666668
INC0027318,Group 73,1,5.332638888888889
INC0027319,Group 70,1,5.040972222222222
INC0027320,Group 70,1,5.040277777777778
INC0027322,Group 73,1,5.9944444444444445
INC0027323,Group 70,1,5.035416666666666
INC0027324,Group 24,1,5.99375
INC0027325,Group 70,1,5.202083333333333
INC0027327,Group 34,1,5.156944444444444
INC0027329,Group 70,1,5.03125
INC0027331,Group 70,1,6.111805555555556
INC0027333,Group 55,1,5.0256944444444445
INC0027334,Group 70,1,5.023611111111111
INC0027335,Group 65,1,5.313194444444444
INC0027336,Group 72,1,16.229861111111113
INC0027337,Group 73,1,6.021527777777778
INC0027338,Group 54,1,8.145138888888889
INC0027339,Group 27,1,6.311111111111111
INC0027341,Group 73,1,6.268055555555556
INC0027342,Group 70,1,5.057638888888889
INC0027349,Group 73,1,6.054166666666666
INC0027351,Group 70,1,5.05
INC0027352,Group 70,1,30.3
INC0027353,Group 39,1,8.215277777777779
INC0027354,Group 39,1,43.043055555555554
INC0027355,Group 10,1,7.963888888888889
INC0027356,Group 70,1,5.045833333333333
INC0027357,Group 72,1,16.086111111111112
INC0027358,Group 25,1,6.041666666666667
INC0027359,Group 39,1,6.040277777777778
INC0027360,Group 76,1,56.202083333333334
INC0027362,Group 70,1,5.038888888888889
INC0027365,Group 70,1,5.0368055555555555
INC0027368,Group 5,1,12.035416666666666
INC0027369,Group 70,1,13.95138888888889
INC0027371,Group 70,1,5.032638888888889
INC0027372,Group 70,1,5.03125
INC0027373,Group 27,1,6.280555555555556
INC0027374,Group 25,1,8.029861111111112
INC0027375,Group 25,1,8.07013888888889
INC0027376,Group 70,1,5.027777777777778
INC0027378,Group 70,1,5.029861111111111
INC0027381,Group 70,1,30.277083333333334
INC0027382,Group 70,1,5.0256944444444445
INC0027383,Group 70,1,5.108333333333333
INC0027384,Group 70,1,5.024305555555555
INC0027385,Group 70,1,5.024305555555555
INC0027386,Group 73,1,5.189583333333333
INC0027388,Group 70,1,5.021527777777778
INC0027389,Group 39,1,5.229861111111111
INC0027390,Group 65,1,5.980555555555555
INC0027391,Group 66,1,15.229861111111111
INC0027392,Group 70,1,5.060416666666667
INC0027393,Group 3,1,118.22013888888888
INC0027394,Group 53,1,5.3069444444444445
INC0027395,Group 10,1,63.927083333333336
INC0027398,Group 70,1,5.013888888888889
INC0027402,Group 24,1,53.928472222222226
INC0027403,Group 70,1,5.011805555555555
INC0027404,Group 54,1,8.177777777777777
INC0027405,Group 70,1,6.135416666666667
INC0027406,Group 20,1,5.134722222222222
INC0027407,Group 12,1,76.175
INC0027408,Group 25,1,8.25763888888889
INC0027409,Group 70,1,5.048611111111111
INC0027410,Group 20,1,36.298611111111114
INC0027411,Group 70,1,5.048611111111111
INC0027412,Group 25,1,5.0875
INC0027413,Group 39,1,6.004166666666666
INC0027414,Group 20,1,23.340972222222224
INC0027415,Group 70,1,5.004861111111111
INC0027416,Group 70,1,5.002777777777778
INC0027418,Group 24,1,7.165972222222222
INC0027419,Group 70,1,8.207638888888889
INC0027421,Group 70,1,5.040277777777778
INC0027422,Group 70,1,8.164583333333333
INC0027423,Group 25,1,6.035416666666666
INC0027424,Group 39,1,5.992361111111111
INC0027425,Group 70,1,5.034027777777778
INC0027426,Group 66,1,15.908333333333333
INC0027428,Group 69,1,5.073611111111111
INC0027430,Group 70,1,13.279861111111112
INC0027432,Group 70,1,12.945833333333333
INC0027433,Group 6,1,5.236805555555556
INC0027434,Group 70,1,5.028472222222222
INC0027435,Group 70,1,5.901388888888889
INC0027437,Group 27,1,168.1875
INC0027438,Group 70,1,5.023611111111111
INC0027439,Group 70,1,5.022916666666666
INC0027441,Group 73,1,5.143055555555556
INC0027444,Group 5,1,7.016666666666667
INC0027446,Group 76,1,9.265277777777778
INC0027448,Group 24,1,6.930555555555555
INC0027449,Group 70,1,5.054166666666666
INC0027451,Group 70,1,30.22013888888889
INC0027452,Group 5,1,35.928472222222226
INC0027454,Group 70,1,30.21736111111111
INC0027455,Group 54,1,9.008333333333333
INC0027457,Group 6,1,7.008333333333334
INC0027458,Group 70,1,5.006944444444445
INC0027460,Group 73,1,5.127083333333333
INC0027462,Group 39,1,9.16388888888889
INC0027463,Group 23,1,12.16388888888889
INC0027465,Group 70,1,5.073611111111111
INC0027466,Group 73,1,5.195833333333334
INC0027467,Group 5,1,6.107638888888889
INC0027468,Group 70,1,5.022916666666666
INC0027469,Group 6,1,5.229166666666667
INC0027470,Group 70,1,5.020833333333333
INC0027471,Group 56,1,15.39375
INC0027472,Group 70,1,5.014583333333333
INC0027474,Group 70,1,8.096527777777778
INC0027475,Group 70,1,5.053472222222222
INC0027476,Group 70,1,5.802777777777778
INC0027477,Group 73,1,5.093055555555556
INC0027478,Group 29,1,5.964583333333334
INC0027479,Group 70,1,5.004861111111111
INC0027480,Group 70,1,5.045833333333333
INC0027481,Group 70,1,5.045138888888889
INC0027482,Group 70,1,5.04375
INC0027484,Group 70,1,5.034027777777778
INC0027485,Group 73,1,5.072222222222222
INC0027486,Group 6,1,35.86388888888889
INC0027488,Group 70,1,5.029166666666667
INC0027491,Group 70,1,5.027777777777778
INC0027493,Group 70,1,5.0256944444444445
INC0027494,Group 70,1,5.025
INC0027496,Group 70,1,30.148611111111112
INC0027498,Group 73,1,7.10625
INC0027499,Group 70,1,5.020138888888889
INC0027500,Group 55,1,5.061111111111111
INC0027501,Group 70,1,7.894444444444445
INC0027504,Group 70,1,5.0159722222222225
INC0027505,Group 70,1,5.0152777777777775
INC0027506,Group 70,1,5.0152777777777775
INC0027507,Group 55,1,6.052083333333333
INC0027508,Group 70,1,5.050694444444445
INC0027509,Group 70,1,5.00625
INC0027511,Group 70,1,5.04375
INC0027512,Group 70,1,5.041666666666667
INC0027513,Group 70,1,5.041666666666667
INC0027514,Group 70,1,6.041666666666667
INC0027515,Group 70,1,5.041666666666667
INC0027516,Group 23,1,7.124305555555556
INC0027517,Group 70,1,5.039583333333334
INC0027518,Group 73,1,5.039583333333334
INC0027519,Group 70,1,5.034027777777778
INC0027520,Group 70,1,12.991666666666667
INC0027521,Group 23,1,29.11875
INC0027522,Group 72,1,5.823611111111111
INC0027524,Group 39,1,6.030555555555556
INC0027525,Group 27,1,15.069444444444445
INC0027526,Group 39,1,5.986111111111111
INC0027527,Group 10,1,5.06875
INC0027528,Group 70,1,5.027083333333334
INC0027530,Group 39,1,5.858333333333333
INC0027533,Group 39,1,5.977777777777778
INC0027534,Group 70,1,5.019444444444445
INC0027535,Group 39,1,5.854166666666667
INC0027536,Group 70,1,5.018055555555556
INC0027537,Group 72,1,5.892361111111111
INC0027539,Group 39,1,51.05138888888889
INC0027540,Group 28,1,5.096527777777778
INC0027541,Group 57,1,35.80416666666667
INC0027542,Group 12,1,5.8875
INC0027543,Group 69,1,5.013888888888889
INC0027544,Group 73,1,5.013194444444444
INC0027545,Group 6,1,42.922222222222224
INC0027547,Group 5,1,35.84027777777778
INC0027548,Group 24,1,5.842361111111111
INC0027550,Group 39,1,9.047222222222222
INC0027551,Group 66,1,229.04236111111112
INC0027553,Group 70,1,5.04375
INC0027557,Group 39,1,6.0
INC0027558,Group 70,1,5.040972222222222
INC0027560,Group 70,1,5.039583333333334
INC0027561,Group 48,1,7.747916666666667
INC0027564,Group 76,1,14.120833333333334
INC0027567,Group 34,1,5.034027777777778
INC0027569,Group 70,1,5.991666666666666
INC0027570,Group 70,1,5.074305555555555
INC0027572,Group 70,1,5.03125
INC0027573,Group 39,1,5.988888888888889
INC0027575,Group 70,1,5.026388888888889
INC0027576,Group 70,1,5.026388888888889
INC0027579,Group 37,1,20.775694444444444
INC0027580,Group 70,1,14.733333333333333
INC0027581,Group 39,1,5.940972222222222
INC0027584,Group 25,1,8.772916666666667
INC0027585,Group 70,1,5.025
INC0027587,Group 37,1,18.813194444444445
INC0027588,Group 70,1,5.979166666666667
INC0027589,Group 25,1,5.020138888888889
INC0027590,Group 70,1,5.019444444444445
INC0027591,Group 70,1,5.01875
INC0027592,Group 70,1,5.018055555555556
INC0027593,Group 70,1,5.809722222222222
INC0027594,Group 70,1,5.05625
INC0027595,Group 70,1,5.05625
INC0027596,Group 65,1,35.93055555555556
INC0027597,Group 70,1,5.011805555555555
INC0027598,Group 65,1,5.090972222222222
INC0027599,Group 70,1,5.00625
INC0027600,Group 10,1,16.04722222222222
INC0027602,Group 70,1,5.004166666666666
INC0027603,Group 65,1,5.711805555555555
INC0027604,Group 37,1,7.040972222222222
INC0027605,Group 70,1,5.040277777777778
INC0027607,Group 72,1,12.7875
INC0027608,Group 70,1,5.035416666666666
INC0027609,Group 70,1,7.784722222222222
INC0027610,Group 70,1,5.034027777777778
INC0027612,Group 70,1,30.029166666666665
INC0027613,Group 24,1,25.7375
INC0027614,Group 70,1,5.067361111111111
INC0027615,Group 70,1,5.0256944444444445
INC0027616,Group 70,1,30.025
INC0027617,Group 21,1,6.772916666666666
INC0027619,Group 74,1,8.021527777777777
INC0027620,Group 70,1,5.021527777777778
INC0027621,Group 10,1,63.725
INC0027622,Group 70,1,5.021527777777778
INC0027623,Group 70,1,5.020833333333333
INC0027624,Group 73,1,5.978472222222222
INC0027627,Group 30,1,5.725694444444445
INC0027628,Group 70,1,12.932638888888889
INC0027629,Group 70,1,5.0152777777777775
INC0027630,Group 31,1,5.764583333333333
INC0027631,Group 72,1,35.763888888888886
INC0027634,Group 70,1,5.013194444444444
INC0027635,Group 57,1,5.052777777777778
INC0027636,Group 70,1,5.010416666666667
INC0027637,Group 25,1,9.009027777777778
INC0027638,Group 70,1,5.049305555555556
INC0027639,Group 37,1,5.090972222222222
INC0027642,Group 70,1,5.040972222222222
INC0027643,Group 27,1,5.998611111111111
INC0027644,Group 56,1,5.706944444444445
INC0027645,Group 70,1,5.035416666666666
INC0027647,Group 70,1,5.029166666666667
INC0027648,Group 33,1,13.98611111111111
INC0027649,Group 39,1,5.898611111111111
INC0027650,Group 70,1,5.019444444444445
INC0027651,Group 70,1,5.017361111111111
INC0027652,Group 70,1,5.014583333333333
INC0027653,Group 30,1,5.763194444444444
INC0027654,Group 76,1,13.942361111111111
INC0027655,Group 24,1,5.725694444444445
INC0027656,Group 10,1,6.716666666666667
INC0027657,Group 28,1,6.874305555555556
INC0027659,Group 39,1,5.829166666666667
INC0027660,Group 30,1,6.646527777777778
INC0027661,Group 56,1,7.726388888888889
INC0027662,Group 70,1,5.024305555555555
INC0027663,Group 70,1,5.698611111111111
INC0027664,Group 64,1,5.027083333333334
INC0027665,Group 64,1,5.0256944444444445
INC0027666,Group 64,1,5.025
INC0027667,Group 64,1,5.022916666666666
INC0027668,Group 64,1,5.022222222222222
INC0027669,Group 64,1,5.021527777777778
INC0027670,Group 64,1,5.020833333333333
INC0027671,Group 64,1,5.020138888888889
INC0027672,Group 64,1,5.020138888888889
INC0027673,Group 64,1,5.020138888888889
INC0027674,Group 64,1,5.019444444444445
INC0027675,Group 64,1,5.01875
INC0027676,Group 64,1,5.01875
INC0027677,Group 64,1,5.018055555555556
INC0027678,Group 64,1,5.017361111111111
INC0027679,Group 64,1,5.017361111111111
INC0027680,Group 64,1,5.017361111111111
INC0027681,Group 64,1,5.017361111111111
INC0027682,Group 64,1,5.0159722222222225
INC0027683,Group 64,1,5.0159722222222225
INC0027684,Group 64,1,5.013888888888889
INC0027685,Group 64,1,5.0125
INC0027686,Group 70,1,5.0465277777777775
INC0027687,Group 57,1,11.465972222222222
INC0027689,Group 70,1,5.032638888888889
INC0027690,Group 48,1,6.695833333333334
INC0027691,Group 70,1,5.060416666666667
INC0027692,Group 70,1,5.018055555555556
INC0027693,Group 70,1,5.05
INC0027697,Group 49,1,5.315972222222222
INC0027698,Group 70,1,5.011805555555555
INC0027699,Group 39,1,5.418055555555555
INC0027701,Group 19,1,5.1194444444444445
INC0027703,Group 70,1,5.013888888888889
INC0027704,Group 70,1,5.0368055555555555
INC0027706,Group 70,1,5.022916666666666
INC0027708,Group 72,1,22.18125
INC0027709,Group 70,1,5.013194444444444
INC0027710,Group 70,1,5.011805555555555
INC0027711,Group 70,1,7.341666666666667
INC0027712,Group 70,1,5.047916666666667
INC0027715,Group 70,1,5.0375
INC0027716,Group 25,1,18.07777777777778
INC0027717,Group 33,1,7.160416666666666
INC0027718,Group 46,1,5.034722222222222
INC0027719,Group 76,1,13.322916666666666
INC0027720,Group 70,1,5.030555555555556
INC0027722,Group 70,1,5.026388888888889
INC0027724,Group 70,1,5.022916666666666
INC0027725,Group 76,1,15.397916666666667
INC0027726,Group 70,1,5.022222222222222
INC0027727,Group 70,1,61.272222222222226
INC0027728,Group 23,1,28.35625
INC0027732,Group 48,1,6.225694444444445
INC0027733,Group 25,1,13.225
INC0027734,Group 70,1,7.308333333333334
INC0027735,Group 66,1,25.26597222222222
INC0027736,Group 74,1,11.264583333333333
INC0027738,Group 70,1,5.054861111111111
INC0027739,Group 74,1,11.2625
INC0027740,Group 66,1,8.303472222222222
INC0027741,Group 70,1,5.011805555555555
INC0027742,Group 70,1,5.011111111111111
INC0027743,Group 25,1,5.093055555555556
INC0027744,Group 66,1,25.384722222222223
INC0027745,Group 25,1,11.300694444444444
INC0027746,Group 70,1,29.341666666666665
INC0027748,Group 10,1,5.091666666666667
INC0027749,Group 20,1,6.049305555555556
INC0027751,Group 72,1,15.13125
INC0027753,Group 75,1,39.37430555555556
INC0027754,Group 65,1,5.129166666666666
INC0027755,Group 27,1,11.169444444444444
INC0027756,Group 39,1,5.251388888888889
INC0027757,Group 28,1,7.043055555555555
INC0027758,Group 27,1,6.251388888888889
INC0027761,Group 72,1,6.042361111111111
INC0027762,Group 27,1,12.332638888888889
INC0027764,Group 29,1,26.372916666666665
INC0027765,Group 65,1,6.122916666666667
INC0027766,Group 20,1,27.45486111111111
INC0027767,Group 76,1,13.329166666666667
INC0027768,Group 70,1,5.0375
INC0027769,Group 27,1,6.2444444444444445
INC0027771,Group 70,1,5.034722222222222
INC0027772,Group 70,1,15.20138888888889
INC0027773,Group 70,1,5.034722222222222
INC0027774,Group 12,1,43.27847222222222
INC0027775,Group 70,1,5.033333333333333
INC0027776,Group 65,1,5.157638888888889
INC0027777,Group 24,1,5.072916666666667
INC0027778,Group 70,1,5.029166666666667
INC0027780,Group 70,1,5.028472222222222
INC0027785,Group 70,1,5.0256944444444445
INC0027786,Group 23,1,39.0625
INC0027787,Group 39,1,5.233333333333333
INC0027789,Group 70,1,35.97708333333333
INC0027790,Group 70,1,5.023611111111111
INC0027791,Group 70,1,5.063194444444444
INC0027792,Group 39,1,5.229861111111111
INC0027794,Group 70,1,8.0625
INC0027795,Group 70,1,5.019444444444445
INC0027796,Group 25,1,49.013888888888886
INC0027797,Group 65,1,5.1875
INC0027798,Group 70,1,5.017361111111111
INC0027800,Group 33,1,6.223611111111111
INC0027801,Group 70,1,39.21736111111111
INC0027803,Group 70,1,29.302777777777777
INC0027804,Group 70,1,5.052083333333333
INC0027805,Group 56,1,7.34375
INC0027806,Group 76,1,12.343055555555555
INC0027808,Group 70,1,5.009027777777778
INC0027809,Group 10,1,6.091666666666667
INC0027810,Group 72,1,5.965277777777778
INC0027811,Group 24,1,14.172916666666667
INC0027812,Group 9,1,166.20763888888888
INC0027813,Group 6,1,5.045138888888889
INC0027815,Group 27,1,11.959722222222222
INC0027816,Group 55,1,5.292361111111111
INC0027817,Group 70,1,5.040972222222222
INC0027818,Group 39,1,5.082638888888889
INC0027819,Group 24,1,5.998611111111111
INC0027820,Group 66,1,5.121527777777778
INC0027821,Group 12,1,18.290277777777778
INC0027822,Group 22,1,8.2875
INC0027823,Group 25,1,18.073611111111113
INC0027824,Group 70,1,5.030555555555556
INC0027826,Group 20,1,1.0145833333333334
INC0027828,Group 24,1,5.065972222222222
INC0027829,Group 70,1,5.023611111111111
INC0027831,Group 70,1,5.022916666666666
INC0027832,Group 70,1,5.022222222222222
INC0027833,Group 70,1,5.021527777777778
INC0027834,Group 70,1,12.221527777777778
INC0027835,Group 70,1,5.014583333333333
INC0027836,Group 27,1,161.29652777777778
INC0027837,Group 25,1,7.968055555555556
INC0027838,Group 49,1,5.259027777777778
INC0027839,Group 54,1,8.04861111111111
INC0027841,Group 70,1,5.044444444444444
INC0027842,Group 25,1,5.252777777777778
INC0027843,Group 10,1,6.000694444444444
INC0027844,Group 70,1,5.042361111111111
INC0027845,Group 72,1,18.125694444444445
INC0027846,Group 70,1,5.040972222222222
INC0027847,Group 70,1,5.039583333333334
INC0027849,Group 70,1,5.038194444444445
INC0027852,Group 33,1,5.2027777777777775
INC0027853,Group 70,1,5.036111111111111
INC0027854,Group 54,1,8.035416666666666
INC0027855,Group 9,1,130.9423611111111
INC0027857,Group 39,1,5.111111111111111
INC0027858,Group 19,1,5.277777777777778
INC0027859,Group 25,1,5.231944444444444
INC0027861,Group 23,1,14.064583333333333
INC0027863,Group 72,1,5.897222222222222
INC0027864,Group 70,1,29.229861111111113
INC0027865,Group 55,1,8.021527777777777
INC0027866,Group 57,1,49.140277777777776
INC0027867,Group 24,1,5.227083333333334
INC0027868,Group 39,1,5.142361111111111
INC0027869,Group 20,1,27.308333333333334
INC0027871,Group 10,1,13.223611111111111
INC0027872,Group 25,1,5.18125
INC0027873,Group 39,1,5.138888888888889
INC0027874,Group 70,1,38.923611111111114
INC0027876,Group 27,1,5.218055555555556
INC0027877,Group 27,1,5.926388888888889
INC0027878,Group 58,1,5.092361111111111
INC0027879,Group 70,1,7.007638888888889
INC0027880,Group 24,1,5.923611111111111
INC0027881,Group 69,1,5.88125
INC0027882,Group 55,1,8.004166666666666
INC0027884,Group 25,1,18.002777777777776
INC0027885,Group 6,1,7.127777777777778
INC0027886,Group 73,1,5.998611111111111
INC0027888,Group 56,1,14.409722222222221
INC0027890,Group 74,1,10.990277777777777
INC0027894,Group 70,1,5.1097222222222225
INC0027897,Group 20,1,47.93263888888889
INC0027899,Group 29,1,8.17986111111111
INC0027900,Group 70,1,5.0125
INC0027901,Group 10,1,5.009722222222222
INC0027903,Group 58,1,34.87291666666667
INC0027904,Group 20,1,27.15972222222222
INC0027906,Group 70,1,5.031944444444444
INC0027907,Group 70,1,5.03125
INC0027908,Group 70,1,5.027777777777778
INC0027912,Group 70,1,5.058333333333334
INC0027913,Group 39,1,7.1402777777777775
INC0027914,Group 39,1,8.095833333333333
INC0027915,Group 55,1,6.053472222222222
INC0027917,Group 27,1,5.800694444444445
INC0027918,Group 30,1,20.131944444444443
INC0027919,Group 70,1,5.047916666666667
INC0027920,Group 70,1,12.172222222222222
INC0027922,Group 70,1,5.043055555555555
INC0027924,Group 70,1,12.791666666666666
INC0027926,Group 70,1,6.914583333333334
INC0027927,Group 70,1,5.038194444444445
INC0027928,Group 23,1,110.82430555555555
INC0027929,Group 22,1,7.161111111111111
INC0027930,Group 12,1,41.03055555555556
INC0027931,Group 73,1,7.072222222222222
INC0027932,Group 70,1,5.028472222222222
INC0027933,Group 25,1,27.820138888888888
INC0027934,Group 70,1,5.027777777777778
INC0027935,Group 73,1,14.154166666666667
INC0027938,Group 70,1,5.024305555555555
INC0027939,Group 30,1,34.06597222222222
INC0027942,Group 70,1,5.018055555555556
INC0027943,Group 73,1,5.058333333333334
INC0027944,Group 70,1,5.057638888888889
INC0027945,Group 70,1,5.017361111111111
INC0027946,Group 70,1,5.973611111111111
INC0027948,Group 39,1,5.05625
INC0027949,Group 5,1,62.80138888888889
INC0027950,Group 70,1,5.847222222222222
INC0027951,Group 70,1,5.0125
INC0027952,Group 70,1,5.053472222222222
INC0027953,Group 70,1,5.009722222222222
INC0027954,Group 56,1,18.050694444444446
INC0027956,Group 48,1,6.008333333333334
INC0027962,Group 70,1,5.0465277777777775
INC0027964,Group 70,1,5.004861111111111
INC0027965,Group 10,1,7.002777777777778
INC0027967,Group 34,1,7.080555555555556
INC0027970,Group 70,1,5.036111111111111
INC0027971,Group 70,1,5.035416666666666
INC0027972,Group 70,1,5.034027777777778
INC0027975,Group 70,1,6.415972222222222
INC0027976,Group 70,1,5.03125
INC0027978,Group 70,1,5.0256944444444445
INC0027979,Group 70,1,35.77013888888889
INC0027980,Group 73,1,6.982638888888889
INC0027981,Group 70,1,5.065277777777778
INC0027983,Group 70,1,5.022222222222222
INC0027984,Group 73,1,14.938888888888888
INC0027986,Group 25,1,17.979861111111113
INC0027989,Group 70,1,5.013194444444444
INC0027991,Group 24,1,6.761805555555555
INC0027992,Group 70,1,13.051388888888889
INC0027993,Group 70,1,5.009722222222222
INC0027994,Group 54,1,7.841666666666667
INC0027996,Group 70,1,6.840972222222222
INC0027997,Group 12,1,18.04722222222222
INC0027999,Group 70,1,29.04513888888889
INC0028000,Group 70,1,29.044444444444444
INC0028001,Group 70,1,5.043055555555555
INC0028003,Group 70,1,5.040972222222222
INC0028005,Group 70,1,12.705555555555556
INC0028006,Group 6,1,10.788194444444445
INC0028007,Group 70,1,5.034722222222222
INC0028009,Group 24,1,5.825694444444444
INC0028010,Group 20,1,5.075694444444444
INC0028011,Group 70,1,5.031944444444444
INC0028012,Group 70,1,5.03125
INC0028013,Group 28,1,14.821527777777778
INC0028015,Group 73,1,6.9430555555555555
INC0028017,Group 65,1,17.94097222222222
INC0028019,Group 73,1,14.855555555555556
INC0028020,Group 12,1,17.980555555555554
INC0028021,Group 37,1,20.06388888888889
INC0028022,Group 70,1,5.020833333333333
INC0028023,Group 69,1,5.6875
INC0028024,Group 28,1,6.770833333333333
INC0028027,Group 70,1,5.101388888888889
INC0028028,Group 23,1,5.016666666666667
INC0028031,Group 70,1,5.013888888888889
INC0028033,Group 70,1,5.014583333333333
INC0028036,Group 25,1,5.761111111111111
INC0028037,Group 6,1,7.802083333333333
INC0028038,Group 23,1,5.010416666666667
INC0028039,Group 23,1,5.009027777777778
INC0028040,Group 5,1,5.717361111111111
INC0028041,Group 20,1,7.884027777777778
INC0028042,Group 70,1,5.007638888888889
INC0028043,Group 56,1,10.965277777777779
INC0028044,Group 70,1,5.7972222222222225
INC0028046,Group 70,1,6.754861111111111
INC0028051,Group 70,1,5.045833333333333
INC0028052,Group 12,1,54.71180555555556
INC0028054,Group 23,1,5.746527777777778
INC0028055,Group 70,1,5.0368055555555555
INC0028056,Group 39,1,5.909027777777778
INC0028057,Group 70,1,5.029166666666667
INC0028062,Group 70,1,28.980555555555554
INC0028063,Group 70,1,5.019444444444445
INC0028065,Group 70,1,5.018055555555556
INC0028066,Group 70,1,5.008333333333334
INC0028067,Group 74,1,5.920833333333333
INC0028068,Group 39,1,12.917361111111111
INC0028070,Group 13,1,5.663888888888889
INC0028071,Group 70,1,6.913888888888889
INC0028072,Group 72,1,5.656944444444444
INC0028073,Group 70,1,5.006944444444445
INC0028074,Group 39,1,5.8277777777777775
INC0028076,Group 58,1,5.526388888888889
INC0028077,Group 70,1,5.016666666666667
INC0028078,Group 70,1,14.627083333333333
INC0028079,Group 70,1,5.035416666666666
INC0028080,Group 70,1,5.021527777777778
INC0028081,Group 70,1,5.016666666666667
INC0028083,Group 70,1,5.035416666666666
INC0028084,Group 64,1,5.006944444444445
INC0028085,Group 64,1,5.00625
INC0028086,Group 64,1,5.002777777777778
INC0028087,Group 64,1,5.002083333333333
INC0028088,Group 64,1,5.001388888888889
INC0028089,Group 64,1,41.62361111111111
INC0028090,Group 64,1,5.039583333333334
INC0028091,Group 64,1,5.038888888888889
INC0028092,Group 64,1,5.038194444444445
INC0028093,Group 64,1,5.0375
INC0028094,Group 55,1,5.079166666666667
INC0028095,Group 64,1,5.0368055555555555
INC0028096,Group 64,1,5.036111111111111
INC0028097,Group 25,1,13.702083333333333
INC0028098,Group 64,1,5.035416666666666
INC0028099,Group 64,1,5.032638888888889
INC0028100,Group 64,1,5.031944444444444
INC0028101,Group 64,1,5.03125
INC0028102,Group 64,1,5.03125
INC0028103,Group 64,1,5.030555555555556
INC0028104,Group 64,1,5.029861111111111
INC0028105,Group 64,1,5.029166666666667
INC0028106,Group 64,1,5.028472222222222
INC0028107,Group 64,1,5.027777777777778
INC0028108,Group 48,1,6.434722222222222
INC0028109,Group 70,1,5.052083333333333
INC0028110,Group 70,1,11.4625
INC0028111,Group 28,1,6.483333333333333
INC0028112,Group 49,1,5.727777777777778
INC0028113,Group 20,1,5.392361111111111
INC0028115,Group 70,1,5.033333333333333
INC0028116,Group 70,1,5.0680555555555555
INC0028117,Group 70,1,5.044444444444444
INC0028118,Group 70,1,5.002083333333333
INC0028119,Group 70,1,5.0375
INC0028120,Group 25,1,17.57638888888889
INC0028121,Group 70,1,5.0256944444444445
INC0028122,Group 24,1,6.2965277777777775
INC0028123,Group 70,1,5.0125
INC0028124,Group 70,1,5.009027777777778
INC0028125,Group 70,1,5.032638888888889
INC0028126,Group 70,1,5.031944444444444
INC0028127,Group 58,1,5.152777777777778
INC0028128,Group 70,1,5.011805555555555
INC0028129,Group 70,1,5.036111111111111
INC0028131,Group 70,1,5.351388888888889
INC0028133,Group 19,1,5.1305555555555555
INC0028134,Group 72,1,17.419444444444444
INC0028136,Group 70,1,28.411805555555556
INC0028137,Group 54,1,12.202777777777778
INC0028138,Group 70,1,5.073611111111111
INC0028141,Group 65,1,5.229166666666667
INC0028142,Group 48,1,5.267361111111111
INC0028144,Group 28,1,12.35
INC0028145,Group 70,1,5.0152777777777775
INC0028147,Group 73,1,5.259722222222222
INC0028148,Group 70,1,5.007638888888889
INC0028149,Group 24,1,6.088888888888889
INC0028150,Group 70,1,5.045833333333333
INC0028151,Group 48,1,6.045833333333333
INC0028152,Group 48,1,5.045138888888889
INC0028154,Group 74,1,10.292361111111111
INC0028155,Group 25,1,10.165972222222223
INC0028157,Group 70,1,5.039583333333334
INC0028158,Group 70,1,5.038194444444445
INC0028161,Group 70,1,5.0368055555555555
INC0028162,Group 70,1,5.034722222222222
INC0028163,Group 12,1,17.32638888888889
INC0028164,Group 70,1,5.034027777777778
INC0028166,Group 70,1,5.033333333333333
INC0028167,Group 43,1,5.325
INC0028170,Group 70,1,5.031944444444444
INC0028171,Group 70,1,5.03125
INC0028172,Group 70,1,5.03125
INC0028173,Group 33,1,12.070833333333333
INC0028174,Group 24,1,7.319444444444445
INC0028175,Group 25,1,41.22986111111111
INC0028176,Group 56,1,6.192361111111111
INC0028177,Group 70,1,7.108333333333333
INC0028178,Group 10,1,5.108333333333333
INC0028180,Group 70,1,5.024305555555555
INC0028181,Group 70,1,5.023611111111111
INC0028182,Group 66,1,111.26875
INC0028183,Group 70,1,5.021527777777778
INC0028185,Group 70,1,5.019444444444445
INC0028186,Group 70,1,5.019444444444445
INC0028187,Group 70,1,12.102083333333333
INC0028188,Group 24,1,6.143055555555556
INC0028190,Group 50,1,217.34652777777777
INC0028191,Group 39,1,5.267361111111111
INC0028192,Group 70,1,5.0159722222222225
INC0028193,Group 20,1,6.101388888888889
INC0028195,Group 70,1,5.0152777777777775
INC0028196,Group 46,1,5.139583333333333
INC0028200,Group 70,1,5.011805555555555
INC0028201,Group 76,1,11.302777777777777
INC0028203,Group 73,1,5.177083333333333
INC0028205,Group 24,1,6.135416666666667
INC0028208,Group 70,1,28.343055555555555
INC0028209,Group 20,1,0.2222222222222222
INC0028210,Group 65,1,17.08888888888889
INC0028211,Group 58,1,5.088888888888889
INC0028212,Group 70,1,5.0055555555555555
INC0028213,Group 25,1,10.340277777777779
INC0028214,Group 25,1,5.0881944444444445
INC0028215,Group 70,1,28.3375
INC0028216,Group 70,1,28.3375
INC0028218,Group 70,1,19.044444444444444
INC0028219,Group 70,1,5.042361111111111
INC0028221,Group 70,1,5.040277777777778
INC0028222,Group 24,1,6.290277777777778
INC0028223,Group 56,1,6.373611111111111
INC0028224,Group 65,1,5.247916666666667
INC0028225,Group 73,1,6.247916666666667
INC0028226,Group 54,1,18.038194444444443
INC0028227,Group 73,1,5.288194444444445
INC0028228,Group 70,1,5.036111111111111
INC0028229,Group 56,1,10.286111111111111
INC0028231,Group 70,1,5.285416666666666
INC0028232,Group 39,1,6.24375
INC0028233,Group 70,1,5.034027777777778
INC0028234,Group 70,1,5.034027777777778
INC0028235,Group 6,1,5.367361111111111
INC0028238,Group 6,1,5.070833333333334
INC0028239,Group 5,1,5.070833333333334
INC0028240,Group 70,1,5.029166666666667
INC0028241,Group 76,1,12.111805555555556
INC0028243,Group 31,1,6.236111111111111
INC0028244,Group 24,1,6.027083333333334
INC0028245,Group 70,1,5.027083333333334
INC0028246,Group 25,1,6.151388888888889
INC0028247,Group 5,1,5.0680555555555555
INC0028248,Group 70,1,5.0256944444444445
INC0028249,Group 70,1,5.0256944444444445
INC0028250,Group 24,1,17.10763888888889
INC0028251,Group 74,1,10.234722222222222
INC0028253,Group 70,1,5.024305555555555
INC0028254,Group 70,1,5.023611111111111
INC0028255,Group 39,1,5.23125
INC0028257,Group 70,1,5.021527777777778
INC0028258,Group 24,1,5.311111111111111
INC0028259,Group 70,1,32.352777777777774
INC0028260,Group 70,1,5.019444444444445
INC0028261,Group 25,1,13.227083333333333
INC0028262,Group 70,1,13.268055555555556
INC0028263,Group 29,1,19.350694444444443
INC0028265,Group 25,1,7.014583333333333
INC0028266,Group 58,1,5.055555555555555
INC0028267,Group 70,1,5.013194444444444
INC0028268,Group 24,1,5.179861111111111
INC0028269,Group 20,1,16.97013888888889
INC0028270,Group 70,1,18.136111111111113
INC0028271,Group 72,1,7.052777777777778
INC0028272,Group 70,1,5.011111111111111
INC0028273,Group 70,1,5.010416666666667
INC0028274,Group 70,1,5.051388888888889
INC0028275,Group 25,1,10.092361111111112
INC0028276,Group 31,1,12.3
INC0028278,Group 66,1,52.25138888888889
INC0028279,Group 30,1,5.25625
INC0028281,Group 70,1,28.29652777777778
INC0028283,Group 70,1,5.0055555555555555
INC0028284,Group 70,1,24.209027777777777
INC0028285,Group 70,1,5.040277777777778
INC0028287,Group 70,1,5.038888888888889
INC0028288,Group 46,1,5.997222222222222
INC0028289,Group 31,1,109.95
INC0028290,Group 70,1,28.288194444444443
INC0028291,Group 39,1,5.204861111111111
INC0028292,Group 70,1,5.0368055555555555
INC0028293,Group 70,1,5.036111111111111
INC0028294,Group 56,1,6.117361111111111
INC0028295,Group 33,1,14.241666666666667
INC0028296,Group 21,1,10.991666666666667
INC0028298,Group 39,1,5.199305555555555
INC0028301,Group 70,1,5.03125
INC0028302,Group 31,1,10.320833333333333
INC0028304,Group 70,1,5.027777777777778
INC0028305,Group 15,1,160.10486111111112
INC0028306,Group 70,1,5.026388888888889
INC0028307,Group 70,1,5.026388888888889
INC0028308,Group 28,1,44.984027777777776
INC0028311,Group 27,1,6.315972222222222
INC0028312,Group 30,1,130.01805555555555
INC0028313,Group 74,1,6.23125
INC0028314,Group 73,1,6.188194444444444
INC0028315,Group 70,1,28.271527777777777
INC0028316,Group 10,1,5.270833333333333
INC0028317,Group 70,1,5.977777777777778
INC0028319,Group 25,1,5.0625
INC0028320,Group 59,1,5.104166666666667
INC0028321,Group 70,1,5.018055555555556
INC0028323,Group 23,1,39.09583333333333
INC0028324,Group 55,1,5.1402777777777775
INC0028325,Group 70,1,5.014583333333333
INC0028327,Group 24,1,5.220833333333333
INC0028329,Group 70,1,7.095138888888889
INC0028330,Group 70,1,5.011805555555555
INC0028331,Group 70,1,5.011805555555555
INC0028332,Group 28,1,24.136111111111113
INC0028333,Group 74,1,5.052083333333333
INC0028334,Group 70,1,5.176388888888889
INC0028335,Group 49,1,6.133333333333334
INC0028336,Group 70,1,5.049305555555556
INC0028339,Group 72,1,14.172222222222222
INC0028341,Group 27,1,5.210416666666666
INC0028343,Group 25,1,31.040277777777778
INC0028344,Group 74,1,32.20625
INC0028345,Group 25,1,5.039583333333334
INC0028346,Group 33,1,7.289583333333334
INC0028347,Group 70,1,28.247222222222224
INC0028348,Group 70,1,5.038194444444445
INC0028349,Group 48,1,5.163194444444445
INC0028351,Group 25,1,5.0784722222222225
INC0028352,Group 25,1,10.034027777777778
INC0028353,Group 20,1,67.15416666666667
INC0028354,Group 21,1,61.950694444444444
INC0028355,Group 24,1,5.95
INC0028356,Group 25,1,7.116666666666666
INC0028357,Group 73,1,5.075
INC0028358,Group 37,1,53.19375
INC0028360,Group 70,1,28.23472222222222
INC0028363,Group 70,1,5.982638888888889
INC0028364,Group 70,1,5.023611111111111
INC0028365,Group 70,1,5.022222222222222
INC0028366,Group 70,1,5.149305555555555
INC0028368,Group 70,1,5.020138888888889
INC0028369,Group 22,1,7.102777777777778
INC0028371,Group 39,1,5.143055555555556
INC0028373,Group 29,1,11.015972222222222
INC0028374,Group 24,1,6.0152777777777775
INC0028375,Group 13,1,210.13472222222222
INC0028378,Group 12,1,17.21875
INC0028379,Group 25,1,7.218055555555556
INC0028380,Group 57,1,12.134027777777778
INC0028381,Group 37,1,41.169444444444444
INC0028384,Group 10,1,46.959722222222226
INC0028385,Group 70,1,5.007638888888889
INC0028387,Group 70,1,6.0875
INC0028388,Group 72,1,6.004166666666666
INC0028389,Group 70,1,5.044444444444444
INC0028391,Group 70,1,28.210416666666667
INC0028392,Group 25,1,26.959722222222222
INC0028393,Group 73,1,6.125694444444444
INC0028394,Group 70,1,5.042361111111111
INC0028395,Group 76,1,11.958333333333334
INC0028396,Group 70,1,5.040972222222222
INC0028398,Group 72,1,5.08125
INC0028400,Group 70,1,5.036111111111111
INC0028401,Group 70,1,6.161111111111111
INC0028402,Group 70,1,6.990972222222222
INC0028403,Group 70,1,13.15625
INC0028404,Group 70,1,13.070833333333333
INC0028405,Group 70,1,5.070833333333334
INC0028407,Group 74,1,10.94375
INC0028409,Group 70,1,5.066666666666666
INC0028410,Group 70,1,6.981944444444444
INC0028411,Group 25,1,12.894444444444444
INC0028412,Group 33,0,54.97013888888889
INC0028413,Group 70,1,5.013888888888889
INC0028414,Group 54,1,14.093055555555555
INC0028415,Group 70,1,28.175
INC0028416,Group 70,1,5.048611111111111
INC0028417,Group 25,1,54.168055555555554
INC0028418,Group 70,1,5.086111111111111
INC0028419,Group 70,1,5.1618055555555555
INC0028421,Group 56,1,5.865972222222222
INC0028422,Group 70,1,5.029861111111111
INC0028426,Group 70,1,5.022222222222222
INC0028428,Group 70,1,5.020138888888889
INC0028429,Group 70,1,28.13888888888889
INC0028430,Group 66,1,5.927083333333333
INC0028431,Group 25,1,13.05
INC0028432,Group 54,1,7.05
INC0028433,Group 65,1,45.12638888888889
INC0028435,Group 39,1,5.086111111111111
INC0028436,Group 70,1,5.04375
INC0028437,Group 70,1,28.125694444444445
INC0028438,Group 23,1,6.084027777777778
INC0028439,Group 24,1,19.084027777777777
INC0028440,Group 70,1,5.002083333333333
INC0028441,Group 70,1,5.040972222222222
INC0028442,Group 70,1,28.124305555555555
INC0028446,Group 24,1,26.788194444444443
INC0028450,Group 70,1,5.0368055555555555
INC0028452,Group 24,1,114.82083333333334
INC0028453,Group 70,1,5.032638888888889
INC0028454,Group 70,1,5.032638888888889
INC0028455,Group 65,1,5.157638888888889
INC0028456,Group 70,1,5.032638888888889
INC0028457,Group 70,1,5.032638888888889
INC0028458,Group 73,1,6.115277777777778
INC0028459,Group 70,1,5.029166666666667
INC0028462,Group 70,1,5.026388888888889
INC0028463,Group 74,1,10.025694444444444
INC0028464,Group 70,1,34.8125
INC0028465,Group 69,1,5.108333333333333
INC0028466,Group 65,1,10.108333333333333
INC0028469,Group 20,1,25.855555555555554
INC0028470,Group 5,1,9.854166666666666
INC0028471,Group 56,1,5.8125
INC0028472,Group 70,1,5.020138888888889
INC0028473,Group 70,1,5.020138888888889
INC0028474,Group 73,1,5.021527777777778
INC0028475,Group 70,1,5.977777777777778
INC0028476,Group 70,1,5.016666666666667
INC0028477,Group 70,1,5.014583333333333
INC0028478,Group 24,1,16.760416666666668
INC0028479,Group 70,1,6.051388888888889
INC0028480,Group 34,1,5.134027777777778
INC0028482,Group 24,1,9.840972222222222
INC0028483,Group 70,1,5.006944444444445
INC0028484,Group 66,1,13.04861111111111
INC0028485,Group 24,1,108.04375
INC0028486,Group 70,1,13.839583333333334
INC0028488,Group 70,1,67.79166666666667
INC0028489,Group 55,1,5.045833333333333
INC0028490,Group 13,1,1.9409722222222223
INC0028491,Group 70,1,5.044444444444444
INC0028493,Group 66,1,74.12152777777777
INC0028494,Group 30,1,10.040972222222223
INC0028495,Group 65,1,10.081944444444444
INC0028497,Group 70,1,5.039583333333334
INC0028498,Group 9,1,150.075
INC0028499,Group 66,1,9.704166666666667
INC0028500,Group 23,1,9.994444444444444
INC0028501,Group 70,1,5.035416666666666
INC0028502,Group 24,1,17.86875
INC0028503,Group 70,1,5.034722222222222
INC0028504,Group 70,1,28.073611111111113
INC0028505,Group 39,1,5.031944444444444
INC0028506,Group 72,1,5.06875
INC0028507,Group 21,1,20.77638888888889
INC0028508,Group 25,1,11.942361111111111
INC0028509,Group 70,1,5.021527777777778
INC0028510,Group 57,1,10.979861111111111
INC0028511,Group 10,1,5.936805555555556
INC0028512,Group 10,1,34.019444444444446
INC0028514,Group 70,1,12.14236111111111
INC0028517,Group 73,1,10.054166666666667
INC0028518,Group 39,1,5.845833333333333
INC0028519,Group 39,1,5.845833333333333
INC0028521,Group 20,1,1.9069444444444446
INC0028522,Group 70,1,5.050694444444445
INC0028524,Group 24,1,9.713888888888889
INC0028528,Group 70,1,10.831944444444444
INC0028530,Group 22,1,5.831944444444445
INC0028532,Group 29,1,16.99652777777778
INC0028533,Group 70,1,5.031944444444444
INC0028535,Group 70,1,5.029166666666667
INC0028536,Group 76,1,7.029166666666667
INC0028540,Group 57,1,6.018055555555556
INC0028541,Group 70,1,5.010416666666667
INC0028542,Group 70,1,11.753472222222221
INC0028544,Group 70,1,5.040277777777778
INC0028545,Group 23,1,5.913888888888889
INC0028546,Group 48,1,6.911111111111111
INC0028547,Group 70,1,5.034027777777778
INC0028554,Group 25,1,6.678472222222222
INC0028555,Group 13,1,1.8055555555555556
INC0028556,Group 39,1,5.701388888888889
INC0028560,Group 23,1,6.864583333333333
INC0028563,Group 70,1,10.92013888888889
INC0028564,Group 70,1,5.042361111111111
INC0028565,Group 64,1,5.028472222222222
INC0028566,Group 64,1,5.027777777777778
INC0028567,Group 64,1,5.027083333333334
INC0028568,Group 64,1,5.026388888888889
INC0028569,Group 64,1,5.0256944444444445
INC0028570,Group 64,1,5.0256944444444445
INC0028571,Group 64,1,5.024305555555555
INC0028572,Group 64,1,5.024305555555555
INC0028573,Group 64,1,5.023611111111111
INC0028574,Group 64,1,5.022916666666666
INC0028575,Group 64,1,5.022222222222222
INC0028576,Group 64,1,5.01875
INC0028577,Group 64,1,5.01875
INC0028578,Group 64,1,5.018055555555556
INC0028579,Group 64,1,5.017361111111111
INC0028580,Group 64,1,5.016666666666667
INC0028581,Group 64,1,5.0159722222222225
INC0028582,Group 64,1,5.014583333333333
INC0028583,Group 64,1,5.013194444444444
INC0028584,Group 64,1,5.011805555555555
INC0028585,Group 64,1,5.009722222222222
INC0028586,Group 64,1,5.007638888888889
INC0028587,Group 56,1,9.709722222222222
INC0028592,Group 66,1,9.410416666666666
INC0028594,Group 70,1,5.678472222222222
INC0028595,Group 70,1,5.004166666666666
INC0028596,Group 70,1,5.031944444444444
INC0028597,Group 70,1,5.063888888888889
INC0028598,Group 70,1,10.649305555555555
INC0028600,Group 70,1,5.019444444444445
INC0028602,Group 70,1,5.007638888888889
INC0028603,Group 70,1,5.56875
INC0028604,Group 3,1,5.333333333333333
INC0028606,Group 27,1,12.520138888888889
INC0028607,Group 70,1,5.008333333333334
INC0028608,Group 54,1,11.2625
INC0028609,Group 54,1,11.261805555555556
INC0028610,Group 54,1,11.25763888888889
INC0028611,Group 56,1,5.259722222222222
INC0028612,Group 70,1,17.24652777777778
INC0028613,Group 70,1,5.026388888888889
INC0028614,Group 39,1,34.1875
INC0028615,Group 39,1,6.4006944444444445
INC0028616,Group 56,1,5.215972222222222
INC0028617,Group 70,1,5.008333333333334
INC0028620,Group 70,1,5.334027777777778
INC0028621,Group 70,1,5.332638888888889
INC0028622,Group 70,1,5.040277777777778
INC0028623,Group 70,1,5.038194444444445
INC0028626,Group 70,1,5.034722222222222
INC0028627,Group 27,1,6.281944444444444
INC0028628,Group 70,1,5.030555555555556
INC0028629,Group 13,1,1.2180555555555554
INC0028630,Group 70,1,5.027777777777778
INC0028631,Group 70,1,5.027777777777778
INC0028632,Group 76,1,5.15
INC0028633,Group 72,1,5.065972222222222
INC0028634,Group 70,1,27.35763888888889
INC0028635,Group 70,1,10.356944444444444
INC0028636,Group 70,1,5.023611111111111
INC0028639,Group 70,1,5.020138888888889
INC0028640,Group 70,1,5.01875
INC0028641,Group 70,1,5.020833333333333
INC0028642,Group 70,1,5.018055555555556
INC0028643,Group 70,1,5.309722222222222
INC0028644,Group 70,1,5.017361111111111
INC0028645,Group 29,1,6.308333333333334
INC0028646,Group 70,1,5.2659722222222225
INC0028648,Group 70,1,10.305555555555555
INC0028649,Group 70,1,5.303472222222222
INC0028651,Group 70,1,5.009722222222222
INC0028652,Group 70,1,5.051388888888889
INC0028653,Group 70,1,5.009722222222222
INC0028654,Group 70,1,5.051388888888889
INC0028655,Group 70,1,5.009722222222222
INC0028657,Group 70,1,34.050694444444446
INC0028658,Group 70,1,9.049305555555556
INC0028659,Group 70,1,5.299305555555556
INC0028660,Group 39,1,5.259722222222222
INC0028661,Group 70,1,5.006944444444445
INC0028662,Group 69,1,5.0472222222222225
INC0028663,Group 39,1,5.2965277777777775
INC0028664,Group 70,1,5.045833333333333
INC0028665,Group 70,1,5.045138888888889
INC0028666,Group 70,1,5.044444444444444
INC0028667,Group 70,1,5.002083333333333
INC0028668,Group 70,1,5.29375
INC0028669,Group 70,1,5.043055555555555
INC0028673,Group 23,1,5.002083333333333
INC0028675,Group 48,1,6.25
INC0028677,Group 23,1,5.039583333333334
INC0028678,Group 70,1,27.33125
INC0028679,Group 28,1,5.080555555555556
INC0028680,Group 70,1,5.038194444444445
INC0028681,Group 23,1,5.0368055555555555
INC0028682,Group 70,1,5.285416666666666
INC0028683,Group 23,1,5.034722222222222
INC0028684,Group 70,1,11.075
INC0028685,Group 23,1,5.032638888888889
INC0028686,Group 70,1,5.074305555555555
INC0028687,Group 23,1,5.030555555555556
INC0028688,Group 28,1,5.988888888888889
INC0028689,Group 23,1,5.029166666666667
INC0028692,Group 23,1,5.026388888888889
INC0028693,Group 25,1,6.066666666666666
INC0028695,Group 70,1,5.024305555555555
INC0028696,Group 23,1,5.022222222222222
INC0028697,Group 23,1,5.020833333333333
INC0028698,Group 23,1,8.977777777777778
INC0028699,Group 57,1,6.060416666666667
INC0028700,Group 23,1,5.01875
INC0028701,Group 70,1,27.310416666666665
INC0028703,Group 70,1,27.308333333333334
INC0028704,Group 23,1,5.0159722222222225
INC0028706,Group 70,1,6.055555555555555
INC0028707,Group 23,1,5.013194444444444
INC0028709,Group 23,1,5.010416666666667
INC0028712,Group 70,1,26.258333333333333
INC0028715,Group 23,1,5.0055555555555555
INC0028716,Group 70,1,5.254861111111111
INC0028719,Group 58,1,6.170138888888889
INC0028720,Group 23,1,5.003472222222222
INC0028721,Group 70,1,5.169444444444444
INC0028722,Group 70,1,5.044444444444444
INC0028723,Group 23,1,5.086111111111111
INC0028724,Group 23,1,5.003472222222222
INC0028725,Group 23,1,5.044444444444444
INC0028726,Group 23,1,5.081944444444445
INC0028728,Group 3,1,5.039583333333334
INC0028729,Group 70,1,5.038888888888889
INC0028730,Group 20,1,11.03888888888889
INC0028731,Group 70,1,5.0375
INC0028733,Group 23,1,5.0777777777777775
INC0028734,Group 23,1,5.077083333333333
INC0028735,Group 12,1,39.19722222222222
INC0028736,Group 23,1,5.036111111111111
INC0028737,Group 5,1,5.950694444444444
INC0028738,Group 23,1,5.074305555555555
INC0028739,Group 23,1,5.072916666666667
INC0028740,Group 23,1,5.072222222222222
INC0028741,Group 70,1,5.029861111111111
INC0028742,Group 23,1,5.03125
INC0028744,Group 6,1,9.19375
INC0028746,Group 30,1,5.1930555555555555
INC0028747,Group 23,1,5.025
INC0028748,Group 23,1,5.023611111111111
INC0028749,Group 23,1,5.022222222222222
INC0028750,Group 29,1,13.271527777777777
INC0028751,Group 70,1,5.020833333333333
INC0028752,Group 73,1,5.184722222222222
INC0028753,Group 29,1,6.225694444444445
INC0028754,Group 70,1,5.018055555555556
INC0028756,Group 70,1,5.0159722222222225
INC0028757,Group 22,1,6.057638888888889
INC0028759,Group 65,1,18.930555555555557
INC0028760,Group 70,1,5.095138888888889
INC0028761,Group 70,1,27.261111111111113
INC0028763,Group 70,1,5.009722222222222
INC0028764,Group 70,1,5.092361111111111
INC0028767,Group 70,1,5.009027777777778
INC0028769,Group 70,1,9.965972222222222
INC0028772,Group 10,1,11.004861111111111
INC0028773,Group 10,1,6.0465277777777775
INC0028774,Group 66,1,8.879166666666666
INC0028775,Group 20,1,34.29097222222222
INC0028776,Group 70,1,5.211111111111111
INC0028778,Group 27,1,5.165277777777778
INC0028779,Group 48,1,10.996527777777779
INC0028781,Group 39,1,5.19375
INC0028784,Group 70,1,5.059722222222222
INC0028785,Group 69,1,5.8909722222222225
INC0028786,Group 28,1,33.17986111111111
INC0028787,Group 5,1,5.8875
INC0028788,Group 70,1,5.010416666666667
INC0028789,Group 25,1,5.0465277777777775
INC0028790,Group 53,1,6.129166666666666
INC0028791,Group 56,1,8.961805555555555
INC0028792,Group 28,1,64.99444444444444
INC0028794,Group 70,1,5.034722222222222
INC0028796,Group 10,1,6.154861111111111
INC0028799,Group 46,1,5.023611111111111
INC0028800,Group 70,1,5.023611111111111
INC0028801,Group 70,1,10.940277777777778
INC0028803,Group 72,1,5.144444444444445
INC0028804,Group 70,1,5.01875
INC0028805,Group 72,1,5.142361111111111
INC0028806,Group 72,1,5.141666666666667
INC0028808,Group 25,1,25.099305555555556
INC0028809,Group 58,1,5.090277777777778
INC0028810,Group 27,1,6.125
INC0028811,Group 70,1,5.789583333333334
INC0028812,Group 70,1,10.159722222222221
INC0028813,Group 70,1,37.821527777777774
INC0028814,Group 48,1,6.073611111111111
INC0028815,Group 70,1,5.906944444444444
INC0028816,Group 70,1,5.03125
INC0028817,Group 31,1,33.89652777777778
INC0028818,Group 39,1,9.936805555555555
INC0028820,Group 70,1,5.475694444444445
INC0028821,Group 70,1,5.0993055555555555
INC0028822,Group 25,1,5.1402777777777775
INC0028823,Group 70,1,5.014583333333333
INC0028824,Group 70,1,5.055555555555555
INC0028825,Group 70,1,5.0159722222222225
INC0028826,Group 39,1,5.095833333333333
INC0028827,Group 24,1,5.886805555555555
INC0028828,Group 24,1,25.927777777777777
INC0028829,Group 25,1,8.800694444444444
INC0028830,Group 6,1,11.800694444444444
INC0028831,Group 70,1,9.884027777777778
INC0028832,Group 39,1,5.091666666666667
INC0028833,Group 25,1,8.840972222222222
INC0028834,Group 70,1,5.047916666666667
INC0028837,Group 70,1,5.086111111111111
INC0028839,Group 70,1,5.043055555555555
INC0028840,Group 70,1,5.043055555555555
INC0028841,Group 65,1,5.041666666666667
INC0028842,Group 65,1,17.832638888888887
INC0028843,Group 24,1,8.873611111111112
INC0028844,Group 25,1,10.998611111111112
INC0028845,Group 70,1,5.789583333333334
INC0028846,Group 70,1,5.954861111111111
INC0028847,Group 33,1,33.1625
INC0028850,Group 70,1,5.036111111111111
INC0028852,Group 70,1,5.4125
INC0028853,Group 70,1,5.035416666666666
INC0028854,Group 55,1,5.116666666666666
INC0028855,Group 39,1,5.074305555555555
INC0028856,Group 25,1,9.074305555555556
INC0028858,Group 70,1,5.03125
INC0028859,Group 70,1,5.404166666666667
INC0028860,Group 70,1,5.027777777777778
INC0028862,Group 25,1,11.984722222222222
INC0028863,Group 24,1,23.10902777777778
INC0028865,Group 28,1,5.106944444444444
INC0028866,Group 70,1,10.897916666666667
INC0028867,Group 70,1,5.021527777777778
INC0028868,Group 70,1,5.021527777777778
INC0028870,Group 20,1,23.144444444444446
INC0028874,Group 48,1,29.805555555555557
INC0028876,Group 70,1,5.013194444444444
INC0028877,Group 68,1,11.095833333333333
INC0028878,Group 3,1,15.845833333333333
INC0028882,Group 70,1,5.427083333333333
INC0028883,Group 70,1,5.052083333333333
INC0028884,Group 3,1,39.08819444444445
INC0028885,Group 70,1,5.009027777777778
INC0028892,Group 39,1,5.041666666666667
INC0028893,Group 70,1,5.040277777777778
INC0028894,Group 70,1,10.956944444444444
INC0028895,Group 70,1,5.038194444444445
INC0028896,Group 25,1,8.871527777777779
INC0028897,Group 25,1,6.0784722222222225
INC0028898,Group 25,1,6.076388888888889
INC0028899,Group 70,1,5.034027777777778
INC0028900,Group 70,1,5.034027777777778
INC0028901,Group 39,1,5.033333333333333
INC0028907,Group 5,1,5.823611111111111
INC0028908,Group 70,1,5.03125
INC0028909,Group 70,1,5.030555555555556
INC0028910,Group 70,1,5.030555555555556
INC0028911,Group 70,1,5.029166666666667
INC0028912,Group 70,1,9.7375
INC0028913,Group 23,1,12.028472222222222
INC0028914,Group 70,1,5.028472222222222
INC0028915,Group 70,1,5.027777777777778
INC0028916,Group 39,1,5.027777777777778
INC0028918,Group 25,1,9.859027777777778
INC0028920,Group 24,1,5.067361111111111
INC0028923,Group 70,1,5.066666666666666
INC0028924,Group 23,1,12.73263888888889
INC0028925,Group 70,1,8.899305555555555
INC0028926,Group 70,1,5.022916666666666
INC0028928,Group 37,1,31.104166666666668
INC0028929,Group 70,1,5.019444444444445
INC0028930,Group 70,1,9.059027777777779
INC0028932,Group 28,1,5.725
INC0028933,Group 70,1,5.0159722222222225
INC0028935,Group 70,1,5.013888888888889
INC0028938,Group 70,1,5.013888888888889
INC0028940,Group 70,1,5.052777777777778
INC0028941,Group 70,1,5.96875
INC0028942,Group 39,1,5.010416666666667
INC0028943,Group 70,1,5.049305555555556
INC0028944,Group 70,1,5.006944444444445
INC0028945,Group 70,1,5.006944444444445
INC0028951,Group 70,1,5.004166666666666
INC0028955,Group 74,1,6.001388888888889
INC0028956,Group 70,1,5.041666666666667
INC0028957,Group 72,1,15.999305555555555
INC0028959,Group 34,1,5.081944444444445
INC0028962,Group 6,1,8.748611111111112
INC0028963,Group 29,1,9.830555555555556
INC0028964,Group 72,1,8.91388888888889
INC0028965,Group 24,1,5.705555555555556
INC0028967,Group 3,1,40.99166666666667
INC0028968,Group 70,1,5.954166666666667
INC0028970,Group 24,1,5.745138888888889
INC0028971,Group 27,1,5.911111111111111
INC0028972,Group 70,1,5.035416666666666
INC0028973,Group 20,1,51.99236111111111
INC0028974,Group 70,1,8.866666666666667
INC0028975,Group 24,1,8.740972222222222
INC0028977,Group 24,1,8.697222222222223
INC0028978,Group 23,1,66.94166666666666
INC0028981,Group 70,1,5.027777777777778
INC0028982,Group 29,1,9.817361111111111
INC0028983,Group 70,1,5.025
INC0028984,Group 24,1,5.941666666666666
INC0028986,Group 25,1,5.018055555555556
INC0028988,Group 70,1,5.013888888888889
INC0028994,Group 70,1,5.045138888888889
INC0028995,Group 10,1,12.04375
INC0028996,Group 70,1,5.0375
INC0028997,Group 70,1,5.034027777777778
INC0028999,Group 70,1,5.028472222222222
INC0029001,Group 70,1,5.692361111111111
INC0029002,Group 28,1,5.691666666666666
INC0029005,Group 70,1,5.061111111111111
INC0029006,Group 70,1,5.725
INC0029007,Group 55,1,5.631944444444445
INC0029008,Group 70,1,5.003472222222222
INC0029009,Group 73,1,11.792361111111111
INC0029010,Group 70,1,36.87083333333333
INC0029011,Group 13,1,0.8444444444444444
INC0029012,Group 70,1,5.022916666666666
INC0029013,Group 70,1,5.022916666666666
INC0029014,Group 70,1,5.852083333333334
INC0029015,Group 70,1,5.057638888888889
INC0029016,Group 70,1,5.054861111111111
INC0029017,Group 70,1,10.8
INC0029018,Group 70,1,5.002777777777778
INC0029022,Group 64,1,5.041666666666667
INC0029023,Group 64,1,5.038194444444445
INC0029024,Group 64,1,5.0375
INC0029025,Group 64,1,5.0368055555555555
INC0029026,Group 64,1,5.0368055555555555
INC0029027,Group 64,1,5.035416666666666
INC0029028,Group 64,1,5.034722222222222
INC0029029,Group 64,1,5.034027777777778
INC0029030,Group 64,1,5.018055555555556
INC0029031,Group 64,1,5.017361111111111
INC0029032,Group 64,1,5.016666666666667
INC0029033,Group 64,1,5.0152777777777775
INC0029034,Group 64,1,5.013888888888889
INC0029035,Group 64,1,5.011111111111111
INC0029036,Group 64,1,5.009027777777778
INC0029037,Group 64,1,5.007638888888889
INC0029038,Group 64,1,5.00625
INC0029039,Group 64,1,5.00625
INC0029040,Group 64,1,5.039583333333334
INC0029041,Group 64,1,5.038194444444445
INC0029042,Group 64,1,5.0368055555555555
INC0029043,Group 64,1,5.035416666666666
INC0029044,Group 64,1,5.032638888888889
INC0029046,Group 70,1,5.022916666666666
INC0029047,Group 70,1,9.544444444444444
INC0029048,Group 70,1,5.042361111111111
INC0029049,Group 70,1,10.736805555555556
INC0029050,Group 70,1,8.639583333333333
INC0029051,Group 70,1,5.030555555555556
INC0029052,Group 70,1,5.028472222222222
INC0029053,Group 70,1,5.018055555555556
INC0029054,Group 70,1,5.0159722222222225
INC0029055,Group 73,1,8.473611111111111
INC0029056,Group 70,1,5.010416666666667
INC0029057,Group 24,1,5.582638888888889
INC0029058,Group 51,1,10.723611111111111
INC0029060,Group 70,1,5.011805555555555
INC0029061,Group 56,1,8.252083333333333
INC0029062,Group 70,1,5.032638888888889
INC0029064,Group 70,1,5.075
INC0029066,Group 70,1,5.020833333333333
INC0029067,Group 70,1,16.164583333333333
INC0029068,Group 70,1,8.317361111111111
INC0029069,Group 70,1,5.021527777777778
INC0029070,Group 70,1,5.021527777777778
INC0029072,Group 70,1,5.048611111111111
INC0029073,Group 49,1,5.173611111111111
INC0029074,Group 13,1,73.42222222222222
INC0029075,Group 25,1,5.088888888888889
INC0029076,Group 70,1,5.045138888888889
INC0029077,Group 70,1,5.04375
INC0029079,Group 70,1,5.043055555555555
INC0029080,Group 70,1,5.043055555555555
INC0029082,Group 70,1,5.043055555555555
INC0029084,Group 24,1,5.3277777777777775
INC0029085,Group 70,1,5.034722222222222
INC0029087,Group 70,1,5.031944444444444
INC0029088,Group 70,1,5.197916666666667
INC0029089,Group 70,1,5.03125
INC0029090,Group 70,1,10.072222222222223
INC0029091,Group 70,1,5.029861111111111
INC0029092,Group 70,1,5.028472222222222
INC0029093,Group 65,1,5.1097222222222225
INC0029094,Group 28,1,5.026388888888889
INC0029096,Group 70,1,5.192361111111111
INC0029097,Group 33,1,9.356944444444444
INC0029098,Group 70,1,5.023611111111111
INC0029100,Group 25,1,8.394444444444444
INC0029102,Group 70,1,5.018055555555556
INC0029103,Group 70,1,8.266666666666667
INC0029104,Group 24,1,8.058333333333334
INC0029105,Group 70,1,5.0159722222222225
INC0029106,Group 24,1,5.348611111111111
INC0029107,Group 66,1,12.305555555555555
INC0029109,Group 29,1,15.30486111111111
INC0029110,Group 70,1,5.0125
INC0029111,Group 70,1,10.220833333333333
INC0029112,Group 74,1,10.1375
INC0029113,Group 70,1,5.010416666666667
INC0029114,Group 29,1,5.302083333333333
INC0029115,Group 70,1,5.011805555555555
INC0029116,Group 70,1,33.045138888888886
INC0029117,Group 70,1,5.008333333333334
INC0029118,Group 70,1,5.049305555555556
INC0029120,Group 27,1,5.175694444444445
INC0029121,Group 70,1,5.006944444444445
INC0029122,Group 70,1,5.0472222222222225
INC0029123,Group 70,1,5.045138888888889
INC0029124,Group 70,1,5.294444444444444
INC0029125,Group 70,1,5.04375
INC0029126,Group 53,1,30.209027777777777
INC0029127,Group 70,1,5.038888888888889
INC0029129,Group 59,1,22.033333333333335
INC0029131,Group 25,1,25.075
INC0029132,Group 70,1,5.243055555555555
INC0029133,Group 13,1,0.08958333333333333
INC0029134,Group 70,1,5.029861111111111
INC0029136,Group 55,1,5.0256944444444445
INC0029137,Group 70,1,5.0256944444444445
INC0029138,Group 65,1,3.1555555555555554
INC0029140,Group 28,1,17.353472222222223
INC0029141,Group 70,1,5.019444444444445
INC0029142,Group 70,1,5.018055555555556
INC0029143,Group 69,1,5.018055555555556
INC0029144,Group 28,1,10.264583333333333
INC0029145,Group 70,1,5.053472222222222
INC0029146,Group 70,1,5.011805555555555
INC0029147,Group 70,1,5.011111111111111
INC0029150,Group 70,1,5.216666666666667
INC0029151,Group 70,1,5.006944444444445
INC0029152,Group 24,1,8.29513888888889
INC0029153,Group 48,1,5.211111111111111
INC0029155,Group 70,1,5.209722222222222
INC0029158,Group 70,1,5.039583333333334
INC0029159,Group 70,1,5.038888888888889
INC0029161,Group 70,1,5.038194444444445
INC0029163,Group 66,1,29.0375
INC0029164,Group 70,1,5.0368055555555555
INC0029165,Group 28,1,7.954166666666667
INC0029166,Group 70,1,5.034722222222222
INC0029167,Group 70,1,8.284027777777778
INC0029168,Group 24,1,7.991666666666666
INC0029169,Group 70,1,8.20138888888889
INC0029170,Group 27,1,5.115277777777778
INC0029172,Group 70,1,5.029861111111111
INC0029173,Group 23,1,66.18888888888888
INC0029174,Group 30,1,7.985416666666667
INC0029178,Group 70,1,8.10763888888889
INC0029179,Group 23,1,5.273611111111111
INC0029180,Group 70,1,8.23125
INC0029183,Group 70,1,5.0625
INC0029184,Group 20,1,7.977083333333334
INC0029185,Group 70,1,5.016666666666667
INC0029186,Group 70,1,30.931944444444444
INC0029187,Group 57,1,32.30694444444445
INC0029188,Group 70,1,5.055555555555555
INC0029189,Group 70,1,5.013888888888889
INC0029191,Group 70,1,5.009027777777778
INC0029193,Group 70,1,8.213888888888889
INC0029195,Group 23,1,5.2131944444444445
INC0029196,Group 70,1,8.2125
INC0029197,Group 56,1,5.211111111111111
INC0029198,Group 23,1,67.08125
INC0029199,Group 56,1,7.961111111111111
INC0029200,Group 70,1,5.044444444444444
INC0029202,Group 70,1,5.04375
INC0029204,Group 49,1,5.167361111111111
INC0029206,Group 13,1,5.271527777777778
INC0029207,Group 70,1,10.000694444444445
INC0029208,Group 24,1,7.958333333333333
INC0029209,Group 39,1,10.248611111111112
INC0029210,Group 70,1,5.040277777777778
INC0029211,Group 25,1,11.2875
INC0029212,Group 68,1,22.036805555555556
INC0029215,Group 28,1,10.036805555555556
INC0029216,Group 66,1,22.285416666666666
INC0029217,Group 70,1,5.075694444444444
INC0029219,Group 70,1,5.032638888888889
INC0029220,Group 70,1,5.031944444444444
INC0029221,Group 6,1,16.9875
INC0029222,Group 70,1,15.944444444444445
INC0029224,Group 75,1,12.23263888888889
INC0029225,Group 70,1,5.021527777777778
INC0029226,Group 70,1,8.1875
INC0029227,Group 48,1,5.147916666666666
INC0029229,Group 70,1,16.05763888888889
INC0029230,Group 70,1,5.057638888888889
INC0029231,Group 70,1,5.05625
INC0029232,Group 70,1,5.013194444444444
INC0029233,Group 73,1,9.220833333333333
INC0029235,Group 70,1,5.008333333333334
INC0029239,Group 62,1,7.881944444444445
INC0029240,Group 70,1,5.04375
INC0029241,Group 66,1,225.125
INC0029242,Group 70,1,5.001388888888889
INC0029243,Group 70,1,5.038194444444445
INC0029244,Group 59,1,28.829166666666666
INC0029246,Group 27,1,5.160416666666666
INC0029248,Group 46,1,5.152777777777778
INC0029249,Group 39,1,7.897916666666666
INC0029250,Group 70,1,5.022222222222222
INC0029251,Group 70,1,5.020833333333333
INC0029252,Group 70,1,5.020138888888889
INC0029253,Group 23,1,5.061805555555556
INC0029254,Group 69,1,8.933333333333334
INC0029255,Group 70,1,5.058333333333334
INC0029256,Group 70,1,5.054166666666666
INC0029257,Group 6,1,14.928472222222222
INC0029258,Group 70,1,5.0055555555555555
INC0029260,Group 33,1,10.088194444444444
INC0029261,Group 23,1,5.043055555555555
INC0029263,Group 72,1,15.166666666666666
INC0029264,Group 23,1,5.040972222222222
INC0029265,Group 23,1,5.040277777777778
INC0029267,Group 23,1,5.0375
INC0029268,Group 23,1,5.036111111111111
INC0029269,Group 23,1,5.035416666666666
INC0029270,Group 13,1,10.198611111111111
INC0029272,Group 70,1,5.027777777777778
INC0029273,Group 70,1,5.027083333333334
INC0029274,Group 70,1,9.859027777777778
INC0029275,Group 70,1,5.025
INC0029277,Group 13,1,10.104166666666666
INC0029278,Group 23,1,112.88819444444445
INC0029282,Group 29,1,12.13888888888889
INC0029283,Group 24,1,7.802777777777778
INC0029284,Group 13,1,9.177083333333334
INC0029285,Group 70,1,5.008333333333334
INC0029286,Group 70,1,5.047916666666667
INC0029287,Group 70,1,8.130555555555556
INC0029288,Group 24,1,5.0881944444444445
INC0029289,Group 70,1,9.16875
INC0029290,Group 27,1,5.126388888888889
INC0029291,Group 70,1,5.002083333333333
INC0029292,Group 28,1,5.125
INC0029293,Group 70,1,5.041666666666667
INC0029294,Group 70,1,8.874305555555555
INC0029295,Group 70,1,8.915277777777778
INC0029296,Group 70,1,9.164583333333333
INC0029297,Group 73,1,9.122222222222222
INC0029298,Group 70,1,5.038888888888889
INC0029300,Group 73,1,10.119444444444444
INC0029302,Group 69,1,5.035416666666666
INC0029304,Group 70,1,10.988888888888889
INC0029305,Group 70,1,5.029166666666667
INC0029306,Group 70,1,5.028472222222222
INC0029311,Group 70,1,5.027777777777778
INC0029312,Group 27,1,5.108333333333333
INC0029313,Group 23,1,25.897222222222222
INC0029317,Group 70,1,5.020833333333333
INC0029318,Group 70,1,5.017361111111111
INC0029319,Group 70,1,5.01875
INC0029320,Group 39,1,5.141666666666667
INC0029322,Group 39,1,5.139583333333333
INC0029323,Group 39,1,5.1375
INC0029324,Group 70,1,5.052777777777778
INC0029326,Group 70,1,5.010416666666667
INC0029328,Group 39,1,12.009027777777778
INC0029329,Group 70,1,5.134027777777778
INC0029330,Group 57,1,9.966666666666667
INC0029331,Group 22,1,8.091666666666667
INC0029332,Group 57,1,12.004166666666666
INC0029333,Group 37,1,15.79513888888889
INC0029334,Group 70,1,5.042361111111111
INC0029335,Group 39,1,8.124305555555555
INC0029337,Group 48,1,10.875
INC0029338,Group 66,1,7.70625
INC0029339,Group 72,1,7.788194444444445
INC0029341,Group 70,1,5.036111111111111
INC0029342,Group 39,1,5.117361111111111
INC0029343,Group 29,1,9.99236111111111
INC0029344,Group 39,1,7.784027777777778
INC0029346,Group 70,1,5.032638888888889
INC0029347,Group 70,1,5.032638888888889
INC0029348,Group 30,1,9.8625
INC0029349,Group 70,1,5.027083333333334
INC0029350,Group 70,1,5.023611111111111
INC0029352,Group 70,1,5.021527777777778
INC0029353,Group 28,1,29.020138888888887
INC0029354,Group 23,1,9.895138888888889
INC0029355,Group 29,1,12.179166666666667
INC0029356,Group 70,1,5.011805555555555
INC0029357,Group 10,1,11.970138888888888
INC0029358,Group 73,1,9.05
INC0029359,Group 70,1,5.008333333333334
INC0029360,Group 70,1,5.047916666666667
INC0029362,Group 70,1,5.004166666666666
INC0029363,Group 70,0,218.87222222222223
INC0029364,Group 23,1,9.04513888888889
INC0029365,Group 31,0,10.999305555555555
INC0029366,Group 20,1,38.78611111111111
INC0029367,Group 39,1,7.749305555555556
INC0029368,Group 70,1,8.039583333333333
INC0029369,Group 56,1,11.245833333333334
INC0029370,Group 70,1,5.0368055555555555
INC0029372,Group 70,1,5.035416666666666
INC0029373,Group 39,1,7.74375
INC0029374,Group 70,1,5.034027777777778
INC0029375,Group 31,1,11.950694444444444
INC0029377,Group 69,1,7.701388888888889
INC0029378,Group 70,1,5.029861111111111
INC0029379,Group 33,1,25.778472222222224
INC0029381,Group 70,1,5.027083333333334
INC0029382,Group 73,1,8.985416666666667
INC0029383,Group 39,1,7.7347222222222225
INC0029386,Group 28,1,7.689583333333333
INC0029387,Group 28,1,9.022222222222222
INC0029388,Group 30,1,9.76875
INC0029389,Group 27,1,9.018055555555556
INC0029390,Group 70,1,15.725
INC0029391,Group 70,1,7.8909722222222225
INC0029392,Group 70,1,28.931944444444444
INC0029393,Group 70,1,5.013888888888889
INC0029394,Group 29,1,36.048611111111114
INC0029395,Group 70,1,5.052777777777778
INC0029398,Group 70,1,5.049305555555556
INC0029399,Group 70,1,5.047916666666667
INC0029400,Group 22,1,16.755555555555556
INC0029401,Group 70,1,5.045833333333333
INC0029402,Group 70,1,7.753472222222222
INC0029403,Group 70,1,5.080555555555556
INC0029404,Group 25,1,7.788888888888889
INC0029405,Group 70,1,5.034722222222222
INC0029407,Group 70,1,8.31875
INC0029408,Group 12,1,51.675
INC0029410,Group 70,1,5.089583333333334
INC0029411,Group 70,1,5.036111111111111
INC0029413,Group 70,1,5.043055555555555
INC0029415,Group 70,1,5.022916666666666
INC0029416,Group 22,1,14.600694444444445
INC0029417,Group 70,1,5.0159722222222225
INC0029418,Group 39,1,7.511111111111111
INC0029419,Group 70,1,5.039583333333334
INC0029420,Group 70,1,5.03125
INC0029421,Group 64,1,5.01875
INC0029422,Group 70,1,8.26875
INC0029423,Group 64,1,5.018055555555556
INC0029424,Group 64,1,5.017361111111111
INC0029425,Group 64,1,5.016666666666667
INC0029426,Group 64,1,5.016666666666667
INC0029427,Group 64,1,5.014583333333333
INC0029428,Group 64,1,5.013194444444444
INC0029429,Group 64,1,5.011805555555555
INC0029430,Group 64,1,5.010416666666667
INC0029431,Group 64,1,5.009027777777778
INC0029432,Group 64,1,5.007638888888889
INC0029433,Group 64,1,5.006944444444445
INC0029434,Group 64,1,5.004861111111111
INC0029435,Group 64,1,5.003472222222222
INC0029436,Group 70,1,5.014583333333333
INC0029437,Group 65,1,16.31111111111111
INC0029438,Group 70,1,5.011111111111111
INC0029439,Group 70,1,5.0055555555555555
INC0029440,Group 25,1,5.038888888888889
INC0029441,Group 56,1,7.232638888888889
INC0029442,Group 56,1,7.231944444444444
INC0029443,Group 25,1,8.1625
INC0029445,Group 56,1,7.2027777777777775
INC0029447,Group 70,1,7.236805555555556
INC0029448,Group 25,1,9.238194444444444
INC0029449,Group 56,1,5.010416666666667
INC0029450,Group 70,1,5.036111111111111
INC0029451,Group 27,1,23.27986111111111
INC0029453,Group 25,1,9.228472222222223
INC0029455,Group 25,1,7.305555555555555
INC0029456,Group 70,1,8.217361111111112
INC0029458,Group 24,1,7.040972222222222
INC0029459,Group 54,1,14.161111111111111
INC0029460,Group 70,1,5.029166666666667
INC0029461,Group 70,1,5.024305555555555
INC0029462,Group 22,1,6.84375
INC0029463,Group 70,1,5.010416666666667
INC0029464,Group 70,1,5.006944444444445
INC0029465,Group 70,1,5.041666666666667
INC0029466,Group 70,1,5.027083333333334
INC0029467,Group 70,1,5.040277777777778
INC0029468,Group 70,1,9.784027777777778
INC0029469,Group 24,1,7.777083333333334
INC0029470,Group 54,1,6.9006944444444445
INC0029471,Group 70,1,5.022222222222222
INC0029473,Group 39,1,6.784027777777778
INC0029475,Group 70,1,5.013888888888889
INC0029476,Group 28,1,6.714583333333334
INC0029478,Group 70,1,5.035416666666666
INC0029480,Group 70,1,5.006944444444445
INC0029481,Group 70,1,5.0125
INC0029482,Group 70,1,5.032638888888889
INC0029485,Group 56,1,6.575694444444444
INC0029486,Group 65,1,6.490277777777778
INC0029489,Group 70,1,6.452083333333333
INC0029490,Group 70,1,5.025
INC0029492,Group 56,1,6.575
INC0029493,Group 70,1,5.028472222222222
INC0029495,Group 70,1,7.219444444444444
INC0029496,Group 70,1,5.050694444444445
INC0029498,Group 70,1,5.026388888888889
INC0029499,Group 70,1,5.01875
INC0029500,Group 49,1,6.347916666666666
INC0029501,Group 70,1,5.011111111111111
INC0029502,Group 70,1,5.044444444444444
INC0029503,Group 65,1,5.432638888888889
INC0029505,Group 70,1,5.03125
INC0029506,Group 70,1,7.229861111111111
INC0029508,Group 70,1,6.153472222222222
INC0029509,Group 70,1,5.029166666666667
INC0029510,Group 25,1,14.383333333333333
INC0029511,Group 74,1,7.173611111111111
INC0029512,Group 28,1,8.376388888888888
INC0029514,Group 70,1,10.415972222222223
INC0029517,Group 70,1,5.038888888888889
INC0029518,Group 28,1,6.381944444444445
INC0029519,Group 70,1,5.045138888888889
INC0029522,Group 70,1,5.070138888888889
INC0029524,Group 24,1,13.176388888888889
INC0029526,Group 64,1,5.021527777777778
INC0029527,Group 10,1,9.26736111111111
INC0029529,Group 70,1,15.018055555555556
INC0029530,Group 22,1,5.832638888888889
INC0029531,Group 70,1,5.027083333333334
INC0029532,Group 70,1,5.025
INC0029533,Group 25,1,8.003472222222221
INC0029534,Group 33,1,5.752777777777778
INC0029535,Group 33,1,5.746527777777778
INC0029536,Group 25,1,7.935416666666667
INC0029539,Group 10,1,5.790277777777778
INC0029540,Group 70,1,6.694444444444445
INC0029541,Group 70,1,5.007638888888889
INC0029542,Group 70,1,5.050694444444445
INC0029544,Group 70,1,5.053472222222222
INC0029545,Group 46,1,5.633333333333334
INC0029546,Group 70,1,5.030555555555556
INC0029547,Group 39,1,5.7243055555555555
INC0029548,Group 39,1,5.722916666666666
INC0029550,Group 70,1,7.563194444444444
INC0029551,Group 25,1,104.68194444444444
INC0029552,Group 70,1,5.030555555555556
INC0029553,Group 25,1,5.482638888888889
INC0029554,Group 70,1,5.035416666666666
INC0029556,Group 70,1,5.030555555555556
INC0029557,Group 70,1,5.0256944444444445
INC0029559,Group 70,1,30.351388888888888
INC0029560,Group 37,1,12.765277777777778
INC0029561,Group 70,1,5.036111111111111
INC0029563,Group 70,1,5.030555555555556
INC0029564,Group 66,1,20.31875
INC0029569,Group 70,1,5.041666666666667
INC0029570,Group 70,1,5.0368055555555555
INC0029571,Group 39,1,5.427083333333333
INC0029572,Group 28,1,5.292361111111111
INC0029573,Group 70,1,5.035416666666666
INC0029575,Group 37,1,5.1194444444444445
INC0029576,Group 55,1,7.202083333333333
INC0029577,Group 70,1,5.030555555555556
INC0029578,Group 70,1,5.029861111111111
INC0029580,Group 70,1,12.140972222222222
INC0029583,Group 70,1,5.054166666666666
INC0029584,Group 70,1,5.044444444444444
INC0029586,Group 70,1,5.040277777777778
INC0029587,Group 61,1,27.113888888888887
INC0029588,Group 27,1,5.102083333333334
INC0029589,Group 70,1,5.018055555555556
INC0029590,Group 70,1,5.392361111111111
INC0029591,Group 73,1,5.134722222222222
INC0029592,Group 24,1,5.050694444444445
INC0029593,Group 3,1,117.37777777777778
INC0029594,Group 70,1,5.006944444444445
INC0029595,Group 65,1,8.13125
INC0029596,Group 70,1,5.045138888888889
INC0029597,Group 70,1,5.044444444444444
INC0029598,Group 70,1,5.04375
INC0029601,Group 70,1,5.041666666666667
INC0029602,Group 24,1,9.082638888888889
INC0029604,Group 70,1,5.081944444444445
INC0029605,Group 70,1,5.039583333333334
INC0029606,Group 55,1,5.1625
INC0029607,Group 70,1,5.0368055555555555
INC0029608,Group 70,1,5.368055555555555
INC0029609,Group 70,1,5.034722222222222
INC0029610,Group 70,1,5.034027777777778
INC0029611,Group 24,1,7.281944444444444
INC0029612,Group 70,1,5.031944444444444
INC0029614,Group 25,1,8.364583333333334
INC0029615,Group 28,1,5.029861111111111
INC0029616,Group 70,1,5.027777777777778
INC0029617,Group 70,1,5.027083333333334
INC0029618,Group 70,1,5.0256944444444445
INC0029619,Group 24,1,5.1090277777777775
INC0029620,Group 70,1,5.0256944444444445
INC0029622,Group 70,1,5.024305555555555
INC0029626,Group 70,1,5.022916666666666
INC0029627,Group 70,1,5.022916666666666
INC0029628,Group 6,1,7.355555555555555
INC0029629,Group 70,1,5.021527777777778
INC0029630,Group 70,1,5.020833333333333
INC0029631,Group 70,1,5.020833333333333
INC0029632,Group 70,1,5.061111111111111
INC0029634,Group 70,1,5.016666666666667
INC0029635,Group 24,1,5.057638888888889
INC0029637,Group 70,1,5.0152777777777775
INC0029638,Group 70,1,5.0569444444444445
INC0029639,Group 39,1,6.263888888888889
INC0029640,Group 70,1,5.013888888888889
INC0029641,Group 70,1,5.013888888888889
INC0029644,Group 70,1,5.054861111111111
INC0029645,Group 70,1,5.054166666666666
INC0029646,Group 46,1,5.054166666666666
INC0029647,Group 70,1,5.053472222222222
INC0029648,Group 70,1,5.011805555555555
INC0029652,Group 70,1,5.009722222222222
INC0029653,Group 70,1,5.009722222222222
INC0029654,Group 24,1,6.134722222222222
INC0029655,Group 70,1,5.009027777777778
INC0029656,Group 70,1,5.298611111111111
INC0029657,Group 23,1,5.257638888888889
INC0029658,Group 23,1,6.379861111111111
INC0029659,Group 70,1,5.004861111111111
INC0029660,Group 70,1,5.006944444444445
INC0029661,Group 70,1,5.045833333333333
INC0029663,Group 61,1,27.04513888888889
INC0029665,Group 24,1,5.252083333333333
INC0029666,Group 70,1,5.043055555555555
INC0029667,Group 70,1,5.042361111111111
INC0029668,Group 70,1,5.041666666666667
INC0029669,Group 37,1,30.375
INC0029671,Group 20,1,5.040972222222222
INC0029672,Group 70,1,5.081944444444445
INC0029673,Group 70,1,5.039583333333334
INC0029674,Group 70,1,5.038888888888889
INC0029675,Group 74,1,6.080555555555556
INC0029676,Group 70,1,19.0375
INC0029677,Group 39,1,5.245833333333334
INC0029678,Group 12,1,7.247222222222222
INC0029679,Group 70,1,5.036111111111111
INC0029680,Group 70,1,5.036111111111111
INC0029681,Group 70,1,5.035416666666666
INC0029682,Group 70,1,5.034722222222222
INC0029683,Group 39,1,5.242361111111111
INC0029684,Group 39,1,5.242361111111111
INC0029685,Group 70,1,5.031944444444444
INC0029686,Group 70,1,5.031944444444444
INC0029687,Group 70,1,5.031944444444444
INC0029688,Group 70,1,5.03125
INC0029690,Group 70,1,5.03125
INC0029691,Group 70,1,5.238888888888889
INC0029693,Group 20,1,11.988194444444444
INC0029695,Group 70,1,5.235416666666667
INC0029696,Group 39,1,44.270833333333336
INC0029697,Group 24,1,5.0256944444444445
INC0029699,Group 20,1,14.4
INC0029700,Group 70,1,5.024305555555555
INC0029701,Group 65,1,8.231944444444444
INC0029702,Group 70,1,5.022222222222222
INC0029704,Group 73,1,9.271527777777777
INC0029705,Group 24,1,21.979861111111113
INC0029706,Group 70,1,5.020833333333333
INC0029707,Group 70,1,5.020138888888889
INC0029708,Group 70,1,5.020138888888889
INC0029710,Group 30,1,30.096527777777776
INC0029712,Group 58,1,8.225694444444445
INC0029713,Group 70,1,5.017361111111111
INC0029714,Group 70,1,5.0159722222222225
INC0029715,Group 31,1,44.21875
INC0029716,Group 65,1,90.05069444444445
INC0029717,Group 13,1,1.1472222222222221
INC0029718,Group 20,1,8.3875
INC0029719,Group 70,1,5.014583333333333
INC0029721,Group 39,1,5.219444444444444
INC0029722,Group 70,1,5.010416666666667
INC0029723,Group 75,1,9.302083333333334
INC0029724,Group 70,1,13.135416666666666
INC0029725,Group 25,1,5.052083333333333
INC0029726,Group 70,1,5.134027777777778
INC0029727,Group 70,1,5.009027777777778
INC0029728,Group 70,1,5.009027777777778
INC0029729,Group 57,1,5.089583333333334
INC0029730,Group 70,1,5.047916666666667
INC0029731,Group 65,1,51.831944444444446
INC0029732,Group 54,1,5.211805555555555
INC0029733,Group 27,1,5.960416666666666
INC0029734,Group 39,1,5.210416666666666
INC0029735,Group 76,1,6.334027777777778
INC0029736,Group 70,1,5.041666666666667
INC0029737,Group 72,1,5.040972222222222
INC0029738,Group 70,1,5.040972222222222
INC0029740,Group 70,1,5.039583333333334
INC0029745,Group 70,1,5.0375
INC0029746,Group 70,1,5.0375
INC0029747,Group 70,1,5.0368055555555555
INC0029748,Group 30,1,5.245138888888889
INC0029749,Group 70,1,5.035416666666666
INC0029750,Group 70,1,5.035416666666666
INC0029752,Group 70,1,5.033333333333333
INC0029753,Group 70,1,5.032638888888889
INC0029754,Group 70,1,5.032638888888889
INC0029755,Group 70,1,5.031944444444444
INC0029757,Group 70,1,5.113194444444445
INC0029758,Group 39,1,20.238194444444446
INC0029760,Group 70,1,5.029166666666667
INC0029763,Group 20,1,6.195833333333334
INC0029764,Group 24,1,5.195138888888889
INC0029765,Group 25,1,19.19375
INC0029766,Group 70,1,5.027083333333334
INC0029767,Group 70,1,5.027083333333334
INC0029769,Group 70,1,5.0256944444444445
INC0029770,Group 70,1,5.025
INC0029771,Group 31,1,5.148611111111111
INC0029772,Group 23,1,41.268055555555556
INC0029773,Group 49,1,5.230555555555555
INC0029774,Group 70,1,5.190972222222222
INC0029775,Group 23,1,33.015972222222224
INC0029778,Group 31,1,5.143055555555556
INC0029779,Group 31,1,5.142361111111111
INC0029780,Group 31,1,7.267361111111111
INC0029781,Group 70,1,19.975694444444443
INC0029782,Group 70,1,5.016666666666667
INC0029785,Group 24,1,5.182638888888889
INC0029788,Group 70,1,5.054861111111111
INC0029789,Group 70,1,5.0125
INC0029790,Group 24,1,5.929166666666666
INC0029791,Group 70,1,5.053472222222222
INC0029792,Group 28,1,6.260416666666667
INC0029794,Group 60,1,5.259027777777778
INC0029795,Group 70,1,5.091666666666667
INC0029796,Group 70,1,5.007638888888889
INC0029797,Group 70,1,117.91875
INC0029798,Group 44,1,5.213888888888889
INC0029800,Group 39,1,5.295833333333333
INC0029801,Group 70,1,5.044444444444444
INC0029802,Group 9,1,208.03819444444446
INC0029803,Group 55,1,5.042361111111111
INC0029804,Group 39,1,5.291666666666667
INC0029805,Group 70,1,5.040972222222222
INC0029806,Group 70,1,5.040277777777778
INC0029807,Group 70,1,5.040277777777778
INC0029809,Group 70,1,5.039583333333334
INC0029811,Group 31,1,8.038194444444445
INC0029812,Group 70,1,5.038194444444445
INC0029813,Group 70,1,5.074305555555555
INC0029814,Group 70,1,5.031944444444444
INC0029815,Group 70,1,5.073611111111111
INC0029819,Group 39,1,5.154861111111111
INC0029820,Group 70,1,5.029166666666667
INC0029822,Group 72,1,9.027083333333334
INC0029823,Group 10,1,12.151388888888889
INC0029825,Group 70,1,5.19375
INC0029828,Group 20,1,8.022222222222222
INC0029830,Group 70,1,30.43125
INC0029831,Group 61,1,41.015972222222224
INC0029833,Group 6,1,5.228472222222222
INC0029835,Group 33,1,6.936111111111111
INC0029837,Group 70,1,5.018055555555556
INC0029839,Group 39,1,5.143055555555556
INC0029840,Group 24,1,5.100694444444445
INC0029843,Group 70,1,5.016666666666667
INC0029844,Group 73,1,6.182638888888889
INC0029846,Group 20,1,7.1409722222222225
INC0029853,Group 30,1,5.013194444444444
INC0029856,Group 25,1,7.096527777777778
INC0029858,Group 70,1,5.010416666666667
INC0029859,Group 56,1,5.174305555555556
INC0029860,Group 70,1,5.048611111111111
INC0029861,Group 76,1,6.0881944444444445
INC0029862,Group 70,1,5.0465277777777775
INC0029864,Group 30,1,5.045833333333333
INC0029865,Group 70,1,5.042361111111111
INC0029867,Group 57,1,5.166666666666667
INC0029868,Group 70,1,5.040972222222222
INC0029869,Group 70,1,5.040972222222222
INC0029872,Group 30,1,5.038888888888889
INC0029875,Group 30,1,5.035416666666666
INC0029876,Group 70,1,5.031944444444444
INC0029877,Group 70,1,33.11388888888889
INC0029878,Group 27,1,7.196527777777778
INC0029880,Group 70,1,5.145833333333333
INC0029881,Group 70,1,5.0159722222222225
INC0029882,Group 70,1,5.0152777777777775
INC0029883,Group 70,1,5.010416666666667
INC0029884,Group 70,1,5.050694444444445
INC0029885,Group 70,1,5.0465277777777775
INC0029886,Group 70,1,13.045833333333333
INC0029887,Group 57,1,33.079861111111114
INC0029888,Group 24,1,5.834722222222222
INC0029889,Group 70,1,5.042361111111111
INC0029890,Group 70,1,5.125
INC0029891,Group 39,1,7.950694444444444
INC0029892,Group 70,1,5.033333333333333
INC0029893,Group 70,1,5.03125
INC0029894,Group 70,1,5.029861111111111
INC0029895,Group 37,1,13.820833333333333
INC0029896,Group 48,1,6.945138888888889
INC0029897,Group 70,1,5.027083333333334
INC0029898,Group 70,1,5.025
INC0029899,Group 70,1,5.024305555555555
INC0029900,Group 6,1,35.97569444444444
INC0029902,Group 70,1,5.061805555555556
INC0029904,Group 70,1,5.020138888888889
INC0029905,Group 23,1,6.936111111111111
INC0029906,Group 46,1,5.017361111111111
INC0029907,Group 25,1,99.975
INC0029908,Group 46,1,5.057638888888889
INC0029913,Group 33,1,19.009722222222223
INC0029914,Group 6,1,42.21319444444445
INC0029915,Group 70,1,5.009027777777778
INC0029919,Group 39,1,14.004861111111111
INC0029920,Group 72,1,5.170833333333333
INC0029921,Group 70,1,5.004861111111111
INC0029922,Group 31,0,7.085416666666666
INC0029923,Group 54,1,30.03611111111111
INC0029924,Group 70,1,5.040972222222222
INC0029926,Group 10,1,7.080555555555556
INC0029928,Group 70,1,5.0375
INC0029929,Group 70,1,5.0368055555555555
INC0029930,Group 70,1,5.0368055555555555
INC0029931,Group 70,1,5.032638888888889
INC0029932,Group 70,1,5.03125
INC0029933,Group 70,1,5.030555555555556
INC0029934,Group 70,1,5.1125
INC0029936,Group 31,1,6.9006944444444445
INC0029937,Group 29,1,14.150694444444444
INC0029938,Group 70,1,5.025
INC0029939,Group 70,1,5.024305555555555
INC0029941,Group 28,1,11.977083333333333
INC0029942,Group 24,1,5.014583333333333
INC0029943,Group 24,1,40.96805555555556
INC0029946,Group 39,1,7.763194444444444
INC0029947,Group 70,1,5.052777777777778
INC0029948,Group 70,1,5.049305555555556
INC0029950,Group 23,1,6.88125
INC0029951,Group 73,1,5.086805555555555
INC0029952,Group 21,1,8.128472222222221
INC0029953,Group 70,1,5.044444444444444
INC0029954,Group 70,1,5.044444444444444
INC0029955,Group 70,1,11.793055555555556
INC0029956,Group 13,1,6.166666666666667
INC0029957,Group 70,1,7.957638888888889
INC0029959,Group 37,1,36.078472222222224
INC0029961,Group 70,1,5.036111111111111
INC0029962,Group 24,1,21.74652777777778
INC0029963,Group 70,1,5.035416666666666
INC0029964,Group 34,1,6.117361111111111
INC0029965,Group 56,1,5.034027777777778
INC0029966,Group 70,1,5.033333333333333
INC0029967,Group 70,1,5.032638888888889
INC0029968,Group 70,1,5.074305555555555
INC0029971,Group 70,1,5.78125
INC0029972,Group 70,1,5.072916666666667
INC0029975,Group 70,1,5.025
INC0029976,Group 70,1,5.775
INC0029977,Group 28,1,5.773611111111111
INC0029978,Group 23,1,6.855555555555555
INC0029979,Group 70,1,18.770138888888887
INC0029980,Group 25,1,7.020138888888889
INC0029981,Group 70,1,5.01875
INC0029982,Group 70,1,11.893055555555556
INC0029983,Group 28,1,5.725
INC0029984,Group 70,1,8.140972222222222
INC0029985,Group 70,1,5.057638888888889
INC0029986,Group 70,1,5.0152777777777775
INC0029987,Group 57,1,70.09305555555555
INC0029990,Group 70,1,5.013194444444444
INC0029991,Group 70,1,5.842361111111111
INC0029992,Group 70,1,5.007638888888889
INC0029993,Group 28,1,5.965972222222222
INC0029994,Group 70,1,5.008333333333334
INC0029995,Group 70,1,5.006944444444445
INC0029996,Group 70,1,5.042361111111111
INC0029997,Group 70,1,5.041666666666667
INC0029998,Group 70,1,5.040972222222222
INC0029999,Group 70,1,5.039583333333334
INC0030000,Group 33,1,6.038888888888889
INC0030002,Group 70,1,5.0368055555555555
INC0030003,Group 12,1,12.077083333333333
INC0030004,Group 75,1,33.02986111111111
INC0030006,Group 33,1,5.782638888888889
INC0030007,Group 10,1,41.77777777777778
INC0030008,Group 70,1,5.030555555555556
INC0030009,Group 70,1,5.028472222222222
INC0030011,Group 75,1,55.14791666666667
INC0030012,Group 46,1,5.779166666666667
INC0030013,Group 57,1,5.7347222222222225
INC0030014,Group 70,1,5.025
INC0030015,Group 70,1,5.024305555555555
INC0030016,Group 12,1,6.064583333333333
INC0030017,Group 9,1,162.05972222222223
INC0030018,Group 28,1,5.730555555555555
INC0030019,Group 27,1,7.020833333333333
INC0030021,Group 70,1,11.853472222222223
INC0030022,Group 25,1,6.852777777777778
INC0030023,Group 25,1,6.936111111111111
INC0030024,Group 10,1,9.01875
INC0030026,Group 20,1,5.93125
INC0030027,Group 70,1,5.013194444444444
INC0030028,Group 39,1,6.970138888888889
INC0030029,Group 70,1,7.844444444444444
INC0030030,Group 70,1,5.010416666666667
INC0030032,Group 33,1,6.715277777777778
INC0030033,Group 54,1,5.672916666666667
INC0030034,Group 70,1,5.045138888888889
INC0030035,Group 33,1,6.711805555555555
INC0030036,Group 22,1,5.91875
INC0030037,Group 22,1,5.915972222222222
INC0030038,Group 70,1,5.0368055555555555
INC0030039,Group 72,1,6.992361111111111
INC0030040,Group 31,1,6.784722222222222
INC0030041,Group 22,1,7.990277777777778
INC0030042,Group 29,1,5.90625
INC0030043,Group 24,1,34.64930555555556
INC0030044,Group 39,1,8.69375
INC0030045,Group 57,1,12.734027777777778
INC0030046,Group 70,1,5.023611111111111
INC0030047,Group 70,1,5.01875
INC0030048,Group 24,1,5.888888888888889
INC0030049,Group 70,1,5.011805555555555
INC0030051,Group 70,1,6.09375
INC0030052,Group 24,1,7.634722222222222
INC0030053,Group 70,1,5.00625
INC0030054,Group 23,1,7.832638888888889
INC0030055,Group 70,1,5.040277777777778
INC0030056,Group 23,1,7.74375
INC0030059,Group 65,1,5.883333333333334
INC0030061,Group 70,1,5.0375
INC0030062,Group 70,1,5.0784722222222225
INC0030065,Group 39,1,5.821527777777778
INC0030066,Group 22,1,5.605555555555555
INC0030067,Group 70,1,5.048611111111111
INC0030068,Group 70,1,5.039583333333334
INC0030069,Group 28,1,5.788888888888889
INC0030070,Group 25,1,11.655555555555555
INC0030071,Group 70,1,5.027777777777778
INC0030073,Group 70,1,5.025
INC0030074,Group 70,1,29.76388888888889
INC0030076,Group 70,1,5.038194444444445
INC0030077,Group 59,1,8.81875
INC0030078,Group 58,1,5.438888888888889
INC0030079,Group 70,1,5.040972222222222
INC0030082,Group 25,1,12.7
INC0030083,Group 65,1,5.409722222222222
INC0030084,Group 70,1,5.0256944444444445
INC0030086,Group 28,1,18.544444444444444
INC0030089,Group 70,1,5.009027777777778
INC0030091,Group 70,1,5.03125
INC0030093,Group 25,1,12.509722222222223
INC0030095,Group 70,1,5.0368055555555555
INC0030096,Group 20,1,5.653472222222222
INC0030097,Group 70,1,5.020138888888889
INC0030099,Group 72,1,11.45486111111111
INC0030100,Group 70,1,5.0159722222222225
INC0030101,Group 70,1,5.09375
INC0030106,Group 70,1,5.0125
INC0030107,Group 70,1,5.054166666666666
INC0030109,Group 59,1,5.218055555555556
INC0030110,Group 70,1,5.004861111111111
INC0030111,Group 70,1,6.045833333333333
INC0030112,Group 29,1,7.336111111111111
INC0030113,Group 74,1,12.127777777777778
INC0030114,Group 70,1,5.04375
INC0030115,Group 69,1,5.084722222222222
INC0030117,Group 27,1,5.124305555555556
INC0030118,Group 70,1,5.040277777777778
INC0030120,Group 49,1,5.079166666666667
INC0030121,Group 24,1,5.159027777777778
INC0030122,Group 70,1,5.034027777777778
INC0030124,Group 65,1,7.033333333333333
INC0030125,Group 25,1,11.155555555555555
INC0030126,Group 70,1,5.029861111111111
INC0030127,Group 54,1,11.320833333333333
INC0030132,Group 24,1,5.151388888888889
INC0030133,Group 24,1,5.275
INC0030134,Group 61,1,26.06597222222222
INC0030135,Group 70,1,5.024305555555555
INC0030136,Group 25,1,12.190277777777778
INC0030138,Group 70,1,5.147916666666666
INC0030139,Group 70,1,5.022916666666666
INC0030140,Group 70,1,6.022916666666666
INC0030141,Group 70,1,5.022222222222222
INC0030142,Group 25,1,5.104861111111111
INC0030143,Group 70,1,5.0625
INC0030144,Group 39,1,5.311111111111111
INC0030146,Group 54,1,18.101388888888888
INC0030147,Group 24,1,5.267361111111111
INC0030148,Group 70,1,5.059027777777778
INC0030149,Group 24,1,5.304861111111111
INC0030150,Group 70,1,5.011805555555555
INC0030151,Group 25,1,6.302083333333333
INC0030152,Group 70,1,5.008333333333334
INC0030153,Group 39,1,5.132638888888889
INC0030154,Group 70,1,5.049305555555556
INC0030155,Group 70,1,5.006944444444445
INC0030156,Group 70,1,5.048611111111111
INC0030157,Group 56,1,7.548611111111111
INC0030158,Group 28,1,6.2972222222222225
INC0030160,Group 73,1,6.336805555555555
INC0030162,Group 10,1,6.044444444444444
INC0030163,Group 70,1,5.04375
INC0030164,Group 39,1,5.127083333333333
INC0030166,Group 70,1,5.042361111111111
INC0030168,Group 70,1,5.038194444444445
INC0030169,Group 70,1,5.0375
INC0030170,Group 20,1,3.0256944444444445
INC0030174,Group 70,1,5.0368055555555555
INC0030175,Group 72,1,8.119444444444444
INC0030176,Group 25,1,5.120833333333334
INC0030177,Group 25,1,6.202083333333333
INC0030178,Group 70,1,5.034722222222222
INC0030179,Group 39,1,5.284722222222222
INC0030180,Group 70,1,5.033333333333333
INC0030181,Group 70,1,5.032638888888889
INC0030182,Group 62,1,5.28125
INC0030185,Group 70,1,5.029166666666667
INC0030186,Group 25,1,5.986111111111111
INC0030187,Group 12,1,11.36111111111111
INC0030189,Group 70,1,5.276388888888889
INC0030191,Group 75,1,12.275
INC0030192,Group 70,1,5.025
INC0030194,Group 70,1,5.025
INC0030195,Group 39,1,5.107638888888889
INC0030196,Group 70,1,5.022916666666666
INC0030197,Group 39,1,5.271527777777778
INC0030198,Group 70,1,5.019444444444445
INC0030199,Group 70,1,5.019444444444445
INC0030200,Group 25,1,159.1784722222222
INC0030201,Group 23,1,22.099305555555556
INC0030202,Group 10,1,5.9743055555555555
INC0030203,Group 70,1,5.0159722222222225
INC0030204,Group 29,1,15.431944444444444
INC0030205,Group 6,1,7.18125
INC0030207,Group 10,1,27.096527777777776
INC0030208,Group 29,1,6.2625
INC0030209,Group 70,1,5.011805555555555
INC0030210,Group 70,1,5.052777777777778
INC0030212,Group 29,1,6.260416666666667
INC0030213,Group 29,1,6.259027777777778
INC0030214,Group 30,1,5.009027777777778
INC0030215,Group 70,1,5.050694444444445
INC0030217,Group 30,1,5.007638888888889
INC0030218,Group 70,1,6.048611111111111
INC0030219,Group 25,1,5.048611111111111
INC0030220,Group 70,1,5.047916666666667
INC0030221,Group 70,1,6.00625
INC0030222,Group 21,1,8.297222222222222
INC0030223,Group 70,1,5.004166666666666
INC0030224,Group 46,1,5.0472222222222225
INC0030225,Group 70,1,5.004861111111111
INC0030226,Group 70,1,5.043055555555555
INC0030227,Group 70,1,5.040972222222222
INC0030228,Group 70,1,5.040277777777778
INC0030229,Group 23,1,109.20208333333333
INC0030231,Group 70,1,5.039583333333334
INC0030232,Group 24,1,41.28402777777778
INC0030233,Group 70,1,5.036111111111111
INC0030235,Group 22,1,5.284027777777778
INC0030236,Group 55,1,5.031944444444444
INC0030237,Group 39,1,18.238888888888887
INC0030238,Group 70,1,7.279861111111111
INC0030239,Group 70,1,5.9430555555555555
INC0030240,Group 70,1,11.10763888888889
INC0030241,Group 70,1,5.061111111111111
INC0030242,Group 70,1,5.017361111111111
INC0030243,Group 10,1,7.183333333333334
INC0030244,Group 73,1,10.932638888888889
INC0030245,Group 72,1,60.13472222222222
INC0030248,Group 70,1,11.0125
INC0030250,Group 6,1,5.094444444444444
INC0030251,Group 6,1,11.134722222222223
INC0030252,Group 70,1,5.049305555555556
INC0030253,Group 13,1,0.09722222222222222
INC0030254,Group 70,1,5.0472222222222225
INC0030256,Group 66,1,32.956944444444446
INC0030257,Group 25,1,11.211805555555555
INC0030258,Group 54,1,29.165277777777778
INC0030259,Group 27,1,42.24861111111111
INC0030260,Group 29,1,6.252777777777778
INC0030262,Group 22,1,6.293055555555555
INC0030264,Group 49,1,6.042361111111111
INC0030265,Group 70,1,5.041666666666667
INC0030266,Group 70,1,5.040277777777778
INC0030267,Group 70,1,8.206944444444444
INC0030270,Group 29,1,11.246527777777779
INC0030273,Group 29,1,11.204166666666667
INC0030274,Group 22,1,6.995138888888889
INC0030275,Group 70,1,5.9527777777777775
INC0030276,Group 70,1,5.036111111111111
INC0030278,Group 66,1,11.244444444444444
INC0030279,Group 25,1,7.952083333333333
INC0030280,Group 56,1,5.36875
INC0030283,Group 25,1,12.949305555555556
INC0030284,Group 70,1,5.282638888888889
INC0030286,Group 73,1,6.906944444444444
INC0030287,Group 70,1,5.03125
INC0030288,Group 39,1,6.197916666666667
INC0030290,Group 6,1,5.113194444444445
INC0030291,Group 70,1,5.024305555555555
INC0030292,Group 56,1,7.440277777777778
INC0030293,Group 25,1,11.022222222222222
INC0030294,Group 39,1,5.063888888888889
INC0030295,Group 70,1,8.229166666666666
INC0030296,Group 21,1,8.186805555555555
INC0030298,Group 70,1,5.018055555555556
INC0030299,Group 39,1,5.184027777777778
INC0030300,Group 39,1,5.059027777777778
INC0030302,Group 39,1,11.098611111111111
INC0030303,Group 70,1,5.014583333333333
INC0030304,Group 45,1,5.138888888888889
INC0030305,Group 39,1,6.178472222222222
INC0030306,Group 25,1,8.134722222222223
INC0030307,Group 70,1,5.011111111111111
INC0030308,Group 25,1,7.216666666666667
INC0030309,Group 22,1,5.089583333333334
INC0030310,Group 70,1,5.045833333333333
INC0030311,Group 29,1,5.004166666666666
INC0030312,Group 70,1,5.045138888888889
INC0030313,Group 37,1,11.33611111111111
INC0030314,Group 70,1,5.044444444444444
INC0030315,Group 29,1,5.003472222222222
INC0030316,Group 24,1,5.084722222222222
INC0030317,Group 70,1,5.041666666666667
INC0030318,Group 25,1,10.916666666666666
INC0030320,Group 29,1,5.040972222222222
INC0030322,Group 39,1,7.289583333333334
INC0030324,Group 76,1,5.9534722222222225
INC0030325,Group 70,1,5.0368055555555555
INC0030326,Group 10,1,6.950694444444444
INC0030327,Group 37,1,10.908333333333333
INC0030329,Group 70,1,5.03125
INC0030330,Group 70,1,5.071527777777778
INC0030331,Group 25,1,17.986805555555556
INC0030332,Group 70,1,5.028472222222222
INC0030334,Group 70,1,5.027777777777778
INC0030335,Group 70,1,5.027777777777778
INC0030336,Group 70,1,5.026388888888889
INC0030339,Group 24,1,7.104166666666667
INC0030340,Group 70,1,5.019444444444445
INC0030342,Group 70,1,5.013194444444444
INC0030343,Group 70,1,10.8875
INC0030344,Group 70,1,5.095833333333333
INC0030345,Group 70,1,10.925
INC0030347,Group 70,1,5.007638888888889
INC0030348,Group 39,1,5.132638888888889
INC0030352,Group 56,1,7.829861111111111
INC0030353,Group 70,1,10.9125
INC0030354,Group 74,1,5.077083333333333
INC0030355,Group 24,1,5.077083333333333
INC0030357,Group 70,1,5.032638888888889
INC0030358,Group 70,1,5.074305555555555
INC0030360,Group 70,1,5.027777777777778
INC0030361,Group 70,1,5.026388888888889
INC0030362,Group 23,1,5.816666666666666
INC0030363,Group 73,1,6.149305555555555
INC0030364,Group 70,1,5.024305555555555
INC0030365,Group 46,1,10.981944444444444
INC0030366,Group 39,1,5.104166666666667
INC0030367,Group 73,1,8.103472222222223
INC0030368,Group 70,1,5.019444444444445
INC0030369,Group 25,1,56.138194444444444
INC0030370,Group 70,1,5.0569444444444445
INC0030371,Group 70,1,5.014583333333333
INC0030373,Group 70,1,5.013194444444444
INC0030374,Group 57,1,11.013194444444444
INC0030376,Group 23,1,62.96458333333333
INC0030378,Group 33,1,36.12916666666667
INC0030379,Group 70,1,5.049305555555556
INC0030380,Group 70,1,5.009722222222222
INC0030381,Group 31,1,5.922916666666667
INC0030382,Group 70,1,5.795833333333333
INC0030384,Group 70,1,5.044444444444444
INC0030385,Group 70,1,5.004166666666666
INC0030386,Group 24,1,6.916666666666667
INC0030387,Group 24,1,5.040277777777778
INC0030388,Group 70,1,5.039583333333334
INC0030389,Group 10,1,5.164583333333334
INC0030390,Group 39,1,5.0784722222222225
INC0030391,Group 20,1,90.18125
INC0030392,Group 72,1,7.908333333333333
INC0030395,Group 70,1,12.03125
INC0030397,Group 28,1,5.905555555555556
INC0030399,Group 72,1,5.070833333333334
INC0030401,Group 70,1,5.026388888888889
INC0030402,Group 24,1,5.025
INC0030404,Group 70,1,5.065277777777778
INC0030405,Group 57,1,70.18958333333333
INC0030406,Group 70,1,5.022916666666666
INC0030408,Group 70,1,5.022222222222222
INC0030409,Group 70,1,5.020833333333333
INC0030410,Group 70,1,5.020138888888889
INC0030411,Group 29,1,7.061111111111111
INC0030412,Group 25,1,5.144444444444445
INC0030413,Group 17,1,40.1375
INC0030414,Group 23,1,6.892361111111111
INC0030416,Group 22,1,6.141666666666667
INC0030417,Group 24,1,5.05625
INC0030418,Group 70,1,5.055555555555555
INC0030420,Group 70,1,5.013888888888889
INC0030421,Group 70,1,10.761805555555556
INC0030422,Group 70,1,5.009027777777778
INC0030424,Group 70,1,5.00625
INC0030425,Group 24,1,5.8375
INC0030426,Group 70,1,12.003472222222221
INC0030427,Group 70,1,5.003472222222222
INC0030428,Group 70,1,5.04375
INC0030429,Group 70,1,5.04375
INC0030430,Group 70,1,5.002777777777778
INC0030431,Group 70,1,5.040972222222222
INC0030432,Group 70,1,13.080555555555556
INC0030433,Group 24,1,5.911111111111111
INC0030435,Group 70,1,5.034027777777778
INC0030437,Group 70,1,5.075694444444444
INC0030438,Group 39,1,5.034027777777778
INC0030439,Group 70,1,5.027777777777778
INC0030440,Group 72,1,7.815277777777778
INC0030442,Group 70,1,19.771527777777777
INC0030443,Group 70,1,5.01875
INC0030444,Group 70,1,5.76875
INC0030445,Group 70,1,5.059722222222222
INC0030446,Group 25,1,6.975
INC0030447,Group 68,1,5.933333333333334
INC0030448,Group 24,1,40.88194444444444
INC0030451,Group 70,1,5.007638888888889
INC0030452,Group 70,1,5.381944444444445
INC0030453,Group 70,1,5.0472222222222225
INC0030454,Group 39,1,5.0881944444444445
INC0030456,Group 70,1,5.045138888888889
INC0030457,Group 25,1,5.960416666666666
INC0030458,Group 46,1,5.040277777777778
INC0030460,Group 64,1,34.87291666666667
INC0030461,Group 39,1,5.079861111111111
INC0030462,Group 70,1,5.035416666666666
INC0030463,Group 70,1,5.034027777777778
INC0030464,Group 70,1,5.034027777777778
INC0030465,Group 46,1,18.825
INC0030466,Group 24,1,5.78125
INC0030467,Group 48,1,6.822916666666667
INC0030468,Group 73,1,5.820833333333334
INC0030469,Group 70,1,5.026388888888889
INC0030471,Group 70,1,5.025
INC0030472,Group 70,1,5.065972222222222
INC0030473,Group 6,1,90.77361111111111
INC0030474,Group 70,1,5.022916666666666
INC0030476,Group 5,1,6.7652777777777775
INC0030477,Group 30,1,5.0125
INC0030478,Group 70,1,5.011805555555555
INC0030479,Group 30,1,5.009722222222222
INC0030480,Group 12,1,11.05
INC0030481,Group 22,1,11.968055555555555
INC0030483,Group 70,1,5.045138888888889
INC0030484,Group 70,1,7.878472222222222
INC0030485,Group 70,1,5.04375
INC0030486,Group 70,1,5.040972222222222
INC0030487,Group 27,1,5.659027777777778
INC0030489,Group 70,1,5.033333333333333
INC0030490,Group 37,1,28.77777777777778
INC0030491,Group 39,1,5.031944444444444
INC0030492,Group 27,1,5.986805555555556
INC0030493,Group 70,1,5.022222222222222
INC0030494,Group 27,1,5.9743055555555555
INC0030495,Group 27,1,20.763194444444444
INC0030497,Group 70,1,5.050694444444445
INC0030498,Group 37,1,17.75347222222222
INC0030500,Group 37,1,34.950694444444444
INC0030502,Group 70,1,5.034722222222222
INC0030503,Group 70,1,5.013194444444444
INC0030504,Group 56,1,5.845138888888889
INC0030505,Group 70,1,5.002083333333333
INC0030506,Group 70,1,5.039583333333334
INC0030507,Group 70,1,5.036111111111111
INC0030508,Group 70,1,5.031944444444444
INC0030509,Group 70,1,11.82013888888889
INC0030510,Group 25,1,6.808333333333334
INC0030511,Group 70,1,5.014583333333333
INC0030512,Group 70,1,10.63125
INC0030513,Group 25,1,5.003472222222222
INC0030514,Group 22,1,5.917361111111111
INC0030515,Group 70,1,5.038194444444445
INC0030516,Group 70,1,5.033333333333333
INC0030517,Group 70,1,5.030555555555556
INC0030520,Group 37,1,6.852083333333334
INC0030521,Group 28,1,5.5159722222222225
INC0030523,Group 70,1,5.044444444444444
INC0030525,Group 22,1,5.873611111111111
INC0030526,Group 70,1,5.039583333333334
INC0030527,Group 70,1,5.038888888888889
INC0030528,Group 19,1,5.5784722222222225
INC0030530,Group 22,1,5.618055555555555
INC0030531,Group 70,1,7.491666666666666
INC0030532,Group 70,1,5.032638888888889
INC0030535,Group 70,1,5.016666666666667
INC0030536,Group 70,1,5.009722222222222
INC0030537,Group 70,1,6.7965277777777775
INC0030538,Group 70,1,5.045138888888889
INC0030542,Group 70,1,5.032638888888889
INC0030544,Group 70,1,5.03125
INC0030545,Group 70,1,5.027083333333334
INC0030546,Group 39,1,5.729861111111111
INC0030547,Group 70,1,5.021527777777778
INC0030548,Group 70,1,5.013888888888889
INC0030550,Group 70,1,5.413194444444445
INC0030553,Group 53,1,5.18125
INC0030554,Group 70,1,5.0125
INC0030555,Group 70,1,5.136805555555555
INC0030556,Group 70,1,5.802083333333333
INC0030558,Group 65,1,12.416666666666666
INC0030559,Group 70,1,5.0152777777777775
INC0030560,Group 70,1,5.0159722222222225
INC0030561,Group 70,1,5.013888888888889
INC0030562,Group 70,1,5.0125
INC0030563,Group 25,1,6.384027777777778
INC0030567,Group 39,1,5.627777777777778
INC0030568,Group 56,1,5.583333333333333
INC0030569,Group 56,1,6.831944444444445
INC0030570,Group 70,1,5.019444444444445
INC0030571,Group 65,1,6.454861111111111
INC0030573,Group 65,1,5.6194444444444445
INC0030574,Group 70,1,5.0256944444444445
INC0030575,Group 70,1,5.011111111111111
INC0030576,Group 70,1,5.0465277777777775
INC0030577,Group 70,1,5.079166666666667
INC0030579,Group 70,1,5.022222222222222
INC0030580,Group 70,1,5.029861111111111
INC0030581,Group 25,1,6.233333333333333
INC0030582,Group 56,1,6.66875
INC0030583,Group 28,1,5.115972222222222
INC0030585,Group 70,1,7.615972222222222
INC0030586,Group 56,1,7.339583333333334
INC0030588,Group 56,1,6.654861111111111
INC0030590,Group 54,1,12.149305555555555
INC0030591,Group 70,1,5.102777777777778
INC0030592,Group 65,1,10.13888888888889
INC0030593,Group 70,1,5.05
INC0030594,Group 65,1,6.0465277777777775
INC0030595,Group 56,1,6.626388888888889
INC0030597,Group 70,1,5.041666666666667
INC0030598,Group 65,1,10.040277777777778
INC0030601,Group 70,1,5.038888888888889
INC0030602,Group 49,1,5.080555555555556
INC0030603,Group 65,1,5.1625
INC0030605,Group 33,1,42.328472222222224
INC0030606,Group 65,1,7.286111111111111
INC0030607,Group 70,1,10.119444444444444
INC0030608,Group 70,1,5.034722222222222
INC0030609,Group 70,1,5.034027777777778
INC0030611,Group 70,1,5.034027777777778
INC0030613,Group 54,1,33.32013888888889
INC0030614,Group 70,1,5.032638888888889
INC0030615,Group 70,1,7.072222222222222
INC0030616,Group 73,1,5.3625
INC0030617,Group 70,1,5.069444444444445
INC0030618,Group 22,1,5.2347222222222225
INC0030619,Group 70,1,11.275
INC0030620,Group 70,1,5.024305555555555
INC0030623,Group 70,1,5.065277777777778
INC0030624,Group 70,1,5.022222222222222
INC0030625,Group 70,1,38.30833333333333
INC0030626,Group 65,1,5.144444444444445
INC0030627,Group 25,1,11.310416666666667
INC0030629,Group 30,1,10.183333333333334
INC0030630,Group 20,1,10.058333333333334
INC0030631,Group 49,1,5.1402777777777775
INC0030632,Group 70,1,5.0152777777777775
INC0030634,Group 54,1,12.097916666666666
INC0030635,Group 65,1,5.138888888888889
INC0030636,Group 44,1,5.180555555555555
INC0030637,Group 70,1,5.013194444444444
INC0030638,Group 26,1,32.25833333333333
INC0030639,Group 50,1,5.096527777777778
INC0030640,Group 54,1,12.094444444444445
INC0030641,Group 25,1,6.177777777777778
INC0030643,Group 25,1,10.093055555555555
INC0030644,Group 23,1,6.134722222222222
INC0030645,Group 29,1,14.466666666666667
INC0030646,Group 70,1,5.049305555555556
INC0030647,Group 70,1,5.049305555555556
INC0030648,Group 70,1,5.131944444444445
INC0030649,Group 25,1,10.047916666666667
INC0030651,Group 70,1,10.255555555555556
INC0030652,Group 76,1,20.213194444444444
INC0030653,Group 50,1,5.0881944444444445
INC0030655,Group 25,1,10.129861111111111
INC0030656,Group 54,1,12.0875
INC0030657,Group 57,1,6.086805555555555
INC0030658,Group 39,1,5.295138888888889
INC0030659,Group 70,1,5.004861111111111
INC0030660,Group 73,1,10.08611111111111
INC0030661,Group 73,1,7.252083333333333
INC0030662,Group 54,1,10.293055555555556
INC0030663,Group 25,1,11.334027777777777
INC0030664,Group 54,1,12.084027777777777
INC0030666,Group 59,1,23.958333333333332
INC0030667,Group 70,1,5.041666666666667
INC0030668,Group 70,1,5.039583333333334
INC0030669,Group 70,1,5.038194444444445
INC0030670,Group 20,1,5.204166666666667
INC0030673,Group 70,1,5.0368055555555555
INC0030674,Group 73,1,5.245138888888889
INC0030675,Group 70,1,28.072916666666668
INC0030676,Group 10,1,27.28611111111111
INC0030678,Group 70,1,10.32638888888889
INC0030679,Group 6,1,19.991666666666667
INC0030680,Group 39,1,5.282638888888889
INC0030681,Group 49,1,5.074305555555555
INC0030682,Group 70,1,5.072222222222222
INC0030683,Group 39,1,5.030555555555556
INC0030686,Group 70,1,5.06875
INC0030687,Group 70,1,5.027083333333334
INC0030688,Group 57,1,10.235416666666667
INC0030690,Group 6,1,6.1930555555555555
INC0030691,Group 33,1,5.1090277777777775
INC0030692,Group 24,1,54.19027777777778
INC0030696,Group 72,1,6.020833333333333
INC0030697,Group 54,1,11.228472222222223
INC0030698,Group 24,1,5.228472222222222
INC0030699,Group 70,1,5.102777777777778
INC0030700,Group 70,1,6.061111111111111
INC0030702,Group 66,1,17.308333333333334
INC0030703,Group 51,1,5.433333333333334
INC0030704,Group 70,1,28.052777777777777
INC0030705,Group 24,1,5.1402777777777775
INC0030707,Group 10,1,5.054861111111111
INC0030708,Group 30,1,11.30486111111111
INC0030710,Group 31,1,5.094444444444444
INC0030712,Group 70,1,5.051388888888889
INC0030714,Group 70,1,5.009027777777778
INC0030716,Group 25,1,5.215277777777778
INC0030717,Group 37,1,7.3381944444444445
INC0030718,Group 34,1,7.2965277777777775
INC0030719,Group 70,1,5.045138888888889
INC0030721,Group 6,1,12.04375
INC0030723,Group 54,1,28.20486111111111
INC0030726,Group 29,1,5.043055555555555
INC0030727,Group 37,1,6.251388888888889
INC0030728,Group 49,1,5.084027777777778
INC0030729,Group 70,1,5.040972222222222
INC0030730,Group 70,1,5.038888888888889
INC0030733,Group 57,1,18.03611111111111
INC0030734,Group 39,1,6.2027777777777775
INC0030735,Group 53,1,10.244444444444444
INC0030736,Group 61,1,34.07222222222222
INC0030737,Group 70,1,5.035416666666666
INC0030738,Group 24,1,5.075694444444444
INC0030739,Group 70,1,5.033333333333333
INC0030741,Group 70,1,5.031944444444444
INC0030742,Group 70,1,5.03125
INC0030746,Group 70,1,5.03125
INC0030747,Group 72,1,6.947222222222222
INC0030748,Group 70,1,5.029166666666667
INC0030749,Group 48,1,5.070833333333334
INC0030750,Group 70,1,5.066666666666666
INC0030751,Group 39,1,6.107638888888889
INC0030752,Group 53,1,5.273611111111111
INC0030753,Group 55,1,5.022916666666666
INC0030756,Group 25,1,31.224305555555556
INC0030757,Group 21,1,19.31111111111111
INC0030758,Group 25,1,17.019444444444446
INC0030759,Group 70,1,5.019444444444445
INC0030760,Group 70,1,6.059027777777778
INC0030761,Group 70,1,5.017361111111111
INC0030762,Group 20,1,5.516666666666667
INC0030763,Group 70,1,5.058333333333334
INC0030765,Group 73,1,5.0569444444444445
INC0030766,Group 70,1,5.014583333333333
INC0030767,Group 70,1,5.013194444444444
INC0030768,Group 70,1,5.054166666666666
INC0030769,Group 70,1,5.011805555555555
INC0030770,Group 39,1,5.21875
INC0030771,Group 73,1,7.175
INC0030772,Group 28,1,6.1722222222222225
INC0030773,Group 28,1,10.045833333333333
INC0030775,Group 23,1,21.04375
INC0030776,Group 73,1,5.250694444444444
INC0030777,Group 66,1,9.916666666666666
INC0030778,Group 73,1,5.163888888888889
INC0030779,Group 70,1,5.0375
INC0030780,Group 10,1,42.03125
INC0030782,Group 70,1,5.032638888888889
INC0030783,Group 70,1,5.030555555555556
INC0030786,Group 23,1,21.027083333333334
INC0030788,Group 10,1,5.2347222222222225
INC0030789,Group 70,1,5.024305555555555
INC0030791,Group 39,1,5.189583333333333
INC0030792,Group 76,1,5.188888888888889
INC0030793,Group 70,1,5.021527777777778
INC0030800,Group 70,1,5.018055555555556
INC0030801,Group 70,1,5.018055555555556
INC0030802,Group 76,1,5.143055555555556
INC0030803,Group 37,1,11.89236111111111
INC0030804,Group 70,1,5.017361111111111
INC0030805,Group 76,1,5.141666666666667
INC0030806,Group 24,1,5.933333333333334
INC0030807,Group 70,1,27.886111111111113
INC0030808,Group 20,1,5.05625
INC0030809,Group 70,1,5.014583333333333
INC0030810,Group 49,1,5.095138888888889
INC0030811,Group 70,1,5.011805555555555
INC0030812,Group 33,1,26.219444444444445
INC0030814,Group 70,1,5.052083333333333
INC0030816,Group 70,1,5.009722222222222
INC0030818,Group 70,1,5.008333333333334
INC0030820,Group 10,1,11.130555555555556
INC0030821,Group 70,1,5.170833333333333
INC0030823,Group 70,1,5.084722222222222
INC0030824,Group 70,1,5.167361111111111
INC0030825,Group 39,1,5.166666666666667
INC0030826,Group 70,1,5.041666666666667
INC0030827,Group 70,1,5.039583333333334
INC0030829,Group 70,1,6.0777777777777775
INC0030830,Group 76,1,5.949305555555555
INC0030832,Group 70,1,5.116666666666666
INC0030833,Group 70,1,5.072916666666667
INC0030834,Group 70,1,5.029166666666667
INC0030835,Group 70,1,5.028472222222222
INC0030836,Group 30,1,6.027083333333334
INC0030837,Group 70,1,5.026388888888889
INC0030838,Group 76,1,5.10625
INC0030839,Group 70,1,5.019444444444445
INC0030840,Group 70,1,11.102083333333333
INC0030841,Group 70,1,5.059027777777778
INC0030842,Group 70,1,5.017361111111111
INC0030843,Group 70,1,5.013888888888889
INC0030846,Group 70,1,5.052083333333333
INC0030847,Group 70,1,5.043055555555555
INC0030849,Group 70,1,5.034027777777778
INC0030850,Group 21,1,14.074305555555556
INC0030852,Group 70,1,5.113194444444445
INC0030853,Group 70,1,5.029166666666667
INC0030855,Group 20,1,10.815277777777778
INC0030856,Group 70,1,5.0625
INC0030857,Group 70,1,5.020833333333333
INC0030860,Group 39,1,5.100694444444445
INC0030861,Group 28,1,5.1
INC0030863,Group 24,1,17.8875
INC0030864,Group 70,1,5.010416666666667
INC0030865,Group 70,1,5.218055555555556
INC0030866,Group 27,1,5.883333333333334
INC0030867,Group 10,1,5.089583333333334
INC0030868,Group 23,1,7.088888888888889
INC0030869,Group 12,1,46.87430555555556
INC0030870,Group 70,1,5.045138888888889
INC0030872,Group 37,1,12.042361111111111
INC0030873,Group 70,1,5.038194444444445
INC0030874,Group 6,1,150.91041666666666
INC0030875,Group 25,1,37.94722222222222
INC0030876,Group 70,1,5.035416666666666
INC0030878,Group 39,1,5.073611111111111
INC0030879,Group 70,1,5.073611111111111
INC0030880,Group 39,1,5.113888888888889
INC0030881,Group 70,1,5.027777777777778
INC0030882,Group 72,1,5.777083333333334
INC0030883,Group 30,1,5.027083333333334
INC0030884,Group 70,1,11.026388888888889
INC0030885,Group 70,1,5.026388888888889
INC0030886,Group 28,1,5.983333333333333
INC0030887,Group 70,1,26.024305555555557
INC0030888,Group 5,1,5.065277777777778
INC0030889,Group 70,1,11.022916666666667
INC0030890,Group 70,1,5.98125
INC0030891,Group 70,1,25.225
INC0030892,Group 70,1,5.146527777777778
INC0030893,Group 70,1,5.020138888888889
INC0030894,Group 70,1,5.01875
INC0030895,Group 23,1,5.809722222222222
INC0030896,Group 70,1,5.85
INC0030897,Group 70,1,5.057638888888889
INC0030898,Group 39,1,5.05625
INC0030899,Group 46,1,265.97222222222223
INC0030900,Group 70,1,5.013194444444444
INC0030901,Group 70,1,5.011111111111111
INC0030903,Group 70,1,5.838888888888889
INC0030905,Group 70,1,5.040972222222222
INC0030906,Group 70,1,16.788194444444443
INC0030907,Group 70,1,5.034722222222222
INC0030908,Group 70,1,5.033333333333333
INC0030909,Group 24,1,9.947222222222223
INC0030910,Group 69,1,5.780555555555556
INC0030911,Group 25,1,9.738194444444444
INC0030912,Group 70,1,5.029861111111111
INC0030914,Group 39,1,5.070833333333334
INC0030916,Group 57,1,5.106944444444444
INC0030917,Group 20,1,5.063888888888889
INC0030918,Group 39,1,5.978472222222222
INC0030919,Group 70,1,5.020138888888889
INC0030920,Group 65,1,11.764583333333333
INC0030922,Group 76,1,5.804861111111111
INC0030923,Group 6,1,5.096527777777778
INC0030924,Group 29,1,18.1375
INC0030927,Group 70,1,5.009722222222222
INC0030928,Group 25,1,5.841666666666667
INC0030929,Group 70,1,165.75208333333333
INC0030931,Group 70,1,5.0472222222222225
INC0030932,Group 70,1,5.7965277777777775
INC0030933,Group 70,1,5.045138888888889
INC0030934,Group 70,1,10.96111111111111
INC0030935,Group 70,1,5.0375
INC0030936,Group 27,1,25.95347222222222
INC0030938,Group 70,1,5.0368055555555555
INC0030939,Group 70,1,5.034027777777778
INC0030943,Group 70,1,17.947916666666668
INC0030945,Group 27,1,10.945833333333333
INC0030946,Group 10,1,74.81597222222223
INC0030947,Group 10,1,6.7375
INC0030948,Group 70,1,6.1506944444444445
INC0030949,Group 70,1,5.690277777777778
INC0030950,Group 22,1,5.064583333333333
INC0030951,Group 72,1,79.93402777777777
INC0030954,Group 70,1,5.057638888888889
INC0030956,Group 70,1,5.014583333333333
INC0030957,Group 70,1,5.014583333333333
INC0030958,Group 39,1,5.929861111111111
INC0030961,Group 70,1,5.0125
INC0030962,Group 30,1,6.925694444444445
INC0030964,Group 27,1,7.004166666666666
INC0030965,Group 39,1,5.961805555555555
INC0030967,Group 54,1,10.915277777777778
INC0030968,Group 25,1,6.875
INC0030971,Group 70,1,5.032638888888889
INC0030975,Group 12,1,6.738888888888889
INC0030976,Group 65,1,6.652777777777778
INC0030977,Group 21,1,19.772916666666667
INC0030978,Group 74,1,5.896527777777778
INC0030979,Group 70,1,5.645833333333333
INC0030980,Group 72,1,6.729166666666667
INC0030982,Group 9,1,174.97569444444446
INC0030983,Group 70,1,5.013194444444444
INC0030984,Group 9,1,130.8375
INC0030985,Group 70,1,5.010416666666667
INC0030986,Group 27,1,11.963888888888889
INC0030987,Group 65,1,30.70486111111111
INC0030988,Group 70,1,5.0368055555555555
INC0030990,Group 70,1,5.020833333333333
INC0030991,Group 46,1,5.7652777777777775
INC0030992,Group 70,1,10.845833333333333
INC0030994,Group 70,1,5.008333333333334
INC0030995,Group 70,1,5.003472222222222
INC0030996,Group 70,1,5.038888888888889
INC0030997,Group 70,1,5.017361111111111
INC0030998,Group 22,1,5.840277777777778
INC0030999,Group 22,0,5.8375
INC0031000,Group 22,1,5.878472222222222
INC0031002,Group 22,1,5.829166666666667
INC0031003,Group 22,1,9.533333333333333
INC0031004,Group 22,1,5.813888888888889
INC0031005,Group 70,1,5.91875
INC0031006,Group 70,1,5.036111111111111
INC0031007,Group 15,1,216.7263888888889
INC0031011,Group 22,1,9.470138888888888
INC0031013,Group 29,1,10.881944444444445
INC0031014,Group 55,1,5.448611111111111
INC0031016,Group 55,1,5.0569444444444445
INC0031017,Group 70,1,5.014583333333333
INC0031018,Group 56,1,6.010416666666667
INC0031019,Group 55,1,5.091666666666667
INC0031020,Group 70,1,24.54722222222222
INC0031021,Group 55,1,5.045138888888889
INC0031022,Group 70,1,5.024305555555555
INC0031023,Group 70,1,5.388888888888889
INC0031024,Group 46,1,5.54375
INC0031026,Group 70,1,5.035416666666666
INC0031027,Group 70,1,5.020833333333333
INC0031028,Group 70,1,5.019444444444445
INC0031029,Group 70,1,5.047916666666667
INC0031030,Group 70,1,6.2131944444444445
INC0031032,Group 72,1,9.653472222222222
INC0031033,Group 70,1,5.98125
INC0031034,Group 70,1,5.040277777777778
INC0031035,Group 70,1,5.032638888888889
INC0031036,Group 70,1,17.197916666666668
INC0031037,Group 65,1,5.4
INC0031039,Group 24,1,5.1625
INC0031040,Group 70,1,5.120138888888889
INC0031042,Group 54,1,9.23611111111111
INC0031043,Group 70,1,5.0256944444444445
INC0031046,Group 70,1,10.141666666666667
INC0031047,Group 54,1,9.371527777777779
INC0031049,Group 70,1,10.35763888888889
INC0031051,Group 70,1,5.0152777777777775
INC0031052,Group 28,1,5.054861111111111
INC0031053,Group 24,1,5.260416666666667
INC0031055,Group 70,1,5.007638888888889
INC0031056,Group 70,1,5.043055555555555
INC0031057,Group 59,1,5.292361111111111
INC0031058,Group 24,1,5.166666666666667
INC0031059,Group 28,1,5.124305555555556
INC0031060,Group 53,1,24.165972222222223
INC0031061,Group 70,1,5.040277777777778
INC0031062,Group 70,1,5.039583333333334
INC0031063,Group 70,1,6.038194444444445
INC0031064,Group 70,1,5.0368055555555555
INC0031065,Group 70,1,5.035416666666666
INC0031066,Group 70,1,5.326388888888889
INC0031068,Group 24,1,10.031944444444445
INC0031069,Group 25,1,10.323611111111111
INC0031071,Group 70,1,5.030555555555556
INC0031072,Group 66,1,69.06944444444444
INC0031073,Group 65,1,5.152083333333334
INC0031074,Group 70,1,5.026388888888889
INC0031075,Group 70,1,5.0256944444444445
INC0031076,Group 70,1,5.0256944444444445
INC0031077,Group 70,1,5.025
INC0031078,Group 70,1,5.022916666666666
INC0031079,Group 70,1,5.022916666666666
INC0031081,Group 22,1,9.230555555555556
INC0031082,Group 70,1,5.019444444444445
INC0031085,Group 70,1,5.018055555555556
INC0031086,Group 24,1,5.226388888888889
INC0031087,Group 70,1,5.0152777777777775
INC0031088,Group 46,1,5.054166666666666
INC0031089,Group 70,1,5.011111111111111
INC0031090,Group 70,1,5.009722222222222
INC0031091,Group 70,1,5.049305555555556
INC0031093,Group 48,1,5.338888888888889
INC0031094,Group 70,1,5.0472222222222225
INC0031095,Group 70,1,6.0881944444444445
INC0031097,Group 70,1,5.045833333333333
INC0031098,Group 65,1,5.129166666666666
INC0031099,Group 24,1,20.29513888888889
INC0031100,Group 70,1,5.045138888888889
INC0031101,Group 66,1,45.33125
INC0031103,Group 28,1,16.209722222222222
INC0031104,Group 13,1,0.2701388888888889
INC0031106,Group 70,1,5.041666666666667
INC0031108,Group 70,1,5.038194444444445
INC0031109,Group 70,1,5.038194444444445
INC0031110,Group 70,1,5.0368055555555555
INC0031112,Group 70,1,5.033333333333333
INC0031114,Group 12,1,9.365277777777777
INC0031117,Group 70,1,5.030555555555556
INC0031118,Group 39,1,5.072222222222222
INC0031119,Group 70,1,5.029861111111111
INC0031120,Group 31,1,6.111805555555556
INC0031122,Group 70,1,5.027083333333334
INC0031127,Group 70,1,5.0256944444444445
INC0031128,Group 39,1,11.190277777777778
INC0031129,Group 73,1,6.270833333333333
INC0031130,Group 70,1,5.05625
INC0031131,Group 20,1,11.096527777777778
INC0031133,Group 22,1,5.009722222222222
INC0031134,Group 57,1,10.009722222222223
INC0031135,Group 70,1,5.051388888888889
INC0031136,Group 70,1,5.009027777777778
INC0031137,Group 28,1,5.175694444444445
INC0031138,Group 23,1,5.258333333333334
INC0031139,Group 70,1,5.009027777777778
INC0031141,Group 12,1,9.339583333333334
INC0031142,Group 56,1,5.961111111111111
INC0031144,Group 70,1,5.04375
INC0031146,Group 20,1,5.959722222222222
INC0031147,Group 34,1,5.042361111111111
INC0031148,Group 70,1,5.040972222222222
INC0031149,Group 70,1,5.040277777777778
INC0031151,Group 70,1,5.040277777777778
INC0031152,Group 70,1,5.038888888888889
INC0031153,Group 70,1,5.0375
INC0031154,Group 70,1,5.0375
INC0031155,Group 70,1,5.0375
INC0031156,Group 27,1,15.995833333333334
INC0031157,Group 72,1,5.034027777777778
INC0031158,Group 70,1,10.241666666666667
INC0031159,Group 22,1,5.2
INC0031160,Group 10,1,5.989583333333333
INC0031161,Group 20,1,5.322222222222222
INC0031163,Group 72,1,10.070833333333333
INC0031164,Group 70,1,5.029166666666667
INC0031165,Group 70,1,5.028472222222222
INC0031166,Group 20,1,11.36111111111111
INC0031167,Group 70,1,27.071527777777778
INC0031170,Group 24,1,5.982638888888889
INC0031171,Group 39,1,10.274305555555555
INC0031172,Group 70,1,10.061111111111112
INC0031173,Group 70,1,5.01875
INC0031174,Group 70,1,10.225
INC0031176,Group 70,1,5.013194444444444
INC0031178,Group 70,1,5.053472222222222
INC0031179,Group 70,1,10.218055555555555
INC0031180,Group 39,1,5.215972222222222
INC0031181,Group 70,1,5.009027777777778
INC0031182,Group 70,1,5.215972222222222
INC0031183,Group 70,1,5.0055555555555555
INC0031184,Group 70,1,5.044444444444444
INC0031185,Group 70,1,5.04375
INC0031186,Group 70,1,5.04375
INC0031187,Group 53,1,9.002083333333333
INC0031188,Group 72,1,5.918055555555555
INC0031189,Group 25,1,8.959027777777777
INC0031190,Group 72,1,5.916666666666667
INC0031191,Group 72,1,5.915972222222222
INC0031192,Group 39,1,5.207638888888889
INC0031193,Group 23,1,5.040277777777778
INC0031194,Group 70,1,5.123611111111111
INC0031195,Group 25,1,5.9534722222222225
INC0031196,Group 58,1,5.11875
INC0031199,Group 70,1,5.118055555555555
INC0031200,Group 23,1,5.034027777777778
INC0031201,Group 72,1,5.909027777777778
INC0031202,Group 70,1,5.034027777777778
INC0031203,Group 70,1,5.034027777777778
INC0031204,Group 70,1,5.074305555555555
INC0031206,Group 76,1,6.28125
INC0031207,Group 23,1,5.03125
INC0031209,Group 72,1,5.905555555555556
INC0031211,Group 70,1,10.195833333333333
INC0031213,Group 72,1,5.153472222222222
INC0031214,Group 23,1,5.028472222222222
INC0031215,Group 70,1,5.027083333333334
INC0031216,Group 70,1,5.027083333333334
INC0031217,Group 70,1,5.9847222222222225
INC0031218,Group 70,1,5.9
INC0031223,Group 25,1,10.189583333333333
INC0031225,Group 70,1,5.063888888888889
INC0031229,Group 39,1,5.188194444444444
INC0031230,Group 70,1,5.1875
INC0031231,Group 39,1,5.1875
INC0031232,Group 70,1,5.020833333333333
INC0031233,Group 70,1,10.186805555555555
INC0031238,Group 5,1,11.26736111111111
INC0031239,Group 70,1,11.05625
INC0031240,Group 72,1,5.888194444444444
INC0031241,Group 27,1,5.179166666666666
INC0031243,Group 10,1,5.2131944444444445
INC0031247,Group 39,1,5.211805555555555
INC0031249,Group 29,1,9.168055555555556
INC0031251,Group 70,1,5.040277777777778
INC0031252,Group 70,1,5.0375
INC0031253,Group 55,1,5.993055555555555
INC0031254,Group 73,1,6.11875
INC0031255,Group 70,1,17.114583333333332
INC0031256,Group 72,1,11.402777777777779
INC0031257,Group 58,1,5.065972222222222
INC0031259,Group 37,1,5.14375
INC0031260,Group 46,1,5.0152777777777775
INC0031262,Group 24,1,5.175
INC0031263,Group 70,1,11.090277777777779
INC0031264,Group 70,1,6.170833333333333
INC0031265,Group 25,1,10.127083333333333
INC0031267,Group 27,1,6.167361111111111
INC0031268,Group 25,1,8.913194444444445
INC0031269,Group 70,1,5.0375
INC0031271,Group 22,1,5.202083333333333
INC0031275,Group 70,1,5.027083333333334
INC0031276,Group 70,1,5.9006944444444445
INC0031277,Group 70,1,5.022916666666666
INC0031279,Group 54,1,10.0625
INC0031280,Group 70,1,5.020833333333333
INC0031284,Group 70,1,5.016666666666667
INC0031286,Group 70,1,5.0152777777777775
INC0031287,Group 70,1,5.05625
INC0031289,Group 39,1,6.054166666666666
INC0031290,Group 39,1,5.220833333333333
INC0031291,Group 70,1,5.011805555555555
INC0031292,Group 39,1,5.135416666666667
INC0031295,Group 73,1,5.175
INC0031296,Group 25,1,5.925
INC0031297,Group 49,1,5.080555555555556
INC0031298,Group 27,1,5.079861111111111
INC0031300,Group 28,1,11.07986111111111
INC0031301,Group 70,1,5.038194444444445
INC0031302,Group 72,1,16.99513888888889
INC0031303,Group 47,1,6.077083333333333
INC0031304,Group 39,1,5.116666666666666
INC0031305,Group 70,1,5.116666666666666
INC0031306,Group 70,1,5.031944444444444
INC0031307,Group 70,1,5.775
INC0031308,Group 70,1,6.065972222222222
INC0031309,Group 39,1,5.104166666666667
INC0031310,Group 10,1,5.020138888888889
INC0031311,Group 20,1,5.227083333333334
INC0031312,Group 70,1,5.018055555555556
INC0031313,Group 39,1,5.098611111111111
INC0031314,Group 70,1,5.055555555555555
INC0031315,Group 70,1,5.013194444444444
INC0031316,Group 3,1,17.133333333333333
INC0031317,Group 70,1,5.008333333333334
INC0031318,Group 70,1,11.049305555555556
INC0031319,Group 70,1,5.047916666666667
INC0031321,Group 39,1,5.086805555555555
INC0031323,Group 72,1,9.041666666666666
INC0031325,Group 70,1,5.041666666666667
INC0031327,Group 24,1,39.827777777777776
INC0031329,Group 33,1,25.07986111111111
INC0031330,Group 53,1,5.035416666666666
INC0031331,Group 25,1,5.035416666666666
INC0031333,Group 73,1,5.073611111111111
INC0031334,Group 25,1,5.990277777777778
INC0031335,Group 70,1,5.030555555555556
INC0031336,Group 5,1,5.029861111111111
INC0031337,Group 70,1,5.029861111111111
INC0031340,Group 70,1,19.025694444444444
INC0031341,Group 39,1,5.065972222222222
INC0031342,Group 65,1,9.979166666666666
INC0031344,Group 66,1,16.01736111111111
INC0031346,Group 10,1,5.802083333333333
INC0031348,Group 31,1,75.75069444444445
INC0031349,Group 70,1,5.004166666666666
INC0031350,Group 25,1,10.004166666666666
INC0031352,Group 53,1,18.042361111111113
INC0031353,Group 39,1,5.084027777777778
INC0031354,Group 70,1,5.039583333333334
INC0031355,Group 70,1,5.039583333333334
INC0031356,Group 57,1,30.07638888888889
INC0031358,Group 70,1,5.038888888888889
INC0031361,Group 70,1,8.702777777777778
INC0031362,Group 6,1,10.784722222222221
INC0031364,Group 70,1,5.03125
INC0031365,Group 70,1,5.029861111111111
INC0031367,Group 70,1,5.066666666666666
INC0031368,Group 66,1,45.01875
INC0031369,Group 24,1,58.88472222222222
INC0031372,Group 70,1,5.011111111111111
INC0031374,Group 70,1,5.009722222222222
INC0031376,Group 27,1,6.004166666666666
INC0031377,Group 29,1,19.74513888888889
INC0031378,Group 27,1,16.66111111111111
INC0031379,Group 70,1,5.032638888888889
INC0031380,Group 57,1,5.695138888888889
INC0031381,Group 70,1,5.027777777777778
INC0031382,Group 39,1,5.06875
INC0031384,Group 31,1,5.691666666666666
INC0031385,Group 70,1,5.018055555555556
INC0031386,Group 34,1,8.766666666666667
INC0031387,Group 22,1,12.615277777777777
INC0031388,Group 70,1,5.03125
INC0031389,Group 70,1,5.019444444444445
INC0031391,Group 17,1,192.7173611111111
INC0031392,Group 70,1,5.004166666666666
INC0031393,Group 70,1,9.627083333333333
INC0031394,Group 70,1,5.665972222222222
INC0031395,Group 70,1,5.740972222222222
INC0031396,Group 70,1,5.031944444444444
INC0031397,Group 28,1,33.84861111111111
INC0031398,Group 29,1,12.965972222222222
INC0031399,Group 29,1,12.964583333333334
INC0031400,Group 29,1,12.880555555555556
INC0031401,Group 29,1,12.963888888888889
INC0031402,Group 70,1,5.031944444444444
INC0031403,Group 70,1,5.026388888888889
INC0031404,Group 46,1,8.839583333333334
INC0031406,Group 70,1,5.0368055555555555
INC0031407,Group 70,1,18.208333333333332
INC0031412,Group 24,1,5.489583333333333
INC0031414,Group 58,1,5.378472222222222
INC0031415,Group 70,1,5.040277777777778
INC0031416,Group 70,1,5.013194444444444
INC0031417,Group 70,1,5.0472222222222225
INC0031418,Group 70,1,15.619444444444444
INC0031420,Group 70,1,5.051388888888889
INC0031421,Group 70,1,5.004861111111111
INC0031422,Group 58,1,5.207638888888889
INC0031423,Group 70,1,5.031944444444444
INC0031424,Group 70,1,5.024305555555555
INC0031425,Group 46,1,30.427777777777777
INC0031426,Group 25,1,15.2625
INC0031427,Group 70,1,5.028472222222222
INC0031430,Group 27,1,5.480555555555555
INC0031432,Group 70,1,5.120138888888889
INC0031433,Group 24,1,10.161111111111111
INC0031435,Group 70,1,5.034027777777778
INC0031436,Group 58,1,5.113888888888889
INC0031437,Group 29,1,12.561111111111112
INC0031438,Group 59,1,5.435416666666667
INC0031439,Group 70,1,5.144444444444445
INC0031440,Group 70,1,5.011805555555555
INC0031441,Group 69,1,8.009027777777778
INC0031444,Group 25,1,15.254166666666666
INC0031445,Group 69,1,5.16875
INC0031446,Group 70,1,5.043055555555555
INC0031447,Group 70,1,5.084027777777778
INC0031448,Group 24,1,18.125
INC0031451,Group 70,1,5.038888888888889
INC0031452,Group 25,1,9.205555555555556
INC0031454,Group 70,1,5.036111111111111
INC0031456,Group 70,1,5.035416666666666
INC0031457,Group 70,1,5.035416666666666
INC0031458,Group 13,1,0.00625
INC0031459,Group 70,1,5.033333333333333
INC0031460,Group 9,1,179.36111111111111
INC0031461,Group 29,1,5.365972222222222
INC0031463,Group 70,1,5.029861111111111
INC0031464,Group 5,1,8.320833333333333
INC0031465,Group 70,1,5.029166666666667
INC0031466,Group 24,1,5.154166666666667
INC0031467,Group 70,1,5.027777777777778
INC0031468,Group 70,1,5.027777777777778
INC0031470,Group 28,1,22.31736111111111
INC0031471,Group 65,1,26.354166666666668
INC0031472,Group 70,1,5.0256944444444445
INC0031473,Group 28,1,5.275
INC0031474,Group 66,1,33.14375
INC0031476,Group 56,1,5.146527777777778
INC0031478,Group 39,1,5.063194444444444
INC0031479,Group 25,1,9.185416666666667
INC0031480,Group 30,1,5.059722222222222
INC0031481,Group 70,1,5.018055555555556
INC0031482,Group 70,1,8.349305555555556
INC0031485,Group 70,1,18.05763888888889
INC0031486,Group 29,1,5.346527777777778
INC0031487,Group 70,1,5.054861111111111
INC0031488,Group 25,1,15.0125
INC0031489,Group 70,1,5.053472222222222
INC0031490,Group 70,1,5.052083333333333
INC0031491,Group 70,1,5.009027777777778
INC0031492,Group 47,1,5.342361111111111
INC0031493,Group 70,1,5.05
INC0031494,Group 62,1,9.299305555555556
INC0031495,Group 70,1,5.048611111111111
INC0031497,Group 70,1,5.0055555555555555
INC0031498,Group 70,1,5.0055555555555555
INC0031499,Group 72,1,79.04097222222222
INC0031502,Group 70,1,5.044444444444444
INC0031503,Group 66,1,26.33125
INC0031505,Group 39,1,5.086111111111111
INC0031507,Group 10,1,9.251388888888888
INC0031508,Group 25,1,50.24583333333333
INC0031509,Group 10,1,5.082638888888889
INC0031512,Group 70,1,5.039583333333334
INC0031513,Group 57,1,12.121527777777779
INC0031515,Group 55,1,5.0375
INC0031518,Group 30,1,24.283333333333335
INC0031519,Group 70,1,5.032638888888889
INC0031520,Group 70,1,5.031944444444444
INC0031521,Group 28,1,5.2375
INC0031522,Group 24,1,5.028472222222222
INC0031523,Group 10,1,24.11111111111111
INC0031524,Group 10,1,5.152777777777778
INC0031526,Group 22,1,71.23472222222222
INC0031527,Group 70,1,5.026388888888889
INC0031528,Group 70,1,5.066666666666666
INC0031530,Group 70,1,5.357638888888889
INC0031531,Group 22,1,10.065277777777778
INC0031532,Group 57,1,10.272916666666667
INC0031533,Group 24,1,5.022916666666666
INC0031534,Group 70,1,5.188888888888889
INC0031536,Group 70,1,5.01875
INC0031539,Group 57,1,5.347916666666666
INC0031540,Group 24,1,5.05625
INC0031542,Group 30,1,5.2625
INC0031543,Group 24,1,5.0125
INC0031545,Group 28,1,5.052083333333333
INC0031546,Group 70,1,5.052083333333333
INC0031547,Group 70,1,5.051388888888889
INC0031549,Group 70,1,5.009722222222222
INC0031550,Group 72,1,5.217361111111111
INC0031551,Group 57,1,15.092361111111112
INC0031553,Group 39,1,5.0472222222222225
INC0031554,Group 10,1,8.213888888888889
INC0031555,Group 10,1,5.254861111111111
INC0031557,Group 70,1,5.045138888888889
INC0031558,Group 70,1,5.042361111111111
INC0031559,Group 72,1,5.165972222222222
INC0031561,Group 30,1,5.247222222222222
INC0031562,Group 70,1,5.034722222222222
INC0031563,Group 70,1,5.034027777777778
INC0031564,Group 70,1,5.034027777777778
INC0031566,Group 70,1,5.032638888888889
INC0031567,Group 59,1,5.28125
INC0031568,Group 70,1,5.03125
INC0031569,Group 70,1,5.03125
INC0031572,Group 70,1,5.027777777777778
INC0031573,Group 24,1,8.151388888888889
INC0031574,Group 39,1,5.0256944444444445
INC0031576,Group 70,1,5.022222222222222
INC0031577,Group 21,1,5.188194444444444
INC0031578,Group 70,1,5.020833333333333
INC0031579,Group 6,1,5.310416666666667
INC0031581,Group 24,1,16.185416666666665
INC0031582,Group 23,1,8.934722222222222
INC0031583,Group 70,1,5.059027777777778
INC0031584,Group 70,1,5.0152777777777775
INC0031585,Group 27,1,5.138888888888889
INC0031586,Group 63,1,73.29930555555555
INC0031587,Group 65,1,5.261805555555555
INC0031589,Group 70,1,5.052777777777778
INC0031590,Group 25,1,5.176388888888889
INC0031592,Group 70,1,5.008333333333334
INC0031593,Group 70,1,5.174305555555556
INC0031594,Group 12,1,7.923611111111111
INC0031595,Group 22,1,53.16875
INC0031596,Group 70,1,5.009027777777778
INC0031597,Group 70,1,5.0472222222222225
INC0031598,Group 70,1,5.045138888888889
INC0031599,Group 10,1,8.005555555555556
INC0031600,Group 70,1,5.04375
INC0031601,Group 70,1,5.004166666666666
INC0031602,Group 76,1,5.04375
INC0031603,Group 24,1,5.250694444444444
INC0031605,Group 49,1,5.084722222222222
INC0031606,Group 55,1,5.040972222222222
INC0031607,Group 54,1,8.206944444444444
INC0031608,Group 28,1,8.122916666666667
INC0031609,Group 70,1,5.039583333333334
INC0031610,Group 70,1,5.039583333333334
INC0031611,Group 70,1,5.035416666666666
INC0031614,Group 27,1,5.243055555555555
INC0031615,Group 27,1,5.242361111111111
INC0031616,Group 70,1,5.032638888888889
INC0031617,Group 30,1,5.156944444444444
INC0031620,Group 23,1,19.02986111111111
INC0031622,Group 70,1,5.027083333333334
INC0031623,Group 10,1,10.025694444444444
INC0031624,Group 39,1,5.148611111111111
INC0031625,Group 24,1,7.856944444444444
INC0031627,Group 24,1,9.22638888888889
INC0031628,Group 70,1,5.017361111111111
INC0031631,Group 24,1,7.847916666666666
INC0031632,Group 70,1,5.011805555555555
INC0031633,Group 70,1,5.010416666666667
INC0031634,Group 57,1,24.925694444444446
INC0031635,Group 24,1,8.009027777777778
INC0031636,Group 22,1,16.134722222222223
INC0031637,Group 70,1,5.13125
INC0031640,Group 70,1,18.125
INC0031641,Group 70,1,5.040972222222222
INC0031643,Group 33,1,5.158333333333333
INC0031644,Group 70,1,9.866666666666667
INC0031646,Group 70,1,5.030555555555556
INC0031647,Group 70,1,5.029861111111111
INC0031650,Group 70,1,5.028472222222222
INC0031651,Group 25,1,14.983333333333333
INC0031652,Group 70,1,5.024305555555555
INC0031653,Group 70,1,5.021527777777778
INC0031654,Group 70,1,5.018055555555556
INC0031655,Group 70,1,5.018055555555556
INC0031656,Group 70,1,5.052083333333333
INC0031657,Group 60,1,8.129861111111111
INC0031658,Group 70,1,5.003472222222222
INC0031659,Group 39,1,5.086805555555555
INC0031660,Group 70,1,9.877777777777778
INC0031662,Group 28,1,9.036805555555556
INC0031664,Group 33,1,5.114583333333333
INC0031665,Group 70,1,5.030555555555556
INC0031667,Group 70,1,5.023611111111111
INC0031668,Group 70,1,5.021527777777778
INC0031669,Group 20,1,7.934722222222222
INC0031670,Group 70,1,5.016666666666667
INC0031671,Group 47,1,14.890277777777778
INC0031673,Group 24,1,10.095833333333333
INC0031674,Group 65,1,17.62986111111111
INC0031675,Group 28,1,9.878472222222221
INC0031676,Group 70,1,5.044444444444444
INC0031677,Group 70,1,5.042361111111111
INC0031678,Group 70,1,5.039583333333334
INC0031679,Group 49,1,8.954166666666667
INC0031680,Group 70,1,5.0368055555555555
INC0031681,Group 70,1,5.0368055555555555
INC0031682,Group 70,1,5.034722222222222
INC0031683,Group 37,1,28.897916666666667
INC0031684,Group 70,1,5.027083333333334
INC0031685,Group 39,1,5.067361111111111
INC0031686,Group 43,1,22.858333333333334
INC0031688,Group 70,1,16.0625
INC0031689,Group 73,1,7.811111111111111
INC0031690,Group 48,1,7.893055555555556
INC0031692,Group 70,1,5.017361111111111
INC0031693,Group 22,1,5.013888888888889
INC0031694,Group 70,1,5.0125
INC0031695,Group 23,1,5.054166666666666
INC0031696,Group 72,1,8.928472222222222
INC0031697,Group 39,1,5.051388888888889
INC0031698,Group 20,1,5.050694444444445
INC0031700,Group 70,1,5.045833333333333
INC0031701,Group 59,1,5.085416666666666
INC0031702,Group 27,1,5.084722222222222
INC0031704,Group 27,1,5.082638888888889
INC0031705,Group 27,1,5.081944444444445
INC0031706,Group 27,1,5.08125
INC0031707,Group 24,1,10.078472222222222
INC0031708,Group 39,1,5.077083333333333
INC0031709,Group 46,1,5.034722222222222
INC0031712,Group 70,1,5.032638888888889
INC0031713,Group 46,1,5.032638888888889
INC0031714,Group 39,1,7.782638888888889
INC0031715,Group 70,1,5.074305555555555
INC0031717,Group 46,1,5.03125
INC0031719,Group 70,1,5.030555555555556
INC0031720,Group 70,1,5.029861111111111
INC0031723,Group 70,1,5.065972222222222
INC0031724,Group 70,1,5.064583333333333
INC0031725,Group 39,1,5.0625
INC0031728,Group 70,1,9.395138888888889
INC0031729,Group 70,1,14.765277777777778
INC0031730,Group 70,1,5.054861111111111
INC0031731,Group 12,1,8.090972222222222
INC0031732,Group 30,1,5.007638888888889
INC0031734,Group 70,1,5.045833333333333
INC0031735,Group 46,1,5.044444444444444
INC0031736,Group 70,1,5.044444444444444
INC0031738,Group 39,1,7.663888888888889
INC0031739,Group 70,1,5.036111111111111
INC0031740,Group 70,1,5.034722222222222
INC0031743,Group 70,1,5.03125
INC0031744,Group 76,1,5.070138888888889
INC0031745,Group 70,1,5.027777777777778
INC0031746,Group 70,1,5.026388888888889
INC0031747,Group 39,1,5.026388888888889
INC0031748,Group 70,1,5.026388888888889
INC0031749,Group 12,1,5.066666666666666
INC0031750,Group 70,1,5.023611111111111
INC0031754,Group 37,1,8.102083333333333
INC0031756,Group 70,1,25.678472222222222
INC0031758,Group 29,1,16.8875
INC0031759,Group 24,1,8.678472222222222
INC0031760,Group 70,1,9.71875
INC0031761,Group 70,1,5.010416666666667
INC0031762,Group 70,1,5.009722222222222
INC0031763,Group 66,1,7.63125
INC0031764,Group 70,1,7.666666666666667
INC0031765,Group 5,1,17.705555555555556
INC0031766,Group 65,1,18.872916666666665
INC0031767,Group 70,1,5.035416666666666
INC0031769,Group 33,1,9.95
INC0031770,Group 70,1,5.031944444444444
INC0031771,Group 70,1,5.028472222222222
INC0031772,Group 72,1,7.902777777777778
INC0031773,Group 5,1,24.69097222222222
INC0031774,Group 70,1,5.024305555555555
INC0031775,Group 39,1,7.690277777777778
INC0031776,Group 23,1,18.773611111111112
INC0031777,Group 70,1,5.022916666666666
INC0031778,Group 70,1,5.022222222222222
INC0031779,Group 70,1,5.020138888888889
INC0031780,Group 37,1,8.095138888888888
INC0031781,Group 70,1,5.011111111111111
INC0031783,Group 54,1,14.709027777777777
INC0031784,Group 70,1,5.040972222222222
INC0031788,Group 29,1,7.906944444444444
INC0031789,Group 22,1,7.863888888888889
INC0031790,Group 70,1,5.025
INC0031791,Group 24,1,17.935416666666665
INC0031794,Group 70,1,7.678472222222222
INC0031795,Group 70,1,5.094444444444444
INC0031797,Group 70,1,25.71875
INC0031798,Group 70,1,5.040972222222222
INC0031799,Group 37,1,7.998611111111111
INC0031800,Group 6,1,9.656944444444445
INC0031803,Group 37,1,7.945833333333334
INC0031804,Group 70,1,7.811805555555556
INC0031805,Group 70,1,5.101388888888889
INC0031806,Group 70,1,5.009027777777778
INC0031808,Group 39,1,7.495138888888889
INC0031809,Group 65,1,5.116666666666666
INC0031810,Group 37,1,7.9430555555555555
INC0031811,Group 70,1,13.147916666666667
INC0031812,Group 70,1,5.024305555555555
INC0031813,Group 70,1,9.80486111111111
INC0031814,Group 70,1,18.752083333333335
INC0031815,Group 46,1,7.584722222222222
INC0031816,Group 46,1,7.479166666666667
INC0031818,Group 70,1,5.016666666666667
INC0031819,Group 70,1,5.0152777777777775
INC0031820,Group 56,1,9.370138888888889
INC0031821,Group 24,1,7.411111111111111
INC0031823,Group 70,1,5.016666666666667
INC0031824,Group 39,1,7.34375
INC0031825,Group 70,1,5.035416666666666
INC0031826,Group 70,1,5.03125
INC0031827,Group 70,1,5.024305555555555
INC0031828,Group 70,1,5.052777777777778
INC0031829,Group 70,1,5.009027777777778
INC0031831,Group 51,1,25.556944444444444
INC0031834,Group 70,1,5.034027777777778
INC0031835,Group 48,1,7.238194444444445
INC0031836,Group 70,1,16.279166666666665
INC0031837,Group 70,1,7.273611111111111
INC0031838,Group 65,1,7.148611111111111
INC0031839,Group 57,1,5.317361111111111
INC0031840,Group 70,1,5.038888888888889
INC0031841,Group 70,1,5.013888888888889
INC0031843,Group 39,1,6.967361111111111
INC0031844,Group 70,1,5.0375
INC0031845,Group 70,1,5.008333333333334
INC0031846,Group 70,1,5.008333333333334
INC0031847,Group 22,1,7.085416666666666
INC0031848,Group 70,1,5.042361111111111
INC0031849,Group 24,1,8.959027777777777
INC0031850,Group 70,1,5.038194444444445
INC0031856,Group 48,1,6.947916666666667
INC0031857,Group 22,1,6.919444444444444
INC0031858,Group 70,1,7.069444444444445
INC0031859,Group 70,1,9.027083333333334
INC0031860,Group 70,1,5.01875
INC0031861,Group 70,1,5.04375
INC0031862,Group 70,1,5.06875
INC0031865,Group 70,1,5.036111111111111
INC0031866,Group 24,1,6.902777777777778
INC0031868,Group 70,1,5.010416666666667
INC0031869,Group 70,1,5.076388888888889
INC0031870,Group 39,1,6.479166666666667
INC0031871,Group 70,1,5.0159722222222225
INC0031872,Group 22,1,7.823611111111111
INC0031873,Group 22,1,6.571527777777778
INC0031874,Group 70,1,5.018055555555556
INC0031875,Group 70,1,5.0472222222222225
INC0031876,Group 70,1,5.028472222222222
INC0031877,Group 70,1,5.0375
INC0031878,Group 70,1,5.017361111111111
INC0031879,Group 70,1,5.0152777777777775
INC0031880,Group 70,1,5.022916666666666
INC0031881,Group 22,1,14.35138888888889
INC0031882,Group 70,1,7.3493055555555555
INC0031883,Group 19,1,6.384027777777778
INC0031887,Group 70,1,5.075
INC0031888,Group 70,1,5.029166666666667
INC0031889,Group 70,1,5.081944444444445
INC0031890,Group 70,1,5.0368055555555555
INC0031891,Group 22,1,6.065277777777778
INC0031892,Group 70,1,5.023611111111111
INC0031893,Group 65,1,6.154861111111111
INC0031894,Group 70,1,5.032638888888889
INC0031895,Group 70,1,5.008333333333334
INC0031896,Group 37,1,14.040972222222223
INC0031897,Group 70,1,5.014583333333333
INC0031898,Group 70,1,5.052083333333333
INC0031899,Group 19,1,5.780555555555556
INC0031900,Group 70,1,5.043055555555555
INC0031901,Group 57,1,21.066666666666666
INC0031902,Group 70,1,5.05
INC0031903,Group 70,1,5.049305555555556
INC0031904,Group 70,1,5.01875
INC0031906,Group 70,1,5.020138888888889
INC0031908,Group 70,1,5.184722222222222
INC0031909,Group 70,1,5.01875
INC0031910,Group 70,1,5.01875
INC0031911,Group 70,1,5.013888888888889
INC0031912,Group 70,1,5.034027777777778
INC0031913,Group 70,1,5.022222222222222
INC0031914,Group 70,1,5.042361111111111
INC0031915,Group 54,1,5.507638888888889
INC0031916,Group 70,1,5.01875
INC0031917,Group 70,1,5.040972222222222
INC0031918,Group 70,1,5.040972222222222
INC0031920,Group 70,1,5.0375
INC0031921,Group 55,1,6.202083333333333
INC0031922,Group 70,1,5.035416666666666
INC0031923,Group 70,1,5.034027777777778
INC0031926,Group 46,1,5.279166666666667
INC0031927,Group 70,1,5.027083333333334
INC0031933,Group 70,1,7.260416666666667
INC0031934,Group 46,1,5.173611111111111
INC0031937,Group 70,1,7.252777777777778
INC0031938,Group 70,1,5.11875
INC0031940,Group 25,1,12.200694444444444
INC0031942,Group 65,1,7.148611111111111
INC0031943,Group 70,1,5.063194444444444
INC0031944,Group 22,1,6.102083333333334
INC0031945,Group 70,1,5.014583333333333
INC0031946,Group 70,1,5.052083333333333
INC0031947,Group 70,1,5.008333333333334
INC0031948,Group 73,1,5.2965277777777775
INC0031949,Group 24,1,5.170833333333333
INC0031950,Group 70,1,5.045138888888889
INC0031951,Group 70,1,13.04375
INC0031952,Group 70,1,5.043055555555555
INC0031953,Group 27,1,5.084027777777778
INC0031954,Group 72,1,5.33125
INC0031955,Group 28,1,5.038194444444445
INC0031956,Group 70,1,5.038194444444445
INC0031958,Group 31,1,5.039583333333334
INC0031959,Group 54,1,5.370833333333334
INC0031960,Group 70,1,5.079166666666667
INC0031961,Group 70,1,5.0368055555555555
INC0031962,Group 70,1,5.0368055555555555
INC0031963,Group 54,1,5.284027777777778
INC0031964,Group 28,1,5.075694444444444
INC0031965,Group 54,1,5.033333333333333
INC0031966,Group 39,1,5.073611111111111
INC0031967,Group 65,1,6.073611111111111
INC0031968,Group 30,1,5.155555555555556
INC0031969,Group 34,1,5.320138888888889
INC0031970,Group 70,1,5.028472222222222
INC0031971,Group 70,1,5.027083333333334
INC0031972,Group 70,1,5.026388888888889
INC0031974,Group 70,1,5.024305555555555
INC0031975,Group 70,1,5.024305555555555
INC0031976,Group 65,1,5.10625
INC0031977,Group 19,1,5.064583333333333
INC0031978,Group 68,1,5.354861111111111
INC0031979,Group 70,1,5.021527777777778
INC0031980,Group 70,1,5.019444444444445
INC0031983,Group 70,1,5.061111111111111
INC0031986,Group 70,1,5.01875
INC0031987,Group 57,1,6.310416666666667
INC0031989,Group 25,1,5.101388888888889
INC0031990,Group 39,1,5.101388888888889
INC0031991,Group 70,1,5.016666666666667
INC0031993,Group 24,1,5.3493055555555555
INC0031994,Group 24,1,6.057638888888889
INC0031996,Group 29,1,6.2652777777777775
INC0031997,Group 70,1,5.347222222222222
INC0032000,Group 70,1,5.053472222222222
INC0032001,Group 5,1,5.258333333333334
INC0032002,Group 70,1,5.091666666666667
INC0032003,Group 73,1,5.298611111111111
INC0032004,Group 56,1,7.006944444444445
INC0032006,Group 70,1,5.007638888888889
INC0032007,Group 39,1,5.0875
INC0032008,Group 27,1,6.129166666666666
INC0032009,Group 72,1,5.294444444444444
INC0032010,Group 20,1,35.12152777777778
INC0032011,Group 5,1,5.042361111111111
INC0032013,Group 3,1,13.374305555555555
INC0032015,Group 39,1,13.247222222222222
INC0032016,Group 22,1,5.080555555555556
INC0032017,Group 39,1,5.079166666666667
INC0032019,Group 28,1,7.0368055555555555
INC0032020,Group 70,1,5.0784722222222225
INC0032021,Group 70,1,5.0777777777777775
INC0032022,Group 9,1,196.15555555555557
INC0032023,Group 68,1,5.325694444444444
INC0032024,Group 70,1,5.033333333333333
INC0032025,Group 50,1,5.240972222222222
INC0032026,Group 68,1,12.365972222222222
INC0032027,Group 70,1,5.032638888888889
INC0032028,Group 72,1,5.240277777777778
INC0032029,Group 70,1,5.030555555555556
INC0032030,Group 39,1,5.071527777777778
INC0032031,Group 65,1,5.238194444444445
INC0032034,Group 58,1,11.9875
INC0032036,Group 70,1,5.029166666666667
INC0032037,Group 39,1,5.069444444444445
INC0032038,Group 70,1,5.028472222222222
INC0032039,Group 70,1,5.026388888888889
INC0032040,Group 57,1,5.191666666666666
INC0032041,Group 22,1,5.025
INC0032042,Group 70,1,5.023611111111111
INC0032044,Group 70,1,5.064583333333333
INC0032045,Group 70,1,6.980555555555555
INC0032046,Group 27,1,6.063888888888889
INC0032047,Group 70,1,5.979861111111111
INC0032048,Group 24,1,13.3125
INC0032052,Group 70,1,107.05625
INC0032053,Group 70,1,5.018055555555556
INC0032054,Group 70,1,6.226388888888889
INC0032057,Group 70,1,5.016666666666667
INC0032059,Group 57,1,5.2243055555555555
INC0032060,Group 22,1,5.3069444444444445
INC0032061,Group 70,1,5.014583333333333
INC0032062,Group 70,1,5.013888888888889
INC0032063,Group 70,1,5.054166666666666
INC0032064,Group 29,1,14.178472222222222
INC0032065,Group 70,1,5.053472222222222
INC0032066,Group 68,1,12.177083333333334
INC0032067,Group 39,1,5.051388888888889
INC0032069,Group 70,1,5.009722222222222
INC0032070,Group 24,1,6.217361111111111
INC0032071,Group 27,1,6.092361111111111
INC0032073,Group 27,1,5.298611111111111
INC0032074,Group 70,1,5.048611111111111
INC0032075,Group 70,1,5.045138888888889
INC0032076,Group 70,1,5.0055555555555555
INC0032078,Group 50,1,27.08125
INC0032079,Group 70,1,5.004166666666666
INC0032080,Group 10,1,6.04375
INC0032081,Group 70,1,5.042361111111111
INC0032082,Group 70,1,5.084027777777778
INC0032083,Group 39,1,6.040972222222222
INC0032084,Group 22,1,63.99305555555556
INC0032085,Group 70,1,5.039583333333334
INC0032086,Group 57,1,15.247916666666667
INC0032087,Group 50,1,58.290277777777774
INC0032088,Group 39,1,5.0375
INC0032089,Group 28,1,5.036111111111111
INC0032090,Group 70,1,5.035416666666666
INC0032091,Group 70,1,5.034722222222222
INC0032092,Group 25,1,12.2
INC0032093,Group 22,1,5.158333333333333
INC0032094,Group 70,1,5.032638888888889
INC0032095,Group 39,1,5.074305555555555
INC0032097,Group 70,1,12.240277777777777
INC0032098,Group 39,1,5.989583333333333
INC0032099,Group 70,1,5.03125
INC0032100,Group 70,1,5.028472222222222
INC0032101,Group 70,1,5.027777777777778
INC0032102,Group 26,1,34.15277777777778
INC0032104,Group 70,1,5.027083333333334
INC0032105,Group 70,1,23.104861111111113
INC0032106,Group 70,1,5.275
INC0032107,Group 70,1,5.025
INC0032108,Group 23,1,6.232638888888889
INC0032110,Group 70,1,5.065277777777778
INC0032111,Group 70,1,5.022916666666666
INC0032112,Group 55,1,5.064583333333333
INC0032114,Group 3,1,13.022916666666667
INC0032115,Group 70,0,160.05833333333334
INC0032116,Group 66,1,6.938194444444444
INC0032117,Group 70,1,15.229861111111111
INC0032118,Group 70,1,5.01875
INC0032119,Group 22,1,13.227083333333333
INC0032120,Group 70,1,5.018055555555556
INC0032121,Group 70,1,5.184027777777778
INC0032124,Group 65,1,5.971527777777778
INC0032125,Group 70,1,5.011805555555555
INC0032126,Group 70,1,5.011111111111111
INC0032127,Group 70,1,5.176388888888889
INC0032128,Group 70,1,5.009722222222222
INC0032129,Group 22,1,9.009722222222223
INC0032130,Group 15,1,22.259722222222223
INC0032131,Group 10,1,12.966666666666667
INC0032132,Group 70,1,5.010416666666667
INC0032133,Group 70,1,5.0881944444444445
INC0032134,Group 25,1,15.170833333333333
INC0032135,Group 70,1,5.0055555555555555
INC0032136,Group 25,1,15.044444444444444
INC0032137,Group 70,1,5.044444444444444
INC0032138,Group 56,1,8.334722222222222
INC0032139,Group 13,1,29.12152777777778
INC0032141,Group 70,1,5.042361111111111
INC0032142,Group 49,1,5.207638888888889
INC0032145,Group 70,1,5.040277777777778
INC0032147,Group 24,1,6.163888888888889
INC0032148,Group 70,1,5.038194444444445
INC0032149,Group 70,1,15.204166666666667
INC0032150,Group 70,1,5.0368055555555555
INC0032151,Group 70,1,5.035416666666666
INC0032152,Group 24,1,5.034027777777778
INC0032154,Group 73,1,5.1125
INC0032155,Group 22,1,5.1125
INC0032157,Group 24,1,5.1125
INC0032158,Group 70,1,23.113194444444446
INC0032159,Group 47,1,5.069444444444445
INC0032160,Group 70,1,5.027777777777778
INC0032161,Group 70,1,5.0256944444444445
INC0032162,Group 39,1,5.106944444444444
INC0032163,Group 70,1,15.189583333333333
INC0032164,Group 70,1,5.022222222222222
INC0032167,Group 70,1,5.0625
INC0032168,Group 70,1,5.020833333333333
INC0032169,Group 73,1,13.145138888888889
INC0032170,Group 72,1,21.14375
INC0032171,Group 10,1,5.185416666666667
INC0032172,Group 5,1,5.102083333333334
INC0032177,Group 3,1,141.9701388888889
INC0032178,Group 70,1,5.0159722222222225
INC0032179,Group 20,1,28.21875
INC0032180,Group 10,1,5.180555555555555
INC0032183,Group 25,1,5.054861111111111
INC0032184,Group 70,1,5.011805555555555
INC0032185,Group 24,1,26.927777777777777
INC0032186,Group 31,1,12.010416666666666
INC0032187,Group 70,1,5.010416666666667
INC0032189,Group 73,1,5.884027777777778
INC0032190,Group 70,1,5.006944444444445
INC0032192,Group 70,1,15.171527777777778
INC0032193,Group 70,1,5.169444444444444
INC0032195,Group 39,1,5.084027777777778
INC0032196,Group 70,1,5.0784722222222225
INC0032197,Group 25,1,12.118055555555555
INC0032198,Group 21,1,20.990972222222222
INC0032199,Group 70,1,5.030555555555556
INC0032200,Group 70,1,5.029861111111111
INC0032201,Group 27,1,13.1125
INC0032202,Group 70,1,5.029166666666667
INC0032203,Group 25,1,7.149305555555555
INC0032204,Group 70,1,5.023611111111111
INC0032205,Group 70,1,5.022916666666666
INC0032206,Group 65,1,6.938194444444444
INC0032207,Group 70,1,5.103472222222222
INC0032208,Group 70,1,5.019444444444445
INC0032209,Group 70,1,5.01875
INC0032210,Group 46,1,5.058333333333334
INC0032211,Group 25,1,26.969444444444445
INC0032212,Group 70,1,5.0159722222222225
INC0032213,Group 23,1,5.142361111111111
INC0032215,Group 20,1,23.21388888888889
INC0032216,Group 22,1,5.05
INC0032218,Group 70,1,5.004861111111111
INC0032221,Group 59,1,5.960416666666666
INC0032222,Group 70,1,5.041666666666667
INC0032224,Group 37,1,23.2
INC0032226,Group 70,1,5.038194444444445
INC0032230,Group 70,1,5.067361111111111
INC0032231,Group 25,1,12.152777777777779
INC0032232,Group 10,1,39.9
INC0032233,Group 70,1,5.024305555555555
INC0032234,Group 70,1,5.023611111111111
INC0032235,Group 70,1,5.022222222222222
INC0032236,Group 70,1,15.104861111111111
INC0032237,Group 72,1,7.0625
INC0032239,Group 70,1,5.061111111111111
INC0032240,Group 54,1,12.894444444444444
INC0032241,Group 70,1,5.018055555555556
INC0032242,Group 70,1,5.0159722222222225
INC0032243,Group 22,1,5.054861111111111
INC0032245,Group 70,1,5.013194444444444
INC0032247,Group 10,1,5.053472222222222
INC0032248,Group 12,1,6.925
INC0032249,Group 70,1,5.840972222222222
INC0032250,Group 56,1,8.090277777777779
INC0032252,Group 27,1,5.0472222222222225
INC0032253,Group 39,1,5.0465277777777775
INC0032254,Group 70,1,5.045833333333333
INC0032255,Group 70,1,5.045138888888889
INC0032256,Group 70,1,5.04375
INC0032258,Group 5,1,5.125694444444444
INC0032259,Group 70,1,5.040277777777778
INC0032260,Group 39,1,5.873611111111111
INC0032261,Group 70,1,5.039583333333334
INC0032262,Group 31,1,6.872916666666667
INC0032263,Group 70,1,5.039583333333334
INC0032265,Group 39,1,5.8284722222222225
INC0032267,Group 10,1,21.12013888888889
INC0032268,Group 70,1,5.036111111111111
INC0032269,Group 70,1,5.034722222222222
INC0032270,Group 30,1,21.075
INC0032273,Group 54,1,5.155555555555556
INC0032276,Group 73,1,7.152083333333334
INC0032277,Group 70,1,5.024305555555555
INC0032278,Group 27,1,5.855555555555555
INC0032279,Group 57,1,21.145833333333332
INC0032280,Group 39,1,5.020138888888889
INC0032281,Group 39,1,5.020138888888889
INC0032282,Group 20,1,7.186111111111111
INC0032283,Group 74,1,20.81111111111111
INC0032285,Group 70,1,5.059027777777778
INC0032286,Group 70,1,5.017361111111111
INC0032287,Group 24,1,22.804166666666667
INC0032288,Group 33,1,50.13611111111111
INC0032290,Group 31,1,12.05625
INC0032291,Group 54,1,14.847222222222221
INC0032292,Group 22,1,6.136111111111111
INC0032293,Group 70,1,5.010416666666667
INC0032294,Group 23,1,56.921527777777776
INC0032296,Group 70,1,5.049305555555556
INC0032297,Group 70,1,5.00625
INC0032298,Group 70,1,5.00625
INC0032299,Group 70,1,5.04375
INC0032300,Group 70,1,5.043055555555555
INC0032301,Group 70,1,5.041666666666667
INC0032302,Group 70,1,5.040972222222222
INC0032303,Group 70,1,5.040972222222222
INC0032304,Group 70,1,5.038194444444445
INC0032305,Group 70,1,5.038194444444445
INC0032306,Group 70,1,5.870833333333334
INC0032307,Group 73,1,6.745138888888889
INC0032309,Group 25,1,11.95138888888889
INC0032310,Group 25,1,6.824305555555555
INC0032311,Group 70,1,5.032638888888889
INC0032312,Group 22,1,13.113888888888889
INC0032313,Group 25,1,6.8180555555555555
INC0032315,Group 20,1,5.775
INC0032316,Group 13,1,15.74236111111111
INC0032317,Group 70,1,5.064583333333333
INC0032319,Group 39,1,5.89375
INC0032320,Group 70,1,5.018055555555556
INC0032322,Group 70,1,5.054166666666666
INC0032323,Group 70,1,5.720138888888889
INC0032324,Group 24,1,11.801388888888889
INC0032326,Group 57,1,5.961111111111111
INC0032328,Group 39,1,5.752083333333333
INC0032329,Group 47,1,6.04375
INC0032332,Group 39,1,5.7875
INC0032333,Group 73,1,6.704166666666667
INC0032334,Group 70,1,5.0368055555555555
INC0032335,Group 70,1,6.949305555555555
INC0032336,Group 70,1,5.03125
INC0032337,Group 72,1,15.779861111111112
INC0032338,Group 24,1,5.029166666666667
INC0032339,Group 29,1,6.903472222222222
INC0032341,Group 24,1,5.0256944444444445
INC0032344,Group 70,1,5.020833333333333
INC0032345,Group 39,1,6.895138888888889
INC0032346,Group 70,1,5.019444444444445
INC0032347,Group 65,1,11.85138888888889
INC0032348,Group 70,1,5.059027777777778
INC0032349,Group 70,1,5.016666666666667
INC0032351,Group 25,1,12.013194444444444
INC0032352,Group 20,1,6.845833333333333
INC0032356,Group 23,1,13.75625
INC0032358,Group 72,1,12.919444444444444
INC0032359,Group 70,1,5.0375
INC0032360,Group 70,1,13.74375
INC0032361,Group 70,1,5.032638888888889
INC0032363,Group 70,1,5.030555555555556
INC0032364,Group 54,1,12.698611111111111
INC0032365,Group 70,1,5.027777777777778
INC0032366,Group 70,1,5.651388888888889
INC0032367,Group 70,1,5.025
INC0032368,Group 72,1,20.899305555555557
INC0032370,Group 12,1,19.850694444444443
INC0032371,Group 70,1,5.641666666666667
INC0032372,Group 70,1,5.045138888888889
INC0032373,Group 70,1,5.031944444444444
INC0032374,Group 70,1,5.197222222222222
INC0032375,Group 70,1,5.024305555555555
INC0032376,Group 70,1,5.059722222222222
INC0032377,Group 70,1,5.057638888888889
INC0032378,Group 70,1,5.0569444444444445
INC0032379,Group 70,1,5.055555555555555
INC0032380,Group 70,1,5.009027777777778
INC0032381,Group 70,1,5.029861111111111
INC0032382,Group 39,1,5.654861111111111
INC0032383,Group 39,1,5.820833333333334
INC0032384,Group 39,1,5.820138888888889
INC0032385,Group 39,1,5.820138888888889
INC0032386,Group 70,1,5.027777777777778
INC0032387,Group 70,1,5.023611111111111
INC0032388,Group 22,1,5.60625
INC0032389,Group 70,1,5.01875
INC0032390,Group 22,1,5.58125
INC0032391,Group 70,1,5.020138888888889
INC0032392,Group 70,1,41.47152777777778
INC0032393,Group 70,1,12.736805555555556
INC0032395,Group 66,1,13.693055555555556
INC0032396,Group 70,1,5.017361111111111
INC0032397,Group 70,1,5.014583333333333
INC0032398,Group 73,1,6.954861111111111
INC0032400,Group 55,1,5.495138888888889
INC0032401,Group 66,1,13.65625
INC0032403,Group 28,1,11.64375
INC0032404,Group 70,1,5.032638888888889
INC0032405,Group 70,1,5.0125
INC0032406,Group 70,1,6.358333333333333
INC0032408,Group 70,1,5.0159722222222225
INC0032410,Group 65,1,21.290972222222223
INC0032411,Group 51,0,267.24444444444447
INC0032412,Group 70,1,15.36736111111111
INC0032413,Group 70,1,18.198611111111113
INC0032414,Group 24,1,21.364583333333332
INC0032415,Group 65,1,42.89930555555556
INC0032416,Group 48,1,11.146527777777777
INC0032418,Group 39,1,5.417361111111111
INC0032421,Group 48,1,6.121527777777778
INC0032423,Group 46,1,5.238888888888889
INC0032424,Group 57,1,6.322222222222222
INC0032425,Group 57,1,12.441666666666666
INC0032426,Group 70,1,5.021527777777778
INC0032428,Group 20,1,11.438194444444445
INC0032429,Group 65,1,5.0881944444444445
INC0032431,Group 65,1,6.120833333333334
INC0032432,Group 70,1,5.0375
INC0032433,Group 70,1,5.0368055555555555
INC0032434,Group 70,1,5.075
INC0032435,Group 29,1,6.240972222222222
INC0032437,Group 25,1,12.113888888888889
INC0032439,Group 28,1,6.1125
INC0032440,Group 70,1,5.028472222222222
INC0032441,Group 70,1,5.027777777777778
INC0032443,Group 37,1,21.066666666666666
INC0032444,Group 25,1,12.10763888888889
INC0032445,Group 24,1,5.147222222222222
INC0032446,Group 70,1,5.022222222222222
INC0032448,Group 70,1,11.313888888888888
INC0032449,Group 70,1,5.020833333333333
INC0032450,Group 24,1,36.31041666666667
INC0032451,Group 12,1,21.34722222222222
INC0032452,Group 70,1,5.013194444444444
INC0032453,Group 25,1,11.220833333333333
INC0032454,Group 70,1,5.011805555555555
INC0032455,Group 70,1,5.011805555555555
INC0032456,Group 70,1,5.011111111111111
INC0032457,Group 70,1,5.051388888888889
INC0032458,Group 29,1,12.384722222222223
INC0032459,Group 70,1,5.05
INC0032460,Group 70,1,5.045833333333333
INC0032461,Group 70,1,28.124305555555555
INC0032462,Group 25,1,25.038888888888888
INC0032463,Group 39,1,5.252083333333333
INC0032464,Group 27,1,5.042361111111111
INC0032465,Group 33,1,22.28611111111111
INC0032466,Group 73,1,5.999305555555556
INC0032469,Group 23,1,6.079861111111111
INC0032470,Group 24,1,5.079861111111111
INC0032473,Group 70,1,5.0375
INC0032475,Group 70,1,5.0368055555555555
INC0032478,Group 39,1,5.24375
INC0032479,Group 59,1,5.11875
INC0032480,Group 70,1,5.034027777777778
INC0032481,Group 70,1,5.029861111111111
INC0032482,Group 70,1,5.029166666666667
INC0032484,Group 70,1,5.026388888888889
INC0032485,Group 70,1,5.024305555555555
INC0032486,Group 70,1,5.022916666666666
INC0032487,Group 70,1,5.064583333333333
INC0032488,Group 27,1,12.022222222222222
INC0032489,Group 39,1,5.271527777777778
INC0032490,Group 23,1,5.0625
INC0032491,Group 70,1,5.019444444444445
INC0032492,Group 27,1,5.229861111111111
INC0032493,Group 76,1,21.185416666666665
INC0032495,Group 72,1,6.26875
INC0032498,Group 70,1,5.013194444444444
INC0032500,Group 20,1,28.21527777777778
INC0032501,Group 70,1,5.053472222222222
INC0032502,Group 70,1,11.261805555555556
INC0032505,Group 70,1,5.007638888888889
INC0032506,Group 27,1,5.174305555555556
INC0032509,Group 10,1,5.0875
INC0032510,Group 70,1,5.045138888888889
INC0032511,Group 25,1,6.209722222222222
INC0032512,Group 73,1,5.084027777777778
INC0032514,Group 27,1,14.249305555555555
INC0032515,Group 70,1,5.038194444444445
INC0032517,Group 24,1,5.079166666666667
INC0032518,Group 70,1,5.0368055555555555
INC0032519,Group 70,1,21.947916666666668
INC0032520,Group 22,1,5.0777777777777775
INC0032521,Group 70,1,5.034027777777778
INC0032523,Group 27,1,19.198611111111113
INC0032524,Group 70,1,5.031944444444444
INC0032525,Group 25,1,5.239583333333333
INC0032526,Group 48,1,6.072222222222222
INC0032529,Group 27,1,19.233333333333334
INC0032530,Group 70,1,5.025
INC0032532,Group 39,1,13.188194444444445
INC0032533,Group 70,1,6.26875
INC0032534,Group 70,1,22.096527777777776
INC0032535,Group 24,1,5.018055555555556
INC0032536,Group 70,1,5.017361111111111
INC0032539,Group 70,1,5.057638888888889
INC0032540,Group 20,1,5.3069444444444445
INC0032542,Group 24,1,5.014583333333333
INC0032543,Group 70,1,5.054861111111111
INC0032544,Group 24,1,5.138194444444444
INC0032545,Group 70,1,5.014583333333333
INC0032547,Group 24,1,6.219444444444444
INC0032548,Group 24,1,5.009722222222222
INC0032549,Group 39,1,5.220138888888889
INC0032550,Group 70,1,19.925694444444446
INC0032552,Group 70,1,5.090972222222222
INC0032553,Group 69,1,5.047916666666667
INC0032554,Group 27,1,11.254861111111111
INC0032556,Group 22,1,48.28958333333333
INC0032557,Group 70,1,5.040277777777778
INC0032559,Group 70,1,6.038194444444445
INC0032560,Group 70,1,5.0368055555555555
INC0032561,Group 21,1,13.202083333333333
INC0032562,Group 70,1,5.035416666666666
INC0032563,Group 22,1,20.158333333333335
INC0032564,Group 70,1,5.033333333333333
INC0032565,Group 70,1,5.032638888888889
INC0032566,Group 70,1,5.031944444444444
INC0032567,Group 70,1,5.114583333333333
INC0032568,Group 10,1,69.025
INC0032571,Group 25,1,18.191666666666666
INC0032572,Group 73,1,5.98125
INC0032574,Group 70,1,5.061805555555556
INC0032575,Group 70,1,5.103472222222222
INC0032576,Group 70,1,6.226388888888889
INC0032577,Group 22,1,6.264583333333333
INC0032578,Group 70,1,5.139583333333333
INC0032579,Group 70,1,5.013888888888889
INC0032581,Group 6,1,20.136805555555554
INC0032582,Group 70,1,21.880555555555556
INC0032587,Group 24,1,5.132638888888889
INC0032588,Group 6,1,21.21527777777778
INC0032589,Group 70,1,5.088888888888889
INC0032590,Group 48,1,17.92013888888889
INC0032591,Group 70,1,5.003472222222222
INC0032592,Group 70,1,5.034027777777778
INC0032593,Group 57,1,14.95
INC0032594,Group 70,1,5.032638888888889
INC0032595,Group 70,1,15.115277777777777
INC0032596,Group 24,1,5.154861111111111
INC0032597,Group 70,1,5.028472222222222
INC0032598,Group 24,1,5.111805555555556
INC0032599,Group 70,1,12.147916666666667
INC0032603,Group 25,1,11.177083333333334
INC0032604,Group 70,1,64.08125
INC0032605,Group 70,1,5.041666666666667
INC0032606,Group 70,1,5.039583333333334
INC0032608,Group 70,1,5.038888888888889
INC0032609,Group 70,1,5.024305555555555
INC0032610,Group 25,1,20.144444444444446
INC0032611,Group 57,1,7.852777777777778
INC0032613,Group 70,1,5.0159722222222225
INC0032614,Group 70,1,5.0152777777777775
INC0032615,Group 70,1,5.055555555555555
INC0032616,Group 76,1,32.888194444444444
INC0032619,Group 70,1,5.048611111111111
INC0032620,Group 70,1,5.0465277777777775
INC0032623,Group 27,1,11.834722222222222
INC0032624,Group 24,1,5.083333333333333
INC0032625,Group 70,1,5.039583333333334
INC0032626,Group 55,1,6.039583333333334
INC0032627,Group 70,1,5.995833333333334
INC0032628,Group 70,1,5.0375
INC0032629,Group 28,1,5.0784722222222225
INC0032632,Group 70,1,5.034027777777778
INC0032633,Group 70,1,11.866666666666667
INC0032634,Group 56,1,7.198611111111111
INC0032635,Group 25,1,10.990277777777777
INC0032636,Group 10,1,19.818055555555556
INC0032637,Group 61,1,165.97916666666666
INC0032639,Group 70,1,5.025
INC0032640,Group 70,1,5.024305555555555
INC0032641,Group 70,1,5.023611111111111
INC0032642,Group 39,1,5.106944444444444
INC0032643,Group 70,1,5.021527777777778
INC0032644,Group 10,1,5.854861111111111
INC0032645,Group 70,1,5.01875
INC0032646,Group 70,1,12.102083333333333
INC0032647,Group 25,1,5.060416666666667
INC0032648,Group 73,1,5.893055555555556
INC0032649,Group 9,1,87.97013888888888
INC0032650,Group 20,1,20.849305555555556
INC0032651,Group 58,1,46.92777777777778
INC0032652,Group 28,1,11.013194444444444
INC0032653,Group 27,1,11.7625
INC0032654,Group 70,1,5.009027777777778
INC0032656,Group 22,1,6.13125
INC0032657,Group 20,1,8.807638888888889
INC0032658,Group 74,1,14.047916666666667
INC0032659,Group 10,1,35.87361111111111
INC0032660,Group 24,1,10.96111111111111
INC0032661,Group 70,1,5.004861111111111
INC0032663,Group 70,1,5.004166666666666
INC0032664,Group 70,1,5.043055555555555
INC0032665,Group 70,1,5.084722222222222
INC0032666,Group 70,1,25.0375
INC0032668,Group 70,1,5.040277777777778
INC0032669,Group 25,1,12.998611111111112
INC0032672,Group 65,1,12.746527777777779
INC0032673,Group 24,1,5.7444444444444445
INC0032674,Group 20,1,21.11875
INC0032675,Group 55,1,5.034027777777778
INC0032676,Group 70,1,5.033333333333333
INC0032678,Group 39,1,7.85625
INC0032679,Group 50,1,28.772916666666667
INC0032680,Group 6,1,15.069444444444445
INC0032681,Group 70,1,14.777083333333334
INC0032684,Group 39,1,5.065972222222222
INC0032685,Group 61,1,18.81388888888889
INC0032686,Group 72,1,5.896527777777778
INC0032687,Group 72,1,5.895138888888889
INC0032688,Group 51,1,83.01319444444445
INC0032689,Group 72,1,5.097916666666666
INC0032690,Group 31,1,20.930555555555557
INC0032691,Group 70,1,5.013888888888889
INC0032693,Group 70,1,5.009722222222222
INC0032694,Group 70,1,5.048611111111111
INC0032695,Group 70,1,5.042361111111111
INC0032696,Group 10,1,5.95625
INC0032697,Group 70,1,5.038194444444445
INC0032698,Group 66,1,25.65763888888889
INC0032699,Group 70,1,5.0375
INC0032700,Group 70,1,5.035416666666666
INC0032703,Group 27,1,5.742361111111111
INC0032706,Group 70,1,6.03125
INC0032707,Group 27,1,10.739583333333334
INC0032708,Group 55,1,5.738888888888889
INC0032709,Group 25,1,11.778472222222222
INC0032710,Group 20,1,13.064583333333333
INC0032711,Group 24,1,12.897916666666667
INC0032712,Group 28,1,5.934722222222222
INC0032714,Group 70,1,5.013888888888889
INC0032715,Group 70,1,5.054861111111111
INC0032716,Group 25,1,13.7625
INC0032719,Group 39,1,5.0125
INC0032720,Group 25,1,6.050694444444445
INC0032721,Group 39,1,5.049305555555556
INC0032722,Group 27,1,17.875694444444445
INC0032723,Group 70,1,5.040972222222222
INC0032724,Group 57,1,12.995833333333334
INC0032725,Group 5,1,10.661111111111111
INC0032727,Group 70,1,5.03125
INC0032728,Group 70,1,5.027083333333334
INC0032730,Group 61,1,47.768055555555556
INC0032731,Group 70,1,5.021527777777778
INC0032732,Group 25,1,11.769444444444444
INC0032733,Group 72,1,5.893055555555556
INC0032734,Group 10,1,5.68125
INC0032735,Group 6,1,5.929166666666666
INC0032736,Group 53,1,11.71875
INC0032737,Group 20,1,230.2888888888889
INC0032738,Group 53,1,18.74652777777778
INC0032739,Group 70,1,5.0375
INC0032740,Group 70,1,5.034722222222222
INC0032741,Group 70,1,5.030555555555556
INC0032742,Group 70,1,5.022222222222222
INC0032743,Group 39,1,5.022222222222222
INC0032744,Group 70,1,5.038194444444445
INC0032745,Group 70,1,5.157638888888889
INC0032746,Group 70,1,5.016666666666667
INC0032747,Group 70,1,5.0159722222222225
INC0032748,Group 61,1,18.6125
INC0032749,Group 51,1,5.547916666666667
INC0032750,Group 39,1,5.7125
INC0032752,Group 22,1,5.79375
INC0032753,Group 70,1,5.038194444444445
INC0032755,Group 70,1,5.024305555555555
INC0032756,Group 70,1,5.022916666666666
INC0032757,Group 39,1,5.604861111111111
INC0032758,Group 70,1,5.059027777777778
INC0032759,Group 70,1,5.038888888888889
INC0032761,Group 70,1,5.038888888888889
INC0032762,Group 49,1,5.3625
INC0032763,Group 70,1,5.033333333333333
INC0032764,Group 66,1,5.526388888888889
INC0032767,Group 70,1,11.297222222222222
INC0032768,Group 70,1,5.0375
INC0032769,Group 25,1,5.454166666666667
INC0032771,Group 57,1,13.531944444444445
INC0032772,Group 15,1,146.30138888888888
INC0032773,Group 15,1,146.29375
INC0032774,Group 70,1,5.045138888888889
INC0032775,Group 57,1,14.502083333333333
INC0032776,Group 70,1,5.038888888888889
INC0032778,Group 70,1,11.454166666666667
INC0032779,Group 70,1,11.204166666666667
INC0032780,Group 70,1,5.0375
INC0032784,Group 24,1,11.08611111111111
INC0032785,Group 70,1,5.038194444444445
INC0032791,Group 61,1,18.145138888888887
INC0032792,Group 70,1,5.016666666666667
INC0032793,Group 70,1,5.016666666666667
INC0032795,Group 70,1,5.008333333333334
INC0032796,Group 70,1,5.0465277777777775
INC0032797,Group 37,1,17.170833333333334
INC0032798,Group 70,1,5.04375
INC0032800,Group 70,1,5.003472222222222
INC0032801,Group 70,1,5.041666666666667
INC0032802,Group 72,1,5.288888888888889
INC0032804,Group 31,1,10.411805555555556
INC0032805,Group 70,1,5.0368055555555555
INC0032807,Group 70,1,5.033333333333333
INC0032808,Group 70,1,5.033333333333333
INC0032810,Group 70,1,5.03125
INC0032811,Group 70,1,5.03125
INC0032812,Group 70,1,5.028472222222222
INC0032813,Group 72,1,7.278472222222222
INC0032814,Group 70,1,5.027777777777778
INC0032815,Group 61,1,18.110416666666666
INC0032816,Group 70,1,5.06875
INC0032819,Group 70,1,5.0256944444444445
INC0032821,Group 54,1,26.311805555555555
INC0032823,Group 70,1,5.065972222222222
INC0032824,Group 72,1,5.274305555555555
INC0032826,Group 54,1,5.231944444444444
INC0032827,Group 70,1,5.023611111111111
INC0032828,Group 5,1,7.023611111111111
INC0032829,Group 55,1,5.230555555555555
INC0032830,Group 70,1,5.022222222222222
INC0032831,Group 24,1,5.020833333333333
INC0032832,Group 70,1,5.020833333333333
INC0032833,Group 55,1,10.145138888888889
INC0032834,Group 25,1,10.269444444444444
INC0032835,Group 70,1,10.060416666666667
INC0032836,Group 70,1,5.018055555555556
INC0032837,Group 70,1,5.016666666666667
INC0032838,Group 70,1,5.016666666666667
INC0032839,Group 39,1,5.266666666666667
INC0032840,Group 70,1,5.0152777777777775
INC0032841,Group 61,1,18.097916666666666
INC0032843,Group 70,1,5.014583333333333
INC0032844,Group 54,1,5.097222222222222
INC0032845,Group 70,1,5.013888888888889
INC0032846,Group 70,1,5.013194444444444
INC0032848,Group 70,1,5.054166666666666
INC0032849,Group 66,1,24.006944444444443
INC0032850,Group 70,1,5.011805555555555
INC0032851,Group 6,1,14.052083333333334
INC0032852,Group 5,1,19.300694444444446
INC0032853,Group 25,1,10.342361111111112
INC0032854,Group 70,1,5.05
INC0032856,Group 5,1,5.0465277777777775
INC0032857,Group 70,1,5.0465277777777775
INC0032858,Group 30,1,39.16597222222222
INC0032863,Group 70,1,5.045138888888889
INC0032864,Group 70,1,10.040277777777778
INC0032865,Group 39,1,5.247916666666667
INC0032866,Group 70,1,5.039583333333334
INC0032868,Group 70,1,5.038194444444445
INC0032870,Group 27,1,5.0777777777777775
INC0032872,Group 66,1,41.02916666666667
INC0032873,Group 70,1,5.033333333333333
INC0032874,Group 70,1,5.032638888888889
INC0032875,Group 24,1,5.197222222222222
INC0032876,Group 70,1,5.113888888888889
INC0032877,Group 73,1,11.278472222222222
INC0032878,Group 70,1,5.027777777777778
INC0032880,Group 70,1,5.0256944444444445
INC0032881,Group 70,1,5.06875
INC0032883,Group 70,1,5.020138888888889
INC0032884,Group 70,1,5.019444444444445
INC0032885,Group 70,1,5.227777777777778
INC0032886,Group 70,1,5.019444444444445
INC0032888,Group 28,1,5.182638888888889
INC0032892,Group 70,1,5.0125
INC0032893,Group 55,1,5.054166666666666
INC0032894,Group 48,1,5.094444444444444
INC0032895,Group 70,1,5.010416666666667
INC0032897,Group 70,1,11.010416666666666
INC0032898,Group 73,1,17.135416666666668
INC0032899,Group 70,1,5.05
INC0032902,Group 70,1,5.007638888888889
INC0032903,Group 57,1,19.215972222222224
INC0032905,Group 70,1,5.007638888888889
INC0032906,Group 54,1,40.33541666666667
INC0032907,Group 46,1,5.088888888888889
INC0032908,Group 46,1,5.088888888888889
INC0032909,Group 39,1,5.2131944444444445
INC0032910,Group 29,1,5.293055555555555
INC0032911,Group 70,1,5.040277777777778
INC0032912,Group 70,1,5.038194444444445
INC0032913,Group 20,1,5.370833333333334
INC0032914,Group 73,1,11.203472222222222
INC0032915,Group 70,1,5.033333333333333
INC0032917,Group 39,1,5.199305555555555
INC0032918,Group 70,1,5.03125
INC0032920,Group 12,1,24.066666666666666
INC0032923,Group 70,1,5.029861111111111
INC0032925,Group 25,1,24.028472222222224
INC0032926,Group 39,1,5.069444444444445
INC0032927,Group 24,1,18.19236111111111
INC0032928,Group 70,1,5.0256944444444445
INC0032929,Group 70,1,5.025
INC0032931,Group 70,1,11.272916666666667
INC0032932,Group 27,1,5.01875
INC0032933,Group 39,1,5.184722222222222
INC0032935,Group 65,1,13.266666666666667
INC0032936,Group 70,1,5.0159722222222225
INC0032937,Group 70,1,11.05625
INC0032938,Group 70,1,5.055555555555555
INC0032939,Group 31,0,5.179861111111111
INC0032940,Group 50,1,17.221527777777776
INC0032941,Group 70,1,5.013194444444444
INC0032942,Group 65,1,14.220833333333333
INC0032944,Group 70,1,5.054166666666666
INC0032946,Group 39,1,5.176388888888889
INC0032948,Group 70,1,5.044444444444444
INC0032949,Group 70,1,5.044444444444444
INC0032951,Group 70,1,5.126388888888889
INC0032952,Group 70,1,5.040972222222222
INC0032953,Group 70,1,5.040277777777778
INC0032954,Group 10,1,5.0375
INC0032956,Group 69,1,5.034027777777778
INC0032957,Group 70,1,5.034027777777778
INC0032959,Group 70,1,5.03125
INC0032960,Group 61,1,17.945833333333333
INC0032962,Group 70,1,5.027083333333334
INC0032963,Group 28,1,12.985416666666667
INC0032964,Group 70,1,5.027083333333334
INC0032967,Group 12,1,18.02777777777778
INC0032968,Group 70,1,5.0256944444444445
INC0032969,Group 23,1,5.149305555555555
INC0032970,Group 10,1,5.023611111111111
INC0032972,Group 70,1,5.064583333333333
INC0032973,Group 66,1,45.892361111111114
INC0032975,Group 70,1,5.021527777777778
INC0032978,Group 54,1,61.97291666666667
INC0032982,Group 23,1,5.142361111111111
INC0032985,Group 25,1,24.176388888888887
INC0032986,Group 70,1,5.011111111111111
INC0032988,Group 73,1,20.83888888888889
INC0032991,Group 23,1,5.132638888888889
INC0032993,Group 70,1,5.048611111111111
INC0032994,Group 70,1,14.04861111111111
INC0032996,Group 66,1,188.12569444444443
INC0033000,Group 70,1,5.504166666666666
INC0033002,Group 25,1,13.121527777777779
INC0033003,Group 46,1,5.120138888888889
INC0033004,Group 70,1,5.036111111111111
INC0033005,Group 70,1,5.035416666666666
INC0033006,Group 39,1,5.111805555555556
INC0033007,Group 23,1,5.110416666666667
INC0033009,Group 70,1,5.0256944444444445
INC0033011,Group 74,1,5.147916666666666
INC0033012,Group 70,1,5.021527777777778
INC0033013,Group 70,1,5.01875
INC0033014,Group 70,1,5.01875
INC0033015,Group 46,1,5.143055555555556
INC0033016,Group 73,1,5.100694444444445
INC0033017,Group 56,1,5.0993055555555555
INC0033019,Group 25,1,17.97222222222222
INC0033020,Group 29,1,13.927777777777777
INC0033021,Group 10,1,5.09375
INC0033024,Group 54,1,10.878472222222221
INC0033025,Group 70,1,5.04375
INC0033026,Group 70,1,5.040277777777778
INC0033027,Group 70,1,5.039583333333334
INC0033028,Group 25,1,10.07638888888889
INC0033029,Group 70,1,5.066666666666666
INC0033030,Group 70,1,5.025
INC0033031,Group 70,1,5.022222222222222
INC0033032,Group 70,1,13.022222222222222
INC0033033,Group 24,1,5.104166666666667
INC0033034,Group 70,1,5.014583333333333
INC0033035,Group 27,1,21.133333333333333
INC0033036,Group 66,1,10.846527777777778
INC0033037,Group 72,1,5.05625
INC0033038,Group 70,1,5.011805555555555
INC0033039,Group 76,1,20.011111111111113
INC0033040,Group 39,1,35.08958333333333
INC0033041,Group 70,1,5.010416666666667
INC0033042,Group 28,1,13.135416666666666
INC0033043,Group 39,1,5.048611111111111
INC0033044,Group 70,1,5.006944444444445
INC0033045,Group 72,1,19.04652777777778
INC0033046,Group 25,1,13.129166666666666
INC0033047,Group 70,1,5.0875
INC0033048,Group 70,1,5.0055555555555555
INC0033049,Group 70,1,5.040277777777778
INC0033050,Group 70,1,5.080555555555556
INC0033051,Group 66,1,10.91388888888889
INC0033052,Group 72,1,12.116666666666667
INC0033053,Group 70,1,13.864583333333334
INC0033055,Group 57,1,27.78125
INC0033056,Group 29,1,7.1097222222222225
INC0033057,Group 24,1,47.85486111111111
INC0033059,Group 31,1,9.894444444444444
INC0033060,Group 70,1,5.018055555555556
INC0033061,Group 70,1,5.058333333333334
INC0033062,Group 39,1,5.057638888888889
INC0033063,Group 27,1,9.847222222222221
INC0033064,Group 70,1,5.052777777777778
INC0033065,Group 70,1,5.010416666666667
INC0033066,Group 70,1,10.75763888888889
INC0033068,Group 39,1,5.0472222222222225
INC0033069,Group 70,1,5.045833333333333
INC0033071,Group 70,1,5.004861111111111
INC0033072,Group 57,1,17.875694444444445
INC0033074,Group 53,1,10.872916666666667
INC0033075,Group 9,1,165.1173611111111
INC0033079,Group 70,1,5.028472222222222
INC0033080,Group 25,1,16.860416666666666
INC0033081,Group 22,1,19.11111111111111
INC0033082,Group 46,1,5.022222222222222
INC0033083,Group 10,1,16.76875
INC0033084,Group 70,1,5.052083333333333
INC0033086,Group 70,1,5.047916666666667
INC0033087,Group 70,1,9.792361111111111
INC0033090,Group 10,1,10.70625
INC0033091,Group 70,1,5.038888888888889
INC0033092,Group 25,1,13.994444444444444
INC0033093,Group 70,1,5.033333333333333
INC0033094,Group 70,1,5.031944444444444
INC0033095,Group 73,1,10.990277777777777
INC0033097,Group 70,1,59.94027777777778
INC0033101,Group 39,1,12.938888888888888
INC0033103,Group 70,1,5.01875
INC0033104,Group 65,1,10.727083333333333
INC0033111,Group 70,1,5.00625
INC0033116,Group 25,1,24.831944444444446
INC0033120,Group 23,1,9.955555555555556
INC0033122,Group 76,1,31.81875
INC0033123,Group 21,1,11.027777777777779
INC0033124,Group 70,1,5.021527777777778
INC0033126,Group 70,1,9.727777777777778
INC0033127,Group 70,1,5.016666666666667
INC0033128,Group 70,1,5.013888888888889
INC0033129,Group 5,1,10.930555555555555
INC0033132,Group 70,1,8.963194444444444
INC0033133,Group 70,1,10.660416666666666
INC0033134,Group 21,1,5.075694444444444
INC0033135,Group 70,1,5.025
INC0033136,Group 33,1,9.809722222222222
INC0033137,Group 70,1,5.0055555555555555
INC0033138,Group 70,1,10.627777777777778
INC0033140,Group 70,1,5.041666666666667
INC0033142,Group 70,1,5.020833333333333
INC0033143,Group 70,1,5.016666666666667
INC0033144,Group 70,1,5.03125
INC0033146,Group 70,1,5.027777777777778
INC0033147,Group 28,1,9.730555555555556
INC0033149,Group 70,1,5.026388888888889
INC0033150,Group 70,1,5.022222222222222
INC0033152,Group 70,1,5.016666666666667
INC0033153,Group 19,1,6.63125
INC0033154,Group 70,1,9.539583333333333
INC0033155,Group 70,1,5.0368055555555555
INC0033157,Group 19,1,6.488194444444445
INC0033159,Group 70,1,5.018055555555556
INC0033160,Group 70,1,5.010416666666667
INC0033162,Group 66,1,11.674305555555556
INC0033163,Group 70,1,13.609027777777778
INC0033164,Group 70,1,5.020138888888889
INC0033166,Group 70,1,5.013194444444444
INC0033168,Group 70,1,5.039583333333334
INC0033170,Group 70,1,5.034027777777778
INC0033171,Group 70,1,5.027083333333334
INC0033172,Group 70,1,5.013194444444444
INC0033173,Group 70,1,5.009722222222222
INC0033174,Group 70,1,5.002777777777778
INC0033175,Group 70,1,5.036111111111111
INC0033176,Group 70,1,5.029861111111111
INC0033177,Group 65,1,32.144444444444446
INC0033178,Group 70,1,5.007638888888889
INC0033179,Group 70,1,13.170833333333333
INC0033180,Group 65,1,10.414583333333333
INC0033181,Group 22,1,33.15902777777778
INC0033182,Group 70,1,5.071527777777778
INC0033184,Group 70,1,5.041666666666667
INC0033185,Group 70,1,5.035416666666666
INC0033188,Group 65,1,5.045833333333333
INC0033191,Group 70,1,5.033333333333333
INC0033193,Group 58,1,6.404861111111111
INC0033194,Group 70,1,5.029166666666667
INC0033197,Group 70,1,5.026388888888889
INC0033198,Group 70,1,5.025
INC0033199,Group 37,1,17.38888888888889
INC0033200,Group 70,1,5.011805555555555
INC0033204,Group 70,1,5.009027777777778
INC0033205,Group 70,1,5.020138888888889
INC0033207,Group 70,1,5.028472222222222
INC0033208,Group 70,1,5.027777777777778
INC0033209,Group 25,1,10.022916666666667
INC0033211,Group 70,1,5.014583333333333
INC0033212,Group 70,1,5.009722222222222
INC0033214,Group 70,1,10.172222222222222
INC0033215,Group 49,1,9.102777777777778
INC0033217,Group 70,1,5.204166666666667
INC0033218,Group 70,1,5.029166666666667
INC0033219,Group 55,1,8.848611111111111
INC0033221,Group 70,1,13.083333333333334
INC0033222,Group 70,1,5.161111111111111
INC0033225,Group 70,1,8.903472222222222
INC0033226,Group 10,1,8.770138888888889
INC0033230,Group 57,1,16.175
INC0033232,Group 10,1,61.830555555555556
INC0033233,Group 57,1,5.75
INC0033234,Group 10,1,8.788194444444445
INC0033235,Group 70,1,12.817361111111111
INC0033236,Group 65,1,5.726388888888889
INC0033237,Group 70,1,5.040277777777778
INC0033239,Group 70,1,5.072222222222222
INC0033240,Group 70,1,5.071527777777778
INC0033242,Group 70,1,5.063194444444444
INC0033243,Group 70,1,9.974305555555556
INC0033244,Group 70,1,9.99375
INC0033245,Group 6,1,8.699305555555556
INC0033246,Group 6,1,8.656944444444445
INC0033247,Group 6,1,8.655555555555555
INC0033252,Group 48,1,8.644444444444444
INC0033254,Group 70,1,5.0375
INC0033255,Group 70,1,5.025
INC0033256,Group 70,1,5.022222222222222
INC0033257,Group 70,1,5.022222222222222
INC0033258,Group 70,1,5.004861111111111
INC0033259,Group 70,1,5.029166666666667
INC0033260,Group 28,1,8.760416666666666
INC0033261,Group 70,1,5.0472222222222225
INC0033262,Group 70,1,5.007638888888889
INC0033263,Group 70,1,5.047916666666667
INC0033264,Group 70,1,9.82986111111111
INC0033265,Group 58,1,5.861805555555556
INC0033266,Group 70,1,5.052083333333333
INC0033267,Group 70,1,5.03125
INC0033268,Group 70,1,5.038888888888889
INC0033269,Group 70,1,5.021527777777778
INC0033271,Group 70,1,5.090277777777778
INC0033272,Group 56,1,9.431944444444444
INC0033273,Group 55,1,8.288194444444445
INC0033276,Group 58,1,5.584722222222222
INC0033277,Group 70,1,5.031944444444444
INC0033278,Group 27,1,8.175694444444444
INC0033279,Group 58,1,5.4631944444444445
INC0033280,Group 53,1,9.189583333333333
INC0033281,Group 72,1,8.131944444444445
INC0033282,Group 70,1,5.0375
INC0033283,Group 70,1,5.029861111111111
INC0033284,Group 56,1,5.107638888888889
INC0033286,Group 70,1,5.023611111111111
INC0033287,Group 70,1,5.020138888888889
INC0033288,Group 70,1,5.061111111111111
INC0033289,Group 39,1,8.05
INC0033291,Group 70,1,5.007638888888889
INC0033292,Group 58,1,5.374305555555556
INC0033293,Group 70,1,5.040277777777778
INC0033294,Group 70,1,5.038194444444445
INC0033296,Group 70,1,9.322916666666666
INC0033297,Group 70,1,5.026388888888889
INC0033298,Group 70,1,5.065972222222222
INC0033299,Group 70,1,5.021527777777778
INC0033300,Group 70,1,5.018055555555556
INC0033301,Group 66,1,10.219444444444445
INC0033302,Group 29,1,12.050694444444444
INC0033303,Group 72,1,9.153472222222222
INC0033304,Group 70,1,5.021527777777778
INC0033305,Group 70,1,5.017361111111111
INC0033306,Group 70,1,5.047916666666667
INC0033308,Group 23,1,8.29513888888889
INC0033309,Group 23,1,8.2875
INC0033310,Group 70,1,5.033333333333333
INC0033311,Group 29,1,11.940972222222221
INC0033312,Group 44,1,8.980555555555556
INC0033313,Group 70,1,5.020138888888889
INC0033314,Group 70,1,5.016666666666667
INC0033315,Group 70,1,5.014583333333333
INC0033316,Group 22,1,5.09375
INC0033317,Group 70,1,5.090277777777778
INC0033318,Group 37,1,16.88125
INC0033319,Group 33,1,8.130555555555556
INC0033320,Group 70,1,5.1715277777777775
INC0033322,Group 70,1,5.0368055555555555
INC0033323,Group 22,1,7.910416666666666
INC0033324,Group 70,1,5.034027777777778
INC0033325,Group 24,1,8.029861111111112
INC0033326,Group 70,1,5.026388888888889
INC0033327,Group 27,1,24.104166666666668
INC0033328,Group 70,1,5.017361111111111
INC0033329,Group 70,1,5.013888888888889
INC0033330,Group 70,1,5.136805555555555
INC0033332,Group 72,1,71.04097222222222
INC0033333,Group 70,1,5.045138888888889
INC0033334,Group 58,1,5.163888888888889
INC0033338,Group 39,1,7.799305555555556
INC0033339,Group 70,1,5.0055555555555555
INC0033340,Group 70,1,8.04513888888889
INC0033341,Group 22,1,7.829166666666667
INC0033342,Group 70,1,5.072916666666667
INC0033343,Group 70,1,5.030555555555556
INC0033344,Group 70,1,5.027777777777778
INC0033345,Group 70,1,5.022916666666666
INC0033347,Group 48,1,7.717361111111111
INC0033348,Group 70,1,5.047916666666667
INC0033349,Group 24,1,8.83125
INC0033351,Group 70,1,5.034027777777778
INC0033352,Group 70,1,5.011805555555555
INC0033353,Group 70,1,5.049305555555556
INC0033354,Group 54,1,7.669444444444444
INC0033355,Group 22,1,5.114583333333333
INC0033356,Group 70,1,5.025
INC0033357,Group 70,1,5.018055555555556
INC0033359,Group 70,1,8.71875
INC0033360,Group 54,1,10.761805555555556
INC0033364,Group 70,1,8.799305555555556
INC0033366,Group 70,1,5.0368055555555555
INC0033367,Group 25,1,22.535416666666666
INC0033368,Group 70,1,5.052777777777778
INC0033369,Group 70,1,5.0368055555555555
INC0033371,Group 55,1,7.407638888888889
INC0033372,Group 55,1,7.393055555555556
INC0033374,Group 55,1,5.0472222222222225
INC0033375,Group 66,1,8.278472222222222
INC0033376,Group 24,1,7.480555555555555
INC0033377,Group 70,1,5.047916666666667
INC0033378,Group 70,1,5.040972222222222
INC0033380,Group 55,1,5.065277777777778
INC0033381,Group 70,1,5.004166666666666
INC0033382,Group 28,1,9.19513888888889
INC0033383,Group 70,1,5.011111111111111
INC0033384,Group 70,1,7.896527777777778
INC0033386,Group 70,1,5.113194444444445
INC0033387,Group 70,1,5.022222222222222
INC0033388,Group 25,1,11.246527777777779
INC0033389,Group 48,1,7.032638888888889
INC0033390,Group 70,1,8.111805555555556
INC0033391,Group 70,1,5.024305555555555
INC0033392,Group 70,1,5.020138888888889
INC0033393,Group 37,1,8.265972222222222
INC0033394,Group 56,1,5.316666666666666
INC0033395,Group 70,1,5.038888888888889
INC0033396,Group 48,1,7.022916666666666
INC0033397,Group 37,1,8.189583333333333
INC0033398,Group 46,1,24.926388888888887
INC0033401,Group 70,1,5.003472222222222
INC0033403,Group 22,1,16.195833333333333
INC0033404,Group 70,1,8.1625
INC0033407,Group 70,1,5.971527777777778
INC0033408,Group 70,1,5.125694444444444
INC0033409,Group 70,1,5.026388888888889
INC0033410,Group 24,1,7.804861111111111
INC0033411,Group 70,1,5.041666666666667
INC0033412,Group 70,1,5.8284722222222225
INC0033415,Group 70,1,5.00625
INC0033416,Group 51,0,181.8826388888889
INC0033417,Group 25,1,10.715277777777779
INC0033418,Group 76,1,7.5625
INC0033420,Group 70,1,5.029861111111111
INC0033421,Group 70,1,5.026388888888889
INC0033422,Group 70,1,5.020833333333333
INC0033423,Group 70,1,5.03125
INC0033424,Group 70,1,5.052083333333333
INC0033426,Group 66,1,20.334722222222222
INC0033427,Group 70,1,7.634722222222222
INC0033428,Group 70,1,5.029166666666667
INC0033429,Group 70,1,5.011805555555555
INC0033430,Group 24,1,8.245833333333334
INC0033431,Group 70,1,5.022222222222222
INC0033432,Group 65,1,9.126388888888888
INC0033433,Group 70,1,16.122222222222224
INC0033434,Group 70,1,5.0777777777777775
INC0033436,Group 24,1,6.3805555555555555
INC0033438,Group 70,1,5.028472222222222
INC0033439,Group 24,1,8.1
INC0033440,Group 73,1,7.009027777777778
INC0033441,Group 74,1,10.077777777777778
INC0033442,Group 70,1,5.033333333333333
INC0033444,Group 70,1,5.045138888888889
INC0033445,Group 70,1,6.043055555555555
INC0033447,Group 70,1,6.050694444444445
INC0033448,Group 70,1,5.045833333333333
INC0033450,Group 70,1,5.036111111111111
INC0033451,Group 70,1,5.029166666666667
INC0033452,Group 70,1,5.029166666666667
INC0033454,Group 70,1,5.084722222222222
INC0033455,Group 70,1,7.165972222222222
INC0033456,Group 70,1,5.0368055555555555
INC0033457,Group 70,1,5.028472222222222
INC0033459,Group 48,1,7.767361111111111
INC0033462,Group 70,1,5.011111111111111
INC0033463,Group 70,1,5.040972222222222
INC0033464,Group 70,1,5.033333333333333
INC0033492,Group 55,1,5.735416666666667
INC0033493,Group 70,1,5.145833333333333
INC0033494,Group 70,1,5.0256944444444445
INC0033495,Group 70,1,5.0159722222222225
INC0033497,Group 70,1,9.745833333333334
INC0033498,Group 70,1,5.097222222222222
INC0033499,Group 70,1,5.101388888888889
INC0033501,Group 70,1,5.0159722222222225
INC0033502,Group 70,1,5.0125
INC0033503,Group 70,1,5.010416666666667
INC0033504,Group 70,1,5.038888888888889
INC0033505,Group 70,1,5.372222222222222
INC0033506,Group 37,1,6.396527777777778
INC0033508,Group 70,1,6.642361111111111
INC0033509,Group 27,1,7.5569444444444445
INC0033510,Group 72,1,7.634027777777778
INC0033512,Group 70,1,6.602083333333334
INC0033513,Group 70,1,6.511805555555555
INC0033516,Group 24,1,15.334722222222222
INC0033518,Group 70,1,5.038194444444445
INC0033520,Group 48,1,5.176388888888889
INC0033521,Group 70,1,5.021527777777778
INC0033522,Group 70,1,5.020833333333333
INC0033523,Group 70,1,5.060416666666667
INC0033524,Group 70,1,5.058333333333334
INC0033525,Group 24,1,5.097916666666666
INC0033527,Group 70,1,5.047916666666667
INC0033529,Group 70,1,12.296527777777778
INC0033530,Group 70,1,5.0465277777777775
INC0033531,Group 70,1,5.045833333333333
INC0033532,Group 65,1,6.086805555555555
INC0033533,Group 28,1,5.16875
INC0033534,Group 73,1,5.127083333333333
INC0033537,Group 70,1,5.041666666666667
INC0033538,Group 23,1,5.122222222222222
INC0033539,Group 27,1,5.371527777777778
INC0033540,Group 27,1,13.0375
INC0033541,Group 70,1,5.0368055555555555
INC0033542,Group 70,1,6.370138888888889
INC0033544,Group 70,1,5.034722222222222
INC0033545,Group 70,1,5.033333333333333
INC0033546,Group 70,1,5.033333333333333
INC0033547,Group 70,1,5.031944444444444
INC0033548,Group 20,1,5.072916666666667
INC0033549,Group 70,1,5.072222222222222
INC0033550,Group 70,1,5.072222222222222
INC0033551,Group 70,1,5.029861111111111
INC0033553,Group 70,1,5.029166666666667
INC0033554,Group 27,1,6.070833333333334
INC0033555,Group 70,1,5.028472222222222
INC0033558,Group 65,1,15.235416666666667
INC0033560,Group 70,1,5.026388888888889
INC0033561,Group 27,1,5.025
INC0033562,Group 27,1,5.065972222222222
INC0033563,Group 70,1,5.023611111111111
INC0033564,Group 70,1,5.023611111111111
INC0033565,Group 23,1,7.065277777777778
INC0033566,Group 70,1,5.023611111111111
INC0033567,Group 27,1,5.022916666666666
INC0033568,Group 25,1,8.104861111111111
INC0033569,Group 70,1,5.020833333333333
INC0033571,Group 70,1,5.01875
INC0033573,Group 70,1,5.017361111111111
INC0033574,Group 70,1,5.016666666666667
INC0033575,Group 27,1,7.2659722222222225
INC0033577,Group 70,1,5.0569444444444445
INC0033579,Group 70,1,5.0152777777777775
INC0033582,Group 54,1,5.221527777777778
INC0033583,Group 70,1,5.0125
INC0033584,Group 24,1,6.011805555555555
INC0033585,Group 25,1,7.052777777777778
INC0033586,Group 70,1,5.011111111111111
INC0033587,Group 65,1,5.093055555555556
INC0033588,Group 70,1,10.259027777777778
INC0033589,Group 70,1,5.009027777777778
INC0033590,Group 70,1,5.007638888888889
INC0033592,Group 24,1,5.090972222222222
INC0033593,Group 73,1,5.090972222222222
INC0033594,Group 72,1,9.25625
INC0033595,Group 50,1,6.339583333333334
INC0033596,Group 70,1,5.047916666666667
INC0033598,Group 70,1,5.0055555555555555
INC0033599,Group 20,1,2.411111111111111
INC0033600,Group 31,1,8.130555555555556
INC0033601,Group 70,1,6.338888888888889
INC0033602,Group 57,1,14.213194444444444
INC0033603,Group 39,1,5.2131944444444445
INC0033605,Group 70,1,5.045138888888889
INC0033606,Group 70,1,5.045138888888889
INC0033607,Group 70,1,5.045138888888889
INC0033608,Group 70,1,5.044444444444444
INC0033609,Group 70,1,5.044444444444444
INC0033610,Group 70,1,5.043055555555555
INC0033611,Group 70,1,5.039583333333334
INC0033613,Group 28,1,5.330555555555556
INC0033614,Group 70,1,5.038888888888889
INC0033615,Group 70,1,5.0375
INC0033616,Group 73,1,5.120833333333334
INC0033617,Group 56,1,7.3284722222222225
INC0033618,Group 70,1,5.035416666666666
INC0033621,Group 70,1,9.285416666666666
INC0033622,Group 27,1,5.076388888888889
INC0033623,Group 30,1,5.118055555555555
INC0033624,Group 37,1,22.320833333333333
INC0033627,Group 70,1,5.032638888888889
INC0033628,Group 70,1,5.074305555555555
INC0033629,Group 70,1,5.032638888888889
INC0033630,Group 29,1,7.198611111111111
INC0033631,Group 70,1,5.031944444444444
INC0033632,Group 70,1,5.072916666666667
INC0033633,Group 70,1,5.029166666666667
INC0033634,Group 70,1,5.070833333333334
INC0033639,Group 70,1,5.026388888888889
INC0033643,Group 70,1,5.023611111111111
INC0033644,Group 70,1,5.023611111111111
INC0033646,Group 73,1,14.146527777777777
INC0033647,Group 24,1,5.104166666666667
INC0033648,Group 70,1,5.020833333333333
INC0033649,Group 23,1,5.102777777777778
INC0033650,Group 25,1,5.268055555555556
INC0033651,Group 24,1,5.309027777777778
INC0033653,Group 53,1,6.1402777777777775
INC0033654,Group 70,1,5.05625
INC0033655,Group 70,1,5.013194444444444
INC0033656,Group 70,1,5.0125
INC0033657,Group 70,1,5.052777777777778
INC0033658,Group 20,1,21.266666666666666
INC0033660,Group 28,1,5.134027777777778
INC0033661,Group 66,1,21.9625
INC0033662,Group 70,1,5.008333333333334
INC0033663,Group 70,1,5.008333333333334
INC0033665,Group 65,1,63.33541666666667
INC0033667,Group 70,1,5.007638888888889
INC0033668,Group 39,1,5.0881944444444445
INC0033669,Group 73,1,8.129861111111111
INC0033670,Group 65,1,61.166666666666664
INC0033671,Group 39,1,5.086111111111111
INC0033672,Group 70,1,5.002777777777778
INC0033674,Group 24,1,8.043055555555556
INC0033675,Group 73,1,5.959722222222222
INC0033676,Group 75,1,41.4125
INC0033677,Group 10,1,5.042361111111111
INC0033679,Group 70,1,5.041666666666667
INC0033681,Group 70,1,5.040277777777778
INC0033682,Group 60,1,5.081944444444445
INC0033683,Group 70,1,5.039583333333334
INC0033684,Group 39,1,5.080555555555556
INC0033686,Group 25,1,13.0375
INC0033687,Group 70,1,5.0375
INC0033689,Group 75,1,41.40625
INC0033690,Group 54,1,5.035416666666666
INC0033691,Group 70,1,5.035416666666666
INC0033692,Group 70,1,5.034722222222222
INC0033693,Group 39,1,5.075694444444444
INC0033694,Group 73,1,7.992361111111111
INC0033695,Group 70,1,5.033333333333333
INC0033697,Group 70,1,5.031944444444444
INC0033698,Group 27,1,30.19375
INC0033700,Group 54,1,5.03125
INC0033701,Group 65,1,12.28125
INC0033702,Group 70,1,5.03125
INC0033703,Group 15,1,5.030555555555556
INC0033704,Group 70,1,5.030555555555556
INC0033705,Group 55,1,5.072222222222222
INC0033706,Group 24,1,5.071527777777778
INC0033708,Group 70,1,5.029166666666667
INC0033709,Group 70,1,5.029166666666667
INC0033710,Group 72,1,14.195833333333333
INC0033711,Group 25,1,20.06388888888889
INC0033712,Group 39,1,5.067361111111111
INC0033713,Group 70,1,5.0256944444444445
INC0033714,Group 70,1,5.0256944444444445
INC0033715,Group 70,1,5.024305555555555
INC0033716,Group 23,1,9.23125
INC0033717,Group 60,1,20.226388888888888
INC0033718,Group 29,1,13.98263888888889
INC0033719,Group 70,1,5.019444444444445
INC0033720,Group 70,1,5.019444444444445
INC0033721,Group 70,1,5.01875
INC0033722,Group 70,1,5.018055555555556
INC0033723,Group 29,1,8.975694444444445
INC0033724,Group 33,1,202.2625
INC0033725,Group 70,1,6.263194444444444
INC0033726,Group 70,1,5.011805555555555
INC0033727,Group 70,1,5.011111111111111
INC0033728,Group 6,1,6.260416666666667
INC0033729,Group 25,1,12.21875
INC0033731,Group 24,1,5.050694444444445
INC0033732,Group 70,1,5.009027777777778
INC0033733,Group 25,1,25.961805555555557
INC0033734,Group 28,1,26.961111111111112
INC0033735,Group 24,1,5.047916666666667
INC0033736,Group 59,1,14.213888888888889
INC0033738,Group 73,1,5.253472222222222
INC0033739,Group 39,1,5.170138888888889
INC0033740,Group 73,1,6.128472222222222
INC0033741,Group 24,1,5.044444444444444
INC0033742,Group 24,1,5.04375
INC0033744,Group 6,1,7.293055555555555
INC0033747,Group 70,1,5.040277777777778
INC0033748,Group 70,1,5.040277777777778
INC0033751,Group 53,1,12.244444444444444
INC0033752,Group 70,1,5.035416666666666
INC0033753,Group 37,1,12.952083333333333
INC0033754,Group 70,1,5.034722222222222
INC0033756,Group 70,1,5.031944444444444
INC0033757,Group 70,1,5.029166666666667
INC0033758,Group 73,1,5.069444444444445
INC0033760,Group 70,1,5.026388888888889
INC0033761,Group 70,1,5.0256944444444445
INC0033762,Group 70,1,8.109027777777778
INC0033764,Group 39,1,8.150694444444444
INC0033766,Group 22,1,5.983333333333333
INC0033767,Group 70,1,5.024305555555555
INC0033768,Group 49,1,6.022916666666666
INC0033769,Group 70,1,5.021527777777778
INC0033770,Group 25,1,133.97430555555556
INC0033771,Group 73,1,5.061111111111111
INC0033773,Group 39,1,7.14375
INC0033774,Group 72,1,68.92916666666666
INC0033779,Group 10,1,5.095138888888889
INC0033781,Group 70,1,5.011111111111111
INC0033785,Group 20,1,6.966666666666667
INC0033787,Group 70,1,5.006944444444445
INC0033788,Group 70,1,5.047916666666667
INC0033789,Group 39,1,6.13125
INC0033790,Group 73,1,6.084027777777778
INC0033791,Group 70,1,5.042361111111111
INC0033792,Group 24,1,6.959027777777778
INC0033793,Group 73,1,6.123611111111111
INC0033794,Group 70,1,5.122222222222222
INC0033795,Group 70,1,5.0368055555555555
INC0033797,Group 70,1,5.034027777777778
INC0033798,Group 70,1,5.034027777777778
INC0033801,Group 23,1,5.989583333333333
INC0033802,Group 70,1,5.029861111111111
INC0033803,Group 70,1,5.029861111111111
INC0033804,Group 70,1,5.028472222222222
INC0033805,Group 60,1,6.94375
INC0033806,Group 25,1,21.188194444444445
INC0033807,Group 25,1,7.9840277777777775
INC0033808,Group 6,1,5.982638888888889
INC0033809,Group 70,1,5.023611111111111
INC0033810,Group 70,1,9.106944444444444
INC0033811,Group 70,1,5.016666666666667
INC0033813,Group 70,1,5.013194444444444
INC0033815,Group 70,1,5.052777777777778
INC0033818,Group 70,1,5.00625
INC0033819,Group 72,1,14.922222222222222
INC0033820,Group 70,1,5.045138888888889
INC0033821,Group 3,1,134.9125
INC0033823,Group 70,1,5.039583333333334
INC0033824,Group 23,1,5.038888888888889
INC0033825,Group 70,1,5.0368055555555555
INC0033826,Group 70,1,5.035416666666666
INC0033827,Group 23,1,5.035416666666666
INC0033828,Group 65,1,8.86736111111111
INC0033829,Group 39,1,5.074305555555555
INC0033830,Group 73,1,5.073611111111111
INC0033831,Group 39,1,5.073611111111111
INC0033832,Group 12,1,34.859722222222224
INC0033833,Group 25,1,5.986805555555556
INC0033834,Group 70,1,5.0256944444444445
INC0033835,Group 25,1,22.894444444444446
INC0033836,Group 70,1,5.022916666666666
INC0033837,Group 70,1,5.022916666666666
INC0033838,Group 70,1,5.063888888888889
INC0033839,Group 73,1,5.063194444444444
INC0033842,Group 70,1,5.014583333333333
INC0033843,Group 70,1,5.055555555555555
INC0033844,Group 70,1,8.054166666666667
INC0033845,Group 70,1,5.011805555555555
INC0033846,Group 69,1,5.803472222222222
INC0033847,Group 70,1,6.927777777777778
INC0033848,Group 70,1,5.089583333333334
INC0033849,Group 70,1,5.0472222222222225
INC0033850,Group 70,1,5.004861111111111
INC0033851,Group 70,1,5.003472222222222
INC0033852,Group 70,1,5.042361111111111
INC0033853,Group 70,1,5.038888888888889
INC0033854,Group 30,1,7.117361111111111
INC0033855,Group 25,1,16.06875
INC0033856,Group 70,1,5.030555555555556
INC0033857,Group 22,1,5.029166666666667
INC0033858,Group 70,1,5.028472222222222
INC0033859,Group 70,1,5.027083333333334
INC0033860,Group 70,1,13.776388888888889
INC0033861,Group 70,1,5.022222222222222
INC0033862,Group 20,1,9.922222222222222
INC0033863,Group 70,1,5.020833333333333
INC0033866,Group 30,1,6.018055555555556
INC0033867,Group 70,1,5.017361111111111
INC0033869,Group 70,1,28.091666666666665
INC0033870,Group 66,1,5.886111111111111
INC0033871,Group 74,1,6.010416666666667
INC0033873,Group 54,1,5.09375
INC0033876,Group 70,1,5.7965277777777775
INC0033877,Group 65,1,8.8375
INC0033878,Group 70,1,5.003472222222222
INC0033879,Group 70,1,7.996527777777778
INC0033880,Group 66,1,42.74166666666667
INC0033881,Group 70,1,6.7875
INC0033882,Group 27,1,5.742361111111111
INC0033883,Group 46,1,5.032638888888889
INC0033884,Group 33,1,14.073611111111111
INC0033885,Group 70,1,5.030555555555556
INC0033887,Group 23,1,5.988194444444445
INC0033888,Group 54,1,6.027777777777778
INC0033889,Group 46,1,5.027083333333334
INC0033894,Group 33,1,22.84861111111111
INC0033895,Group 70,1,5.020138888888889
INC0033896,Group 65,1,18.76388888888889
INC0033897,Group 70,1,8.018055555555556
INC0033898,Group 70,1,5.016666666666667
INC0033899,Group 70,1,5.013888888888889
INC0033901,Group 70,1,5.011805555555555
INC0033902,Group 27,1,5.84375
INC0033905,Group 37,1,6.091666666666667
INC0033906,Group 55,1,5.715972222222222
INC0033908,Group 70,1,5.0472222222222225
INC0033909,Group 70,1,5.004861111111111
INC0033910,Group 66,1,16.041666666666668
INC0033915,Group 66,1,50.99652777777778
INC0033916,Group 70,1,7.418055555555555
INC0033917,Group 25,1,8.876388888888888
INC0033918,Group 39,1,5.958333333333333
INC0033920,Group 65,1,5.747222222222222
INC0033923,Group 70,1,8.745833333333334
INC0033926,Group 47,1,15.078472222222222
INC0033927,Group 70,1,5.035416666666666
INC0033929,Group 70,1,5.034722222222222
INC0033931,Group 70,1,5.032638888888889
INC0033932,Group 73,1,5.948611111111111
INC0033933,Group 70,1,15.859027777777778
INC0033934,Group 70,1,7.2375
INC0033935,Group 9,1,113.06597222222223
INC0033936,Group 70,1,5.026388888888889
INC0033938,Group 31,1,116.89930555555556
INC0033939,Group 25,1,16.059722222222224
INC0033940,Group 28,1,5.688888888888889
INC0033942,Group 70,1,5.017361111111111
INC0033943,Group 70,1,8.808333333333334
INC0033945,Group 73,1,5.7243055555555555
INC0033946,Group 24,1,5.804166666666666
INC0033948,Group 70,1,20.760416666666668
INC0033949,Group 66,1,5.802083333333333
INC0033951,Group 70,1,6.676388888888889
INC0033952,Group 70,1,25.917361111111113
INC0033953,Group 70,1,5.044444444444444
INC0033954,Group 73,1,29.95625
INC0033955,Group 39,1,5.917361111111111
INC0033956,Group 70,1,5.041666666666667
INC0033957,Group 73,1,11.832638888888889
INC0033958,Group 10,1,5.747916666666667
INC0033960,Group 70,1,5.034027777777778
INC0033961,Group 70,1,6.696527777777778
INC0033962,Group 70,1,5.022222222222222
INC0033963,Group 70,1,5.019444444444445
INC0033964,Group 70,1,5.059722222222222
INC0033965,Group 70,1,7.883333333333334
INC0033966,Group 25,1,6.665972222222222
INC0033967,Group 25,1,7.663194444444445
INC0033969,Group 70,1,5.004166666666666
INC0033970,Group 70,1,5.038888888888889
INC0033971,Group 70,1,5.0368055555555555
INC0033974,Group 25,1,12.729861111111111
INC0033975,Group 70,1,5.0152777777777775
INC0033976,Group 70,1,5.053472222222222
INC0033978,Group 56,1,15.803472222222222
INC0033979,Group 70,1,5.051388888888889
INC0033980,Group 25,1,21.752083333333335
INC0033983,Group 70,1,5.074305555555555
INC0033985,Group 70,1,5.031944444444444
INC0033986,Group 70,1,5.017361111111111
INC0033987,Group 24,1,6.471527777777778
INC0033990,Group 57,1,18.68402777777778
INC0033993,Group 53,1,6.661111111111111
INC0033994,Group 70,1,5.051388888888889
INC0033995,Group 70,1,5.040277777777778
INC0033996,Group 70,1,5.044444444444444
INC0033997,Group 76,1,26.45277777777778
INC0033999,Group 70,1,5.038194444444445
INC0034000,Group 24,1,7.6618055555555555
INC0034001,Group 70,1,5.070833333333334
INC0034002,Group 22,1,5.310416666666667
INC0034003,Group 55,1,18.511111111111113
INC0034004,Group 22,1,5.3069444444444445
INC0034005,Group 55,1,18.502083333333335
INC0034006,Group 55,1,18.499305555555555
INC0034007,Group 22,1,5.288194444444445
INC0034010,Group 55,1,18.45277777777778
INC0034011,Group 70,1,5.061111111111111
INC0034013,Group 70,1,8.495138888888889
INC0034014,Group 70,1,5.020833333333333
INC0034016,Group 70,1,5.511805555555555
INC0034017,Group 65,1,5.164583333333334
INC0034018,Group 65,1,5.153472222222222
INC0034019,Group 73,1,5.308333333333334
INC0034020,Group 48,1,5.425
INC0034021,Group 39,1,5.3125
INC0034023,Group 30,1,5.009027777777778
INC0034025,Group 34,1,5.0875
INC0034026,Group 70,1,5.04375
INC0034027,Group 22,1,5.043055555555555
INC0034028,Group 27,1,5.167361111111111
INC0034029,Group 10,1,48.078472222222224
INC0034030,Group 70,1,5.082638888888889
INC0034031,Group 6,1,14.077777777777778
INC0034032,Group 49,1,5.161111111111111
INC0034033,Group 66,1,5.493055555555555
INC0034034,Group 54,1,5.367361111111111
INC0034035,Group 65,1,5.324305555555555
INC0034038,Group 27,1,5.072222222222222
INC0034039,Group 25,1,7.072222222222222
INC0034040,Group 65,1,5.071527777777778
INC0034041,Group 9,1,201.10763888888889
INC0034043,Group 10,1,34.14513888888889
INC0034044,Group 70,1,5.066666666666666
INC0034045,Group 70,1,5.025
INC0034046,Group 48,1,5.357638888888889
INC0034047,Group 70,1,5.023611111111111
INC0034048,Group 75,1,25.14375
INC0034050,Group 39,1,13.397222222222222
INC0034051,Group 73,1,5.021527777777778
INC0034052,Group 70,1,5.020138888888889
INC0034053,Group 70,1,5.01875
INC0034054,Group 24,1,5.227083333333334
INC0034056,Group 27,1,5.059027777777778
INC0034059,Group 70,1,5.0569444444444445
INC0034060,Group 39,1,5.30625
INC0034061,Group 58,1,6.05625
INC0034062,Group 25,1,19.133333333333333
INC0034064,Group 70,1,5.052083333333333
INC0034066,Group 20,1,11.093055555555555
INC0034067,Group 37,1,6.04375
INC0034068,Group 55,1,112.41319444444444
INC0034069,Group 20,1,9.150694444444444
INC0034074,Group 37,1,20.23611111111111
INC0034125,Group 70,1,5.064583333333333
INC0034126,Group 70,1,5.059027777777778
INC0034127,Group 70,1,5.018055555555556
INC0034128,Group 25,1,11.222222222222221
INC0034129,Group 39,1,5.2625
INC0034130,Group 50,1,8.054166666666667
INC0034131,Group 5,1,5.261805555555555
INC0034132,Group 55,1,5.095138888888889
INC0034133,Group 70,1,5.011111111111111
INC0034134,Group 70,1,5.010416666666667
INC0034135,Group 69,1,5.968055555555556
INC0034136,Group 70,1,5.049305555555556
INC0034138,Group 20,1,5.213888888888889
INC0034141,Group 70,1,5.002083333333333
INC0034142,Group 72,1,13.208333333333334
INC0034143,Group 70,1,5.040277777777778
INC0034144,Group 70,1,5.039583333333334
INC0034145,Group 54,1,13.036111111111111
INC0034146,Group 25,1,8.244444444444444
INC0034147,Group 6,1,27.363888888888887
INC0034148,Group 70,1,5.033333333333333
INC0034149,Group 70,1,5.032638888888889
INC0034150,Group 55,1,5.073611111111111
INC0034151,Group 70,1,7.072916666666667
INC0034152,Group 70,1,6.072222222222222
INC0034153,Group 10,1,5.030555555555556
INC0034159,Group 10,1,5.027083333333334
INC0034160,Group 25,1,12.191666666666666
INC0034161,Group 70,1,5.023611111111111
INC0034163,Group 73,1,11.063194444444445
INC0034164,Group 70,1,18.18263888888889
INC0034168,Group 70,1,5.01875
INC0034169,Group 39,1,5.226388888888889
INC0034170,Group 70,1,5.100694444444445
INC0034171,Group 70,1,5.017361111111111
INC0034172,Group 33,1,5.184722222222222
INC0034173,Group 28,1,5.2659722222222225
INC0034174,Group 70,1,5.0152777777777775
INC0034175,Group 70,1,5.18125
INC0034176,Group 6,1,8.179166666666667
INC0034177,Group 22,1,7.302777777777778
INC0034178,Group 23,1,18.089583333333334
INC0034179,Group 48,1,19.00625
INC0034180,Group 70,1,22.255555555555556
INC0034181,Group 27,1,7.176388888888889
INC0034183,Group 27,1,7.175694444444445
INC0034186,Group 70,1,5.049305555555556
INC0034188,Group 72,1,8.006944444444445
INC0034189,Group 6,1,5.0472222222222225
INC0034190,Group 39,1,5.2131944444444445
INC0034191,Group 70,1,5.004861111111111
INC0034196,Group 70,1,5.045138888888889
INC0034198,Group 70,1,5.04375
INC0034199,Group 48,1,5.920138888888889
INC0034200,Group 70,1,5.003472222222222
INC0034206,Group 70,1,25.160416666666666
INC0034207,Group 70,1,5.039583333333334
INC0034208,Group 37,1,14.99236111111111
INC0034209,Group 70,1,5.038888888888889
INC0034210,Group 70,1,5.038194444444445
INC0034211,Group 70,1,5.0375
INC0034213,Group 76,1,14.161111111111111
INC0034214,Group 70,1,7.11875
INC0034215,Group 70,1,5.034722222222222
INC0034216,Group 70,1,5.034027777777778
INC0034217,Group 10,1,5.032638888888889
INC0034219,Group 37,1,5.154861111111111
INC0034221,Group 12,1,54.235416666666666
INC0034223,Group 46,1,5.065277777777778
INC0034224,Group 70,1,5.022222222222222
INC0034225,Group 10,1,5.104861111111111
INC0034226,Group 70,1,5.021527777777778
INC0034228,Group 70,1,5.019444444444445
INC0034229,Group 25,1,7.14375
INC0034230,Group 39,1,5.185416666666667
INC0034232,Group 70,1,5.016666666666667
INC0034233,Group 70,1,5.0159722222222225
INC0034234,Group 70,1,5.0569444444444445
INC0034236,Group 25,1,13.009722222222223
INC0034237,Group 70,1,5.05
INC0034238,Group 65,1,76.21041666666666
INC0034239,Group 70,1,5.047916666666667
INC0034240,Group 21,1,5.167361111111111
INC0034241,Group 70,1,5.042361111111111
INC0034242,Group 25,1,7.125
INC0034244,Group 28,1,7.082638888888889
INC0034245,Group 25,1,6.910416666666666
INC0034248,Group 70,1,5.034722222222222
INC0034249,Group 70,0,6.118055555555555
INC0034250,Group 73,1,5.117361111111111
INC0034251,Group 70,1,5.033333333333333
INC0034252,Group 70,1,5.030555555555556
INC0034254,Group 25,1,19.024305555555557
INC0034255,Group 70,1,5.026388888888889
INC0034257,Group 70,1,5.020138888888889
INC0034258,Group 70,1,5.0152777777777775
INC0034259,Group 70,1,5.009722222222222
INC0034260,Group 70,1,5.05
INC0034261,Group 70,1,5.004861111111111
INC0034262,Group 70,1,5.0465277777777775
INC0034263,Group 10,1,5.875694444444444
INC0034264,Group 70,1,5.040972222222222
INC0034265,Group 70,1,5.206944444444445
INC0034266,Group 28,1,10.95625
INC0034267,Group 70,1,6.955555555555556
INC0034268,Group 24,1,147.94930555555555
INC0034269,Group 9,1,84.19791666666667
INC0034270,Group 25,1,17.905555555555555
INC0034271,Group 28,1,5.866666666666666
INC0034272,Group 70,1,5.031944444444444
INC0034273,Group 70,1,5.031944444444444
INC0034274,Group 31,1,6.945833333333334
INC0034275,Group 70,1,5.028472222222222
INC0034276,Group 23,1,5.151388888888889
INC0034277,Group 25,1,13.109027777777778
INC0034278,Group 70,1,5.15
INC0034279,Group 69,1,5.023611111111111
INC0034280,Group 70,1,5.021527777777778
INC0034281,Group 46,1,5.103472222222222
INC0034282,Group 70,1,5.016666666666667
INC0034283,Group 62,1,6.141666666666667
INC0034285,Group 70,1,5.013888888888889
INC0034287,Group 73,1,11.054166666666667
INC0034288,Group 70,1,8.095138888888888
INC0034289,Group 70,1,5.011805555555555
INC0034291,Group 70,1,5.00625
INC0034292,Group 70,1,5.0465277777777775
INC0034293,Group 70,1,5.004861111111111
INC0034294,Group 3,1,49.16597222222222
INC0034295,Group 27,1,5.045138888888889
INC0034297,Group 25,1,26.119444444444444
INC0034298,Group 70,1,5.040277777777778
INC0034299,Group 28,1,5.122916666666667
INC0034301,Group 23,1,27.949305555555554
INC0034303,Group 70,1,5.036111111111111
INC0034304,Group 70,1,18.86875
INC0034305,Group 70,1,5.035416666666666
INC0034308,Group 24,1,5.782638888888889
INC0034309,Group 34,1,5.072916666666667
INC0034310,Group 29,1,10.988888888888889
INC0034311,Group 29,1,20.814583333333335
INC0034312,Group 72,1,5.027083333333334
INC0034313,Group 6,1,7.027777777777778
INC0034314,Group 70,1,5.024305555555555
INC0034315,Group 25,1,12.149305555555555
INC0034316,Group 70,1,6.898611111111111
INC0034318,Group 70,1,6.48125
INC0034320,Group 70,1,5.018055555555556
INC0034321,Group 72,1,5.017361111111111
INC0034322,Group 39,1,5.8069444444444445
INC0034323,Group 70,1,5.05625
INC0034324,Group 25,1,7.055555555555555
INC0034325,Group 28,1,5.097222222222222
INC0034328,Group 70,1,5.011805555555555
INC0034329,Group 21,1,10.844444444444445
INC0034330,Group 23,1,84.8375
INC0034331,Group 53,1,7.967361111111111
INC0034332,Group 21,1,12.133333333333333
INC0034333,Group 30,1,5.049305555555556
INC0034334,Group 73,1,10.922916666666667
INC0034335,Group 27,1,11.838888888888889
INC0034336,Group 47,1,5.7965277777777775
INC0034338,Group 25,1,11.8375
INC0034339,Group 22,1,20.047916666666666
INC0034340,Group 70,1,5.045138888888889
INC0034341,Group 31,1,14.002777777777778
INC0034342,Group 70,1,5.044444444444444
INC0034343,Group 22,1,6.084722222222222
INC0034344,Group 29,1,6.084027777777778
INC0034345,Group 29,1,6.079861111111111
INC0034346,Group 70,1,5.038194444444445
INC0034348,Group 29,1,6.0777777777777775
INC0034350,Group 39,1,5.992361111111111
INC0034351,Group 29,1,7.825694444444444
INC0034352,Group 10,1,5.949305555555555
INC0034354,Group 29,1,6.073611111111111
INC0034355,Group 70,1,6.40625
INC0034356,Group 70,1,5.03125
INC0034357,Group 70,1,5.03125
INC0034358,Group 31,1,5.9875
INC0034359,Group 70,1,6.445833333333334
INC0034360,Group 70,1,5.028472222222222
INC0034362,Group 70,1,5.024305555555555
INC0034363,Group 70,1,5.023611111111111
INC0034364,Group 70,1,8.025694444444444
INC0034365,Group 66,1,5.941666666666666
INC0034367,Group 24,1,7.854166666666667
INC0034368,Group 66,1,17.720833333333335
INC0034369,Group 70,1,5.017361111111111
INC0034370,Group 27,1,28.969444444444445
INC0034372,Group 70,1,5.054861111111111
INC0034374,Group 72,1,10.965277777777779
INC0034375,Group 10,1,5.756944444444445
INC0034376,Group 70,1,5.045833333333333
INC0034378,Group 70,1,5.04375
INC0034380,Group 55,1,5.080555555555556
INC0034381,Group 70,1,5.034722222222222
INC0034382,Group 70,1,7.697222222222222
INC0034384,Group 70,1,5.027777777777778
INC0034385,Group 70,1,5.735416666666667
INC0034387,Group 28,1,5.690277777777778
INC0034388,Group 70,1,5.022916666666666
INC0034389,Group 70,1,6.730555555555555
INC0034390,Group 39,1,5.021527777777778
INC0034391,Group 72,1,7.769444444444445
INC0034392,Group 6,1,6.975694444444445
INC0034393,Group 70,1,5.017361111111111
INC0034394,Group 23,1,89.76041666666667
INC0034395,Group 57,1,12.681944444444444
INC0034398,Group 72,1,5.0125
INC0034399,Group 24,1,5.675
INC0034401,Group 23,1,6.790972222222222
INC0034402,Group 39,1,5.040277777777778
INC0034403,Group 39,1,5.039583333333334
INC0034404,Group 39,1,5.910416666666666
INC0034405,Group 65,1,10.616666666666667
INC0034406,Group 39,1,5.030555555555556
INC0034407,Group 70,1,5.029861111111111
INC0034408,Group 70,1,5.027777777777778
INC0034409,Group 70,1,7.735416666666667
INC0034412,Group 70,1,6.929861111111111
INC0034413,Group 70,1,5.010416666666667
INC0034415,Group 70,1,5.029166666666667
INC0034416,Group 22,1,5.6097222222222225
INC0034418,Group 20,1,6.941666666666666
INC0034419,Group 55,1,5.896527777777778
INC0034421,Group 70,1,5.047916666666667
INC0034422,Group 55,1,5.084027777777778
INC0034423,Group 22,1,5.581944444444445
INC0034424,Group 22,1,5.579861111111111
INC0034425,Group 70,1,5.786111111111111
INC0034426,Group 22,1,5.572916666666667
INC0034427,Group 22,1,5.570833333333334
INC0034428,Group 22,1,5.570138888888889
INC0034429,Group 22,1,5.60625
INC0034431,Group 70,1,5.04375
INC0034432,Group 70,1,5.536111111111111
INC0034433,Group 56,1,6.725
INC0034434,Group 70,1,5.051388888888889
INC0034435,Group 70,1,5.133333333333334
INC0035024,Group 70,1,5.0472222222222225
INC0037768,Group 53,1,7.718055555555556
INC0040267,Group 33,1,6.120833333333334
INC0041123,Group 15,1,227.14791666666667
INC0041652,Group 55,1,5.263194444444444
INC0044114,Group 56,1,28.188194444444445
INC0044260,Group 24,1,35.765277777777776
INC0044690,Group 55,1,5.070833333333334
INC0044988,Group 70,1,5.80625
INC0046271,Group 76,1,6.001388888888889
INC0046429,Group 65,1,5.0777777777777775
INC0046593,Group 49,1,5.188888888888889
INC0047485,Group 37,1,85.82638888888889
INC0048349,Group 12,1,6.802083333333333
INC0048357,Group 13,1,6.875
INC0048652,Group 12,1,6.134027777777778
INC0049186,Group 6,1,23.018055555555556
INC0050310,Group 70,1,5.768055555555556
INC0051748,Group 39,1,7.7347222222222225
INC0052223,Group 21,1,7.248611111111111
INC0052225,Group 21,1,71.2875
INC0052316,Group 76,1,7.889583333333333
INC0053001,Group 70,1,5.168055555555555
INC0053383,Group 65,1,11.406944444444445
INC0053910,Group 70,1,5.020138888888889
INC0054729,Group 70,1,6.918055555555555
INC0055160,Group 34,1,5.925
INC0055441,Group 10,1,11.052083333333334
INC0055665,Group 35,1,68.04097222222222
INC0057013,Group 24,1,5.278472222222222
INC0058950,Group 33,1,83.94166666666666
INC0059354,Group 57,1,68.98402777777778
INC0060687,Group 24,1,22.200694444444444
INC0062300,Group 57,1,19.821527777777778
INC0067182,Group 65,1,150.12222222222223
INC0067382,Group 20,1,11.109722222222222
INC0068424,Group 57,1,19.27777777777778
INC0068836,Group 21,1,5.019444444444445
INC0069274,Group 37,1,18.34027777777778
INC0069401,Group 22,1,5.113888888888889
INC0069866,Group 70,1,5.1097222222222225
INC0071288,Group 70,1,6.2243055555555555
INC0071300,Group 70,1,8.17361111111111
INC0071318,Group 21,1,35.94722222222222
INC0072288,Group 76,1,5.177777777777778
INC0073797,Group 70,1,11.919444444444444
INC0074026,Group 22,1,66.22916666666667
INC0074038,Group 9,1,129.29930555555555
INC0075438,Group 55,1,8.097916666666666
INC0076582,Group 68,1,95.04375
INC0076801,Group 69,1,5.070833333333334
INC0077515,Group 70,0,5.0256944444444445
INC0077924,Group 70,1,5.031944444444444
INC0077966,Group 65,1,5.104861111111111
INC0078044,Group 31,1,10.902777777777779
INC0079035,Group 70,1,8.027083333333334
INC0079724,Group 57,1,29.263194444444444
INC0081152,Group 9,1,106.89444444444445
INC0081177,Group 70,1,5.043055555555555
INC0081415,Group 64,1,8.363888888888889
INC0081730,Group 24,1,15.919444444444444
INC0082574,Group 3,1,5.052083333333333
INC0082634,Group 35,1,24.94375
INC0082685,Group 31,1,34.06736111111111
INC0083078,Group 70,1,5.034722222222222
INC0083083,Group 70,1,5.03125
INC0083132,Group 57,1,94.15625
INC0083217,Group 70,1,5.011111111111111
INC0083599,Group 10,1,5.020833333333333
INC0083732,Group 70,1,5.019444444444445
INC0084124,Group 57,1,89.20555555555555
INC0084763,Group 65,1,25.07847222222222
INC0084790,Group 64,1,14.6125
INC0084869,Group 65,1,6.704861111111111
INC0084918,Group 22,1,17.818055555555556
INC0085035,Group 65,1,5.445833333333334
INC0086739,Group 70,1,5.01875
INC0087455,Group 70,1,5.038888888888889
INC0087568,Group 54,1,5.11875
INC0087967,Group 70,1,5.022916666666666
INC0088271,Group 9,1,22.093055555555555
INC0088327,Group 70,1,5.0569444444444445
INC0088481,Group 70,1,5.030555555555556
INC0088623,Group 70,1,5.057638888888889
INC0089111,Group 65,1,74.16041666666666
INC0089307,Group 70,1,5.018055555555556
INC0089429,Group 58,1,5.040277777777778
INC0091855,Group 22,1,5.0159722222222225
INC0092643,Group 15,1,2.4923611111111112
INC0094555,Group 66,1,6.191666666666666
INC0094776,Group 25,1,9.79513888888889
INC0094897,Group 55,1,11.65
INC0094996,Group 57,1,5.11875
INC0096017,Group 70,1,6.678472222222222
INC0096025,Group 56,1,6.663194444444445
INC0096840,Group 9,1,19.120833333333334
INC0096999,Group 77,1,26.31388888888889
INC0098027,Group 33,1,5.044444444444444
INC0098310,Group 12,1,7.279166666666667
INC0098346,Group 39,1,5.114583333333333
INC0098596,Group 39,1,5.045138888888889
INC0098681,Group 31,1,6.836111111111111
INC0098696,Group 39,1,5.061111111111111
INC0098852,Group 39,1,5.0875
INC0099106,Group 15,1,50.06319444444444
INC0099197,Group 30,1,27.004166666666666
INC0099652,Group 12,1,5.986111111111111
INC0099708,Group 15,1,51.697916666666664
INC0099711,Group 57,1,19.898611111111112
INC0099860,Group 9,1,33.34236111111111
INC0099948,Group 9,1,33.25069444444444
INC0099986,Group 22,1,5.066666666666666
INC0100291,Group 70,1,5.0368055555555555
INC0100382,Group 37,1,50.86527777777778
INC0100383,Group 70,1,5.030555555555556
INC0100609,Group 3,1,15.7
INC0100994,Group 55,1,6.863888888888889
INC0101020,Group 9,1,27.908333333333335
INC0101381,Group 6,1,6.002777777777778
INC0101552,Group 65,1,13.116666666666667
INC0101875,Group 65,1,5.031944444444444
INC0102026,Group 24,1,5.278472222222222
INC0102037,Group 37,1,5.230555555555555
INC0102310,Group 70,1,10.630555555555556
INC0102711,Group 70,1,5.031944444444444
INC0102712,Group 70,1,5.053472222222222
INC0102713,Group 64,1,5.03125
INC0102715,Group 70,1,5.0256944444444445
INC0102727,Group 65,1,6.145138888888889
INC0102762,Group 6,0,36.519444444444446
INC0102891,Group 70,1,5.041666666666667
INC0102970,Group 25,1,8.109722222222222
INC0102978,Group 70,1,5.021527777777778
INC0103143,Group 29,1,7.8284722222222225
INC0103256,Group 29,1,8.071527777777778
INC0103305,Group 22,1,40.08541666666667
INC0103406,Group 56,1,6.183333333333334
INC0103428,Group 70,1,5.011111111111111
INC0103469,Group 9,1,35.02152777777778
INC0103506,Group 9,1,41.91875
INC0103724,Group 22,1,14.786111111111111
INC0103733,Group 70,1,33.858333333333334
INC0103762,Group 66,1,18.866666666666667
INC0103919,Group 31,1,5.038194444444445
INC0104208,Group 15,1,23.918055555555554
INC0104232,Group 57,1,12.808333333333334
INC0104559,Group 15,1,32.02013888888889
INC0104572,Group 9,1,32.83958333333333
INC0104628,Group 9,1,38.00347222222222
INC0104649,Group 54,1,15.7625
INC0104706,Group 15,1,30.97222222222222
INC0104905,Group 10,1,8.103472222222223
INC0105320,Group 70,1,5.040277777777778
INC0105551,Group 10,1,5.027083333333334
INC0105669,Group 9,1,34.87361111111111
INC0105740,Group 66,1,19.874305555555555
INC0105742,Group 39,1,5.995833333333334
INC0106051,Group 22,1,5.04375
INC0106092,Group 70,1,6.96875
INC0106104,Group 39,1,5.9631944444444445
INC0106206,Group 39,1,5.134722222222222
INC0106327,Group 70,0,6.70625
INC0106395,Group 27,1,11.652083333333334
INC0106443,Group 66,1,6.768055555555556
INC0106579,Group 57,1,32.10138888888889
INC0106584,Group 9,1,33.21944444444444
INC0106703,Group 70,1,30.894444444444446
INC0106713,Group 12,1,6.929166666666666
INC0106714,Group 48,1,5.095138888888889
INC0106906,Group 68,1,4.799305555555556
INC0106953,Group 15,1,27.709027777777777
INC0106993,Group 55,1,6.040972222222222
INC0107346,Group 70,1,5.013194444444444
INC0107571,Group 64,1,5.029861111111111
INC0107645,Group 76,1,5.110416666666667
INC0108046,Group 58,1,5.066666666666666
INC0108121,Group 68,1,8.609027777777778
INC0108374,Group 70,1,5.0465277777777775
INC0108440,Group 35,1,22.004166666666666
INC0108640,Group 17,1,15.223611111111111
INC0109010,Group 70,1,6.145833333333333
INC0109039,Group 15,1,27.005555555555556
INC0109164,Group 70,1,5.888194444444444
INC0109244,Group 29,1,6.934027777777778
INC0109298,Group 70,1,6.9944444444444445
INC0109381,Group 57,1,26.066666666666666
INC0109599,Group 74,1,25.054166666666667
INC0109656,Group 9,1,25.175694444444446
INC0109911,Group 68,1,6.995138888888889
INC0110373,Group 15,1,26.14027777777778
INC0110558,Group 70,1,5.040277777777778
INC0111152,Group 28,1,7.027083333333334
INC0111740,Group 70,1,5.050694444444445
INC0111993,Group 10,1,5.280555555555556
INC0112185,Group 70,1,5.017361111111111
INC0112380,Group 70,1,14.61111111111111
INC0112421,Group 70,1,7.007638888888889
INC0112559,Group 70,1,5.017361111111111
INC0112706,Group 70,1,5.736805555555556
INC0112734,Group 65,1,6.195833333333334
INC0112927,Group 70,1,16.190277777777776
INC0113045,Group 73,1,5.075694444444444
INC0113197,Group 65,1,18.834027777777777
INC0113256,Group 20,1,8.670833333333333
INC0113313,Group 73,1,17.09861111111111
INC0113461,Group 6,0,12.024305555555555
INC0113549,Group 22,1,11.178472222222222
INC0113674,Group 70,1,5.019444444444445
INC0113694,Group 24,1,7.752083333333333
INC0113812,Group 70,1,15.011805555555556
INC0114260,Group 55,1,5.897916666666666
INC0114267,Group 70,1,5.8909722222222225
INC0114313,Group 56,1,7.938194444444444
INC0114499,Group 29,1,8.026388888888889
INC0114513,Group 24,1,5.215972222222222
INC0114835,Group 31,1,13.978472222222223
INC0114861,Group 70,1,7.777777777777778
INC0114952,Group 3,1,13.683333333333334
INC0114999,Group 70,1,5.0125
INC0115004,Group 53,1,6.365972222222222
INC0115012,Group 70,1,5.027777777777778
INC0115019,Group 70,1,5.019444444444445
INC0115038,Group 70,1,5.045138888888889
INC0115093,Group 70,1,5.0055555555555555
INC0115145,Group 70,1,5.008333333333334
INC0115203,Group 25,1,6.163194444444445
INC0115205,Group 70,1,5.033333333333333
INC0115279,Group 70,1,6.780555555555556
INC0115409,Group 70,1,5.00625
INC0115417,Group 20,1,9.955555555555556
INC0115494,Group 28,1,5.347222222222222
INC0115504,Group 25,1,5.5
INC0115553,Group 65,1,6.3375
INC0115686,Group 70,1,5.040277777777778
INC0115729,Group 22,1,6.274305555555555
INC0115739,Group 57,1,10.92986111111111
INC0115743,Group 57,1,10.927777777777777
INC0115839,Group 70,1,5.038888888888889
INC0115897,Group 70,1,5.036111111111111
INC0116227,Group 70,1,5.013194444444444
INC0116554,Group 58,1,5.1194444444444445
INC0116746,Group 70,1,5.8590277777777775
INC0116895,Group 6,0,6.154166666666667
INC0118026,Group 59,1,10.001388888888888
INC0118042,Group 57,1,5.070138888888889
INC0118143,Group 39,1,5.689583333333333
INC0118370,Group 70,1,5.03125
INC0118591,Group 31,1,0.7402777777777778
INC0118593,Group 39,1,5.746527777777778
INC0118608,Group 31,1,0.7194444444444444
INC0118633,Group 22,1,5.639583333333333
INC0118678,Group 70,1,5.121527777777778
INC0118690,Group 70,1,5.386805555555555
INC0118747,Group 70,1,5.060416666666667
INC0118791,Group 70,1,5.018055555555556
INC0118906,Group 31,1,0.004861111111111111
INC0118917,Group 31,1,0.1361111111111111
INC0118952,Group 70,1,5.008333333333334
INC0118999,Group 53,1,5.045138888888889
INC0119241,Group 70,1,0.0
INC0119289,Group 70,1,0.0
INC0119390,Group 39,1,1.0659722222222223
INC0119392,Group 70,1,0.0
INC0119457,Group 70,1,0.0
INC0119983,Group 70,1,0.0
INC0119987,Group 70,1,0.0
INC0120268,Group 70,1,0.0
INC0120303,Group 70,1,0.0
INC0120304,Group 64,1,1.95
INC0120319,Group 70,1,0.0
INC0120495,Group 24,1,0.9118055555555555
INC0120835,Group 31,1,0.030555555555555555
INC0121064,Group 31,1,0.09791666666666667
